*************************************************
******************* ORCA 6.1.1 ******************
*************************************************
$Calculation_Status
   &GeometryIndex 15
   &version [&Type "String"] "6.1.1"
   &progName [&Type "String"] "LeanSCF"
   &Status [&Type "String"] "NORMAL TERMINATION"
$End
$Geometry
   &GeometryIndex 1
   &NAtoms [&Type "Integer"] 59
   &NCorelessECP [&Type "Integer"] 0
   &NGhostAtoms [&Type "Integer"] 0
   &CartesianCoordinates [&Type "Coordinates", &Dim(59,4), &Units "Bohr"] 
              C     44.907177836215  -33.315348286893   -0.062825835048
              C     45.754731345636  -34.923648846046    2.172134366279
              C     48.215375869959  -36.376082903947    1.845022772497
              N     49.869249064558  -35.571626488737   -0.015968185832
              C     49.155680917484  -33.737577355899   -1.992479992453
              C     47.176729474424  -31.871060838355   -1.081499715074
              C     52.252788983165  -36.792984834982   -0.312046697042
              C     53.815768240448  -37.223180989369    1.774241190425
              C     56.155765089477  -38.347677643168    1.468685702653
              C     57.001672647435  -39.053187998006   -0.931619866214
              C     55.457868441232  -38.604308121333   -3.016191882352
              C     53.094556151163  -37.497504973326   -2.705757121702
              N     59.382852298100  -40.268170408276   -1.233603771593
              C     59.584841345103  -42.277319674956   -3.168645538206
              C     61.472821372076  -44.325157304777   -2.422071434478
              C     63.864029799335  -43.058865050519   -1.661711778602
              C     63.826737943808  -40.653408088211   -0.644162285627
              C     61.525540951761  -39.160679399956   -0.192321208101
              O     48.718454981879  -38.116545239728    3.277484314889
              O     61.478639838843  -37.190698486853    1.021128634273
              C     66.427509440414  -43.729963492458   -1.729326179674
              N     67.877314889263  -41.852513019503   -0.823351786823
              N     66.293554313685  -40.000689122650   -0.149377181708
              C     67.331344663281  -37.705590276837    0.822495740885
              C     67.529592052538  -46.133131996418   -2.642961522272
              N     70.093578140221  -46.264545441497   -2.543614839959
              O     66.183364382816  -47.843434303102   -3.442623702280
              C     66.518486525679  -36.728567850529    3.129103018854
              C     67.613958875787  -34.550329668837    4.061771683072
              C     69.539113595267  -33.339308124545    2.711904400815
              C     70.368763839295  -34.338043504131    0.414532214463
              C     69.251202480407  -36.527412172751   -0.519398786813
              O     70.484195870459  -31.208963161991    3.800072959416
              C     72.457408215251  -29.914207852704    2.506665024863
              H     44.135360770790  -34.525680081146   -1.562750600421
              H     43.390192623305  -32.029514374684    0.513657798818
              H     46.056121877009  -33.717533030797    3.836327355295
              H     44.334275233373  -36.319377891846    2.724724302908
              H     50.884081131353  -32.755671877261   -2.573880693720
              H     48.417497197791  -34.736256043702   -3.664802583298
              H     47.977980914111  -30.662987266831    0.403876048794
              H     46.650563578326  -30.644326221258   -2.665570205738
              H     53.175392965994  -36.698101685798    3.645279822608
              H     57.350455620520  -38.673150844392    3.099099837025
              H     56.086225057475  -39.106393237307   -4.903125001047
              H     51.914709418901  -37.195284852180   -4.355391660582
              H     57.699605200476  -43.089635461157   -3.403145433616
              H     60.162901010565  -41.448570830294   -4.989224703161
              H     60.733360197516  -45.458316463173   -0.847092416244
              H     61.790525909164  -45.618563349604   -4.000982972796
              H     71.099362198287  -44.860590417836   -1.743691877744
              H     70.935033503407  -47.899719796001   -3.024710767763
              H     65.025999722369  -37.663417258706    4.171037537861
              H     67.010435150670  -33.750557884713    5.850418255816
              H     71.856889154687  -33.440612563132   -0.667436152692
              H     69.875341227919  -37.326819239732   -2.301599503714
              H     71.828894751739  -29.245541488299    0.645165730204
              H     72.935261373010  -28.293582499706    3.688369357914
              H     74.132092963763  -31.119546990512    2.282834523204
$End
$SCF_Mulliken_Population_Analysis
   &GeometryIndex 1
   &NAtoms [&Type "Integer"] 59
   &ATNO [&Type "ArrayOfIntegers", &Dim (59,1)] 
                                                         0

0                                                        6
1                                                        6
2                                                        6
3                                                        7
4                                                        6
5                                                        6
6                                                        6
7                                                        6
8                                                        6
9                                                        6
10                                                       6
11                                                       6
12                                                       7
13                                                       6
14                                                       6
15                                                       6
16                                                       6
17                                                       6
18                                                       8
19                                                       8
20                                                       6
21                                                       7
22                                                       7
23                                                       6
24                                                       6
25                                                       7
26                                                       8
27                                                       6
28                                                       6
29                                                       6
30                                                       6
31                                                       6
32                                                       8
33                                                       6
34                                                       1
35                                                       1
36                                                       1
37                                                       1
38                                                       1
39                                                       1
40                                                       1
41                                                       1
42                                                       1
43                                                       1
44                                                       1
45                                                       1
46                                                       1
47                                                       1
48                                                       1
49                                                       1
50                                                       1
51                                                       1
52                                                       1
53                                                       1
54                                                       1
55                                                       1
56                                                       1
57                                                       1
58                                                       1
   &AtomicCharges [&Type "ArrayOfDoubles", &Dim (59,1)] 
                                                         0

0                                     -4.3548062256108899e-01
1                                     -6.1539852151189578e-01
2                                      5.1842705054257721e-01
3                                      3.2809766303690768e-01
4                                     -6.1791324873142361e-01
5                                     -5.4716348434377871e-01
6                                      3.2114136408985239e-01
7                                     -7.2947798716699719e-01
8                                     -5.7748060635227105e-01
9                                     -3.1991774404007245e-02
10                                    -2.0905203470182965e-01
11                                    -3.5915055056080192e-01
12                                     3.6453380192267293e-01
13                                    -6.6911038303250070e-01
14                                    -5.1704412937747168e-01
15                                     1.3799810707213034e+00
16                                    -6.9458463438341056e-01
17                                     5.8510513609436288e-01
18                                    -5.9905115661390873e-01
19                                    -6.0554881008373407e-01
20                                    -2.2152015947274517e-01
21                                    -1.1170645312096568e+00
22                                     7.6812023727413514e-01
23                                     4.4809748395304716e-02
24                                     2.0979723556134466e-01
25                                    -3.1998590292241591e-01
26                                    -6.1571298043636169e-01
27                                     1.9376678373811629e-02
28                                    -9.8293105949570858e-01
29                                     8.1142556937390964e-01
30                                    -2.3168657067633625e-01
31                                    -7.2921548975288797e-01
32                                    -4.1724373545560844e-01
33                                    -8.4880155270506119e-01
34                                     3.0745040511261235e-01
35                                     1.8376582942839348e-01
36                                     2.1159036324965519e-01
37                                     2.4683030008055384e-01
38                                     3.4769988153825315e-01
39                                     3.0279600439816468e-01
40                                     2.9138710645789190e-01
41                                     2.2986323552423238e-01
42                                     2.7766540716502530e-01
43                                     2.8281124991671480e-01
44                                     4.3292465984454676e-01
45                                     2.8816217639615449e-01
46                                     3.4643501761977280e-01
47                                     3.4108279281384823e-01
48                                     2.5794366576427585e-01
49                                     2.8137661007166126e-01
50                                     2.2830194856411401e-01
51                                     1.9014742868608736e-01
52                                     2.4907288807160477e-01
53                                     3.6732526991677328e-01
54                                     3.8617354128354886e-01
55                                     3.7332386837718889e-01
56                                     3.3051485818967197e-01
57                                     2.5761774418870209e-01
58                                     3.2953211790612302e-01
   &Method [&Type "String"] "SCF"
   &Level [&Type "String"] "Relaxed density"
   &Mult [&Type "Integer"] 1
   &State [&Type "Integer"] -1
   &Irrep [&Type "Integer"] 0
$End
$SCF_Loewdin_Population_Analysis
   &GeometryIndex 1
   &NAtoms [&Type "Integer"] 59
   &ATNO [&Type "ArrayOfIntegers", &Dim (59,1)] 
                                                         0

0                                                        6
1                                                        6
2                                                        6
3                                                        7
4                                                        6
5                                                        6
6                                                        6
7                                                        6
8                                                        6
9                                                        6
10                                                       6
11                                                       6
12                                                       7
13                                                       6
14                                                       6
15                                                       6
16                                                       6
17                                                       6
18                                                       8
19                                                       8
20                                                       6
21                                                       7
22                                                       7
23                                                       6
24                                                       6
25                                                       7
26                                                       8
27                                                       6
28                                                       6
29                                                       6
30                                                       6
31                                                       6
32                                                       8
33                                                       6
34                                                       1
35                                                       1
36                                                       1
37                                                       1
38                                                       1
39                                                       1
40                                                       1
41                                                       1
42                                                       1
43                                                       1
44                                                       1
45                                                       1
46                                                       1
47                                                       1
48                                                       1
49                                                       1
50                                                       1
51                                                       1
52                                                       1
53                                                       1
54                                                       1
55                                                       1
56                                                       1
57                                                       1
58                                                       1
   &AtomicCharges [&Type "ArrayOfDoubles", &Dim (59,1)] 
                                                         0

0                                     -2.0107099004387052e-01
1                                     -1.0358228210943743e-01
2                                     -4.3522361046509150e-01
3                                      2.7868305304724394e-02
4                                     -1.5775288296613610e-01
5                                     -1.8860317871912979e-01
6                                     -2.0439015462017451e-01
7                                      5.4972957764531927e-03
8                                      5.1742206067633134e-03
9                                     -2.0766124989043888e-01
10                                    -1.6430080392006552e-02
11                                    -1.5975749992811039e-02
12                                     3.3110094051524541e-02
13                                    -1.3163802004908298e-01
14                                    -9.9211065742481175e-02
15                                    -8.9501248011218948e-02
16                                    -4.7007131686354064e-02
17                                    -3.5397357368021876e-01
18                                     7.6813059267250239e-02
19                                     9.7904343174090691e-02
20                                    -1.4688889196426036e-01
21                                     1.6633387588788739e-01
22                                    -9.0876918798334927e-03
23                                    -1.8839591455286175e-01
24                                    -4.9927482516530031e-01
25                                     1.7016876732512909e-01
26                                     6.4556908175831929e-02
27                                    -8.7179071763650029e-03
28                                     8.6063912960732125e-03
29                                    -2.8363357956832225e-01
30                                    -1.8359254279801895e-02
31                                    -1.1164715519959678e-02
32                                    -5.6786521073318497e-02
33                                    -9.0881091742596176e-02
34                                     1.1752918072015550e-01
35                                     1.1079387430417598e-01
36                                     1.3050147841966031e-01
37                                     1.2203527716708151e-01
38                                     1.3116543728204477e-01
39                                     1.2349920785733537e-01
40                                     1.2322294572136061e-01
41                                     1.1580222815441288e-01
42                                     1.1970324955283196e-01
43                                     1.2106958945932245e-01
44                                     1.1313032094741726e-01
45                                     1.1038504588387821e-01
46                                     1.2844116262446281e-01
47                                     1.3481351404731401e-01
48                                     1.3658134079681139e-01
49                                     1.2163072972565070e-01
50                                     9.1013304104607951e-02
51                                     1.0959176544083060e-01
52                                     1.1918923522884617e-01
53                                     1.2406907426857283e-01
54                                     1.0387222753384173e-01
55                                     1.1626593649959582e-01
56                                     9.6287488123326104e-02
57                                     9.2601719735704968e-02
58                                     9.5983016826016399e-02
   &Method [&Type "String"] "SCF"
   &Level [&Type "String"] "Relaxed density"
   &Mult [&Type "Integer"] 1
   &State [&Type "Integer"] -1
   &Irrep [&Type "Integer"] 0
$End
$SCF_Mayer_Population_Analysis
   &GeometryIndex 1
   &NAtoms [&Type "Integer"] 59 "Total number of atoms"
   &NBondOrdersPrint [&Type "Integer"] 115 "The number of bond orders larger than threshold"
   &bondThresh [&Type "Double"]       1.0000000000000001e-01  "The threshold for printing"
   &components [&Type "ArrayOfIntegers", &Dim (115,4)] "The indices and atomic numbers of the bonding atoms"
                                                         0                           1                           2                           3

0                                                        0                           6                           1                           6
1                                                        0                           6                           5                           6
2                                                        0                           6                          34                           1
3                                                        0                           6                          35                           1
4                                                        1                           6                           2                           6
5                                                        1                           6                          36                           1
6                                                        1                           6                          37                           1
7                                                        2                           6                           3                           7
8                                                        2                           6                           6                           6
9                                                        2                           6                          18                           8
10                                                       3                           7                           4                           6
11                                                       3                           7                           6                           6
12                                                       3                           7                          11                           6
13                                                       4                           6                           5                           6
14                                                       4                           6                           6                           6
15                                                       4                           6                          11                           6
16                                                       4                           6                          38                           1
17                                                       4                           6                          39                           1
18                                                       5                           6                          40                           1
19                                                       5                           6                          41                           1
20                                                       6                           6                           7                           6
21                                                       6                           6                          11                           6
22                                                       6                           6                          18                           8
23                                                       7                           6                           8                           6
24                                                       7                           6                          10                           6
25                                                       7                           6                          18                           8
26                                                       7                           6                          42                           1
27                                                       8                           6                           9                           6
28                                                       8                           6                          11                           6
29                                                       8                           6                          43                           1
30                                                       9                           6                          10                           6
31                                                       9                           6                          12                           7
32                                                       9                           6                          17                           6
33                                                       9                           6                          19                           8
34                                                       9                           6                          43                           1
35                                                      10                           6                          11                           6
36                                                      10                           6                          12                           7
37                                                      10                           6                          13                           6
38                                                      10                           6                          16                           6
39                                                      10                           6                          17                           6
40                                                      10                           6                          44                           1
41                                                      10                           6                          46                           1
42                                                      11                           6                          45                           1
43                                                      12                           7                          13                           6
44                                                      12                           7                          16                           6
45                                                      12                           7                          17                           6
46                                                      13                           6                          14                           6
47                                                      13                           6                          15                           6
48                                                      13                           6                          16                           6
49                                                      13                           6                          17                           6
50                                                      13                           6                          46                           1
51                                                      13                           6                          47                           1
52                                                      14                           6                          15                           6
53                                                      14                           6                          16                           6
54                                                      14                           6                          20                           6
55                                                      14                           6                          24                           6
56                                                      14                           6                          26                           8
57                                                      14                           6                          48                           1
58                                                      14                           6                          49                           1
59                                                      15                           6                          16                           6
60                                                      15                           6                          17                           6
61                                                      15                           6                          20                           6
62                                                      15                           6                          21                           7
63                                                      15                           6                          22                           7
64                                                      15                           6                          23                           6
65                                                      15                           6                          24                           6
66                                                      15                           6                          49                           1
67                                                      16                           6                          17                           6
68                                                      16                           6                          19                           8
69                                                      16                           6                          20                           6
70                                                      16                           6                          22                           7
71                                                      16                           6                          23                           6
72                                                      16                           6                          27                           6
73                                                      16                           6                          31                           6
74                                                      17                           6                          19                           8
75                                                      17                           6                          22                           7
76                                                      17                           6                          23                           6
77                                                      18                           8                          42                           1
78                                                      20                           6                          21                           7
79                                                      20                           6                          22                           7
80                                                      20                           6                          24                           6
81                                                      20                           6                          25                           7
82                                                      20                           6                          27                           6
83                                                      20                           6                          31                           6
84                                                      21                           7                          22                           7
85                                                      21                           7                          24                           6
86                                                      21                           7                          27                           6
87                                                      21                           7                          31                           6
88                                                      22                           7                          23                           6
89                                                      23                           6                          27                           6
90                                                      23                           6                          31                           6
91                                                      23                           6                          52                           1
92                                                      24                           6                          25                           7
93                                                      24                           6                          26                           8
94                                                      25                           7                          26                           8
95                                                      25                           7                          50                           1
96                                                      25                           7                          51                           1
97                                                      27                           6                          28                           6
98                                                      27                           6                          30                           6
99                                                      27                           6                          52                           1
100                                                     28                           6                          29                           6
101                                                     28                           6                          31                           6
102                                                     28                           6                          53                           1
103                                                     29                           6                          30                           6
104                                                     29                           6                          32                           8
105                                                     29                           6                          33                           6
106                                                     30                           6                          31                           6
107                                                     30                           6                          32                           8
108                                                     30                           6                          33                           6
109                                                     30                           6                          54                           1
110                                                     31                           6                          55                           1
111                                                     32                           8                          33                           6
112                                                     33                           6                          56                           1
113                                                     33                           6                          57                           1
114                                                     33                           6                          58                           1
   &BondOrders [&Type "ArrayOfDoubles", &Dim (115,1)] "The bond orders"
                                                         0

0                                      1.0373311123814561e+00
1                                      8.0241243296329323e-01
2                                      8.6777760455718811e-01
3                                      1.0036056356030105e+00
4                                      1.0379233888308539e+00
5                                      9.1151225838072625e-01
6                                      9.9247055024359410e-01
7                                      1.1504494589000800e+00
8                                     -2.6965014211724991e-01
9                                      1.3608622438637967e+00
10                                     8.6708748932073365e-01
11                                     8.3409790981588849e-01
12                                    -1.5144052422212287e-01
13                                     1.1960207962411535e+00
14                                    -1.7880251782239132e-01
15                                     1.8122908039824726e-01
16                                     8.4202053495187590e-01
17                                     8.6296531078122984e-01
18                                     8.5825659664199638e-01
19                                     9.8052147327539496e-01
20                                     9.6448263191910577e-01
21                                     9.3101091444219797e-01
22                                    -2.4411633950309908e-01
23                                     1.7802883731819541e+00
24                                     1.0113288874626873e-01
25                                     1.4982407344589410e-01
26                                     8.2791500605056079e-01
27                                     8.7852269990874077e-01
28                                     1.4762849893427066e-01
29                                     8.5297388625076764e-01
30                                     7.6437497811274691e-01
31                                     8.0913168252412315e-01
32                                    -5.3296302656007288e-01
33                                    -1.8886942508195476e-01
34                                    -1.1180894859149622e-01
35                                     1.7158133168655016e+00
36                                    -1.9033561379336275e-01
37                                     2.0459533988650269e-01
38                                    -1.2760126479986689e-01
39                                     2.4626215982493568e-01
40                                     6.9882330842261642e-01
41                                    -1.0025754119429305e-01
42                                     7.9734223634735069e-01
43                                     8.4900896011170757e-01
44                                     1.5158843780517237e-01
45                                     9.2442767034912121e-01
46                                     1.0004711052819628e+00
47                                    -1.8289710049346680e-01
48                                     1.9415223960887673e-01
49                                     1.3628043078368945e-01
50                                     9.3268510382778214e-01
51                                     7.6072310477630656e-01
52                                     8.5488346258659398e-01
53                                    -1.3892772780714838e-01
54                                     2.7308863211681395e-01
55                                    -1.4282899836586196e-01
56                                     1.5287631833506526e-01
57                                     6.9901650683111238e-01
58                                     9.8116548652378022e-01
59                                     4.3361082902259740e-01
60                                    -2.4019948523812559e-01
61                                     2.3996769939732193e-01
62                                    -1.0397965348425735e+00
63                                    -6.0543438713072817e-01
64                                     4.8004940810428154e-01
65                                    -1.2292290087922834e-01
66                                    -1.0842892133087442e-01
67                                     1.4674235965116889e+00
68                                     2.4041190752545633e-01
69                                     1.6671796731781996e-01
70                                     1.5109080800889299e+00
71                                    -4.1651751274614712e-01
72                                     2.3426452149497476e-01
73                                     1.9467488041934022e-01
74                                     1.0037690540475188e+00
75                                    -1.9886760470629058e-01
76                                    -3.5144483422801809e-01
77                                     1.0979481725390466e-01
78                                     1.7951142131575213e+00
79                                     3.3549729197988226e-01
80                                     9.7496650460132839e-01
81                                     1.0596563077648245e-01
82                                    -1.3105334689801912e-01
83                                    -1.3160522477763514e-01
84                                     1.4738962056147981e-01
85                                    -1.9462583533324310e-01
86                                    -1.0094095536480925e-01
87                                     1.1133008759444578e-01
88                                     8.0875799873245213e-01
89                                     7.2208571483947170e-01
90                                     1.3362536494469905e+00
91                                    -1.4905647766506178e-01
92                                     1.0919522555057599e+00
93                                     1.4892423368900420e+00
94                                     1.3085795982655335e-01
95                                     9.6549711445403108e-01
96                                     9.7120936004216896e-01
97                                     1.5409742247514844e+00
98                                     1.1761489103329244e-01
99                                     8.3443279303066098e-01
100                                    1.1343546916025464e+00
101                                    1.3433299137156529e-01
102                                    7.8567062805349408e-01
103                                    9.8602179664635148e-01
104                                    7.5093052333202415e-01
105                                   -1.2022460412379390e-01
106                                    1.5091430785937758e+00
107                                   -1.2023059332476985e-01
108                                    1.3489320339785460e-01
109                                    7.7041941413792281e-01
110                                    6.8758522054460125e-01
111                                    9.3124653978443317e-01
112                                    8.8800882476697107e-01
113                                    9.4260006985331934e-01
114                                    8.8322344134300645e-01
   &ATNO [&Type "ArrayOfIntegers", &Dim (59,1)] "Atomic number of the elements"
                                                         0

0                                                        6
1                                                        6
2                                                        6
3                                                        7
4                                                        6
5                                                        6
6                                                        6
7                                                        6
8                                                        6
9                                                        6
10                                                       6
11                                                       6
12                                                       7
13                                                       6
14                                                       6
15                                                       6
16                                                       6
17                                                       6
18                                                       8
19                                                       8
20                                                       6
21                                                       7
22                                                       7
23                                                       6
24                                                       6
25                                                       7
26                                                       8
27                                                       6
28                                                       6
29                                                       6
30                                                       6
31                                                       6
32                                                       8
33                                                       6
34                                                       1
35                                                       1
36                                                       1
37                                                       1
38                                                       1
39                                                       1
40                                                       1
41                                                       1
42                                                       1
43                                                       1
44                                                       1
45                                                       1
46                                                       1
47                                                       1
48                                                       1
49                                                       1
50                                                       1
51                                                       1
52                                                       1
53                                                       1
54                                                       1
55                                                       1
56                                                       1
57                                                       1
58                                                       1
   &NA [&Type "ArrayOfDoubles", &Dim (59,1)] "Mulliken gross atomic population"
                                                         0

0                                      6.4354806225610730e+00
1                                      6.6153985215118967e+00
2                                      5.4815729494573926e+00
3                                      6.6719023369630905e+00
4                                      6.6179132487314201e+00
5                                      6.5471634843437805e+00
6                                      5.6788586359101254e+00
7                                      6.7294779871669430e+00
8                                      6.5774806063522302e+00
9                                      6.0319917744039753e+00
10                                     6.2090520347018359e+00
11                                     6.3591505505607921e+00
12                                     6.6354661980773191e+00
13                                     6.6691103830324980e+00
14                                     6.5170441293774655e+00
15                                     4.6200189292786575e+00
16                                     6.6945846343833981e+00
17                                     5.4148948639056727e+00
18                                     8.5990511566138679e+00
19                                     8.6055488100836808e+00
20                                     6.2215201594727407e+00
21                                     8.1170645312096514e+00
22                                     6.2318797627258622e+00
23                                     5.9551902516047068e+00
24                                     5.7902027644386580e+00
25                                     7.3199859029223830e+00
26                                     8.6157129804363421e+00
27                                     5.9806233216261813e+00
28                                     6.9829310594957050e+00
29                                     5.1885744306261028e+00
30                                     6.2316865706763300e+00
31                                     6.7292154897528915e+00
32                                     8.4172437354555818e+00
33                                     6.8488015527050550e+00
34                                     6.9254959488738843e-01
35                                     8.1623417057160552e-01
36                                     7.8840963675034437e-01
37                                     7.5316969991944549e-01
38                                     6.5230011846174585e-01
39                                     6.9720399560183566e-01
40                                     7.0861289354210732e-01
41                                     7.7013676447576673e-01
42                                     7.2233459283497647e-01
43                                     7.1718875008328409e-01
44                                     5.6707534015545247e-01
45                                     7.1183782360384418e-01
46                                     6.5356498238022742e-01
47                                     6.5891720718615432e-01
48                                     7.4205633423572415e-01
49                                     7.1862338992833985e-01
50                                     7.7169805143588666e-01
51                                     8.0985257131391208e-01
52                                     7.5092711192839678e-01
53                                     6.3267473008322683e-01
54                                     6.1382645871645325e-01
55                                     6.2667613162281055e-01
56                                     6.6948514181032737e-01
57                                     7.4238225581129735e-01
58                                     6.7046788209387520e-01
   &ZA [&Type "ArrayOfDoubles", &Dim (59,1)] "Total nuclear charge"
                                                         0

0                                      6.0000000000000000e+00
1                                      6.0000000000000000e+00
2                                      6.0000000000000000e+00
3                                      7.0000000000000000e+00
4                                      6.0000000000000000e+00
5                                      6.0000000000000000e+00
6                                      6.0000000000000000e+00
7                                      6.0000000000000000e+00
8                                      6.0000000000000000e+00
9                                      6.0000000000000000e+00
10                                     6.0000000000000000e+00
11                                     6.0000000000000000e+00
12                                     7.0000000000000000e+00
13                                     6.0000000000000000e+00
14                                     6.0000000000000000e+00
15                                     6.0000000000000000e+00
16                                     6.0000000000000000e+00
17                                     6.0000000000000000e+00
18                                     8.0000000000000000e+00
19                                     8.0000000000000000e+00
20                                     6.0000000000000000e+00
21                                     7.0000000000000000e+00
22                                     7.0000000000000000e+00
23                                     6.0000000000000000e+00
24                                     6.0000000000000000e+00
25                                     7.0000000000000000e+00
26                                     8.0000000000000000e+00
27                                     6.0000000000000000e+00
28                                     6.0000000000000000e+00
29                                     6.0000000000000000e+00
30                                     6.0000000000000000e+00
31                                     6.0000000000000000e+00
32                                     8.0000000000000000e+00
33                                     6.0000000000000000e+00
34                                     1.0000000000000000e+00
35                                     1.0000000000000000e+00
36                                     1.0000000000000000e+00
37                                     1.0000000000000000e+00
38                                     1.0000000000000000e+00
39                                     1.0000000000000000e+00
40                                     1.0000000000000000e+00
41                                     1.0000000000000000e+00
42                                     1.0000000000000000e+00
43                                     1.0000000000000000e+00
44                                     1.0000000000000000e+00
45                                     1.0000000000000000e+00
46                                     1.0000000000000000e+00
47                                     1.0000000000000000e+00
48                                     1.0000000000000000e+00
49                                     1.0000000000000000e+00
50                                     1.0000000000000000e+00
51                                     1.0000000000000000e+00
52                                     1.0000000000000000e+00
53                                     1.0000000000000000e+00
54                                     1.0000000000000000e+00
55                                     1.0000000000000000e+00
56                                     1.0000000000000000e+00
57                                     1.0000000000000000e+00
58                                     1.0000000000000000e+00
   &QA [&Type "ArrayOfDoubles", &Dim (59,1)] "Mulliken gross atomic charge"
                                                         0

0                                     -4.3548062256107301e-01
1                                     -6.1539852151189667e-01
2                                      5.1842705054260740e-01
3                                      3.2809766303690946e-01
4                                     -6.1791324873142006e-01
5                                     -5.4716348434378048e-01
6                                      3.2114136408987459e-01
7                                     -7.2947798716694301e-01
8                                     -5.7748060635223020e-01
9                                     -3.1991774403975271e-02
10                                    -2.0905203470183586e-01
11                                    -3.5915055056079215e-01
12                                     3.6453380192268092e-01
13                                    -6.6911038303249804e-01
14                                    -5.1704412937746547e-01
15                                     1.3799810707213425e+00
16                                    -6.9458463438339813e-01
17                                     5.8510513609432735e-01
18                                    -5.9905115661386787e-01
19                                    -6.0554881008368078e-01
20                                    -2.2152015947274073e-01
21                                    -1.1170645312096514e+00
22                                     7.6812023727413781e-01
23                                     4.4809748395293170e-02
24                                     2.0979723556134200e-01
25                                    -3.1998590292238305e-01
26                                    -6.1571298043634215e-01
27                                     1.9376678373818734e-02
28                                    -9.8293105949570503e-01
29                                     8.1142556937389720e-01
30                                    -2.3168657067633003e-01
31                                    -7.2921548975289152e-01
32                                    -4.1724373545558180e-01
33                                    -8.4880155270505497e-01
34                                     3.0745040511261157e-01
35                                     1.8376582942839448e-01
36                                     2.1159036324965563e-01
37                                     2.4683030008055451e-01
38                                     3.4769988153825415e-01
39                                     3.0279600439816434e-01
40                                     2.9138710645789268e-01
41                                     2.2986323552423327e-01
42                                     2.7766540716502353e-01
43                                     2.8281124991671591e-01
44                                     4.3292465984454753e-01
45                                     2.8816217639615582e-01
46                                     3.4643501761977258e-01
47                                     3.4108279281384568e-01
48                                     2.5794366576427585e-01
49                                     2.8137661007166015e-01
50                                     2.2830194856411334e-01
51                                     1.9014742868608792e-01
52                                     2.4907288807160322e-01
53                                     3.6732526991677317e-01
54                                     3.8617354128354675e-01
55                                     3.7332386837718945e-01
56                                     3.3051485818967263e-01
57                                     2.5761774418870265e-01
58                                     3.2953211790612480e-01
   &VA [&Type "ArrayOfDoubles", &Dim (59,1)] "Mayer's total valence"
                                                         0

0                                      3.7929544272687541e+00
1                                      4.2290895712955372e+00
2                                      3.3363532297708454e+00
3                                      2.7601363376182002e+00
4                                      4.0737921502948113e+00
5                                      3.7611725379979570e+00
6                                      1.9219830565804079e+00
7                                      3.6198516897862834e+00
8                                      3.5455991038182875e+00
9                                      1.7035870078545319e+00
10                                     3.2615686294383299e+00
11                                     3.5044379876149678e+00
12                                     2.6298078930794642e+00
13                                     3.8060215492777982e+00
14                                     3.5612606314918782e+00
15                                    -3.9229754500726344e-01
16                                     3.9951198181085741e+00
17                                     2.4033605367547475e+00
18                                     1.6274353935498294e+00
19                                     1.5061197463178697e+00
20                                     3.6629846595549806e+00
21                                     8.8877965856851038e-01
22                                     1.9653062106693122e+00
23                                     2.4525308079104859e+00
24                                     3.2220496723049670e+00
25                                     3.2990588090603179e+00
26                                     1.7215532624444592e+00
27                                     3.1793968390736405e+00
28                                     3.6815254925747452e+00
29                                     2.6985810905511580e+00
30                                     3.2326273365864369e+00
31                                     3.7794518480796437e+00
32                                     1.7159094608596490e+00
33                                     3.7055093005481270e+00
34                                     9.0707300720378337e-01
35                                     1.0502748364833021e+00
36                                     9.4083027724970780e-01
37                                     9.5749127911094878e-01
38                                     7.8109158854731786e-01
39                                     8.3411116481738312e-01
40                                     9.3890611022713033e-01
41                                     1.0011109857490614e+00
42                                     8.8690640034508483e-01
43                                     8.2253034816684945e-01
44                                     6.4177780378651927e-01
45                                     8.5083160879531150e-01
46                                     7.5290049261654146e-01
47                                     7.0783005177388991e-01
48                                     8.2160374984927131e-01
49                                     8.6381633988345086e-01
50                                     9.7032226490401507e-01
51                                     9.8112574924389273e-01
52                                     7.8376957533182956e-01
53                                     8.1133371388215092e-01
54                                     7.3390344810106267e-01
55                                     7.7536668700157185e-01
56                                     8.9644300553014777e-01
57                                     9.5515285034435315e-01
58                                     8.9258935358692515e-01
   &BVA [&Type "ArrayOfDoubles", &Dim (59,1)] "Mayer's bonded valence"
                                                         0

0                                      3.7929544272690050e+00
1                                      4.2290895712958392e+00
2                                      3.3363532297709404e+00
3                                      2.7601363376181833e+00
4                                      4.0737921502947554e+00
5                                      3.7611725379980672e+00
6                                      1.9219830565796818e+00
7                                      3.6198516897858410e+00
8                                      3.5455991038175081e+00
9                                      1.7035870078559427e+00
10                                     3.2615686294392732e+00
11                                     3.5044379876154648e+00
12                                     2.6298078930796418e+00
13                                     3.8060215492775940e+00
14                                     3.5612606314910971e+00
15                                    -3.9229754500739489e-01
16                                     3.9951198181096133e+00
17                                     2.4033605367552728e+00
18                                     1.6274353935497947e+00
19                                     1.5061197463184159e+00
20                                     3.6629846595533109e+00
21                                     8.8877965856900243e-01
22                                     1.9653062106694570e+00
23                                     2.4525308079104606e+00
24                                     3.2220496723040779e+00
25                                     3.2990588090603410e+00
26                                     1.7215532624443970e+00
27                                     3.1793968390737630e+00
28                                     3.6815254925750960e+00
29                                     2.6985810905512149e+00
30                                     3.2326273365859182e+00
31                                     3.7794518480801198e+00
32                                     1.7159094608594847e+00
33                                     3.7055093005481203e+00
34                                     9.0707300720381090e-01
35                                     1.0502748364833372e+00
36                                     9.4083027724973867e-01
37                                     9.5749127911097054e-01
38                                     7.8109158854725458e-01
39                                     8.3411116481742320e-01
40                                     9.3890611022712867e-01
41                                     1.0011109857490939e+00
42                                     8.8690640034518475e-01
43                                     8.2253034816673576e-01
44                                     6.4177780378649485e-01
45                                     8.5083160879526698e-01
46                                     7.5290049261656211e-01
47                                     7.0783005177384539e-01
48                                     8.2160374984918361e-01
49                                     8.6381633988344320e-01
50                                     9.7032226490401763e-01
51                                     9.8112574924388984e-01
52                                     7.8376957533183034e-01
53                                     8.1133371388212550e-01
54                                     7.3390344810095465e-01
55                                     7.7536668700161815e-01
56                                     8.9644300553017031e-01
57                                     9.5515285034433928e-01
58                                     8.9258935358693503e-01
   &FA [&Type "ArrayOfDoubles", &Dim (59,1)] "Mayer's free valence"
                                                         0

0                                      0.0000000000000000e+00
1                                      0.0000000000000000e+00
2                                      0.0000000000000000e+00
3                                      0.0000000000000000e+00
4                                      0.0000000000000000e+00
5                                      0.0000000000000000e+00
6                                      0.0000000000000000e+00
7                                      0.0000000000000000e+00
8                                      0.0000000000000000e+00
9                                     -1.4108714196936489e-12
10                                     0.0000000000000000e+00
11                                     0.0000000000000000e+00
12                                     0.0000000000000000e+00
13                                     0.0000000000000000e+00
14                                     0.0000000000000000e+00
15                                     0.0000000000000000e+00
16                                    -1.0391687510491465e-12
17                                     0.0000000000000000e+00
18                                     0.0000000000000000e+00
19                                     0.0000000000000000e+00
20                                     1.6697754290362354e-12
21                                     0.0000000000000000e+00
22                                     0.0000000000000000e+00
23                                     0.0000000000000000e+00
24                                     0.0000000000000000e+00
25                                     0.0000000000000000e+00
26                                     0.0000000000000000e+00
27                                     0.0000000000000000e+00
28                                     0.0000000000000000e+00
29                                     0.0000000000000000e+00
30                                     0.0000000000000000e+00
31                                     0.0000000000000000e+00
32                                     0.0000000000000000e+00
33                                     0.0000000000000000e+00
34                                     0.0000000000000000e+00
35                                     0.0000000000000000e+00
36                                     0.0000000000000000e+00
37                                     0.0000000000000000e+00
38                                     0.0000000000000000e+00
39                                     0.0000000000000000e+00
40                                     0.0000000000000000e+00
41                                     0.0000000000000000e+00
42                                     0.0000000000000000e+00
43                                     0.0000000000000000e+00
44                                     0.0000000000000000e+00
45                                     0.0000000000000000e+00
46                                     0.0000000000000000e+00
47                                     0.0000000000000000e+00
48                                     0.0000000000000000e+00
49                                     0.0000000000000000e+00
50                                     0.0000000000000000e+00
51                                     0.0000000000000000e+00
52                                     0.0000000000000000e+00
53                                     0.0000000000000000e+00
54                                     0.0000000000000000e+00
55                                     0.0000000000000000e+00
56                                     0.0000000000000000e+00
57                                     0.0000000000000000e+00
58                                     0.0000000000000000e+00
   &Method [&Type "String"] "SCF"
   &Level [&Type "String"] "Relaxed density"
   &Mult [&Type "Integer"] 1
   &State [&Type "Integer"] -1
   &Irrep [&Type "Integer"] 0
$End
$SCF_Energy
   &GeometryIndex 1
   &Method [&Type "String"] "SCF"
   &totalEnergy [&Type "ArrayOfDoubles", &Dim (1,1)] "Total energy of each state"
                                                         0

0                                     -1.5430145249916027e+03
   &Mult [&Type "ArrayOfIntegers", &Dim (1,1)] "Multiplicity of each state"
                                                         0

0                                                        1
$End
$DFT_Energy
   &GeometryIndex 1
   &nAlphaEl [&Type "Integer"] 121
   &nBetaEl [&Type "Integer"] 121
   &nTotalEl [&Type "Integer"] 241
   &finalEn [&Type "Double"]      -1.5430145249916027e+03  "No Van der Waals correction"
   &eExchange [&Type "Double"]      -2.0546288662918238e+02
   &eCorr [&Type "Double"]      -8.9386265776859517e+00
   &eXC [&Type "Double"]      -2.1440151320686834e+02
   &eCNL [&Type "Double"]       0.0000000000000000e+00
$End
$SCF_Timings
   &GeometryIndex 1
   &TOTAL [&Type "Double"]       7.0879200000000003e+02
   &PREP [&Type "Double"]       1.0840000000000001e+00
   &FOCK [&Type "Double"]       6.3972400000000016e+02
   &DENS [&Type "Double"]       2.9929999999999382e+00
   &ETOT [&Type "Double"]       1.3540000000000347e+00
   &POP [&Type "Double"]       1.0869999999999891e+00
   &TRAFO [&Type "Double"]       4.3160000000000878e+00
   &DIIS [&Type "Double"]       2.1129999999999974e+01
   &SOSCF [&Type "Double"]       2.2036999999999978e+01
   &XC [&Type "Double"]       3.6046300000000008e+02
   &FOCKSTART [&Type "Double"]       5.8500000000000862e-01
   &INT_BF [&Type "Double"]       4.6556000000004673e+01
   &INT_DENS [&Type "Double"]       1.1624400000000540e+02
   &INT_DENSIO [&Type "Double"]       1.0822093350999996e+07
   &INT_FUNC [&Type "Double"]       1.5459999999994878e+00
   &INT_POT [&Type "Double"]       1.7427499999999051e+02
   &INT_POTIO [&Type "Double"]       7.5300000000019551e-01
   &INT_SUM [&Type "Double"]       6.9999999999481588e-03
   &SPLITRIJ [&Type "Double"]       2.9226799999999986e+02
$End
$Single_Point_Data
   &GeometryIndex 1
   &FinalEnergy [&Type "Double"]      -1.5430145249916027e+03  "Final single point energy"
   &Converged [&Type "Boolean"] true
$End
$SCF_Nuc_Gradient
   &GeometryIndex 1
   &NAtoms [&Type "Integer"] 59
   &gradNorm [&Type "Double"]       3.2023898379816451e-02
   &grad [&Type "ArrayOfDoubles", &Dim (177,1)] 
                                                         0

0                                     -7.0050108915820086e-04
1                                     -7.6141710914726796e-04
2                                     -9.9827929463472409e-04
3                                      3.9089774640607700e-04
4                                     -2.4041725440398370e-04
5                                      1.4927472234265993e-03
6                                      2.8844061346076089e-03
7                                     -4.9278852282708674e-03
8                                      1.8408857863079497e-03
9                                     -1.4242763774916234e-03
10                                    -1.6729652219343236e-03
11                                     3.7487287151579049e-03
12                                     1.2490701976669571e-04
13                                    -3.5499328329498953e-04
14                                    -1.3741553040682863e-03
15                                     8.3084872340263849e-04
16                                     8.0822747786096771e-04
17                                     7.8821625552100150e-04
18                                     3.1586962939941232e-03
19                                    -1.7062104734639136e-03
20                                    -6.5177587875721310e-04
21                                     5.3936083573227767e-04
22                                    -2.7376309210749850e-04
23                                    -1.7617335505394904e-03
24                                    -1.0051407032299065e-03
25                                     5.2632188566853477e-05
26                                    -1.5717363732577344e-03
27                                    -3.1195887205513473e-03
28                                     1.8176787336572145e-03
29                                     1.7795204374718154e-04
30                                     2.5171864506712271e-04
31                                     4.0299998668195947e-04
32                                     1.8387151181843975e-03
33                                     3.9811417635032126e-04
34                                    -9.7208510163426798e-05
35                                     1.7915345336994293e-03
36                                     2.7758430173169257e-03
37                                     1.8794367665913789e-03
38                                     2.9215893387197350e-03
39                                    -4.0995821731820703e-04
40                                     4.7157611477768868e-04
41                                    -1.2453424451208846e-03
42                                    -2.7268483312727076e-04
43                                    -1.3657201331564450e-03
44                                     4.4249472893691244e-04
45                                     2.4400249224968418e-03
46                                     3.9212303679230232e-03
47                                     1.6105782844393068e-03
48                                     1.6600114179788350e-03
49                                    -2.7520199477183427e-03
50                                    -1.1592854778301465e-03
51                                    -2.4505895891909907e-03
52                                     4.8054265004413843e-03
53                                     1.9958739932241371e-03
54                                    -2.0628810668408826e-03
55                                     8.6516897552377792e-03
56                                    -6.8747495693909366e-03
57                                     9.2873526572074747e-04
58                                    -9.0702893951357111e-03
59                                    -5.4739627500163257e-03
60                                    -1.3400026586867786e-03
61                                     3.4090553514777300e-03
62                                     1.2473037945520404e-03
63                                    -7.5699112709468885e-03
64                                     1.5192421856596999e-03
65                                     1.3117333053280777e-04
66                                     3.6896441915579281e-04
67                                    -4.6138647150626572e-03
68                                    -1.7605851312990917e-03
69                                     1.3732855683347422e-03
70                                     3.1745751015563872e-03
71                                     9.1823151228827282e-04
72                                    -1.1367112934160400e-03
73                                    -5.1492473469225697e-03
74                                    -2.1027212113887139e-03
75                                     1.1083683193292906e-03
76                                     4.5687090177132239e-05
77                                     7.5150472139539487e-04
78                                     5.0911747487766279e-03
79                                     8.8566211186285049e-03
80                                     4.0700988392210757e-03
81                                     1.3594832280231367e-03
82                                     6.2323815404097260e-04
83                                    -1.3241029751738624e-03
84                                     5.9851587846651566e-04
85                                    -3.7667112468618008e-04
86                                    -1.5265101722156602e-03
87                                    -6.0276221782092423e-04
88                                    -1.4444929332512457e-03
89                                    -1.0872692424838126e-03
90                                    -9.5850686016862863e-04
91                                    -3.3505855227028425e-04
92                                     1.1325542918692311e-03
93                                    -1.2100271833112158e-03
94                                    -5.5287580579765905e-05
95                                     1.7841877993863831e-03
96                                    -9.4547369377415147e-04
97                                    -3.3203678005739312e-03
98                                    -2.4387377492080808e-03
99                                     3.7041589413298534e-04
100                                   -1.1564661666003603e-04
101                                   -6.1223127747671302e-04
102                                    1.4892962715015723e-03
103                                    1.3940533678649392e-03
104                                    2.0334596935488169e-03
105                                    2.4692624476866376e-03
106                                   -1.7741601213487890e-03
107                                   -5.6044342711672468e-04
108                                    3.4772939820855442e-05
109                                   -1.6211947788850323e-03
110                                   -2.5172207584887862e-03
111                                    2.1533547894376226e-03
112                                    1.8899016248112854e-03
113                                   -1.0115362524344695e-03
114                                   -1.8091411187069473e-03
115                                   -7.0592930649929220e-04
116                                    6.7737812334875414e-04
117                                    3.6461334904949738e-04
118                                    1.2370294329164255e-03
119                                    1.9245700310871472e-03
120                                   -1.0015107726487615e-03
121                                   -1.9434110438333319e-03
122                                   -1.6504675435486393e-03
123                                    6.6090693936009248e-04
124                                   -1.9470160159948957e-03
125                                    1.9688455792224169e-03
126                                    1.0737077035694598e-03
127                                   -7.9447939825071090e-04
128                                   -2.9923399377456139e-03
129                                   -1.8099792541523274e-03
130                                    5.2137932187757211e-04
131                                   -2.5960467631893913e-03
132                                   -1.0207452278271634e-03
133                                    9.1782625751726798e-04
134                                    2.9644348604900284e-03
135                                    2.0703742598724012e-03
136                                   -6.3132038508900701e-04
137                                    2.6155438476213322e-03
138                                    2.1417732463147598e-03
139                                    3.3479323216500934e-04
140                                    4.6428924424838508e-04
141                                   -1.6554067159101765e-04
142                                   -8.6196309138043825e-04
143                                    2.0057940139356911e-03
144                                    1.3040017794231223e-03
145                                    1.9396774062375166e-03
146                                   -1.8937420815766104e-03
147                                   -2.1427177874208669e-04
148                                    2.1282376789758806e-03
149                                    1.8932131271737207e-03
150                                   -3.3440942510261917e-03
151                                   -5.0673339064886136e-03
152                                   -2.7035759085092814e-03
153                                   -3.2094193213386968e-03
154                                    5.4774668826444994e-03
155                                    1.6849491029749808e-03
156                                    2.3029025428578653e-03
157                                    1.3544340003616706e-03
158                                   -1.6441289896615696e-03
159                                    1.0002973109356772e-03
160                                   -1.4112192831634285e-03
161                                   -3.0597061374072754e-03
162                                   -2.6294542299022672e-03
163                                   -1.9083010890543345e-03
164                                    1.5380342135980635e-03
165                                   -9.5622414664875421e-04
166                                    1.3373574467834826e-03
167                                    2.7478469849638310e-03
168                                    5.9032462354148552e-04
169                                   -8.1398019885284278e-04
170                                    2.4954777422916963e-03
171                                   -7.6022059608227277e-04
172                                   -2.3357921154650296e-03
173                                   -1.6143880896588580e-03
174                                   -2.1797435845760382e-03
175                                    1.4781537489106378e-03
176                                    5.0856743637700194e-04
   &Method [&Type "String"] "SCF"
   &Level [&Type "String"] "Relaxed density"
   &Mult [&Type "Integer"] 1
   &State [&Type "Integer"] 0
   &Irrep [&Type "Integer"] 0
$End
$Geometry
   &GeometryIndex 2
   &NAtoms [&Type "Integer"] 59
   &NCorelessECP [&Type "Integer"] 0
   &NGhostAtoms [&Type "Integer"] 0
   &CartesianCoordinates [&Type "Coordinates", &Dim(59,4), &Units "Bohr"] 
              C     44.809876687525  -33.318130976603   -0.070326716777
              C     45.664712299088  -34.924982634778    2.173047998871
              C     48.140264116344  -36.375677292138    1.855304537465
              N     49.799083423329  -35.573032176333   -0.019129968240
              C     49.075121036234  -33.743208293908   -2.003397898143
              C     47.080325813445  -31.873730046892   -1.106518050997
              C     52.195264516626  -36.791386817303   -0.315104251266
              C     53.768861864900  -37.220070620775    1.775909936698
              C     56.124005178458  -38.336570814524    1.468341848326
              C     56.979265103414  -39.044769206967   -0.939021450193
              C     55.420746972826  -38.604221077151   -3.027398793030
              C     53.045701230912  -37.499070441849   -2.715703959779
              N     59.374373252094  -40.255135955761   -1.243594085387
              C     59.581104541528  -42.273606307754   -3.174727118161
              C     61.474004279027  -44.326081741706   -2.424804546457
              C     63.875485413793  -43.063909422063   -1.662343278642
              C     63.840851741251  -40.647627798187   -0.636921529449
              C     61.527021660074  -39.150302738708   -0.185700350256
              O     48.640702800480  -38.127388475842    3.292426784665
              O     61.474155567125  -37.173243004918    1.035643153413
              C     66.447410924779  -43.744548729936   -1.734400991493
              N     67.904379741857  -41.861894561609   -0.825269343027
              N     66.320865932718  -39.995248876336   -0.142151353657
              C     67.379380139268  -37.698397113736    0.833492396465
              C     67.557634910448  -46.153703089173   -2.654908253621
              N     70.130464060590  -46.275963231150   -2.545644532605
              O     66.218877407242  -47.878523413274   -3.466829182263
              C     66.592523996883  -36.716843989978    3.158916229228
              C     67.718494437216  -34.543827509829    4.096299291977
              C     69.648684894274  -33.334287697169    2.733143041037
              C     70.449397968273  -34.334467578433    0.415952038738
              C     69.304796599582  -36.520443696745   -0.520855497464
              O     70.625234581651  -31.207592805327    3.823356572316
              C     72.599083444607  -29.912630155021    2.519811730751
              H     44.029280979562  -34.537690403338   -1.569397874509
              H     43.285843896152  -32.026515797854    0.505659575930
              H     45.957129045721  -33.710378324700    3.843179686092
              H     44.241881455028  -36.329229560170    2.729535493987
              H     50.805513434222  -32.755514427874   -2.589465260808
              H     48.345101057402  -34.756439538809   -3.678691505737
              H     47.879978307935  -30.643272445632    0.372042855025
              H     46.547436640293  -30.656707833357   -2.706186700925
              H     53.125037109237  -36.696713841017    3.655853731830
              H     57.323890005935  -38.657060411124    3.106752183290
              H     56.049576446358  -39.110731194832   -4.922595150514
              H     51.859377042943  -37.200829230639   -4.372808137774
              H     57.689385522690  -43.085898936400   -3.409706580544
              H     60.157176352948  -41.445975106928   -5.003461627608
              H     60.728029499077  -45.463683406149   -0.844977080429
              H     61.788730564059  -45.628518552125   -4.007133824211
              H     71.134745718218  -44.855437339927   -1.737205438932
              H     70.989637847617  -47.917329672190   -3.033089407976
              H     65.096097586659  -37.647152358300    4.215688191375
              H     67.133125735057  -33.744778728390    5.902117146257
              H     71.942192474548  -33.438483269466   -0.678855422350
              H     69.913979772783  -37.320677094574   -2.317785787288
              H     71.957830434105  -29.225114081490    0.661012447506
              H     73.099330097250  -28.296554989783    3.712594094572
              H     74.270765065325  -31.130279734412    2.271098694141
$End
$SCF_Energy
   &GeometryIndex 2
   &Method [&Type "String"] "SCF"
   &totalEnergy [&Type "ArrayOfDoubles", &Dim (1,1)] "Total energy of each state"
                                                         0

0                                     -1.5430163556738039e+03
   &Mult [&Type "ArrayOfIntegers", &Dim (1,1)] "Multiplicity of each state"
                                                         0

0                                                        1
$End
$DFT_Energy
   &GeometryIndex 2
   &nAlphaEl [&Type "Integer"] 121
   &nBetaEl [&Type "Integer"] 121
   &nTotalEl [&Type "Integer"] 241
   &finalEn [&Type "Double"]      -1.5430163556738039e+03  "No Van der Waals correction"
   &eExchange [&Type "Double"]      -2.0531648957481463e+02
   &eCorr [&Type "Double"]      -8.9281712026784099e+00
   &eXC [&Type "Double"]      -2.1424466077749304e+02
   &eCNL [&Type "Double"]       0.0000000000000000e+00
$End
$SCF_Timings
   &GeometryIndex 2
   &TOTAL [&Type "Double"]       5.0921600000000001e+02
   &PREP [&Type "Double"]       8.3899999999999997e-01
   &FOCK [&Type "Double"]       4.5531500000000005e+02
   &DENS [&Type "Double"]       2.1689999999999259e+00
   &ETOT [&Type "Double"]       7.6999999999991076e-01
   &TRAFO [&Type "Double"]       3.4670000000000130e+00
   &DIIS [&Type "Double"]       1.1796000000000006e+01
   &SOSCF [&Type "Double"]       1.5117000000000075e+01
   &XC [&Type "Double"]       2.5215999999999994e+02
   &FOCKSTART [&Type "Double"]       4.4999999999997520e-01
   &INT_BF [&Type "Double"]       3.4606999999994912e+01
   &INT_DENS [&Type "Double"]       8.5554000000003853e+01
   &INT_DENSIO [&Type "Double"]       5.9527899019999979e+06
   &INT_FUNC [&Type "Double"]       1.1599999999994957e+00
   &INT_POT [&Type "Double"]       1.2364300000000159e+02
   &INT_POTIO [&Type "Double"]       4.4100000000033290e-01
   &INT_SUM [&Type "Double"]       7.0000000000050022e-03
   &SPLITRIJ [&Type "Double"]       2.2074699999999996e+02
$End
$Single_Point_Data
   &GeometryIndex 2
   &FinalEnergy [&Type "Double"]      -1.5430163556738039e+03  "Final single point energy"
   &Converged [&Type "Boolean"] true
$End
$SCF_Nuc_Gradient
   &GeometryIndex 2
   &NAtoms [&Type "Integer"] 59
   &gradNorm [&Type "Double"]       7.0369968150107267e-03
   &grad [&Type "ArrayOfDoubles", &Dim (177,1)] 
                                                         0

0                                     -1.4037653330356559e-04
1                                     -2.8349297611625010e-04
2                                     -1.9547670143749141e-04
3                                     -1.0668128854325609e-04
4                                     -1.5097633560633150e-04
5                                      4.0243772496451058e-05
6                                      1.0127303866381554e-03
7                                     -2.8945892364222459e-04
8                                      6.2325846659985751e-04
9                                     -9.1406242353134215e-04
10                                    -7.2652005520396079e-05
11                                     9.9146410522893240e-04
12                                     1.1309217039480457e-04
13                                    -2.1047550193172004e-04
14                                    -3.6402955428184447e-04
15                                     2.8255776484777118e-04
16                                     3.0527067181149170e-04
17                                     1.7399419357361917e-04
18                                     1.5509157385848460e-03
19                                    -7.9533957206657721e-04
20                                    -4.6791805697731295e-04
21                                     1.0675150120719248e-04
22                                    -1.2699406659322232e-05
23                                    -6.1960895727997123e-04
24                                    -2.4486344603870391e-04
25                                    -5.6501553113458280e-05
26                                    -5.4431798663660824e-04
27                                    -1.6893177811089233e-03
28                                     8.9310753542687360e-04
29                                    -1.9523295216734848e-04
30                                     2.4832445833283812e-04
31                                     3.2251736572230794e-06
32                                     7.1048437217861860e-04
33                                    -8.2599287044606007e-05
34                                     1.3330072397674253e-04
35                                     8.1923429492022914e-04
36                                     1.1188936364185387e-03
37                                    -8.1913145070083848e-05
38                                     1.0055438312419757e-03
39                                    -1.4254684456385669e-04
40                                     2.6521308554038232e-04
41                                    -3.1047805044279869e-04
42                                    -1.1007317438656294e-04
43                                    -4.0773001787713925e-04
44                                    -5.1243990604674106e-05
45                                     5.5386879928354116e-04
46                                     5.2630872474107582e-04
47                                     1.1886280544874672e-04
48                                     4.5790580248389334e-04
49                                    -4.0057904321971760e-04
50                                    -1.6233734705051184e-04
51                                    -9.3238979488274171e-04
52                                     7.8168714884385704e-04
53                                     2.8057079926425976e-04
54                                    -6.8499400286220480e-04
55                                     1.0176976678484273e-03
56                                    -1.1884161345906974e-03
57                                     9.1176039637048956e-05
58                                    -1.1878995281850435e-03
59                                    -1.1264238095024526e-03
60                                     2.0162774967846797e-04
61                                     1.0615057918689219e-04
62                                     1.4635458349518404e-04
63                                    -2.7563199802754512e-03
64                                     8.9362173137445822e-04
65                                     9.9035094201713192e-05
66                                     1.1245920809598298e-03
67                                    -1.4042025442284056e-03
68                                    -2.9281168734654472e-04
69                                     4.2524229342125186e-04
70                                     1.5993753715510817e-03
71                                     3.4114876596724741e-04
72                                    -1.1076075832958110e-04
73                                    -1.1402692897046762e-03
74                                    -4.9792055648001377e-04
75                                    -8.3264573489314625e-04
76                                     4.1529680293635532e-04
77                                    -8.6149793558754073e-05
78                                     4.6367601408503489e-04
79                                     1.5262398830234725e-03
80                                     7.6858949812250166e-04
81                                     4.4547270948419593e-04
82                                     1.8574457263589861e-04
83                                    -2.8330317243076275e-04
84                                     1.9850728602177625e-04
85                                    -3.0239781720070580e-04
86                                    -6.1271616669173606e-04
87                                    -2.2544113118801862e-04
88                                    -4.7998502997929210e-04
89                                    -3.0428079215294446e-04
90                                    -2.8439002380760414e-04
91                                     2.7239825853409005e-04
92                                     7.0407468252692285e-04
93                                    -5.8583334606504556e-04
94                                    -2.3891298064734889e-04
95                                     7.0566641773321670e-04
96                                    -1.3624940093752425e-04
97                                    -7.2855527749005056e-04
98                                    -7.0856640119149050e-04
99                                    -1.6560058391863752e-04
100                                   -3.3279376169266517e-05
101                                    1.8936921101971732e-04
102                                    3.6311590205644062e-04
103                                   -3.9625641855833837e-06
104                                    1.3180576850629899e-04
105                                    1.7336163527176263e-04
106                                   -7.2206729224338906e-05
107                                    1.7794262645455527e-05
108                                    2.4308953062277677e-04
109                                   -7.7133492497966083e-05
110                                   -2.8722337326644864e-04
111                                    7.8661977013283479e-05
112                                    1.0943484423936445e-04
113                                   -9.7954952556295050e-05
114                                   -1.5037130117728781e-04
115                                   -3.2136367504043140e-06
116                                    3.5185693612577174e-05
117                                   -1.4899977867324776e-04
118                                    2.0847064414285243e-04
119                                    1.5109746467231733e-04
120                                   -5.3680732684330268e-05
121                                   -3.7577914421110803e-04
122                                    3.4232438593267966e-05
123                                   -4.1872524392722044e-05
124                                   -1.6823551383926549e-04
125                                    6.0286930568698160e-05
126                                    8.1385514791795788e-05
127                                    5.9094393100027343e-05
128                                   -1.8243203916762374e-04
129                                   -3.3516401129474183e-05
130                                   -6.3375179060867759e-05
131                                   -1.5678775984165338e-04
132                                   -1.2738947381366050e-05
133                                    7.2567097967934924e-05
134                                    1.5382757898418919e-04
135                                    1.0987540624821102e-04
136                                   -6.5819928323322674e-05
137                                    9.2577623797662767e-05
138                                    2.0798566317462019e-04
139                                   -1.2949698031287926e-04
140                                    1.0346806358380728e-04
141                                    1.4174757288033801e-04
142                                   -6.9053710524374923e-05
143                                    2.0316294627031883e-04
144                                    2.2040143535967394e-04
145                                    2.8015252101920574e-04
146                                   -9.9698274020898481e-06
147                                    6.3773475510994770e-05
148                                    2.8296585850817735e-04
149                                    8.7410755289452080e-05
150                                    3.1407558523519064e-04
151                                   -5.5699629102540227e-05
152                                    8.8884548631373850e-05
153                                    3.7193159253934294e-05
154                                   -3.5271921795021477e-04
155                                   -6.4061410685739562e-05
156                                    3.2553534289780917e-04
157                                   -1.1772325200970490e-05
158                                   -8.7916108482605226e-05
159                                    1.0485740878238281e-04
160                                   -1.0367388166787617e-05
161                                   -1.2953555756489710e-04
162                                   -1.7123061146051555e-04
163                                   -3.2606400888005038e-04
164                                   -1.1048281965655993e-04
165                                   -2.6995805354243507e-05
166                                    6.5657276984376622e-05
167                                    1.0230641525593720e-04
168                                   -2.3034758359213869e-05
169                                    5.3758536045361849e-06
170                                    1.9292064502118844e-04
171                                    6.8805039192793016e-05
172                                   -3.8255532668840520e-05
173                                   -1.5930034064262633e-04
174                                   -1.2161326182380527e-04
175                                    9.2119217463354497e-05
176                                    1.2404026805546559e-04
   &Method [&Type "String"] "SCF"
   &Level [&Type "String"] "Relaxed density"
   &Mult [&Type "Integer"] 1
   &State [&Type "Integer"] 0
   &Irrep [&Type "Integer"] 0
$End
$Geometry
   &GeometryIndex 3
   &NAtoms [&Type "Integer"] 59
   &NCorelessECP [&Type "Integer"] 0
   &NGhostAtoms [&Type "Integer"] 0
   &CartesianCoordinates [&Type "Coordinates", &Dim(59,4), &Units "Bohr"] 
              C     44.788796563673  -33.324807705782   -0.040516913064
              C     45.677272876053  -34.898001018331    2.215711464479
              C     48.149694263187  -36.355248033178    1.886042855586
              N     49.786271897265  -35.577190681170   -0.021180052103
              C     49.033790951632  -33.780201138116   -2.025253197927
              C     47.043324200982  -31.898704182562   -1.138514763651
              C     52.184847844365  -36.790696742794   -0.321534295850
              C     53.771405147162  -37.205644635220    1.765385003712
              C     56.130604278737  -38.317534378025    1.452630904038
              C     56.979599910632  -39.036675572736   -0.956493683258
              C     55.407067947994  -38.610934981274   -3.040852354896
              C     53.027997572962  -37.511460927817   -2.723687026952
              N     59.376824746923  -40.242251917768   -1.267373956117
              C     59.584599596427  -42.260653082129   -3.199289171226
              C     61.475344553151  -44.316933342564   -2.449060955777
              C     63.878800413713  -43.060113978337   -1.678550800011
              C     63.844585720291  -40.643338993333   -0.649487075394
              C     61.530722100617  -39.144237725110   -0.197752911827
              O     48.683210507576  -38.068918526801    3.360167853499
              O     61.474661972672  -37.179207643631    1.046686721070
              C     66.452584098176  -43.745072298366   -1.742596973258
              N     67.911639820591  -41.866739128394   -0.822171939775
              N     66.325363286461  -39.994504800045   -0.146213582587
              C     67.385120781938  -37.699244507824    0.832977998254
              C     67.568770826125  -46.153671647951   -2.662831632107
              N     70.142043495330  -46.273410457959   -2.531917696664
              O     66.239478610682  -47.879351284790   -3.494607368965
              C     66.567439770885  -36.695562753041    3.140981555633
              C     67.693266807637  -34.521967198203    4.083638322573
              C     69.654322675188  -33.332012000421    2.743390327602
              C     70.482084592398  -34.351282834667    0.441533124138
              C     69.337256163097  -36.536566837772   -0.501513817278
              O     70.631047871700  -31.203991518891    3.835348989487
              C     72.633142721571  -29.932982532864    2.549355129513
              H     43.980385023965  -34.567186714670   -1.507156718224
              H     43.274377099280  -32.022005719812    0.538594866560
              H     45.990466554845  -33.657808977793    3.864472970840
              H     44.262435104610  -36.294502569809    2.813386677236
              H     50.755688122196  -32.798381072765   -2.647337510089
              H     48.289478693041  -34.824216949950   -3.676151751078
              H     47.860153652336  -30.634148425472    0.302767186957
              H     46.485815896108  -30.715067534479   -2.755660352696
              H     53.133734657413  -36.677224891191    3.646925912405
              H     57.338622221414  -38.624757455105    3.088484469849
              H     56.027409524597  -39.127181790226   -4.937081163607
              H     51.832996537784  -37.225475643139   -4.377653140864
              H     57.691085388524  -43.069668661563   -3.437122019030
              H     60.161595664941  -41.432018878721   -5.028116183033
              H     60.722969814344  -45.457820391038   -0.873223152357
              H     61.790655149429  -45.618725909299   -4.033110177687
              H     71.136627999416  -44.852433155857   -1.712331366619
              H     71.008927575692  -47.910339611422   -3.019159296366
              H     65.043717866817  -37.606240411267    4.177840232851
              H     67.082775057501  -33.707364058780    5.874997144434
              H     71.996838383419  -33.468359102321   -0.635385032594
              H     69.968300801420  -37.350182340820   -2.285618231094
              H     72.022788423733  -29.253195159861    0.676458934364
              H     73.129277554771  -28.312552356837    3.738959698068
              H     74.299121273590  -31.165511781293    2.330836630318
$End
$SCF_Energy
   &GeometryIndex 3
   &Method [&Type "String"] "SCF"
   &totalEnergy [&Type "ArrayOfDoubles", &Dim (1,1)] "Total energy of each state"
                                                         0

0                                     -1.5430164434958901e+03
   &Mult [&Type "ArrayOfIntegers", &Dim (1,1)] "Multiplicity of each state"
                                                         0

0                                                        1
$End
$DFT_Energy
   &GeometryIndex 3
   &nAlphaEl [&Type "Integer"] 121
   &nBetaEl [&Type "Integer"] 121
   &nTotalEl [&Type "Integer"] 241
   &finalEn [&Type "Double"]      -1.5430164434958901e+03  "No Van der Waals correction"
   &eExchange [&Type "Double"]      -2.0529400332862389e+02
   &eCorr [&Type "Double"]      -8.9268539356187215e+00
   &eXC [&Type "Double"]      -2.1422085726424260e+02
   &eCNL [&Type "Double"]       0.0000000000000000e+00
$End
$SCF_Timings
   &GeometryIndex 3
   &TOTAL [&Type "Double"]       4.5594500000000005e+02
   &PREP [&Type "Double"]       8.5799999999999998e-01
   &FOCK [&Type "Double"]       4.0499500000000000e+02
   &DENS [&Type "Double"]       1.8990000000000578e+00
   &ETOT [&Type "Double"]       7.0600000000002439e-01
   &TRAFO [&Type "Double"]       3.8910000000000053e+00
   &DIIS [&Type "Double"]       1.2024000000000008e+01
   &SOSCF [&Type "Double"]       1.2312999999999903e+01
   &XC [&Type "Double"]       2.2779100000000000e+02
   &FOCKSTART [&Type "Double"]       3.8200000000002943e-01
   &INT_BF [&Type "Double"]       3.0615000000005011e+01
   &INT_DENS [&Type "Double"]       7.5580999999996521e+01
   &INT_DENSIO [&Type "Double"]       4.7666183239999972e+06
   &INT_FUNC [&Type "Double"]       1.0679999999991399e+00
   &INT_POT [&Type "Double"]       1.0912499999999849e+02
   &INT_POTIO [&Type "Double"]       4.3600000000008876e-01
   &INT_SUM [&Type "Double"]       6.9999999999055262e-03
   &SPLITRIJ [&Type "Double"]       1.9498399999999990e+02
$End
$Single_Point_Data
   &GeometryIndex 3
   &FinalEnergy [&Type "Double"]      -1.5430164434958901e+03  "Final single point energy"
   &Converged [&Type "Boolean"] true
$End
$SCF_Nuc_Gradient
   &GeometryIndex 3
   &NAtoms [&Type "Integer"] 59
   &gradNorm [&Type "Double"]       3.5507380071044333e-03
   &grad [&Type "ArrayOfDoubles", &Dim (177,1)] 
                                                         0

0                                     -1.8890100747470662e-04
1                                     -4.4305764847027418e-05
2                                      3.3176014890015648e-05
3                                      2.4262789155501951e-05
4                                      2.1759394733575355e-04
5                                      3.5300802656759722e-04
6                                     -4.3692054743488251e-04
7                                     -1.0286344351224525e-03
8                                     -1.0815054983281669e-03
9                                     -4.6100765648024455e-04
10                                     4.7753487617450963e-04
11                                     5.7994240689867443e-04
12                                     3.4307926978931896e-04
13                                     7.7022961179104565e-05
14                                    -3.0498082159061135e-05
15                                     1.1376716118993713e-04
16                                     3.1022653906762065e-04
17                                    -1.3874022075759107e-04
18                                     7.4096060721440260e-04
19                                    -3.7749927073536804e-04
20                                    -2.6987939823505669e-04
21                                    -2.3768651720029038e-04
22                                     1.7219846081152623e-04
23                                    -1.5850121074353907e-04
24                                     1.4053264274410671e-04
25                                    -1.9375581956032617e-04
26                                    -3.1641336801571662e-05
27                                    -8.1388015459060714e-04
28                                     4.9842838808739076e-04
29                                    -2.4355231849527981e-04
30                                     3.0498440220902423e-04
31                                     1.1529763984663433e-05
32                                     7.2677611408597520e-05
33                                    -3.4068788796100258e-04
34                                    -4.5572805631999280e-06
35                                     2.3452494802211898e-04
36                                     4.6114539855890424e-04
37                                    -6.4757910033103744e-04
38                                     5.8909506334874073e-04
39                                    -2.1351889834131388e-04
40                                     9.6236626124790448e-05
41                                    -4.3351467740815330e-05
42                                    -1.2195863512495797e-04
43                                    -2.4664290708142911e-04
44                                    -1.3608066829148835e-04
45                                    -9.1509682153656513e-05
46                                     8.9219281516700333e-05
47                                     3.3610450890536603e-05
48                                    -1.0243726195544034e-04
49                                    -1.3583711653469832e-04
50                                     2.4931699918970263e-04
51                                    -1.1592160324454953e-04
52                                     6.9617307559813324e-04
53                                    -7.0024940468101093e-04
54                                     4.1529349345220679e-04
55                                     2.1373635123889123e-04
56                                     3.7574283260671804e-04
57                                     1.7226698248771176e-04
58                                     2.3268862874681329e-05
59                                     2.9634701729577828e-04
60                                     5.2348197422408260e-04
61                                    -1.0899139301018268e-04
62                                    -2.2526018766202971e-04
63                                    -7.0937760066519528e-04
64                                     3.4465062660368057e-04
65                                     4.8251247560254784e-04
66                                     5.2438299025747703e-04
67                                    -6.7022249523575328e-04
68                                    -3.3781208817479369e-04
69                                     2.1385288138831005e-04
70                                     6.4326844177964304e-04
71                                     7.6600215319577725e-05
72                                     1.4154625037728075e-04
73                                    -1.6587311696811269e-04
74                                     5.1089206616061755e-05
75                                    -1.4917078591489968e-04
76                                     2.5064603702074084e-04
77                                    -1.3272281343501557e-04
78                                    -2.6350228773536211e-04
79                                    -3.1750856656631576e-05
80                                    -1.1489280004273184e-05
81                                    -2.3460089038057630e-05
82                                    -4.1574217030014571e-05
83                                    -1.5137169899819003e-04
84                                    -1.1060661825934570e-04
85                                    -1.1926875643506613e-04
86                                     2.3072848884739261e-05
87                                     6.5001841221240531e-05
88                                    -6.2850930537948491e-05
89                                    -8.0983661866124157e-05
90                                     7.9348333954686739e-05
91                                     3.9353889638564510e-04
92                                     2.9280629082156784e-04
93                                    -3.7262153349726379e-04
94                                    -1.7580657925453380e-04
95                                    -3.1744265083233358e-07
96                                     1.6885137701080910e-05
97                                    -8.9833463290611704e-05
98                                    -1.8577244683506966e-04
99                                    -1.6123121556642361e-04
100                                   -6.1126022929229584e-05
101                                    1.4688082257914396e-04
102                                    1.4026481319746875e-04
103                                   -1.1288869858278039e-04
104                                   -8.1042648611973078e-05
105                                   -9.7355980069269155e-05
106                                    4.2963581617150304e-05
107                                    2.9234832844310388e-05
108                                    4.7564395188694208e-05
109                                    2.2937188249091967e-04
110                                    4.3877046907586648e-05
111                                    1.3270352123284646e-05
112                                   -7.6160334659319817e-05
113                                   -2.1045835199851037e-06
114                                    6.0252184469505865e-05
115                                    2.2557850208201891e-05
116                                   -6.2813763205937789e-05
117                                   -1.4398291664985408e-04
118                                    6.8782205635276039e-07
119                                   -7.9744405507287119e-06
120                                    3.4671211568720883e-05
121                                   -1.1518338793781169e-04
122                                    1.7313984345315725e-04
123                                   -6.7665186532228638e-05
124                                    3.6174659281601462e-05
125                                   -8.8402129249903760e-05
126                                   -1.3534623572550308e-04
127                                    1.2179278220784961e-04
128                                    1.9275418237713060e-04
129                                    1.9634196726689424e-04
130                                   -1.0446939629562765e-04
131                                    9.1903067984178133e-05
132                                    9.1724516140340162e-05
133                                   -4.9168464756971231e-05
134                                   -8.9553819137305757e-05
135                                   -9.8980554424449307e-05
136                                    1.2698679833611504e-05
137                                   -8.9129649031682856e-05
138                                   -6.3554529722148478e-05
139                                   -8.8676715076257961e-05
140                                    1.3546573175766963e-05
141                                    1.1044759836184581e-04
142                                    3.0466415319757578e-05
143                                   -4.4720696667277515e-05
144                                    2.1460638934323040e-05
145                                    3.0075190921519113e-05
146                                    1.5256189233583961e-04
147                                    6.8925312348248891e-05
148                                    2.6928483176646978e-07
149                                   -7.1311374687021978e-05
150                                    2.8201090906421200e-04
151                                   -4.0685049202043855e-05
152                                    8.5414293375773997e-05
153                                    4.6252796146839525e-05
154                                   -2.0426479336932424e-04
155                                   -5.3065763713500136e-06
156                                   -1.8530359896398729e-04
157                                   -1.8057786338088189e-04
158                                    9.3498667435826244e-05
159                                    2.0654291328858765e-05
160                                    1.2327993691316208e-04
161                                    9.4148842694541379e-05
162                                    1.0921230953397920e-04
163                                   -6.9206528466619899e-05
164                                   -1.8725728250437723e-04
165                                    4.4558282657175541e-05
166                                   -4.6848526493586951e-05
167                                   -1.1145555965502707e-04
168                                   -4.4955707437260850e-05
169                                    6.9102797352921241e-05
170                                   -8.0711280665279883e-05
171                                    8.6054265134430374e-05
172                                    1.0795056225132438e-04
173                                   -7.5967573672230948e-06
174                                    9.7086261727330481e-05
175                                   -4.8425122439688106e-05
176                                    2.8627325608467091e-05
   &Method [&Type "String"] "SCF"
   &Level [&Type "String"] "Relaxed density"
   &Mult [&Type "Integer"] 1
   &State [&Type "Integer"] 0
   &Irrep [&Type "Integer"] 0
$End
$Geometry
   &GeometryIndex 4
   &NAtoms [&Type "Integer"] 59
   &NCorelessECP [&Type "Integer"] 0
   &NGhostAtoms [&Type "Integer"] 0
   &CartesianCoordinates [&Type "Coordinates", &Dim(59,4), &Units "Bohr"] 
              C     44.764615574504  -33.343179432910   -0.042670915571
              C     45.670608247724  -34.881851478540    2.230874634188
              C     48.152510770841  -36.327325153635    1.916592806442
              N     49.775262047633  -35.576209683585   -0.014939427312
              C     49.002898438382  -33.814497329661   -2.042377759593
              C     47.007213408355  -31.927880240355   -1.177879214623
              C     52.174567376642  -36.787513715293   -0.314115021933
              C     53.770419187067  -37.189426126479    1.769783308798
              C     56.132366971883  -38.296570407047    1.454704531227
              C     56.977340578900  -39.026134772059   -0.954006725621
              C     55.395195687224  -38.613573577725   -3.035322860861
              C     53.014130490645  -37.518194873008   -2.715933993653
              N     59.374974904428  -40.228080882435   -1.269283115838
              C     59.583130550707  -42.243532429418   -3.204100002578
              C     61.471854759475  -44.302741331856   -2.456892207166
              C     63.876761727768  -43.049915184774   -1.684288564967
              C     63.843840509845  -40.635493154722   -0.647863793171
              C     61.528666803243  -39.141016591098   -0.185202000935
              O     48.690405051112  -38.030841752064    3.401905333452
              O     61.471953371528  -37.179606474034    1.066114816722
              C     66.450733111416  -43.735408372069   -1.752505803418
              N     67.913072595036  -41.859296762488   -0.831287624092
              N     66.326168842104  -39.988134582657   -0.145522792034
              C     67.392370056184  -37.697693708293    0.836595342617
              C     67.570277653051  -46.139700619077   -2.681171221880
              N     70.143611238517  -46.255474695783   -2.541944052356
              O     66.247271639753  -47.865550892102   -3.524448807343
              C     66.572263062763  -36.686667503855    3.141755264938
              C     67.706966209535  -34.518052098283    4.087559363569
              C     69.680194013088  -33.339534789547    2.754091280810
              C     70.510047650391  -34.365607952410    0.454982059558
              C     69.356847369392  -36.545333506986   -0.491417852996
              O     70.666984951742  -31.216172501144    3.848014307180
              C     72.680661511759  -29.959838171446    2.564649029726
              H     43.947320074606  -34.608046028791   -1.485225615516
              H     43.250875056155  -32.035473004080    0.527120056222
              H     45.978356748936  -33.619571969882    3.863682387297
              H     44.266262074527  -36.279728295587    2.850267013955
              H     50.717071408644  -32.834437641319   -2.688155558360
              H     48.258037345666  -34.889180902182   -3.673399927308
              H     47.825649122992  -30.632006598249    0.234647724530
              H     46.435917233252  -30.776141308256   -2.813094449060
              H     53.137825253275  -36.655510474365    3.651075371708
              H     57.345389120362  -38.591186474287    3.088793642286
              H     56.009603069665  -39.137667674357   -4.931284684238
              H     51.814292151573  -37.242253697034   -4.368003819501
              H     57.688742968803  -43.049821748128   -3.444250716432
              H     60.159899802799  -41.412185631869   -5.031794200713
              H     60.717241545266  -45.446697279367   -0.884136546510
              H     61.785226459143  -45.602720930595   -4.043062723484
              H     71.131421324148  -44.833947164787   -1.716069421386
              H     71.016552514954  -47.886745738872   -3.034929346643
              H     65.038037397156  -37.585653746264    4.172677133547
              H     67.093354573309  -33.699289280641    5.875878398185
              H     72.033324930631  -33.490198199061   -0.615957795870
              H     69.990345763158  -37.363265818769   -2.272566996880
              H     72.079137890647  -29.278024549923    0.689617403401
              H     73.184413899620  -28.341957586295    3.754390663786
              H     74.338744537058  -31.203722081559    2.350402395140
$End
$SCF_Energy
   &GeometryIndex 4
   &Method [&Type "String"] "SCF"
   &totalEnergy [&Type "ArrayOfDoubles", &Dim (1,1)] "Total energy of each state"
                                                         0

0                                     -1.5430164762804870e+03
   &Mult [&Type "ArrayOfIntegers", &Dim (1,1)] "Multiplicity of each state"
                                                         0

0                                                        1
$End
$DFT_Energy
   &GeometryIndex 4
   &nAlphaEl [&Type "Integer"] 121
   &nBetaEl [&Type "Integer"] 121
   &nTotalEl [&Type "Integer"] 241
   &finalEn [&Type "Double"]      -1.5430164762804870e+03  "No Van der Waals correction"
   &eExchange [&Type "Double"]      -2.0528815721620276e+02
   &eCorr [&Type "Double"]      -8.9265555841566968e+00
   &eXC [&Type "Double"]      -2.1421471280035945e+02
   &eCNL [&Type "Double"]       0.0000000000000000e+00
$End
$SCF_Timings
   &GeometryIndex 4
   &TOTAL [&Type "Double"]       4.5267500000000001e+02
   &PREP [&Type "Double"]       1.6210000000000002e+00
   &FOCK [&Type "Double"]       3.9998500000000001e+02
   &DENS [&Type "Double"]       2.0119999999999436e+00
   &ETOT [&Type "Double"]       6.9899999999986306e-01
   &TRAFO [&Type "Double"]       3.4270000000000067e+00
   &DIIS [&Type "Double"]       1.2316000000000017e+01
   &SOSCF [&Type "Double"]       1.2768000000000086e+01
   &XC [&Type "Double"]       2.1994600000000014e+02
   &FOCKSTART [&Type "Double"]       4.0099999999991209e-01
   &INT_BF [&Type "Double"]       3.0234999999999530e+01
   &INT_DENS [&Type "Double"]       7.3490000000003278e+01
   &INT_DENSIO [&Type "Double"]       4.7628463539999975e+06
   &INT_FUNC [&Type "Double"]       1.0179999999985689e+00
   &INT_POT [&Type "Double"]       1.0485199999999928e+02
   &INT_POTIO [&Type "Double"]       4.1299999999946735e-01
   &INT_SUM [&Type "Double"]       5.9999999999433840e-03
   &SPLITRIJ [&Type "Double"]       1.9893400000000008e+02
$End
$Single_Point_Data
   &GeometryIndex 4
   &FinalEnergy [&Type "Double"]      -1.5430164762804870e+03  "Final single point energy"
   &Converged [&Type "Boolean"] true
$End
$SCF_Nuc_Gradient
   &GeometryIndex 4
   &NAtoms [&Type "Integer"] 59
   &gradNorm [&Type "Double"]       2.5913912635504421e-03
   &grad [&Type "ArrayOfDoubles", &Dim (177,1)] 
                                                         0

0                                     -1.7968189692432746e-04
1                                      5.7356508356243979e-05
2                                      1.1728083010683482e-04
3                                     -3.1825564301142528e-04
4                                     -1.3570067296495014e-04
5                                     -5.8095125197138442e-05
6                                      3.1031359218519627e-04
7                                      6.9507274293578725e-04
8                                      2.6318521786866667e-04
9                                     -3.6279758008503360e-04
10                                     3.3146917558148081e-04
11                                    -1.3290772420288671e-04
12                                     2.3408860341803117e-04
13                                     2.4483838260022650e-05
14                                    -3.8140094875210862e-05
15                                    -1.6300818254433302e-05
16                                     2.6410375371616057e-04
17                                    -2.0144180768826014e-04
18                                     2.4597291759376194e-04
19                                    -2.3060681809299044e-04
20                                    -1.5213692409983548e-04
21                                    -2.6666625017277706e-04
22                                     3.0539318538658211e-04
23                                     2.6264519527388619e-04
24                                     3.4054594612184519e-04
25                                    -2.1158913766572418e-04
26                                     2.4916136165346880e-04
27                                    -2.6474485886690546e-04
28                                     2.2901499450847518e-04
29                                    -2.2492675758217784e-04
30                                     2.3612614208068372e-04
31                                     2.4303415766410708e-05
32                                    -2.6772209668619873e-04
33                                    -3.5616294137638671e-04
34                                    -6.8931597289254021e-05
35                                    -1.1345621351357971e-04
36                                     7.6880929630179784e-05
37                                    -5.4160318416573289e-04
38                                     3.9956932522192123e-05
39                                    -1.3149880576995843e-04
40                                     4.1527683746791361e-05
41                                    -8.2089447762806467e-06
42                                    -7.2749758916898499e-05
43                                    -7.0312714321785208e-05
44                                    -1.0485648974090100e-04
45                                    -3.3291744214630770e-04
46                                    -1.0445658456681439e-04
47                                    -1.3918296197712454e-04
48                                    -2.8496444956399580e-04
49                                     1.7112508656064174e-04
50                                    -2.4199497711790974e-05
51                                     3.8869301026547842e-05
52                                    -9.4316630859986317e-05
53                                     1.2857172491895219e-04
54                                     1.1177285974181550e-04
55                                    -8.4491403839270784e-04
56                                     2.4558195351753742e-04
57                                     7.1737099316373371e-05
58                                     6.3355589080449359e-04
59                                     2.6811047679065059e-04
60                                     4.3370007997511895e-04
61                                    -2.2831830346528581e-04
62                                     4.0855694512620389e-05
63                                     4.2917234401607107e-04
64                                     1.2050302456606543e-04
65                                     1.8530660203430749e-04
66                                     1.8655791058519444e-04
67                                    -2.3267063551257738e-04
68                                    -1.0742914327099840e-04
69                                     1.3452039552913631e-05
70                                     3.9458851850415755e-05
71                                    -1.2210223377293050e-04
72                                     1.3095510690566692e-04
73                                     3.4065634839855474e-04
74                                     2.0820615998268233e-04
75                                     1.8553515476787963e-04
76                                     1.3933290327152598e-04
77                                    -1.0744482784602605e-04
78                                    -3.7319421926068630e-04
79                                    -6.0655685654231739e-04
80                                    -2.6643374372969930e-04
81                                    -2.2438482834023082e-04
82                                    -1.6549773729290090e-04
83                                     1.4115135513918277e-04
84                                    -2.1828089413286622e-04
85                                    -1.7187172698537867e-05
86                                     3.0178117576529218e-04
87                                     1.2346400094484511e-04
88                                     1.1222237385406786e-04
89                                    -2.0672420457196194e-05
90                                     2.4667971641870179e-04
91                                     3.4585180151169848e-04
92                                     1.5586984987214780e-05
93                                    -1.2051096287152285e-04
94                                    -1.7551030587006911e-04
95                                    -2.9317049458910116e-04
96                                     8.5084461061930849e-05
97                                     2.1514559582463955e-04
98                                     1.1373890560142930e-04
99                                    -8.6080992045912963e-05
100                                   -6.4203838325657681e-05
101                                    3.9000583594718530e-05
102                                    2.0432437698766903e-05
103                                   -8.3983094044559614e-05
104                                   -1.1624193672327143e-04
105                                   -1.2674870212292522e-04
106                                    2.7462017963941765e-05
107                                   -1.2902403215143965e-05
108                                    9.9392763083225311e-05
109                                    8.4493240429417416e-05
110                                    1.5374207364748926e-05
111                                   -1.1215439908551783e-04
112                                   -5.6720654865172193e-05
113                                    5.7184639448343288e-05
114                                    8.4953508068419392e-05
115                                   -6.9957804022940939e-05
116                                   -2.7708043543198113e-05
117                                   -5.1823756985910907e-05
118                                   -3.2914772164188699e-05
119                                   -8.4779593195971614e-05
120                                    4.3427319949718157e-05
121                                   -1.2510181986696844e-05
122                                    1.3671968403219936e-04
123                                   -3.0298759477714876e-05
124                                    5.6397190310197853e-05
125                                   -6.3607027388168369e-05
126                                   -1.2756314144986985e-04
127                                    6.8399653304754282e-05
128                                    9.6346370814237581e-05
129                                    1.8032382057733831e-04
130                                   -7.7315839194402880e-05
131                                    5.2800104193367892e-05
132                                    9.9816597549748365e-05
133                                   -8.1959124816483042e-05
134                                   -7.9791170021548119e-05
135                                   -1.4798211076792744e-04
136                                    5.9860914668974363e-05
137                                   -6.3987776551976960e-05
138                                   -1.0421794086129532e-04
139                                    1.8968239288708055e-05
140                                   -1.1542807595160687e-05
141                                    2.3772001656971464e-05
142                                    1.1251721842089890e-05
143                                   -9.0986301487794297e-05
144                                   -2.3175019192744895e-05
145                                   -6.1912354764465105e-05
146                                    1.1926252831784279e-04
147                                    2.7151868339757301e-05
148                                   -8.3311431103738620e-05
149                                   -6.0238354449071441e-05
150                                    1.2786535788750220e-04
151                                   -1.4787814280872724e-04
152                                    1.9706814360948011e-05
153                                   -2.3513435395139393e-05
154                                    2.1265433454376037e-05
155                                    7.6363638643828224e-05
156                                   -1.5496946556028957e-04
157                                   -9.5319384037229060e-05
158                                    4.6078450568684537e-05
159                                    1.6442772026392660e-05
160                                    1.1493990594904635e-04
161                                    7.1014708600269927e-05
162                                    1.1232118778722877e-04
163                                    2.1196649973562187e-05
164                                   -1.0274468261403658e-04
165                                    4.5737417941837943e-05
166                                   -4.7021093604410202e-05
167                                   -9.5820728867213045e-05
168                                   -1.2208328700330506e-05
169                                    4.7358973622221856e-05
170                                   -1.1432934339472567e-04
171                                    3.9049765264795311e-05
172                                    7.5567905780060673e-05
173                                    2.2303949900909226e-05
174                                    1.0225196752888799e-04
175                                   -5.4558675301602522e-05
176                                   -2.6068613243366429e-05
   &Method [&Type "String"] "SCF"
   &Level [&Type "String"] "Relaxed density"
   &Mult [&Type "Integer"] 1
   &State [&Type "Integer"] 0
   &Irrep [&Type "Integer"] 0
$End
$Geometry
   &GeometryIndex 5
   &NAtoms [&Type "Integer"] 59
   &NCorelessECP [&Type "Integer"] 0
   &NGhostAtoms [&Type "Integer"] 0
   &CartesianCoordinates [&Type "Coordinates", &Dim(59,4), &Units "Bohr"] 
              C     44.746775093879  -33.358465276435   -0.036786038571
              C     45.676557862820  -34.857645951719    2.252942811908
              C     48.157504558061  -36.304082250193    1.941787534363
              N     49.763045267247  -35.583788716373   -0.015942620803
              C     48.967604265220  -33.861118777977   -2.067403945477
              C     46.975449954909  -31.963393903341   -1.221122735514
              C     52.164156749040  -36.789718160482   -0.313143388793
              C     53.769161938939  -37.174668780738    1.767140423440
              C     56.133615592969  -38.274987806699    1.450788424035
              C     56.974212473852  -39.016732854117   -0.955849244651
              C     55.382721592614  -38.621421746054   -3.033497770462
              C     53.000041697297  -37.531453757993   -2.713052600149
              N     59.372912756822  -40.212773747583   -1.275096227073
              C     59.582083499252  -42.226304722344   -3.211216917341
              C     61.468866146363  -44.286487728619   -2.465004414068
              C     63.873429452893  -43.035903632058   -1.690242460484
              C     63.841296813024  -40.623599923138   -0.648913570052
              C     61.525403665028  -39.131703369461   -0.183028611661
              O     48.714188265989  -37.974090634591    3.457229592163
              O     61.465944734797  -37.176381988853    1.077033869537
              C     66.446192941907  -43.721276879477   -1.762245449462
              N     67.909875401609  -41.848264878386   -0.838143700685
              N     66.323812281263  -39.978623736513   -0.143920601950
              C     67.396343888894  -37.693710625623    0.842000503037
              C     67.567467454459  -46.121687922227   -2.697953936611
              N     70.140235783854  -46.236137510741   -2.552118877068
              O     66.248081124463  -47.845301830686   -3.550304876077
              C     66.577965608962  -36.679662279525    3.146309257666
              C     67.722420529781  -34.518170367046    4.095976378097
              C     69.704346494242  -33.349481830059    2.767974323967
              C     70.533356751074  -34.379050408682    0.470212524050
              C     69.371110459731  -36.551467555916   -0.479888620397
              O     70.700795562285  -31.232499189997    3.865525226506
              C     72.723555878890  -29.986391445406    2.586151430468
              H     43.911945570760  -34.647209549866   -1.447464338191
              H     43.240119374258  -32.040439592352    0.527019338687
              H     45.994928990171  -33.569168868151    3.862765258726
              H     44.280577886263  -36.247759389217    2.906896063176
              H     50.673105111042  -32.888048016746   -2.745563867703
              H     48.212783144331  -34.967533189481   -3.672156929696
              H     47.804286105048  -30.636384773692    0.155712939719
              H     46.386176627880  -30.846338338223   -2.873628132496
              H     53.142089006970  -36.632876832080    3.647423263689
              H     57.351724224541  -38.554268337988    3.083091932880
              H     55.991579851795  -39.153971925797   -4.928535318229
              H     51.795313200186  -37.268997580757   -4.363258531145
              H     57.687790746493  -43.031692984011   -3.453162894076
              H     60.159233592908  -41.393419055558   -5.037806619077
              H     60.712389995978  -45.432318898409   -0.894855038582
              H     61.782059661683  -45.584818317927   -4.052327560641
              H     71.123629397014  -44.814085815331   -1.721928097544
              H     71.017274826562  -47.863180214737   -3.051514179096
              H     65.037228068743  -37.570065779113    4.173673423892
              H     67.109329085780  -33.698500350531    5.883738185421
              H     72.063233493509  -33.510406334584   -0.596098530913
              H     70.004420241025  -37.371640880994   -2.259705730798
              H     72.128752549298  -29.299761587569    0.711061752382
              H     73.234138835911  -28.372831001226    3.778431501397
              H     74.374586498405  -31.239316767964    2.373065125769
$End
$SCF_Energy
   &GeometryIndex 5
   &Method [&Type "String"] "SCF"
   &totalEnergy [&Type "ArrayOfDoubles", &Dim (1,1)] "Total energy of each state"
                                                         0

0                                     -1.5430165000277348e+03
   &Mult [&Type "ArrayOfIntegers", &Dim (1,1)] "Multiplicity of each state"
                                                         0

0                                                        1
$End
$DFT_Energy
   &GeometryIndex 5
   &nAlphaEl [&Type "Integer"] 120
   &nBetaEl [&Type "Integer"] 120
   &nTotalEl [&Type "Integer"] 241
   &finalEn [&Type "Double"]      -1.5430165000277348e+03  "No Van der Waals correction"
   &eExchange [&Type "Double"]      -2.0529299929948456e+02
   &eCorr [&Type "Double"]      -8.9270516034251628e+00
   &eXC [&Type "Double"]      -2.1422005090290972e+02
   &eCNL [&Type "Double"]       0.0000000000000000e+00
$End
$SCF_Timings
   &GeometryIndex 5
   &TOTAL [&Type "Double"]       4.3535800000000000e+02
   &PREP [&Type "Double"]       8.0000000000000004e-01
   &FOCK [&Type "Double"]       3.8586000000000007e+02
   &DENS [&Type "Double"]       1.8039999999999736e+00
   &ETOT [&Type "Double"]       6.9899999999992701e-01
   &TRAFO [&Type "Double"]       3.3679999999999950e+00
   &DIIS [&Type "Double"]       1.1627999999999986e+01
   &SOSCF [&Type "Double"]       1.2373999999999995e+01
   &XC [&Type "Double"]       2.1539000000000013e+02
   &FOCKSTART [&Type "Double"]       3.7800000000001266e-01
   &INT_BF [&Type "Double"]       2.9997999999998129e+01
   &INT_DENS [&Type "Double"]       7.2022000000002976e+01
   &INT_DENSIO [&Type "Double"]       4.5421705680000000e+06
   &INT_FUNC [&Type "Double"]       9.8899999999955135e-01
   &INT_POT [&Type "Double"]       1.0059299999999985e+02
   &INT_POTIO [&Type "Double"]       4.3799999999969508e-01
   &INT_SUM [&Type "Double"]       5.0000000000025580e-03
   &SPLITRIJ [&Type "Double"]       1.8763699999999992e+02
$End
$Single_Point_Data
   &GeometryIndex 5
   &FinalEnergy [&Type "Double"]      -1.5430165000277348e+03  "Final single point energy"
   &Converged [&Type "Boolean"] true
$End
$SCF_Nuc_Gradient
   &GeometryIndex 5
   &NAtoms [&Type "Integer"] 59
   &gradNorm [&Type "Double"]       1.7234149953528081e-03
   &grad [&Type "ArrayOfDoubles", &Dim (177,1)] 
                                                         0

0                                     -2.6840498542624047e-05
1                                      8.0584491404724068e-05
2                                      1.1129888512625974e-04
3                                     -1.1500153824638149e-04
4                                     -4.3992494742274568e-05
5                                      4.9066866768587847e-05
6                                     -3.6005285936446807e-05
7                                      1.2108884917072515e-04
8                                      3.4723492368049502e-05
9                                     -1.9664204385762274e-04
10                                     3.0392540375203531e-04
11                                    -1.6434958356223613e-04
12                                     1.7594867854120108e-04
13                                     1.1524339300828315e-04
14                                     3.6165797555678947e-05
15                                    -5.7824939810005582e-05
16                                     1.0555305825604711e-04
17                                    -1.6043103884032239e-04
18                                     4.6539696846481515e-05
19                                    -1.7844629766220615e-04
20                                    -8.5123597789532601e-05
21                                    -1.5859821377268296e-04
22                                     2.4188907765791690e-04
23                                     2.3484697118741904e-04
24                                     2.3175054196248462e-04
25                                    -1.2922956187397250e-04
26                                     2.6927389072156638e-04
27                                    -3.0080236061658105e-05
28                                     9.3512783974500358e-05
29                                    -1.5817590746529386e-04
30                                     1.0704037721934179e-04
31                                     1.3745929730538120e-05
32                                    -2.3670106796283563e-04
33                                    -1.8470956839973518e-04
34                                    -7.5680863486221606e-05
35                                    -1.4776254839082847e-04
36                                    -5.8163570773844819e-05
37                                    -3.0537017600134470e-04
38                                    -8.3861091703010815e-05
39                                    -2.3468328264719673e-05
40                                    -7.5315527726417530e-06
41                                     4.5316125968065946e-05
42                                    -2.6982441939743529e-05
43                                     6.1910820608662709e-05
44                                    -2.3142300175638120e-06
45                                    -1.9850081320038626e-04
46                                    -2.1250853474741316e-04
47                                    -7.6468824621783726e-05
48                                    -2.3566056990781403e-04
49                                     2.0975683332913331e-04
50                                    -1.9165400630255514e-04
51                                     1.2568632708308963e-04
52                                    -5.2924970420697992e-05
53                                     1.5828009682525290e-04
54                                     2.0340086999204310e-04
55                                    -3.8099453837076025e-04
56                                     1.9277522357574739e-04
57                                    -1.5681211549824908e-04
58                                     3.2281677913192919e-04
59                                     9.4921463363761838e-05
60                                     1.3539152654434838e-04
61                                    -1.2882169238243035e-04
62                                     1.2838187676983415e-04
63                                     5.6925045990569023e-04
64                                    -1.7397371262634076e-06
65                                    -1.1583027113286348e-04
66                                     2.0453895005878575e-05
67                                     7.9859263528436752e-06
68                                     2.0841731861898083e-04
69                                    -8.7437776429874492e-05
70                                    -1.6314904114955731e-04
71                                    -1.8270283839495749e-04
72                                    -3.5364011144067842e-05
73                                     3.6292659889325396e-04
74                                     1.5120449316441409e-04
75                                     9.1742680132303467e-05
76                                     1.0623201965073714e-04
77                                    -9.9679812534475554e-05
78                                    -1.2556999543578140e-04
79                                    -4.3455929682811867e-04
80                                    -1.7449293864565951e-04
81                                    -1.4591928015175726e-04
82                                    -1.1577050039995873e-04
83                                     2.5544222115977261e-04
84                                    -1.4983176203928195e-04
85                                    -8.4178993511839495e-06
86                                     2.2344399150442396e-04
87                                     4.4263523978252395e-05
88                                     5.9992039299940070e-05
89                                    -4.1474776847211237e-05
90                                     1.7599179719031757e-04
91                                     1.4959981815972079e-04
92                                    -9.0623725401722810e-05
93                                     2.9454258960587287e-05
94                                    -1.3285969151249910e-04
95                                    -2.0848747929422262e-04
96                                     6.5308157975597914e-05
97                                     2.2514073209273233e-04
98                                     1.8585220023786819e-04
99                                     3.9025363526810908e-06
100                                   -3.3533428693239414e-05
101                                   -4.9110562935862634e-05
102                                   -1.6751374241036343e-05
103                                   -1.0033291804573130e-05
104                                   -4.7826138323103784e-05
105                                   -4.8923851771853766e-05
106                                   -3.2525828650292743e-05
107                                   -3.5504884309929541e-05
108                                   -2.7317664269277397e-06
109                                    4.4410196705230165e-05
110                                   -1.0215990770001682e-05
111                                   -1.6125527680571627e-05
112                                    6.8059619051652476e-10
113                                    1.3707954816269408e-05
114                                    5.3789320325070555e-05
115                                   -8.0586621430234207e-05
116                                   -1.1467453537833405e-05
117                                    1.2665843571291191e-05
118                                   -2.6192620695017488e-05
119                                   -2.1934581751648086e-05
120                                    1.1968987966903821e-05
121                                   -8.6853956280386058e-06
122                                    3.7715132392729389e-05
123                                    1.1562231628126085e-05
124                                    6.4374833560199018e-06
125                                    7.8977483338737997e-06
126                                   -9.7594494832806133e-05
127                                    2.8439377933758836e-05
128                                   -1.0817480688457559e-05
129                                    9.0026728573777692e-05
130                                   -4.7686937014648073e-05
131                                   -4.3641757821122340e-05
132                                    7.1392091673366798e-05
133                                   -6.5145038518649168e-05
134                                    1.4893063248172522e-05
135                                   -9.8274647831075868e-05
136                                    5.8626391602256689e-05
137                                    4.1370318988653842e-05
138                                   -5.8325570015060890e-05
139                                    7.6228634069558376e-05
140                                   -2.8268265783865099e-06
141                                   -2.9692755099459955e-05
142                                   -1.7785542057183190e-05
143                                   -3.4720203934412996e-05
144                                   -1.1750297046850267e-05
145                                   -5.1235928434534284e-05
146                                    1.0162941658176106e-05
147                                   -1.6251581605106202e-05
148                                   -5.2023782673882302e-05
149                                    4.2903145158201816e-06
150                                    5.1763991203657156e-05
151                                   -1.1676917354863647e-04
152                                    1.8941481741724386e-05
153                                   -1.4581960153442486e-05
154                                    2.7981319994041520e-05
155                                    8.5445901770758725e-05
156                                    3.8308408815662665e-05
157                                    2.7930053709157576e-05
158                                   -3.4797783879228494e-05
159                                    3.1495331196965126e-05
160                                    5.2192119550903415e-05
161                                   -1.0627837598281564e-05
162                                    6.9765789867393124e-06
163                                    1.7398739660806628e-05
164                                    7.3419165108890017e-06
165                                    1.7977447630906918e-05
166                                   -7.5114518612584558e-06
167                                   -1.2622153404973080e-05
168                                    2.3316420891553169e-05
169                                    1.9009398437158653e-06
170                                   -4.2013366897852844e-05
171                                   -8.7654816007809444e-06
172                                    4.9414104204281717e-06
173                                    7.4455166545472906e-06
174                                    2.1813309205864773e-05
175                                   -6.6798161107162191e-06
176                                   -4.0362438096856051e-05
   &Method [&Type "String"] "SCF"
   &Level [&Type "String"] "Relaxed density"
   &Mult [&Type "Integer"] 1
   &State [&Type "Integer"] 0
   &Irrep [&Type "Integer"] 0
$End
$Geometry
   &GeometryIndex 6
   &NAtoms [&Type "Integer"] 59
   &NCorelessECP [&Type "Integer"] 0
   &NGhostAtoms [&Type "Integer"] 0
   &CartesianCoordinates [&Type "Coordinates", &Dim(59,4), &Units "Bohr"] 
              C     44.726350343173  -33.380507774466   -0.029284573864
              C     45.686638217089  -34.826530243911    2.281101953072
              C     48.169176059206  -36.270139438989    1.977140313658
              N     49.752919234224  -35.589743774744   -0.012436319042
              C     48.926184240082  -33.919124451458   -2.094287253243
              C     46.936433120388  -32.009388455021   -1.272129066625
              C     52.156974622741  -36.787946833736   -0.308023860007
              C     53.773394711666  -37.153912692970    1.766906348896
              C     56.140279047753  -38.246336339626    1.447882984524
              C     56.974912430678  -39.002135581044   -0.956281097749
              C     55.372177409660  -38.625567200983   -3.028555771862
              C     52.988009565329  -37.541887112262   -2.705833046622
              N     59.374346800507  -40.192570768304   -1.281792683991
              C     59.582939657547  -42.202176920236   -3.222104294152
              C     61.466273752378  -44.265932190545   -2.480101433109
              C     63.871116352562  -43.020415614547   -1.701224281893
              C     63.841484775653  -40.611855647884   -0.652422894277
              C     61.527110797999  -39.120204746897   -0.182674775684
              O     48.746117711281  -37.901029159912    3.526137302472
              O     61.468737161462  -37.173343240382    1.089589946575
              C     66.441626536916  -43.708584844881   -1.775071497206
              N     67.906867058233  -41.841750795892   -0.842693495399
              N     66.323789873323  -39.970532886448   -0.145539377616
              C     67.402084253700  -37.691092974938    0.844674002458
              C     67.562046189026  -46.106877764608   -2.716788896694
              N     70.133834908987  -46.224316187695   -2.562671418212
              O     66.243503297695  -47.824387248436   -3.580718282827
              C     66.574419865260  -36.668009625241    3.140879490916
              C     67.726078738323  -34.513157732686    4.095476753518
              C     69.724519756436  -33.359705156939    2.780784705139
              C     70.562403226892  -34.397851724870    0.490459931252
              C     69.393155637389  -36.563064894473   -0.464686424074
              O     70.726495948324  -31.248023945272    3.882632133294
              C     72.765907768414  -30.015476355348    2.616530147874
              H     43.874305115823  -34.700919528987   -1.399425973073
              H     43.225802222465  -32.051479153703    0.524488475598
              H     46.015439432966  -33.503956937453    3.860618971180
              H     44.303077576628  -36.207748605879    2.978478508771
              H     50.619060826803  -32.953941967677   -2.813857812200
              H     48.159631689338  -35.066279010034   -3.664293966241
              H     47.775620196967  -30.644173694086    0.060170536786
              H     46.324501617054  -30.936395028913   -2.945400947940
              H     53.154148817480  -36.603074894524    3.646654855448
              H     57.364447697842  -38.508228377076    3.078003254451
              H     55.973780664666  -39.166622893208   -4.923231533497
              H     51.777510645105  -37.295337341856   -4.353866247799
              H     57.688474000075  -43.005789009410   -3.466938511194
              H     60.161307639284  -41.365516511958   -5.046373577185
              H     60.707073638544  -45.415055138642   -0.913961541710
              H     61.778664799333  -45.560284958426   -4.070643059367
              H     71.114573671093  -44.802323219180   -1.728902040254
              H     71.013272120114  -47.847234283179   -3.071476166929
              H     65.020525360169  -37.546073828472    4.158775187628
              H     67.105236476108  -33.688237020085    5.877988250825
              H     72.104774266903  -33.539755073861   -0.565998384071
              H     70.033247247589  -37.389438368438   -2.238948506663
              H     72.188523131997  -29.327435985920    0.736768735644
              H     73.277398335371  -28.404020450537    3.811013243471
              H     74.410522368967  -31.278582964207    2.416551688262
$End
$SCF_Energy
   &GeometryIndex 6
   &Method [&Type "String"] "SCF"
   &totalEnergy [&Type "ArrayOfDoubles", &Dim (1,1)] "Total energy of each state"
                                                         0

0                                     -1.5430165124824207e+03
   &Mult [&Type "ArrayOfIntegers", &Dim (1,1)] "Multiplicity of each state"
                                                         0

0                                                        1
$End
$DFT_Energy
   &GeometryIndex 6
   &nAlphaEl [&Type "Integer"] 120
   &nBetaEl [&Type "Integer"] 120
   &nTotalEl [&Type "Integer"] 241
   &finalEn [&Type "Double"]      -1.5430165124824207e+03  "No Van der Waals correction"
   &eExchange [&Type "Double"]      -2.0529973634993101e+02
   &eCorr [&Type "Double"]      -8.9277924802929256e+00
   &eXC [&Type "Double"]      -2.1422752883022395e+02
   &eCNL [&Type "Double"]       0.0000000000000000e+00
$End
$SCF_Timings
   &GeometryIndex 6
   &TOTAL [&Type "Double"]       4.7266300000000001e+02
   &PREP [&Type "Double"]       1.8610000000000002e+00
   &FOCK [&Type "Double"]       4.1833600000000007e+02
   &DENS [&Type "Double"]       2.0650000000001114e+00
   &ETOT [&Type "Double"]       7.3600000000001842e-01
   &TRAFO [&Type "Double"]       3.4819999999999567e+00
   &DIIS [&Type "Double"]       1.2860999999999997e+01
   &SOSCF [&Type "Double"]       1.3173999999999893e+01
   &XC [&Type "Double"]       2.3422599999999997e+02
   &FOCKSTART [&Type "Double"]       3.9900000000003288e-01
   &INT_BF [&Type "Double"]       3.2509000000000356e+01
   &INT_DENS [&Type "Double"]       8.0021000000002800e+01
   &INT_DENSIO [&Type "Double"]       4.8461016799999978e+06
   &INT_FUNC [&Type "Double"]       1.0760000000004588e+00
   &INT_POT [&Type "Double"]       1.1142199999999495e+02
   &INT_POTIO [&Type "Double"]       4.6100000000084407e-01
   &INT_SUM [&Type "Double"]       7.0000000000050022e-03
   &SPLITRIJ [&Type "Double"]       2.0357399999999993e+02
$End
$Single_Point_Data
   &GeometryIndex 6
   &FinalEnergy [&Type "Double"]      -1.5430165124824207e+03  "Final single point energy"
   &Converged [&Type "Boolean"] true
$End
$SCF_Nuc_Gradient
   &GeometryIndex 6
   &NAtoms [&Type "Integer"] 59
   &gradNorm [&Type "Double"]       1.1167590436215809e-03
   &grad [&Type "ArrayOfDoubles", &Dim (177,1)] 
                                                         0

0                                      1.9529458941339173e-04
1                                      5.5897555672080462e-05
2                                      3.9700442539813974e-05
3                                      8.3435149334509795e-05
4                                     -3.1886886396104153e-05
5                                     -1.4782028248117030e-06
6                                     -5.8784510571951998e-05
7                                     -1.2017626438617923e-04
8                                      1.6891558300552445e-04
9                                     -1.2528424840729802e-04
10                                     1.0396500790861574e-04
11                                    -1.0165429263179343e-04
12                                     2.7424950684862281e-05
13                                     1.3197576977846265e-04
14                                     5.2043427004891396e-05
15                                    -7.8378843919618690e-05
16                                    -1.1159621740719494e-04
17                                    -9.4527434565672142e-06
18                                     1.5408049879206409e-05
19                                    -1.1985291317190977e-04
20                                    -5.3673328020004130e-05
21                                     6.8515963646237354e-05
22                                     6.6481665074613616e-05
23                                     4.3596910280468970e-05
24                                    -4.7241139186166015e-05
25                                     2.2398721051558601e-05
26                                     1.2481593591923135e-04
27                                     7.6745694937152553e-05
28                                    -3.1622294738020695e-06
29                                    -2.3382467662674822e-05
30                                    -5.4736730681764767e-05
31                                     1.6775938901342213e-05
32                                    -4.5552803972670475e-05
33                                     7.1165854408278273e-05
34                                    -7.3860995528668427e-05
35                                    -3.1241802594006440e-05
36                                    -9.4816264967684249e-05
37                                    -4.3990725729650682e-05
38                                    -1.1106177204470852e-04
39                                     6.8049410907433661e-05
40                                    -6.1728483724911298e-05
41                                     1.0634671475393681e-04
42                                     4.3715250666681582e-05
43                                     1.3799733948322013e-04
44                                     5.9746525145773499e-05
45                                     4.0619532678309866e-05
46                                    -9.9597223842479154e-05
47                                    -2.9946836351268935e-06
48                                     2.1870336316121008e-06
49                                     9.8057068828594218e-06
50                                    -2.9527734765777414e-05
51                                     2.2160953710527800e-04
52                                     2.2053907064650824e-04
53                                     8.8690348054601409e-05
54                                     5.5856816220167804e-05
55                                     8.6490146269935231e-05
56                                    -1.0861203126966146e-04
57                                    -7.3527624336121311e-05
58                                    -1.9060355033284626e-04
59                                    -1.8582818724854899e-05
60                                    -2.0176641163832665e-04
61                                     1.0620196802091364e-04
62                                    -7.5838193939969933e-05
63                                     2.7643075184660693e-04
64                                    -2.7570952926365966e-04
65                                     2.6985428850434534e-05
66                                    -2.5531795945071822e-04
67                                     2.9481607094959672e-04
68                                     9.3998001978290446e-05
69                                    -6.1490186714474593e-05
70                                    -1.9779360072502694e-04
71                                    -1.2688015560895216e-04
72                                    -1.9718943999966210e-04
73                                     8.5730838122188846e-05
74                                     1.3027363865447672e-04
75                                    -4.5002254253356799e-05
76                                     6.3330839363835711e-05
77                                    -1.3490114318189667e-04
78                                     1.7295806989603424e-04
79                                    -1.2499663629650382e-05
80                                    -1.9574917562936722e-05
81                                     4.5128170330512030e-05
82                                     5.6682723620221642e-05
83                                    -4.4394924245960699e-06
84                                    -2.0577331396154364e-05
85                                    -1.3723256682238172e-05
86                                    -5.7613088771737986e-06
87                                    -1.6029049903838744e-05
88                                    -6.3549098773700574e-05
89                                    -2.7231278183048602e-05
90                                    -2.9982013988613665e-05
91                                    -1.3967197093077421e-04
92                                    -1.0932182112324829e-04
93                                     6.5542910791221987e-05
94                                     6.3930297989206464e-05
95                                     6.9492443889318523e-06
96                                    -2.2093104983619827e-05
97                                     8.8146295416952070e-05
98                                     1.2613094375224509e-04
99                                     8.1206767173169075e-05
100                                    2.0882583943435118e-05
101                                   -8.7568981634991716e-05
102                                   -5.6756255499029740e-05
103                                    4.0549423570318543e-05
104                                    1.9324365662654053e-05
105                                    1.6492202061041406e-05
106                                   -3.9767123918565961e-05
107                                   -3.1571329630747380e-05
108                                   -6.1559939421619581e-05
109                                   -3.4630218096187715e-05
110                                   -2.0043927927093641e-05
111                                    1.2311100785838969e-05
112                                    4.1722745203115474e-05
113                                   -2.4941717047560763e-05
114                                    1.4290527236560102e-05
115                                   -5.1489436520502085e-05
116                                    7.4106972752785438e-07
117                                    5.8516634397431933e-05
118                                    2.9158365532216957e-06
119                                    8.9828264917546363e-06
120                                    3.6693065771364886e-06
121                                    5.5891554157916357e-06
122                                   -5.4510697315879320e-05
123                                    1.7225312613278199e-05
124                                   -2.7632049461268071e-05
125                                    4.1371410408774789e-05
126                                   -5.6325134099234619e-05
127                                    2.0388317981678838e-06
128                                   -7.3018431977989184e-05
129                                    6.5021421906674703e-06
130                                   -1.7053946306955919e-05
131                                   -8.6634089103532208e-05
132                                    4.3530319796265815e-05
133                                   -3.3719953660665825e-05
134                                    7.0634226775972975e-05
135                                   -6.1279945493999954e-05
136                                    4.2793970017121485e-05
137                                    9.9775782375688404e-05
138                                   -1.2273909659521465e-05
139                                    6.7616229068409583e-05
140                                   -5.7908093284708695e-06
141                                   -4.8459226072189443e-05
142                                   -3.4207836392075031e-05
143                                    2.3600027940495760e-06
144                                   -7.5487305519761350e-06
145                                   -1.5463670570481369e-05
146                                   -6.3149600815853857e-05
147                                   -2.9155884491725848e-05
148                                   -1.8122153050970091e-05
149                                    4.4755220083070313e-05
150                                   -6.5733087513675237e-06
151                                   -1.0059664190265050e-05
152                                    4.5258636361816817e-05
153                                    1.2317309080883687e-05
154                                   -2.6722532407097432e-05
155                                    5.7297059672375972e-05
156                                    1.4554845018083240e-05
157                                    4.1848164854280112e-05
158                                   -2.3898488522855477e-05
159                                    2.0781640664394030e-05
160                                   -8.6427062004623689e-06
161                                   -4.4359738582022690e-05
162                                   -5.3072617691940494e-05
163                                    1.6639662849288195e-05
164                                    6.9499783903942403e-05
165                                   -1.1519904903029010e-05
166                                    2.2817572762345861e-05
167                                    4.0391858146887616e-05
168                                    3.3167867158068187e-05
169                                   -2.9804808691594187e-05
170                                    2.0771690028842382e-05
171                                   -3.6752338293241649e-05
172                                   -3.6875321630297497e-05
173                                   -1.8925508964984239e-06
174                                   -4.1159796676570881e-05
175                                    2.7014190373875202e-05
176                                   -3.0813721472774946e-05
   &Method [&Type "String"] "SCF"
   &Level [&Type "String"] "Relaxed density"
   &Mult [&Type "Integer"] 1
   &State [&Type "Integer"] 0
   &Irrep [&Type "Integer"] 0
$End
$Geometry
   &GeometryIndex 7
   &NAtoms [&Type "Integer"] 59
   &NCorelessECP [&Type "Integer"] 0
   &NGhostAtoms [&Type "Integer"] 0
   &CartesianCoordinates [&Type "Coordinates", &Dim(59,4), &Units "Bohr"] 
              C     44.720483519427  -33.386273185524   -0.030672002681
              C     45.688166304853  -34.818110044636    2.285361335179
              C     48.171688125030  -36.260724328753    1.983777260262
              N     49.751403629459  -35.588678037765   -0.011834439282
              C     48.916972061645  -33.930613063760   -2.100947599584
              C     46.926493000896  -32.018909597985   -1.284845380899
              C     52.156662985089  -36.784621406025   -0.306611756857
              C     53.774205432182  -37.148772372029    1.767858172800
              C     56.141356894389  -38.240582958047    1.448916288819
              C     56.975714977291  -38.998652998273   -0.954553585644
              C     55.372199355719  -38.623358351317   -3.026450919603
              C     52.987913478607  -37.540014115027   -2.704009857703
              N     59.375046346871  -40.189627296528   -1.280287207343
              C     59.583236987337  -42.198469722247   -3.221802639208
              C     61.466150440751  -44.263217679916   -2.481132852902
              C     63.871465597373  -43.018633027319   -1.702257643680
              C     63.842633906769  -40.610928711575   -0.651758458296
              C     61.528437973073  -39.118931128087   -0.181039400164
              O     48.753173609395  -37.881906643796    3.541197951477
              O     61.472022432201  -37.170600698994    1.089168313724
              C     66.441733587912  -43.707455592488   -1.777838907284
              N     67.907517434207  -41.840641734656   -0.846476420505
              N     66.325434456760  -39.970311108795   -0.145880835629
              C     67.404932246855  -37.692049043112    0.846481767619
              C     67.560486052363  -46.105964010821   -2.721584255122
              N     70.132217164245  -46.225394837860   -2.568831120363
              O     66.239475533691  -47.822241247159   -3.584026811935
              C     66.580109021187  -36.672174738739    3.144993231636
              C     67.732851909134  -34.518461506614    4.100853801437
              C     69.729459576420  -33.363105733077    2.785128098460
              C     70.564810206626  -34.398367278280    0.492661523355
              C     69.394470083472  -36.562428845034   -0.463706280769
              O     70.732379799152  -31.252860212533    3.888339924840
              C     72.770126064663  -30.018052342255    2.621983372658
              H     43.867769576896  -34.715413632949   -1.391897440774
              H     43.219417850647  -32.056095414961    0.519274157346
              H     46.019567313689  -33.486256344806    3.856645547614
              H     44.307953017693  -36.196999625196    2.994094873640
              H     50.606430645029  -32.966445062182   -2.829890870299
              H     48.148134227903  -35.087414136745   -3.662798492736
              H     47.766457653719  -30.645619542539    0.038702179547
              H     46.309989918048  -30.955391399019   -2.962640235790
              H     53.156149245232  -36.596862756899    3.647744414106
              H     57.365568323173  -38.500476982093    3.079440053008
              H     55.973015358330  -39.164845727376   -4.921314753299
              H     51.777662446866  -37.295620733291   -4.352586586826
              H     57.688846638987  -43.002102333920   -3.467163572385
              H     60.162049004485  -41.360706209621   -5.045458268440
              H     60.707073212493  -45.412778261329   -0.915171227498
              H     61.778002455995  -45.556689677503   -4.072530777528
              H     71.114519302196  -44.802986298537   -1.737649552239
              H     71.010685015032  -47.847671964149   -3.081186164932
              H     65.027900960484  -37.552057661971    4.164027267235
              H     67.114173465764  -33.696115133941    5.885400071995
              H     72.106060988011  -33.539100855338   -0.564752665008
              H     70.032384047584  -37.386616736071   -2.239865250555
              H     72.190561180498  -29.327807393045    0.743619620179
              H     73.282413056551  -28.407819399633    3.817872462627
              H     74.415013528631  -31.280457689216    2.418981253643
$End
$SCF_Energy
   &GeometryIndex 7
   &Method [&Type "String"] "SCF"
   &totalEnergy [&Type "ArrayOfDoubles", &Dim (1,1)] "Total energy of each state"
                                                         0

0                                     -1.5430165157371598e+03
   &Mult [&Type "ArrayOfIntegers", &Dim (1,1)] "Multiplicity of each state"
                                                         0

0                                                        1
$End
$DFT_Energy
   &GeometryIndex 7
   &nAlphaEl [&Type "Integer"] 120
   &nBetaEl [&Type "Integer"] 120
   &nTotalEl [&Type "Integer"] 241
   &finalEn [&Type "Double"]      -1.5430165157371598e+03  "No Van der Waals correction"
   &eExchange [&Type "Double"]      -2.0529945646820374e+02
   &eCorr [&Type "Double"]      -8.9277877625233728e+00
   &eXC [&Type "Double"]      -2.1422724423072711e+02
   &eCNL [&Type "Double"]       0.0000000000000000e+00
$End
$SCF_Timings
   &GeometryIndex 7
   &TOTAL [&Type "Double"]       3.8607800000000003e+02
   &PREP [&Type "Double"]       8.1900000000000006e-01
   &FOCK [&Type "Double"]       3.4081200000000007e+02
   &DENS [&Type "Double"]       1.6639999999998736e+00
   &ETOT [&Type "Double"]       6.1799999999998789e-01
   &TRAFO [&Type "Double"]       3.3479999999999848e+00
   &DIIS [&Type "Double"]       7.9319999999999808e+00
   &SOSCF [&Type "Double"]       1.2838000000000008e+01
   &XC [&Type "Double"]       1.8845699999999997e+02
   &FOCKSTART [&Type "Double"]       3.5600000000001919e-01
   &INT_BF [&Type "Double"]       2.7895999999998551e+01
   &INT_DENS [&Type "Double"]       6.4910000000000565e+01
   &INT_DENSIO [&Type "Double"]       3.8133214329999993e+06
   &INT_FUNC [&Type "Double"]       9.4899999999898732e-01
   &INT_POT [&Type "Double"]       8.6017000000000905e+01
   &INT_POTIO [&Type "Double"]       3.4400000000043640e-01
   &INT_SUM [&Type "Double"]       7.0000000000263185e-03
   &SPLITRIJ [&Type "Double"]       1.6925199999999995e+02
$End
$Single_Point_Data
   &GeometryIndex 7
   &FinalEnergy [&Type "Double"]      -1.5430165157371598e+03  "Final single point energy"
   &Converged [&Type "Boolean"] true
$End
$SCF_Nuc_Gradient
   &GeometryIndex 7
   &NAtoms [&Type "Integer"] 59
   &gradNorm [&Type "Double"]       8.2584084809410026e-04
   &grad [&Type "ArrayOfDoubles", &Dim (177,1)] 
                                                         0

0                                      1.6476688248048821e-04
1                                      1.6031880040911356e-05
2                                     -2.2472559938618852e-06
3                                      1.2063014481191597e-04
4                                      2.9566110372053478e-06
5                                     -1.0888212871151826e-05
6                                     -7.8319244438962432e-05
7                                     -1.7972413256799047e-04
8                                      5.3765496950491931e-05
9                                     -1.2288802156849854e-04
10                                     4.5354207509312738e-05
11                                    -5.7945929024527665e-06
12                                     1.2974688733527473e-05
13                                     1.0264536970218396e-04
14                                     3.0470570678620135e-05
15                                    -5.0757425084341223e-05
16                                    -1.1039136310814213e-04
17                                     3.7129831797294566e-05
18                                     6.5205033991100336e-05
19                                    -6.5055807598767001e-05
20                                    -4.2911851075980167e-05
21                                     8.3420527202809902e-05
22                                     2.0176504370028603e-06
23                                    -4.1259971304191678e-05
24                                    -9.7938327170310480e-05
25                                     5.2346465640229489e-05
26                                     6.5557456152304239e-05
27                                     1.5697302529316115e-05
28                                    -1.5560729275540530e-05
29                                     2.1406499351901698e-05
30                                    -7.2547053353952395e-05
31                                     2.2097838146356574e-05
32                                     7.5027348610118283e-06
33                                     8.9339916503256012e-05
34                                    -6.2219172224459163e-05
35                                     1.1499664731406956e-05
36                                    -2.9115795963749469e-05
37                                     6.1289829247024308e-05
38                                    -1.0760198524135955e-04
39                                     5.6458109510215682e-05
40                                    -4.6290333387429689e-05
41                                     5.8527108684397477e-05
42                                     5.0034008423252563e-05
43                                     9.8995057842221623e-05
44                                     3.8396536576626450e-05
45                                     6.8359658556671477e-05
46                                    -2.2404792419161712e-05
47                                    -2.4788461199728995e-05
48                                     8.5536709314215642e-05
49                                     1.7149200269295228e-05
50                                    -7.4021566792148441e-05
51                                     8.8160493806232337e-05
52                                     5.3422223058596785e-06
53                                     2.0369384317166228e-04
54                                     5.2486809864138451e-05
55                                     1.4590912492695729e-04
56                                    -8.1328063701202602e-05
57                                    -4.5310777631488511e-05
58                                    -1.0857091081395431e-04
59                                    -1.0237780292243759e-04
60                                    -2.0662560329570701e-04
61                                     3.7830989779719104e-05
62                                     4.1614754435592705e-05
63                                     1.0327691130121441e-04
64                                    -1.3503859700174370e-04
65                                    -9.2370490080255496e-05
66                                    -1.8139328715338632e-04
67                                     1.8056081249365197e-04
68                                     1.1692361210106916e-04
69                                    -3.6630711921600834e-05
70                                    -1.1910569597134435e-04
71                                    -4.1552249072471237e-05
72                                    -1.3338978713726968e-04
73                                     8.9070721945305742e-07
74                                     1.1077228719624799e-05
75                                     9.5738980722785694e-06
76                                     2.9054759698529924e-05
77                                    -1.0466753452140209e-04
78                                     1.2656504084707088e-04
79                                     4.5959819110041877e-05
80                                     4.4681504640597947e-05
81                                     7.5912660858407088e-05
82                                     6.5861151084090075e-05
83                                    -1.7472074250988318e-05
84                                     2.2000061980997909e-05
85                                    -3.7979535018398125e-06
86                                    -5.3356582622697546e-05
87                                    -2.1196068755606479e-05
88                                    -3.9777810273852743e-05
89                                    -1.7448588822105426e-05
90                                    -6.5776874954980025e-05
91                                    -1.3367024640986713e-04
92                                    -5.3433821006809712e-05
93                                     5.3624066472773846e-05
94                                     6.7023527358267554e-05
95                                     5.4709607833852703e-05
96                                    -2.6624213855290513e-05
97                                     1.3457676350303593e-05
98                                     4.3295815805477478e-05
99                                     5.5957220266258934e-05
100                                    2.6323792064616991e-05
101                                   -4.4972524989216056e-05
102                                   -4.6805891176338044e-05
103                                    2.6121888382635294e-05
104                                    1.7405444693474603e-05
105                                    7.2816138891318438e-06
106                                   -5.4246860382023421e-06
107                                   -1.3867083289750837e-05
108                                   -5.5575011357042459e-05
109                                   -2.4136213248149296e-05
110                                    1.0347482964134791e-05
111                                   -6.1482325560135997e-06
112                                    2.9203944174133190e-05
113                                   -2.0445313203262816e-05
114                                    7.1393683736542535e-06
115                                   -2.0386568153882290e-05
116                                   -7.4909168149839278e-06
117                                    3.6423095503584912e-05
118                                    3.4000900528824429e-06
119                                   -2.7075423238986929e-06
120                                    9.8715904434387713e-06
121                                    1.5607958264024502e-05
122                                   -4.4720972561418382e-05
123                                   -5.5157888814993949e-06
124                                   -6.0657338322167575e-06
125                                    1.6763125744972962e-05
126                                   -5.0270003993012347e-05
127                                    1.1256255754515943e-05
128                                   -2.4569475696900600e-05
129                                    3.5693385061486005e-06
130                                   -1.3982595739564507e-05
131                                   -4.9296368347995223e-05
132                                    3.4212704748334821e-05
133                                   -1.8630439642258745e-05
134                                    4.1119713321990936e-05
135                                   -5.8148443401823124e-05
136                                    2.6698441797000372e-05
137                                    6.6373720461421204e-05
138                                   -2.6425634172544399e-06
139                                    3.2338593894190582e-05
140                                   -6.3637263541527211e-06
141                                   -2.9687966453501025e-05
142                                   -2.4651278988180314e-05
143                                   -4.2242879382814458e-06
144                                   -6.3349172207960436e-06
145                                   -1.6075614007765582e-05
146                                   -3.1677872142477081e-05
147                                   -1.5333190851778145e-05
148                                   -1.5632552450295378e-05
149                                    2.6039147977968691e-05
150                                   -2.3097073407668534e-05
151                                   -1.4498655157291207e-06
152                                    4.7043196882506910e-05
153                                   -1.9401564287369055e-06
154                                   -1.9033700199178050e-05
155                                    5.0578797152339705e-05
156                                    1.9453166439753478e-05
157                                    2.6539896861521584e-05
158                                   -1.1011749989894848e-05
159                                    5.9238975915198999e-06
160                                   -8.8612393046583193e-06
161                                   -1.6707034785790054e-05
162                                   -1.8240078251907654e-05
163                                    2.3411070351198049e-05
164                                    3.4344898140539759e-05
165                                   -5.1056069670929460e-06
166                                    9.7366220421502003e-06
167                                    1.5191720992790980e-05
168                                    1.1955150779202617e-05
169                                   -1.8618524075558751e-05
170                                    5.8915661764191718e-06
171                                   -2.0280591811083770e-05
172                                   -1.8283978116179211e-05
173                                   -1.1558516237741845e-06
174                                   -2.2171693166983530e-05
175                                    9.4273390804366919e-06
176                                   -1.8619239573070684e-05
   &Method [&Type "String"] "SCF"
   &Level [&Type "String"] "Relaxed density"
   &Mult [&Type "Integer"] 1
   &State [&Type "Integer"] 0
   &Irrep [&Type "Integer"] 0
$End
$Geometry
   &GeometryIndex 8
   &NAtoms [&Type "Integer"] 59
   &NCorelessECP [&Type "Integer"] 0
   &NGhostAtoms [&Type "Integer"] 0
   &CartesianCoordinates [&Type "Coordinates", &Dim(59,4), &Units "Bohr"] 
              C     44.710776781207  -33.398292740423   -0.031229961013
              C     45.693794953785  -34.801044194585    2.296056171778
              C     48.180280337579  -36.240306381372    1.999180599241
              N     49.751373192622  -35.584419965679   -0.008754296197
              C     48.901121318983  -33.951254926269   -2.111513204761
              C     46.908230480638  -32.036710023639   -1.307087900552
              C     52.158128383288  -36.777192902827   -0.303763156631
              C     53.780091066550  -37.136198743672    1.768470150899
              C     56.147380185036  -38.227562011963    1.447816180058
              C     56.978384415902  -38.991687781909   -0.954767548093
              C     55.371405103210  -38.620154722633   -3.024696776797
              C     52.987147839490  -37.536991352888   -2.700940058980
              N     59.377188011041  -40.183969763661   -1.281661865986
              C     59.583598146480  -42.192992496235   -3.223679545963
              C     61.465877006590  -44.259188582360   -2.484251419323
              C     63.872331360245  -43.016202446168   -1.705475266187
              C     63.845277471342  -40.608841477465   -0.654462321162
              C     61.532312896547  -39.113514674284   -0.186155173882
              O     48.769295211569  -37.845892699261    3.570022695196
              O     61.478923011745  -37.164007578862    1.082759291388
              C     66.442440718074  -43.706837192139   -1.782547818147
              N     67.909136350201  -41.841035389971   -0.850551550351
              N     66.328886036382  -39.970671524074   -0.148122976568
              C     67.409487781111  -37.694185580396    0.848561030767
              C     67.557595869661  -46.106592001210   -2.728386155313
              N     70.129097430183  -46.230691019840   -2.577339079391
              O     66.231905468505  -47.819470101334   -3.590542017209
              C     66.586323915596  -36.679521944767    3.149862819240
              C     67.739492733465  -34.527332458833    4.108965403435
              C     69.734556242571  -33.368613276811    2.793588967798
              C     70.568486639096  -34.399128281183    0.498493523422
              C     69.397629602993  -36.561707094511   -0.461092175691
              O     70.737582137992  -31.260411675350    3.899883952204
              C     72.773752291574  -30.021970093641    2.634992879166
              H     43.858820037030  -34.745450889605   -1.375048758309
              H     43.207170311058  -32.067455782062    0.510493033368
              H     46.029960446858  -33.450200175755    3.850223626506
              H     44.321239775130  -36.175654627082    3.027886686457
              H     50.583508070910  -32.988814179019   -2.858854404094
              H     48.128152767284  -35.127080064324   -3.657122832773
              H     47.748737214585  -30.647951682693   -0.000033612007
              H     46.282665765071  -30.991660195411   -2.993308228712
              H     53.166579198822  -36.580482331380    3.648733014266
              H     57.373701505132  -38.482407877193    3.077787422123
              H     55.968648016330  -39.164077680610   -4.920102196488
              H     51.775903997603  -37.297342224582   -4.349528278673
              H     57.689118300254  -42.996603304924   -3.468546431163
              H     60.162752111126  -41.354743859335   -5.047042553173
              H     60.706836817743  -45.408552175294   -0.918010493343
              H     61.776805349023  -45.551933282273   -4.076453294414
              H     71.114999808282  -44.807912337739   -1.751153882172
              H     71.005361423559  -47.851666091480   -3.097385682155
              H     65.035747369126  -37.562554810208    4.168903225606
              H     67.122154759497  -33.708911127213    5.895903282554
              H     72.108987491670  -33.538047641538   -0.558879552489
              H     70.034054040598  -37.382419545440   -2.239540035054
              H     72.192563539470  -29.328538691050    0.758168921854
              H     73.285990921164  -28.413395462786    3.833289142742
              H     74.419479200402  -31.283035432145    2.429057192591
$End
$SCF_Energy
   &GeometryIndex 8
   &Method [&Type "String"] "SCF"
   &totalEnergy [&Type "ArrayOfDoubles", &Dim (1,1)] "Total energy of each state"
                                                         0

0                                     -1.5430165188621718e+03
   &Mult [&Type "ArrayOfIntegers", &Dim (1,1)] "Multiplicity of each state"
                                                         0

0                                                        1
$End
$DFT_Energy
   &GeometryIndex 8
   &nAlphaEl [&Type "Integer"] 120
   &nBetaEl [&Type "Integer"] 120
   &nTotalEl [&Type "Integer"] 241
   &finalEn [&Type "Double"]      -1.5430165188621718e+03  "No Van der Waals correction"
   &eExchange [&Type "Double"]      -2.0529810068800919e+02
   &eCorr [&Type "Double"]      -8.9277272712583997e+00
   &eXC [&Type "Double"]      -2.1422582795926758e+02
   &eCNL [&Type "Double"]       0.0000000000000000e+00
$End
$SCF_Timings
   &GeometryIndex 8
   &TOTAL [&Type "Double"]       4.4004599999999999e+02
   &PREP [&Type "Double"]       8.5599999999999998e-01
   &FOCK [&Type "Double"]       3.8943900000000002e+02
   &DENS [&Type "Double"]       1.9019999999999868e+00
   &ETOT [&Type "Double"]       7.5500000000003809e-01
   &TRAFO [&Type "Double"]       3.4729999999999990e+00
   &DIIS [&Type "Double"]       1.1002000000000002e+01
   &SOSCF [&Type "Double"]       1.3182000000000045e+01
   &XC [&Type "Double"]       2.1284399999999999e+02
   &FOCKSTART [&Type "Double"]       3.7900000000014322e-01
   &INT_BF [&Type "Double"]       3.0940999999998692e+01
   &INT_DENS [&Type "Double"]       7.2112999999999658e+01
   &INT_DENSIO [&Type "Double"]       4.4305581489999965e+06
   &INT_FUNC [&Type "Double"]       1.0219999999987497e+00
   &INT_POT [&Type "Double"]       9.4340000000004522e+01
   &INT_POTIO [&Type "Double"]       4.0999999999938730e-01
   &INT_SUM [&Type "Double"]       4.0000000000759428e-03
   &SPLITRIJ [&Type "Double"]       1.9436099999999993e+02
$End
$Single_Point_Data
   &GeometryIndex 8
   &FinalEnergy [&Type "Double"]      -1.5430165188621718e+03  "Final single point energy"
   &Converged [&Type "Boolean"] true
$End
$SCF_Nuc_Gradient
   &GeometryIndex 8
   &NAtoms [&Type "Integer"] 59
   &gradNorm [&Type "Double"]       6.1425555986456852e-04
   &grad [&Type "ArrayOfDoubles", &Dim (177,1)] 
                                                         0

0                                      3.5150066101385935e-05
1                                     -4.1419196811470771e-05
2                                     -5.5438958015394113e-05
3                                      7.4181359778074940e-05
4                                     -3.5509644205344859e-06
5                                     -6.8437271519117271e-05
6                                      5.7737730007528798e-05
7                                      4.4889968324537954e-05
8                                      6.8451230924859718e-06
9                                     -1.0806652085026958e-04
10                                    -6.3682766678715974e-05
11                                     8.1896580952860176e-05
12                                     1.3947396911434540e-06
13                                     3.2808812146234434e-08
14                                    -3.0454670706794862e-05
15                                     8.6232092099125524e-06
16                                    -4.1242080609793508e-05
17                                     7.6735050112131109e-05
18                                     1.0050585290133363e-04
19                                     1.1354227305013231e-05
20                                    -5.3877443073613307e-06
21                                     6.1832288923091561e-05
22                                    -4.5773245027802556e-05
23                                    -9.1351402907835499e-05
24                                    -8.0679626928106818e-05
25                                     5.7970810888680058e-05
26                                    -5.6667762788412124e-05
27                                    -4.9026566773746616e-05
28                                    -3.5241841164448950e-05
29                                     8.7510315605603128e-05
30                                    -4.8718245940701510e-05
31                                     1.9216772347868671e-05
32                                     4.5372468606419414e-05
33                                     6.0093298659066874e-05
34                                    -2.5735263919871021e-05
35                                     3.8332429512788480e-05
36                                     5.9016073317610940e-05
37                                     9.8507063608227474e-05
38                                     3.0651357338914997e-05
39                                    -1.8754275363630502e-05
40                                    -2.4380211902673421e-05
41                                     5.5245950541585320e-06
42                                     1.5358155081995895e-05
43                                    -1.9649225162315931e-05
44                                     4.6601421822001221e-06
45                                     4.9473358154528135e-05
46                                     5.2521992205817325e-05
47                                     6.3509922488214077e-05
48                                     1.0867571405334675e-04
49                                    -1.4999062286302767e-05
50                                    -2.9930195095340117e-05
51                                    -5.5690416024177514e-05
52                                    -1.3599727247903814e-05
53                                    -1.8151076311964665e-04
54                                    -2.3484620923303057e-05
55                                     4.0704408452052476e-05
56                                    -1.8811708362209689e-05
57                                    -3.2749982148957968e-05
58                                    -4.6400239091526352e-05
59                                     3.3771722651509961e-05
60                                    -8.1871568912261772e-05
61                                    -1.6001985982949662e-06
62                                    -5.6661616868458609e-06
63                                    -1.3260314641541648e-04
64                                     7.4546822717388994e-05
65                                    -9.5279094054781521e-05
66                                    -8.1300279164975287e-06
67                                    -5.8991973611560722e-05
68                                     9.4295350027306934e-05
69                                     9.9057540638158859e-06
70                                     1.9349648760547122e-05
71                                     8.4540407435773623e-05
72                                     1.8179265390397270e-05
73                                    -1.6159792592201905e-04
74                                    -1.3459891875372554e-05
75                                     9.4178706457462291e-05
76                                     4.7794652263469239e-06
77                                    -8.3761155508149665e-05
78                                    -9.9021436230084525e-06
79                                     1.0359549511851363e-04
80                                     5.3667593512080058e-05
81                                     4.8930707858545197e-05
82                                     3.1449997139530034e-05
83                                    -2.9656445068587320e-05
84                                     5.7874400620938626e-05
85                                     2.1707038672481166e-05
86                                    -6.3375415483041264e-05
87                                    -2.1076557163365872e-06
88                                     3.3465363366125267e-05
89                                     1.4665549501191588e-05
90                                    -5.9499665096900481e-05
91                                    -5.4061464939691994e-05
92                                     2.0010735509418121e-05
93                                     2.1050856768345394e-05
94                                     3.4361319193959572e-05
95                                     6.2358652874808240e-05
96                                    -1.5348622366712084e-05
97                                    -8.0394775188896705e-05
98                                    -8.6366994860309632e-05
99                                    -1.5404461482272647e-06
100                                    1.9289555546683768e-05
101                                    2.5871639337614327e-05
102                                   -1.9263958810258885e-05
103                                   -1.3553752838402211e-06
104                                    5.9745005618339064e-06
105                                   -3.8474371187036116e-06
106                                    4.2063317411300538e-05
107                                    1.0563385124277846e-05
108                                   -1.3715967179112054e-05
109                                   -2.6888815972847535e-05
110                                    4.5588243520799931e-05
111                                   -4.8871840619080231e-05
112                                    1.1605294187644333e-05
113                                   -8.1483858152542332e-07
114                                   -6.7944494616667406e-06
115                                    1.6012664254702602e-05
116                                   -1.3375057008116475e-05
117                                   -3.0985262722271756e-06
118                                    5.3697676239833347e-06
119                                   -1.6932233407263020e-05
120                                    1.6332923680029143e-05
121                                    2.2302160381126868e-05
122                                   -1.7792236323754818e-05
123                                   -3.5050197729175059e-05
124                                    2.4073775736266345e-05
125                                   -1.5974392914508417e-05
126                                   -1.6845678485227777e-05
127                                    1.9721234446268276e-05
128                                    2.8565735363861311e-05
129                                    1.7923954710258316e-05
130                                   -4.5936251080944124e-06
131                                    2.9970106277088515e-05
132                                    1.2315701544224344e-05
133                                    5.6754059176711280e-06
134                                   -1.0995039219974245e-05
135                                   -3.9728296489766057e-05
136                                    2.0900066375340032e-06
137                                   -1.4432308554357398e-06
138                                    5.2692875374127368e-06
139                                   -3.3905953501889297e-05
140                                   -4.4756131587775361e-06
141                                    1.5060763140936628e-05
142                                    7.1927435666974127e-06
143                                   -1.3702963276573943e-06
144                                   -1.0378014138237579e-05
145                                   -9.1699791129329355e-06
146                                    1.8640221761401232e-05
147                                    8.1938308481577238e-06
148                                   -4.8208021416751290e-06
149                                   -4.9183176993872202e-06
150                                   -4.0109006484823073e-05
151                                    1.1167611922713316e-05
152                                    3.7854840123807687e-05
153                                   -1.9707116871936492e-05
154                                   -1.6188611503709094e-05
155                                    3.2457819843095814e-05
156                                    1.0088856063850127e-05
157                                   -4.1444734867612798e-06
158                                    7.3199692060821331e-06
159                                   -1.6186604091084078e-05
160                                   -6.5202011328285847e-06
161                                    1.8986875483573140e-05
162                                    2.9201703613201957e-05
163                                    1.7890440487833281e-05
164                                   -2.1457579431866103e-05
165                                    2.5429570309903893e-06
166                                   -1.2341778724833663e-05
167                                   -2.0126725916863597e-05
168                                   -1.9437678417777438e-05
169                                    4.2897238032996166e-06
170                                   -1.7834327996235633e-05
171                                    1.0392553917590308e-05
172                                    1.1860868207258513e-05
173                                   -6.0190337003440675e-06
174                                    1.1723703959326537e-05
175                                   -1.6807852418226910e-05
176                                    2.9432021714168033e-06
   &Method [&Type "String"] "SCF"
   &Level [&Type "String"] "Relaxed density"
   &Mult [&Type "Integer"] 1
   &State [&Type "Integer"] 0
   &Irrep [&Type "Integer"] 0
$End
$Geometry
   &GeometryIndex 9
   &NAtoms [&Type "Integer"] 59
   &NCorelessECP [&Type "Integer"] 0
   &NGhostAtoms [&Type "Integer"] 0
   &CartesianCoordinates [&Type "Coordinates", &Dim(59,4), &Units "Bohr"] 
              C     44.709715124522  -33.400760930203   -0.030840146228
              C     45.698554807723  -34.791762102570    2.301022306225
              C     48.184969565072  -36.231694248156    2.005157765376
              N     49.753181758179  -35.582108483578   -0.007249299485
              C     48.897749598928  -33.958071341472   -2.114941975075
              C     46.904113600747  -32.042064278932   -1.315463511007
              C     52.159702829283  -36.774969941145   -0.302359167330
              C     53.782531069964  -37.133641898566    1.769453176801
              C     56.149639710490  -38.225576776554    1.448266988224
              C     56.979977045381  -38.990582686749   -0.954274580684
              C     55.372438471289  -38.619135456657   -3.023818423758
              C     52.988361146091  -37.535423452393   -2.699700860936
              N     59.378143227161  -40.184125686074   -1.280976855816
              C     59.584017292572  -42.192131458168   -3.224150121162
              C     61.466142270893  -44.259209298942   -2.486283366501
              C     63.873052967399  -43.017034136315   -1.707227833937
              C     63.846250991763  -40.610259824542   -0.654957984953
              C     61.533769215116  -39.114549609294   -0.185554207948
              O     48.776666196782  -37.831309246467    3.581197974021
              O     61.482215907680  -37.163222639028    1.080805493457
              C     66.443393371798  -43.707934208373   -1.784511202453
              N     67.910273129431  -41.842586834439   -0.851638140421
              N     66.330153488010  -39.971921809048   -0.150062197231
              C     67.409865250939  -37.695548406201    0.847986537734
              C     67.557728891278  -46.107521589386   -2.731697338765
              N     70.128998390865  -46.233321851954   -2.579688897671
              O     66.231224227820  -47.819245883978   -3.595203742195
              C     66.585901365856  -36.683161393724    3.150070447009
              C     67.737853983166  -34.530980231323    4.110846893184
              C     69.732333387901  -33.370056331988    2.796262536372
              C     70.566793957235  -34.398200532950    0.500212477511
              C     69.397073356677  -36.560820566496   -0.461097781922
              O     70.734200428650  -31.262057734442    3.904078403312
              C     72.769439479058  -30.021541164347    2.639814940357
              H     43.858050085546  -34.755095318739   -1.367567617946
              H     43.205191188025  -32.069592210457    0.507282544064
              H     46.038344712521  -33.432839632344    3.847368265646
              H     44.328610112201  -36.163346533169    3.043214368175
              H     50.577905911998  -32.996907331218   -2.868870454597
              H     48.123327510341  -35.140928459880   -3.654437141787
              H     47.744887823224  -30.647394332620   -0.014907965399
              H     46.275494375674  -31.004444812641   -3.005077256894
              H     53.170302525870  -36.577394224151    3.649875551257
              H     57.376172582050  -38.479857367655    3.078124188394
              H     55.968619258786  -39.163596734406   -4.919402692427
              H     51.777549463806  -37.296025535211   -4.348570267886
              H     57.689409199955  -42.995361260288   -3.469137890934
              H     60.163114700700  -41.352835743831   -5.047020358623
              H     60.707310938417  -45.409143366434   -0.920389101154
              H     61.776505881052  -45.551030920682   -4.079318229363
              H     71.116081607713  -44.810453916891   -1.755097313017
              H     71.004958425275  -47.853162991152   -3.103815384243
              H     65.035787563394  -37.567937132185    4.168358467581
              H     67.119988564504  -33.714140022904    5.898301921027
              H     72.106772879123  -33.535637193149   -0.556618796306
              H     70.033887230636  -37.379842980403   -2.240171338139
              H     72.187696708707  -29.327229485904    0.763494806716
              H     73.280847149326  -28.413375399827    3.839013400795
              H     74.415986724417  -31.281379630759    2.432958700398
$End
$SCF_Energy
   &GeometryIndex 9
   &Method [&Type "String"] "SCF"
   &totalEnergy [&Type "ArrayOfDoubles", &Dim (1,1)] "Total energy of each state"
                                                         0

0                                     -1.5430165198646537e+03
   &Mult [&Type "ArrayOfIntegers", &Dim (1,1)] "Multiplicity of each state"
                                                         0

0                                                        1
$End
$DFT_Energy
   &GeometryIndex 9
   &nAlphaEl [&Type "Integer"] 120
   &nBetaEl [&Type "Integer"] 120
   &nTotalEl [&Type "Integer"] 241
   &finalEn [&Type "Double"]      -1.5430165198646537e+03  "No Van der Waals correction"
   &eExchange [&Type "Double"]      -2.0529758325093036e+02
   &eCorr [&Type "Double"]      -8.9277186360441494e+00
   &eXC [&Type "Double"]      -2.1422530188697451e+02
   &eCNL [&Type "Double"]       0.0000000000000000e+00
$End
$SCF_Timings
   &GeometryIndex 9
   &TOTAL [&Type "Double"]       4.0314900000000000e+02
   &PREP [&Type "Double"]       8.2500000000000007e-01
   &FOCK [&Type "Double"]       3.5555599999999998e+02
   &DENS [&Type "Double"]       1.7109999999999559e+00
   &ETOT [&Type "Double"]       6.6500000000004178e-01
   &TRAFO [&Type "Double"]       3.6659999999999542e+00
   &DIIS [&Type "Double"]       5.6019999999999897e+00
   &SOSCF [&Type "Double"]       1.4618999999999986e+01
   &XC [&Type "Double"]       1.9997800000000007e+02
   &FOCKSTART [&Type "Double"]       3.7899999999986123e-01
   &INT_BF [&Type "Double"]       2.8371000000000933e+01
   &INT_DENS [&Type "Double"]       6.8961000000002230e+01
   &INT_DENSIO [&Type "Double"]       3.9368843399999985e+06
   &INT_FUNC [&Type "Double"]       1.0010000000005768e+00
   &INT_POT [&Type "Double"]       9.5294999999996747e+01
   &INT_POTIO [&Type "Double"]       3.8599999999978252e-01
   &INT_SUM [&Type "Double"]       8.0000000000737259e-03
   &SPLITRIJ [&Type "Double"]       1.7471300000000019e+02
$End
$Single_Point_Data
   &GeometryIndex 9
   &FinalEnergy [&Type "Double"]      -1.5430165198646537e+03  "Final single point energy"
   &Converged [&Type "Boolean"] true
$End
$SCF_Nuc_Gradient
   &GeometryIndex 9
   &NAtoms [&Type "Integer"] 59
   &gradNorm [&Type "Double"]       5.1638553095958398e-04
   &grad [&Type "ArrayOfDoubles", &Dim (177,1)] 
                                                         0

0                                     -3.7791965842887132e-05
1                                     -2.9850974148461218e-05
2                                     -4.1409970886585601e-05
3                                      3.5932322916695791e-05
4                                      7.9321036105667320e-06
5                                     -4.3660023420627470e-05
6                                      4.1909154532226989e-05
7                                      4.4171930052142039e-05
8                                     -8.0846760733138678e-05
9                                     -5.1245767887120319e-05
10                                    -5.1622805877005185e-05
11                                     7.1446744243489069e-05
12                                     1.5376235302275165e-05
13                                    -2.5819324433323798e-05
14                                    -3.0681431671203407e-05
15                                     2.4440970406852669e-05
16                                     1.1887484380856961e-05
17                                     3.6702841018393384e-05
18                                     5.0948093292035868e-05
19                                     2.6356980166564181e-05
20                                     2.8263399605280015e-05
21                                    -8.2122981740137546e-06
22                                    -1.9783336938306029e-05
23                                    -5.7063961844933120e-05
24                                    -9.2431558508104805e-06
25                                     8.0289234581365498e-06
26                                    -4.0605894431361422e-05
27                                    -2.5490225205648809e-05
28                                    -1.2266364003504782e-05
29                                     7.1275619041175076e-05
30                                    -1.7901628449681906e-05
31                                     7.8368454253796571e-06
32                                     1.9638853899578423e-05
33                                     9.9865189479575456e-06
34                                    -1.1924251828540622e-05
35                                     1.7579918813459550e-06
36                                     6.4227074112660487e-05
37                                     1.0097397891654231e-04
38                                    -1.6960377178798502e-06
39                                    -4.1020382873513395e-05
40                                     7.8259245300041358e-06
41                                    -3.3826222298777298e-05
42                                    -2.1285130807763286e-06
43                                    -6.1177657052990941e-05
44                                    -1.2204093036066732e-05
45                                    -1.9417312150382671e-05
46                                     8.9793916939806540e-05
47                                     2.5388045012481042e-05
48                                     6.1847571278306201e-05
49                                    -8.7434044551137902e-06
50                                     5.3300807616452062e-06
51                                    -1.3568567885894472e-04
52                                    -1.9393141952930848e-04
53                                     3.2670575523488510e-05
54                                     5.5205895719279141e-06
55                                     7.4377296122585257e-06
56                                     5.0517880848033325e-05
57                                     4.2966459516133662e-05
58                                     8.1285666767461073e-05
59                                    -9.8477169981348034e-06
60                                     2.2995708523820824e-05
61                                    -1.2355761034282819e-05
62                                    -1.7933283839227654e-05
63                                    -1.0907564368611844e-04
64                                     5.9666025092011687e-05
65                                     4.4738028633646565e-05
66                                     4.6805075150424535e-05
67                                    -7.3502820562315607e-05
68                                    -7.0692986152559589e-05
69                                     1.9326996148691378e-05
70                                     4.6584844590580321e-05
71                                     6.6684104657807608e-05
72                                     6.8067008451189182e-05
73                                    -1.2062889467168159e-04
74                                    -2.1308731544850135e-05
75                                     7.4027323682904211e-05
76                                     7.6656135780846235e-06
77                                    -6.8223813352891183e-05
78                                    -5.7558580130345760e-05
79                                     5.4357272431082571e-05
80                                     4.0434556689422640e-05
81                                    -1.1962571800430699e-05
82                                    -7.6729752476745183e-06
83                                    -3.0973632871481027e-05
84                                     3.8520526729701743e-05
85                                     2.8204383789073861e-05
86                                    -2.0958834167028595e-05
87                                     1.4931144928578832e-05
88                                     5.4276840439404506e-05
89                                     3.6557149337451689e-05
90                                    -9.2010891342940437e-06
91                                     2.3176405811176082e-07
92                                     8.5956662133068740e-06
93                                     8.0332654331938258e-06
94                                     1.5771425819655072e-05
95                                     7.8294783860954897e-06
96                                    -1.5384796789377764e-06
97                                    -6.2431819186692383e-05
98                                    -8.7028107040421077e-05
99                                    -1.6474070780848893e-05
100                                    5.5350671305590127e-06
101                                    2.6160042193770078e-05
102                                   -3.3056556821842165e-06
103                                   -4.7650953714506450e-06
104                                    3.1137586319895938e-06
105                                    4.2605982875643100e-06
106                                    3.2898459685182235e-05
107                                    1.0446311987502566e-05
108                                   -6.1352043176088333e-06
109                                   -2.3546187386175310e-05
110                                    4.2791704691069743e-05
111                                   -3.2480534569667707e-05
112                                    9.4450239997156960e-06
113                                    2.8234669691706848e-06
114                                   -8.0511116029580165e-06
115                                    1.4805130764447560e-05
116                                   -1.0556645308704149e-05
117                                   -1.1757494475961305e-05
118                                    2.9562066234251061e-06
119                                   -4.9663719460246725e-06
120                                    1.1875829328988896e-05
121                                    1.1866852763442459e-05
122                                   -7.6513294600122350e-06
123                                   -2.6705873777690958e-05
124                                    1.8075099865205724e-05
125                                   -1.0389833290463946e-05
126                                    9.9087212275528191e-07
127                                    1.3290519367256670e-05
128                                    2.5798032458446141e-05
129                                    2.2213113549662822e-06
130                                    5.7967792700189258e-06
131                                    2.6033931325053494e-05
132                                   -9.0066402357036335e-07
133                                    6.5124697998519832e-06
134                                   -1.7665197651617337e-05
135                                   -1.4343802270583295e-05
136                                   -3.0529513750238157e-06
137                                   -1.2691932071262624e-05
138                                    9.5525489456349533e-06
139                                   -3.2424478238896048e-05
140                                    9.3327011321114872e-07
141                                    1.7595205000719982e-05
142                                    6.3490795903231589e-06
143                                    6.7342176413298649e-06
144                                   -3.0603136429580013e-06
145                                    3.2597917617727123e-06
146                                    2.4681802056059077e-05
147                                    1.0665083027008859e-05
148                                    1.3991294012249966e-06
149                                   -5.9465920029255770e-06
150                                   -3.4418028321603344e-05
151                                    1.0324842916853427e-05
152                                    3.8020554399997852e-05
153                                   -1.3705954045872826e-05
154                                   -2.3252970893783420e-05
155                                    2.2105064810845620e-05
156                                   -9.0023594588317657e-06
157                                   -1.1852741025220048e-05
158                                    5.9141636800652542e-06
159                                   -1.5484773520785255e-05
160                                   -6.7865165283287343e-06
161                                    1.1623013214723255e-05
162                                    2.0056688109865162e-05
163                                    7.3061907718274810e-07
164                                   -2.1275987217614367e-05
165                                   -7.8926365082443439e-07
166                                   -1.3289487872325534e-05
167                                   -1.3486471236889841e-05
168                                   -1.6306799786217074e-05
169                                    7.7204812351516772e-06
170                                   -1.4878297673520668e-05
171                                    1.4638346170242622e-05
172                                    1.2051052625083880e-05
173                                   -1.1980912952735956e-05
174                                    1.2676215973506100e-05
175                                   -1.2623892137020309e-05
176                                    5.4407062288312769e-06
   &Method [&Type "String"] "SCF"
   &Level [&Type "String"] "Relaxed density"
   &Mult [&Type "Integer"] 1
   &State [&Type "Integer"] 0
   &Irrep [&Type "Integer"] 0
$End
$Geometry
   &GeometryIndex 10
   &NAtoms [&Type "Integer"] 59
   &NCorelessECP [&Type "Integer"] 0
   &NGhostAtoms [&Type "Integer"] 0
   &CartesianCoordinates [&Type "Coordinates", &Dim(59,4), &Units "Bohr"] 
              C     44.709642665048  -33.402646012010   -0.029732763502
              C     45.702172108994  -34.786687185302    2.304648113022
              C     48.188198875417  -36.227290956019    2.008550456478
              N     49.754582991689  -35.580629092720   -0.006402233301
              C     48.896373079613  -33.961108867451   -2.116309821675
              C     46.901804667319  -32.044981261667   -1.319443810840
              C     52.160656958120  -36.773960872540   -0.302144538572
              C     53.784623913612  -37.131652252421    1.769068949203
              C     56.151563376885  -38.223848078388    1.447089802424
              C     56.980725247210  -38.989884211821   -0.955562502473
              C     55.372143029668  -38.619530522831   -3.024455672562
              C     52.988233013970  -37.535498611404   -2.699621092222
              N     59.378559787142  -40.183854504226   -1.282350584692
              C     59.583867249694  -42.192075056161   -3.225184462829
              C     61.466013271110  -44.259151262132   -2.487470538923
              C     63.873125672993  -43.017164933108   -1.708633948419
              C     63.846498190127  -40.610131145006   -0.656788608761
              C     61.534547399026  -39.113506697537   -0.188188209586
              O     48.781125296998  -37.824924792889    3.586152754463
              O     61.483282234033  -37.161865179629    1.077670303259
              C     66.443514283455  -43.708315977769   -1.785258641503
              N     67.910609948247  -41.842975354501   -0.852595175379
              N     66.330404163349  -39.972091510677   -0.151579852123
              C     67.409541097185  -37.695929852389    0.847291113478
              C     67.557683473096  -46.107835920341   -2.732378757120
              N     70.128719640425  -46.234577501654   -2.578385752929
              O     66.231556844200  -47.819263757662   -3.597274582654
              C     66.585442017044  -36.685202116181    3.150146507118
              C     67.736854936000  -34.533299964918    4.112177553166
              C     69.730971243014  -33.371057597801    2.798106906183
              C     70.565452812976  -34.397463501318    0.501254031671
              C     69.396233898139  -36.559869256060   -0.461355565680
              O     70.732533674843  -31.263433142322    3.907215029015
              C     72.767244925319  -30.021827687723    2.643119932151
              H     43.858482009959  -34.761267224600   -1.362405438872
              H     43.204133623868  -32.071859547996    0.506311883968
              H     46.044657650228  -33.422813922270    3.846012711738
              H     44.333907015141  -36.156297935769    3.053373941514
              H     50.575343863668  -33.000298395376   -2.873297275681
              H     48.121722103824  -35.147571117663   -3.652900150938
              H     47.742348228289  -30.646847458072   -0.022493086517
              H     46.271196127078  -31.011717628153   -3.010892388168
              H     53.173533870092  -36.574636600680    3.649538409655
              H     57.378897820773  -38.477357679996    3.076388598671
              H     55.967115679736  -39.165207350541   -4.920035441585
              H     51.776981435274  -37.296756356647   -4.348182885410
              H     57.689063750598  -42.995056910324   -3.469414869669
              H     60.162412608581  -41.353143354890   -5.048378317087
              H     60.707318753944  -45.408906949016   -0.921424868747
              H     61.776036619135  -45.551109090625   -4.080434707676
              H     71.116343132406  -44.811443159338   -1.754955144225
              H     71.004816712774  -47.853647950499   -3.104621071389
              H     65.035621024422  -37.570989201104    4.167954254306
              H     67.118972323301  -33.717557432456    5.900086590890
              H     72.105037723768  -33.533874328460   -0.555179877542
              H     70.033158750853  -37.377618386479   -2.240939500452
              H     72.185045297388  -29.326561101587    0.767331558206
              H     73.278579835780  -28.414260941518    3.843121415468
              H     74.414000682144  -31.281149910718    2.435130033097
$End
$SCF_Energy
   &GeometryIndex 10
   &Method [&Type "String"] "SCF"
   &totalEnergy [&Type "ArrayOfDoubles", &Dim (1,1)] "Total energy of each state"
                                                         0

0                                     -1.5430165205622566e+03
   &Mult [&Type "ArrayOfIntegers", &Dim (1,1)] "Multiplicity of each state"
                                                         0

0                                                        1
$End
$DFT_Energy
   &GeometryIndex 10
   &nAlphaEl [&Type "Integer"] 120
   &nBetaEl [&Type "Integer"] 120
   &nTotalEl [&Type "Integer"] 241
   &finalEn [&Type "Double"]      -1.5430165205622566e+03  "No Van der Waals correction"
   &eExchange [&Type "Double"]      -2.0529759743322151e+02
   &eCorr [&Type "Double"]      -8.9277324067233526e+00
   &eXC [&Type "Double"]      -2.1422532983994486e+02
   &eCNL [&Type "Double"]       0.0000000000000000e+00
$End
$SCF_Timings
   &GeometryIndex 10
   &TOTAL [&Type "Double"]       3.7887099999999998e+02
   &PREP [&Type "Double"]       3.0620000000000003e+00
   &FOCK [&Type "Double"]       3.3181199999999995e+02
   &DENS [&Type "Double"]       1.9479999999999222e+00
   &ETOT [&Type "Double"]       6.0400000000000631e-01
   &TRAFO [&Type "Double"]       1.5380000000000109e+00
   &DIIS [&Type "Double"]       6.8560000000000016e+00
   &SOSCF [&Type "Double"]       1.4796999999999962e+01
   &XC [&Type "Double"]       1.8696299999999991e+02
   &FOCKSTART [&Type "Double"]       1.3319999999999594e+00
   &INT_BF [&Type "Double"]       2.6557999999999542e+01
   &INT_DENS [&Type "Double"]       6.2257999999996684e+01
   &INT_DENSIO [&Type "Double"]       3.8969017529999977e+06
   &INT_FUNC [&Type "Double"]       9.0200000000050906e-01
   &INT_POT [&Type "Double"]       9.0349000000002647e+01
   &INT_POTIO [&Type "Double"]       5.0700000000029988e-01
   &INT_SUM [&Type "Double"]       8.9999999999506031e-03
   &SPLITRIJ [&Type "Double"]       1.5864599999999999e+02
$End
$Single_Point_Data
   &GeometryIndex 10
   &FinalEnergy [&Type "Double"]      -1.5430165205622566e+03  "Final single point energy"
   &Converged [&Type "Boolean"] true
$End
$SCF_Nuc_Gradient
   &GeometryIndex 10
   &NAtoms [&Type "Integer"] 59
   &gradNorm [&Type "Double"]       3.5731332211670153e-04
   &grad [&Type "ArrayOfDoubles", &Dim (177,1)] 
                                                         0

0                                     -5.5597069003876509e-05
1                                     -6.3108421142904492e-06
2                                     -1.2313382808326612e-05
3                                     -3.8583480555451355e-06
4                                     -3.1109271318024989e-07
5                                     -3.1390942169640113e-05
6                                      4.5270023815102700e-05
7                                      6.7661957868114797e-05
8                                     -6.2882025132493524e-05
9                                     -7.6593643947020507e-06
10                                    -3.1138593417710803e-05
11                                     2.2589902703692988e-05
12                                     1.3711317168443871e-05
13                                    -2.6131629848217403e-05
14                                    -1.6219642316600558e-05
15                                     2.1349567497747080e-05
16                                     3.6549850620570812e-05
17                                    -6.9819016081940077e-06
18                                     4.1843804393093542e-06
19                                     1.7084185010785014e-05
20                                     4.1707224348007388e-05
21                                    -4.4166697877323635e-05
22                                     1.2092733182228477e-05
23                                    -8.1796346956819477e-06
24                                     4.3382753421181142e-05
25                                    -2.4233216421226667e-05
26                                    -1.8459488630204191e-05
27                                     2.5336887363724969e-06
28                                     6.0046674556779589e-06
29                                     3.7478340427277157e-05
30                                     7.7404307516487636e-06
31                                    -6.3258969033308521e-06
32                                    -7.1528297680839570e-06
33                                    -1.8787968105782316e-05
34                                    -5.7286976480608320e-07
35                                    -2.5144366293083920e-05
36                                     3.6895118977767205e-05
37                                     3.8030939390143459e-05
38                                     1.0520978711223150e-05
39                                    -3.9078755921989616e-05
40                                     1.1380351661177679e-05
41                                    -2.5633431601938816e-05
42                                    -1.7147337177184085e-05
43                                    -5.3640562381829238e-05
44                                    -9.5473165047932351e-06
45                                    -4.1700496823837696e-05
46                                     5.1015704752244151e-05
47                                     7.8371318211617469e-06
48                                    -1.6894885893070644e-06
49                                     2.1425739354374862e-06
50                                     2.6309162629467586e-05
51                                    -9.2313371866485638e-05
52                                    -1.1040893451882972e-04
53                                    -2.9509846434211395e-05
54                                     6.5087612943215412e-06
55                                    -1.9702115415076715e-05
56                                     5.7437926300973885e-05
57                                     3.1679885436352445e-05
58                                     6.6177086417096298e-05
59                                     2.5924469189031463e-05
60                                     6.9986248844911003e-05
61                                    -2.5872402109050618e-05
62                                     6.1017336917545961e-06
63                                    -4.6088585364756351e-05
64                                     4.9755297619170913e-05
65                                     2.9686340148639412e-05
66                                     6.1199787752097556e-05
67                                    -6.2938487348215832e-05
68                                    -5.3289386480762091e-05
69                                     6.3860674299198728e-06
70                                     2.9356282749248841e-05
71                                     3.1276157903728508e-05
72                                     5.3618108126096686e-05
73                                    -3.9839162047888843e-05
74                                    -5.5331027398741739e-07
75                                     3.4598473812298691e-05
76                                     1.1207016861705665e-05
77                                    -6.1052986234759465e-05
78                                    -5.2461184643082248e-05
79                                     2.7608783349508670e-06
80                                     1.8584675779254045e-05
81                                    -3.4870546087036047e-05
82                                    -2.1504510714205616e-05
83                                    -3.7933834673830463e-06
84                                     1.5162229945353545e-05
85                                     2.0836759998671406e-05
86                                     3.8152980773170642e-06
87                                     1.1217672565941306e-05
88                                     4.0111099608025613e-05
89                                     3.3007071129020904e-05
90                                     1.9809127507319779e-05
91                                     2.3834483214732471e-05
92                                    -6.7186155197351827e-06
93                                     3.0453325770840589e-06
94                                    -8.1252939855835926e-06
95                                    -2.7444546936344905e-05
96                                     7.7889836092720488e-06
97                                    -2.0866017875015297e-05
98                                    -4.6469155936645912e-05
99                                    -1.4806162196234762e-05
100                                   -6.6378813725707225e-06
101                                    7.3448868095002395e-06
102                                    4.5369412002699283e-06
103                                   -7.5172207722462581e-07
104                                    9.4111406406804932e-07
105                                    1.1350224810469101e-05
106                                    1.3791493227305329e-05
107                                    5.0635486221473069e-06
108                                   -1.4232465744695721e-06
109                                   -2.3876628535535183e-05
110                                    2.6749112542134856e-05
111                                   -1.2718207726053476e-05
112                                    8.8633715494279564e-06
113                                    3.3047422455800834e-06
114                                   -5.3117746228181772e-06
115                                    2.1921059502882922e-06
116                                   -3.4114070009694242e-06
117                                   -9.2156987518687838e-06
118                                    7.7474272597299887e-07
119                                    5.3111668886218766e-06
120                                    6.0749415867339396e-06
121                                   -1.6610041835563027e-06
122                                   -1.5701149388425151e-06
123                                   -1.1071383691246828e-05
124                                    3.9793773164986668e-06
125                                    2.3014905420337683e-07
126                                    1.0799770685160359e-05
127                                    3.8439183153160528e-06
128                                    7.2287699347528545e-06
129                                   -7.3255048105291820e-06
130                                    9.8219499552187894e-06
131                                    1.1606731281532667e-05
132                                   -7.6188168112931165e-06
133                                    1.1743103724842774e-06
134                                   -7.9872818103121634e-06
135                                    3.9808093013626866e-06
136                                   -3.7385652258831170e-06
137                                   -8.3225310122114760e-06
138                                    5.2290523910869524e-06
139                                   -1.6746840639986216e-05
140                                    7.7142522497061772e-06
141                                    1.2911561594664001e-05
142                                    4.3976484590396714e-06
143                                    1.3096942007850831e-05
144                                    5.6461995241730012e-07
145                                    1.0589699070001624e-05
146                                    1.5530967409804752e-05
147                                    6.1504061060341231e-06
148                                    5.1723254291258236e-06
149                                   -1.6882340503343585e-07
150                                   -2.2637869235619945e-05
151                                   -1.5032280015203625e-07
152                                    3.2442518646952356e-05
153                                   -8.3207691782272164e-06
154                                   -1.8616561938689102e-05
155                                    2.3180996688645927e-05
156                                   -5.5372246124674174e-06
157                                   -4.2862173248586766e-06
158                                   -9.5416781507873250e-07
159                                   -7.9482554518200965e-06
160                                   -4.7574255223059581e-06
161                                   -1.1481075604113933e-06
162                                    3.3623263460402786e-06
163                                   -1.0407752419422378e-05
164                                   -1.1785621688159553e-05
165                                   -3.3415649425549976e-06
166                                   -9.3941007324599424e-06
167                                   -2.5113733511661351e-06
168                                   -4.8144002243594164e-06
169                                    5.0085921917547571e-06
170                                   -8.1603114229500395e-06
171                                    1.0329165719955014e-05
172                                    5.8665266806090521e-06
173                                   -1.3877977267207076e-05
174                                    6.1518810612892771e-06
175                                   -2.5310485580187780e-06
176                                    6.1158222466883849e-07
   &Method [&Type "String"] "SCF"
   &Level [&Type "String"] "Relaxed density"
   &Mult [&Type "Integer"] 1
   &State [&Type "Integer"] 0
   &Irrep [&Type "Integer"] 0
$End
$Geometry
   &GeometryIndex 11
   &NAtoms [&Type "Integer"] 59
   &NCorelessECP [&Type "Integer"] 0
   &NGhostAtoms [&Type "Integer"] 0
   &CartesianCoordinates [&Type "Coordinates", &Dim(59,4), &Units "Bohr"] 
              C     44.708730649136  -33.406603032485   -0.028686756900
              C     45.708147593745  -34.776831944867    2.310703668239
              C     48.192988560420  -36.219280630049    2.014267908351
              N     49.756264652402  -35.578152358204   -0.005202669633
              C     48.893212946105  -33.967138426110   -2.119518059038
              C     46.896471485548  -32.051074464522   -1.328132270879
              C     52.161786580734  -36.772108152510   -0.301592434206
              C     53.787615282359  -37.127670982143    1.768719624387
              C     56.154178070767  -38.220345883998    1.445814478350
              C     56.981463709396  -38.988904939776   -0.956743326259
              C     55.371217501419  -38.620737476431   -3.024616126689
              C     52.987648101837  -37.536112313153   -2.698938805173
              N     59.378873211967  -40.183478753743   -1.283587489994
              C     59.583300802504  -42.192175120010   -3.225799972200
              C     61.465734917884  -44.259005745573   -2.488575822596
              C     63.873092734948  -43.017096823017   -1.710593420499
              C     63.846723605840  -40.609744392173   -0.659212607550
              C     61.535510588323  -39.112041936568   -0.191260998611
              O     48.788039111206  -37.812982171033    3.594943566060
              O     61.484738242085  -37.159613472585    1.073209114546
              C     66.443430948527  -43.708213376429   -1.787196505779
              N     67.910831882360  -41.843186225219   -0.854353884143
              N     66.330567751886  -39.972063186057   -0.153655666479
              C     67.409221910535  -37.696522133257    0.846654977755
              C     67.557664967896  -46.107145147753   -2.735048612830
              N     70.128366912880  -46.234996412193   -2.577957405984
              O     66.232596246832  -47.817655421975   -3.603552567199
              C     66.585940242421  -36.688872040016    3.151233385048
              C     67.737026892560  -34.537820834149    4.115340501137
              C     69.730152321526  -33.373424463595    2.801689568360
              C     70.563798122703  -34.396650985072    0.503159856952
              C     69.394878527399  -36.558322821239   -0.461556393567
              O     70.731770432166  -31.266806800736    3.913118257160
              C     72.765388824936  -30.023208960051    2.649100445437
              H     43.858431846364  -34.773588848581   -1.353318162172
              H     43.201298641925  -32.076396254026    0.503132158265
              H     46.055992138682  -33.403191261037    3.842164990432
              H     44.342771579504  -36.142140534337    3.072201517913
              H     50.570005162386  -33.006674845375   -2.881779758624
              H     48.118822799813  -35.160395308480   -3.650983007893
              H     47.736242110244  -30.645762753578   -0.038476038950
              H     46.261942741906  -31.026606855175   -3.023369356736
              H     53.178283213787  -36.568920181022    3.649132220105
              H     57.382801965470  -38.472211544314    3.074317668381
              H     55.964317595567  -39.168730920136   -4.920063980329
              H     51.775576212783  -37.299042862308   -4.347035058724
              H     57.688238524295  -42.994979710465   -3.468575090090
              H     60.160514154823  -41.353921573160   -5.049727747052
              H     60.707615776476  -45.408636286762   -0.922193077286
              H     61.775045082311  -45.551219150417   -4.081453423478
              H     71.116838244845  -44.811116934032   -1.756931496125
              H     71.005168507969  -47.851841625880   -3.109723377402
              H     65.036945402596  -37.576385102947    4.168740433304
              H     67.119922495547  -33.724221376689    5.904457602920
              H     72.102486058041  -33.531229515070   -0.552963130837
              H     70.031309102627  -37.373641598378   -2.242399168238
              H     72.181952626424  -29.325834707365    0.774523406919
              H     73.277015022988  -28.417014668703    3.850779085450
              H     74.412317288356  -31.281792326426    2.438437944118
$End
$SCF_Energy
   &GeometryIndex 11
   &Method [&Type "String"] "SCF"
   &totalEnergy [&Type "ArrayOfDoubles", &Dim (1,1)] "Total energy of each state"
                                                         0

0                                     -1.5430165212143997e+03
   &Mult [&Type "ArrayOfIntegers", &Dim (1,1)] "Multiplicity of each state"
                                                         0

0                                                        1
$End
$DFT_Energy
   &GeometryIndex 11
   &nAlphaEl [&Type "Integer"] 120
   &nBetaEl [&Type "Integer"] 120
   &nTotalEl [&Type "Integer"] 241
   &finalEn [&Type "Double"]      -1.5430165212143997e+03  "No Van der Waals correction"
   &eExchange [&Type "Double"]      -2.0529796767504214e+02
   &eCorr [&Type "Double"]      -8.9277755381041430e+00
   &eXC [&Type "Double"]      -2.1422574321314630e+02
   &eCNL [&Type "Double"]       0.0000000000000000e+00
$End
$SCF_Timings
   &GeometryIndex 11
   &TOTAL [&Type "Double"]       3.3585899999999998e+02
   &PREP [&Type "Double"]       1.1639999999999999e+00
   &FOCK [&Type "Double"]       2.8940800000000007e+02
   &DENS [&Type "Double"]       1.2250000000000227e+00
   &ETOT [&Type "Double"]       4.8699999999999477e-01
   &TRAFO [&Type "Double"]       3.6059999999999945e+00
   &DIIS [&Type "Double"]       5.7029999999999887e+00
   &SOSCF [&Type "Double"]       1.0448999999999984e+01
   &XC [&Type "Double"]       1.7138300000000004e+02
   &FOCKSTART [&Type "Double"]       2.7400000000000890e-01
   &INT_BF [&Type "Double"]       2.3116999999998278e+01
   &INT_DENS [&Type "Double"]       5.6300000000000630e+01
   &INT_DENSIO [&Type "Double"]       2.3595391029999987e+06
   &INT_FUNC [&Type "Double"]       7.6799999999971647e-01
   &INT_POT [&Type "Double"]       8.5355000000000871e+01
   &INT_POTIO [&Type "Double"]       3.2799999999950558e-01
   &INT_SUM [&Type "Double"]       3.0000000000143245e-03
   &SPLITRIJ [&Type "Double"]       1.4148099999999994e+02
$End
$Single_Point_Data
   &GeometryIndex 11
   &FinalEnergy [&Type "Double"]      -1.5430165212143997e+03  "Final single point energy"
   &Converged [&Type "Boolean"] true
$End
$SCF_Nuc_Gradient
   &GeometryIndex 11
   &NAtoms [&Type "Integer"] 59
   &gradNorm [&Type "Double"]       3.0841443638973453e-04
   &grad [&Type "ArrayOfDoubles", &Dim (177,1)] 
                                                         0

0                                     -3.5209353565435197e-05
1                                      2.1929961284819499e-05
2                                      2.8197522468992320e-05
3                                     -3.4136977769147481e-05
4                                     -2.6194502610044079e-07
5                                     -1.3806595196341753e-05
6                                      2.3674965556386152e-05
7                                      4.9854617361039244e-05
8                                     -1.9977467645815317e-05
9                                      5.1218196975136299e-05
10                                    -8.5720544223677475e-06
11                                    -3.3939961360696103e-05
12                                    -8.0761134704093740e-06
13                                    -1.4666805568358532e-05
14                                     1.5608132097458260e-05
15                                     5.0599927861050276e-06
16                                     4.0841631284066482e-05
17                                    -5.1259913364340437e-05
18                                    -4.5377897357368191e-05
19                                     6.0527359096174127e-06
20                                     3.8998813704747837e-05
21                                    -4.7783633056484864e-05
22                                     3.7080465839944843e-05
23                                     3.9181391103121355e-05
24                                     7.2594768506434315e-05
25                                    -3.9817998914559727e-05
26                                     1.9085745707470014e-06
27                                     1.3355002467130284e-05
28                                     1.9057683530609992e-05
29                                    -1.5029746529483801e-05
30                                     2.3727655985211760e-05
31                                    -1.6498549581675515e-05
32                                    -2.2703151808009525e-05
33                                    -3.6702644378008853e-05
34                                     1.2504508415778215e-05
35                                    -2.7934666105150496e-05
36                                    -3.0618080770761225e-06
37                                    -3.5069422133368611e-05
38                                     1.1625080568740398e-05
39                                    -5.0153381011830422e-06
40                                     8.6134254061870363e-06
41                                    -5.1093359917930847e-06
42                                    -2.1670812671875650e-05
43                                    -1.7646422440564802e-05
44                                     5.6352381299223930e-06
45                                    -4.1872638748330360e-05
46                                    -3.7586170292674970e-05
47                                     2.9531292717460689e-06
48                                    -5.6573200008624980e-05
49                                     2.6622129951969775e-05
50                                     1.3610302963706911e-05
51                                    -4.4535704995345149e-06
52                                     1.0298137982894806e-05
53                                    -3.2042994530689928e-05
54                                    -1.7255069889865471e-06
55                                    -1.0264542184779124e-05
56                                     3.5025301236335515e-05
57                                     1.9054177904194100e-07
58                                     1.6517900127466234e-05
59                                     1.9426063632338453e-05
60                                     8.7187032200064518e-05
61                                    -4.8822456385766433e-06
62                                    -1.6644922915448612e-05
63                                     1.4729660506973552e-05
64                                    -2.7481670468454400e-06
65                                     2.5276960446997399e-05
66                                     5.7609339052411279e-05
67                                    -1.1945080546138520e-05
68                                    -1.3758300146826663e-05
69                                    -1.1072346809165579e-05
70                                     1.4053421421023060e-06
71                                    -3.1324192271767193e-05
72                                    -1.1491223600765266e-05
73                                     4.3523185678073784e-05
74                                     8.6494342491985621e-05
75                                    -2.1768350485264210e-05
76                                     1.7593248678560158e-05
77                                    -6.1786114545554771e-05
78                                    -1.2030146084196502e-05
79                                    -3.7762691818432614e-05
80                                    -2.9237489211464407e-05
81                                    -3.1501934077464433e-05
82                                    -2.2293353922821224e-05
83                                     3.0573351618608247e-05
84                                    -5.6853842446136227e-06
85                                     3.0351402127704041e-07
86                                     1.1975286198943891e-05
87                                    -9.7502849189662344e-06
88                                    -6.3963963127661172e-06
89                                     7.0124509168878468e-06
90                                     2.6468668645349136e-05
91                                     2.7220640810343699e-05
92                                    -1.0314100704233997e-05
93                                     5.6289539070164540e-07
94                                    -2.1780289711142986e-05
95                                    -4.3497166705222523e-05
96                                     1.6026630229148964e-05
97                                     3.4824853620218921e-05
98                                     2.0026178285476037e-05
99                                    -6.4341265950396132e-06
100                                   -1.6991930542560596e-05
101                                   -1.8919488913970994e-05
102                                    8.6363088655783127e-06
103                                    3.8667212040044419e-06
104                                   -3.2133925386701456e-06
105                                    1.3214946797845961e-05
106                                   -8.1838945888978998e-06
107                                   -1.7755549029177531e-06
108                                    1.2853957000180660e-06
109                                   -1.5521074361424247e-05
110                                    3.2196224354630321e-06
111                                    1.7245226191675567e-05
112                                    3.9730186248698729e-06
113                                    3.4842840244408979e-06
114                                    3.6803688934494705e-06
115                                   -9.7236823843188658e-06
116                                    8.2183270788682705e-07
117                                   -5.9509683337372055e-06
118                                   -6.5975713588461993e-06
119                                    8.8214804795372359e-06
120                                    1.6150941009596131e-07
121                                   -1.4154644349922973e-05
122                                    7.5115010070014865e-06
123                                    6.7967873578628213e-06
124                                   -1.4059615739692166e-05
125                                    5.5050610291429436e-06
126                                    1.9278196664709868e-05
127                                   -7.6885440801616189e-06
128                                   -1.2886238068471334e-05
129                                   -1.5925353111068130e-05
130                                    1.2249122137659996e-05
131                                   -5.7832242148503354e-06
132                                   -1.4435521492800474e-05
133                                   -5.2822312500561130e-06
134                                    6.4444534016439015e-06
135                                    2.3484685308439168e-05
136                                   -7.0735189148934952e-06
137                                   -1.7063103508740962e-06
138                                   -1.1708005756005946e-06
139                                    8.0364652245007440e-06
140                                    1.5354849124016301e-05
141                                    8.8618480330315830e-07
142                                   -2.4455845661075504e-06
143                                    1.1802954620693251e-05
144                                    4.0883205894293173e-06
145                                    1.2410306479471167e-05
146                                    7.2112264132284665e-07
147                                   -3.4945265163371930e-06
148                                    6.1063399125482754e-06
149                                    8.8886850049263444e-06
150                                    5.5832778600439781e-07
151                                   -1.5536179886366241e-05
152                                    1.7808255880408241e-05
153                                    3.7041364162049284e-07
154                                   -7.0916034764501035e-06
155                                    2.4708992477459613e-05
156                                    5.2645554869945599e-06
157                                    7.5443594676483094e-06
158                                   -7.5685198049207925e-06
159                                    4.0272087803161494e-06
160                                    1.1509700849898774e-06
161                                   -1.3565395133030567e-05
162                                   -1.3229454823404652e-05
163                                   -1.6793378671539627e-05
164                                   -2.5328669974872264e-06
165                                   -5.7719959557500644e-06
166                                   -1.0524251453369882e-06
167                                    1.0081511894410866e-05
168                                    1.0869709523575466e-05
169                                   -3.6057472393991041e-07
170                                   -1.5203644448957832e-06
171                                    1.6098672687564486e-06
172                                   -2.6910252074741070e-06
173                                   -1.2064605053263566e-05
174                                   -2.4918181618094337e-06
175                                    9.8585199460043960e-06
176                                   -8.8006477828202201e-06
   &Method [&Type "String"] "SCF"
   &Level [&Type "String"] "Relaxed density"
   &Mult [&Type "Integer"] 1
   &State [&Type "Integer"] 0
   &Irrep [&Type "Integer"] 0
$End
$Geometry
   &GeometryIndex 12
   &NAtoms [&Type "Integer"] 59
   &NCorelessECP [&Type "Integer"] 0
   &NGhostAtoms [&Type "Integer"] 0
   &CartesianCoordinates [&Type "Coordinates", &Dim(59,4), &Units "Bohr"] 
              C     44.711719165486  -33.404075813533   -0.029955398588
              C     45.706293002478  -34.782450842773    2.306645629698
              C     48.189807988352  -36.226613733812    2.008350503700
              N     49.757244112195  -35.578124682319   -0.005592141584
              C     48.899986103746  -33.957668449250   -2.115013500367
              C     46.902171841156  -32.044218531716   -1.320187630875
              C     52.162301071238  -36.773203106078   -0.302072728804
              C     53.785657671427  -37.133064028874    1.769381921165
              C     56.151981541008  -38.226233623270    1.447002426073
              C     56.981065422902  -38.991195880550   -0.956107530888
              C     55.373107299332  -38.619146781133   -3.024965912116
              C     52.989854238706  -37.533648459782   -2.699815720804
              N     59.378496159029  -40.185993293554   -1.282317755179
              C     59.583343254817  -42.194539174296   -3.224556153738
              C     61.465995745102  -44.261041917563   -2.487149872123
              C     63.873052616370  -43.018798445558   -1.708952217777
              C     63.846230325249  -40.611317937040   -0.657780923439
              C     61.534918221936  -39.113847028788   -0.189967151846
              O     48.780664630820  -37.827966815645    3.582773270719
              O     61.483480033361  -37.161576565416    1.074550678466
              C     66.443386339908  -43.709546945152   -1.784914807380
              N     67.910514912875  -41.844150675560   -0.852393243962
              N     66.329833363962  -39.973067254852   -0.152253618497
              C     67.408035760618  -37.696749373002    0.846591038215
              C     67.558389641098  -46.108222531200   -2.732281687778
              N     70.129019205201  -46.235853305160   -2.573528550894
              O     66.234325031416  -47.819309349894   -3.601148763115
              C     66.585364432470  -36.688413393235    3.151088751014
              C     67.735771141225  -34.536372738857    4.113636149465
              C     69.727728097667  -33.371696599688    2.798496441989
              C     70.560866468741  -34.395593356791    0.500161425679
              C     69.392573246705  -36.558277075201   -0.462984775225
              O     70.728752545482  -31.263980168009    3.908534155630
              C     72.761213764157  -30.020014191032    2.642931138128
              H     43.863967269369  -34.766393778155   -1.361036267925
              H     43.203201380573  -32.075689032728    0.503352311876
              H     46.053707952645  -33.413509552729    3.842415012955
              H     44.338496413263  -36.148600037409    3.062212839751
              H     50.579086994387  -32.994911763582   -2.869281475536
              H     48.128711598868  -35.144047312655   -3.653374898273
              H     47.739735911133  -30.644052598933   -0.023523021378
              H     46.271192529527  -31.013168061381   -3.012741031384
              H     53.174332285330  -36.577083154864    3.650008298305
              H     57.379142002205  -38.481712756381    3.076067940899
              H     55.968009928032  -39.164592288658   -4.920577594246
              H     51.779166989899  -37.293134050084   -4.348444352207
              H     57.688305794109  -42.997413121148   -3.467457234443
              H     60.160425851254  -41.356335853880   -5.048570818204
              H     60.707903618385  -45.410858703121   -0.920874677538
              H     61.775593290389  -45.553331088468   -4.079925144549
              H     71.117414172386  -44.811542259855   -1.753183935742
              H     71.006291089377  -47.852339585382   -3.105611897001
              H     65.037207111787  -37.576153434054    4.169683731136
              H     67.119190863094  -33.722024318402    5.902592400245
              H     72.098597598625  -33.529815342379   -0.557061159639
              H     70.028597321933  -37.374020925553   -2.243788983694
              H     72.176615294533  -29.323860172543    0.768269115135
              H     73.272555571750  -28.413016299706    3.843647483649
              H     74.408635399892  -31.277907010726    2.432068622289
$End
$SCF_Energy
   &GeometryIndex 12
   &Method [&Type "String"] "SCF"
   &totalEnergy [&Type "ArrayOfDoubles", &Dim (1,1)] "Total energy of each state"
                                                         0

0                                     -1.5430165212794423e+03
   &Mult [&Type "ArrayOfIntegers", &Dim (1,1)] "Multiplicity of each state"
                                                         0

0                                                        1
$End
$DFT_Energy
   &GeometryIndex 12
   &nAlphaEl [&Type "Integer"] 120
   &nBetaEl [&Type "Integer"] 120
   &nTotalEl [&Type "Integer"] 241
   &finalEn [&Type "Double"]      -1.5430165212794423e+03  "No Van der Waals correction"
   &eExchange [&Type "Double"]      -2.0529812954967554e+02
   &eCorr [&Type "Double"]      -8.9277580026086252e+00
   &eXC [&Type "Double"]      -2.1422588755228415e+02
   &eCNL [&Type "Double"]       0.0000000000000000e+00
$End
$SCF_Timings
   &GeometryIndex 12
   &TOTAL [&Type "Double"]       4.9402200000000005e+02
   &PREP [&Type "Double"]       2.4300000000000002e+00
   &FOCK [&Type "Double"]       4.4008900000000000e+02
   &DENS [&Type "Double"]       2.0930000000000177e+00
   &ETOT [&Type "Double"]       7.9700000000001125e-01
   &TRAFO [&Type "Double"]       3.9680000000000035e+00
   &DIIS [&Type "Double"]       6.0180000000000078e+00
   &SOSCF [&Type "Double"]       1.8492999999999952e+01
   &XC [&Type "Double"]       2.4582499999999990e+02
   &FOCKSTART [&Type "Double"]       4.1700000000001447e-01
   &INT_BF [&Type "Double"]       3.6297999999999675e+01
   &INT_DENS [&Type "Double"]       8.7196000000000424e+01
   &INT_DENSIO [&Type "Double"]       5.4629630669999979e+06
   &INT_FUNC [&Type "Double"]       1.1599999999997728e+00
   &INT_POT [&Type "Double"]       1.1377100000000041e+02
   &INT_POTIO [&Type "Double"]       4.4799999999982276e-01
   &INT_SUM [&Type "Double"]       4.9999999999883471e-03
   &SPLITRIJ [&Type "Double"]       2.1405500000000001e+02
$End
$Single_Point_Data
   &GeometryIndex 12
   &FinalEnergy [&Type "Double"]      -1.5430165212794423e+03  "Final single point energy"
   &Converged [&Type "Boolean"] true
$End
$SCF_Nuc_Gradient
   &GeometryIndex 12
   &NAtoms [&Type "Integer"] 59
   &gradNorm [&Type "Double"]       3.2436761602269357e-04
   &grad [&Type "ArrayOfDoubles", &Dim (177,1)] 
                                                         0

0                                     -1.3001132726869757e-05
1                                      1.7631884154351019e-05
2                                      3.7580420072874654e-05
3                                     -3.3057722572581161e-05
4                                      5.4279592156536438e-06
5                                     -6.9136245327838797e-06
6                                      2.3251422858749926e-06
7                                      9.1254668745099909e-06
8                                      1.8926607885827451e-05
9                                      4.5550103801292319e-05
10                                     1.5389641803045806e-05
11                                    -5.5290538879211593e-05
12                                    -1.3877815693716378e-05
13                                     1.0816235194721635e-05
14                                     2.2950508899499678e-05
15                                    -9.5882581610529094e-08
16                                     2.8467817484251201e-05
17                                    -5.3376759579545907e-05
18                                    -2.3148601490552423e-05
19                                    -8.8630060738614791e-06
20                                     8.5256224664626012e-06
21                                    -3.0109884286727562e-05
22                                     2.4728450911642996e-05
23                                     4.9850769429815589e-05
24                                     4.3261330312335811e-05
25                                    -1.6735490241892581e-05
26                                     2.4227993091915923e-05
27                                     4.5254060904165172e-06
28                                     1.3397012662466623e-05
29                                    -4.8202708193445520e-05
30                                     2.0121937128164680e-05
31                                    -1.8985563115483939e-05
32                                    -1.7180809130309949e-05
33                                    -2.4686224257608469e-05
34                                     2.0363967806080741e-05
35                                    -1.4394441549048231e-05
36                                    -3.5761568170089575e-05
37                                    -6.9452828147534285e-05
38                                     6.0823800942036432e-06
39                                     2.2107841244206616e-05
40                                     2.7969375521325057e-06
41                                     1.0754521439657050e-05
42                                    -8.2047039254157239e-06
43                                     1.7762796052867014e-05
44                                     6.4097047259015216e-06
45                                    -7.3597761633958925e-06
46                                    -6.1221372491343518e-05
47                                    -2.3018692525370033e-05
48                                    -6.4716138020809444e-05
49                                     7.1725544458778323e-06
50                                     2.6659814550855643e-05
51                                     5.9627622226280513e-05
52                                     8.7643047243485261e-05
53                                    -3.6985030939240549e-07
54                                    -1.4120368288517149e-05
55                                     5.8455328227347003e-06
56                                     3.8032972698442968e-06
57                                    -3.6636273605394898e-06
58                                    -2.5180272796021530e-05
59                                    -1.2388953735120722e-06
60                                     4.2614689123365856e-05
61                                     3.0444616046787498e-06
62                                     1.3981506056387483e-05
63                                     3.8273776275105087e-05
64                                    -3.7522092291492060e-05
65                                     1.4247814807709369e-05
66                                     1.9699719853272235e-05
67                                     2.6209144850963817e-05
68                                    -6.8197308615153274e-06
69                                    -1.1647457506869241e-05
70                                    -6.6851714930482586e-07
71                                    -4.6384799640281082e-05
72                                    -5.8391974732771579e-05
73                                     9.0093763548043659e-05
74                                     4.9983410021728347e-05
75                                    -3.9243199327909650e-05
76                                     2.2783740520129769e-05
77                                    -4.7417759198704890e-05
78                                     2.2367689084090703e-05
79                                    -5.3556927402609311e-05
80                                    -1.3901495817897347e-05
81                                    -5.6045262035731014e-06
82                                    -8.3842485083668317e-06
83                                     2.5206693006884356e-05
84                                    -2.0568687830818666e-05
85                                    -1.4184210285310417e-05
86                                     5.3743496792671430e-06
87                                    -1.2830302633132229e-05
88                                    -3.9498268500345879e-05
89                                    -2.8816931931990863e-05
90                                     1.6584788260469094e-05
91                                     2.1955046429780745e-05
92                                     7.1175772911602486e-07
93                                    -9.8604013537562096e-06
94                                    -2.6870504149623109e-05
95                                    -1.7764839082029527e-05
96                                     9.4926854921351111e-06
97                                     4.9727808861560474e-05
98                                     4.5711675445009314e-05
99                                     2.3184396376989269e-06
100                                   -1.3981743099003054e-05
101                                   -2.8608378264757470e-05
102                                    1.3016741385360464e-05
103                                    1.0053127717957189e-05
104                                   -4.6508522472954450e-06
105                                    8.1869506624032695e-06
106                                   -1.4774580331888831e-05
107                                   -4.2142117456164807e-06
108                                    1.8812563716691377e-06
109                                   -2.3895872277024388e-06
110                                   -8.5142830864026742e-06
111                                    2.2862738701417973e-05
112                                   -5.8211806372443498e-07
113                                    2.1050245335579865e-06
114                                    3.4952647487429545e-06
115                                   -1.8743898040435303e-05
116                                    6.5109650670830410e-06
117                                   -3.2167309743647010e-07
118                                   -2.9025011233224651e-06
119                                    9.2279698145625311e-06
120                                   -5.7865141155633015e-06
121                                   -2.0576753161638539e-05
122                                    1.1639474979174835e-05
123                                    1.3952340811015929e-05
124                                   -1.5770897253380989e-05
125                                    7.0798704763230802e-06
126                                    1.3459622369121904e-05
127                                   -8.5921954588036309e-06
128                                   -1.8928503661891360e-05
129                                   -1.3134378531287627e-05
130                                    6.2120900559334280e-06
131                                   -1.2916090491643661e-05
132                                   -1.0632274322200375e-05
133                                   -4.5652974715176819e-06
134                                    1.4920969227172343e-05
135                                    2.0413423339665782e-05
136                                   -4.6088054372339649e-06
137                                    6.4882577673341935e-06
138                                   -3.7712349089669139e-06
139                                    1.6524638988366092e-05
140                                    1.3933792446504945e-05
141                                   -8.9655284494644105e-06
142                                   -6.8214186317860914e-06
143                                    4.3112058097372064e-06
144                                    4.4162624004695505e-06
145                                    4.9492014265739570e-06
146                                   -1.0281820622959348e-06
147                                   -7.3900718127045684e-06
148                                   -1.0101966235742665e-06
149                                    1.0701315754174656e-05
150                                    1.7411437974429456e-05
151                                   -2.5395947750694869e-05
152                                    1.5009978960173198e-05
153                                    5.1520930436366186e-06
154                                   -6.3395721963122043e-06
155                                    2.7484012328035656e-05
156                                    5.9610213469507567e-06
157                                    1.0911106928038206e-05
158                                   -5.9830048487474752e-06
159                                    9.7976923996018206e-06
160                                    9.2708054324486255e-06
161                                   -1.4188773779510999e-05
162                                   -1.4861454076503522e-05
163                                   -1.2606005608095661e-05
164                                   -5.1217172029882629e-07
165                                   -1.4476066920177111e-06
166                                    6.7581689280893364e-07
167                                    4.5798450966083593e-06
168                                    1.4849768117830564e-05
169                                   -4.3157913298674799e-06
170                                   -2.0849625951835371e-06
171                                   -3.1299685126218169e-06
172                                   -4.4281349978469997e-06
173                                   -8.7462688647954590e-06
174                                   -4.3375048707772201e-06
175                                    1.0548975950569472e-05
176                                   -1.3513985189297917e-05
   &Method [&Type "String"] "SCF"
   &Level [&Type "String"] "Relaxed density"
   &Mult [&Type "Integer"] 1
   &State [&Type "Integer"] 0
   &Irrep [&Type "Integer"] 0
$End
$Geometry
   &GeometryIndex 13
   &NAtoms [&Type "Integer"] 59
   &NCorelessECP [&Type "Integer"] 0
   &NGhostAtoms [&Type "Integer"] 0
   &CartesianCoordinates [&Type "Coordinates", &Dim(59,4), &Units "Bohr"] 
              C     44.710094685828  -33.405604871216   -0.029612654185
              C     45.706672045887  -34.780526662793    2.308162331777
              C     48.190095533159  -36.224849139869    2.009964032397
              N     49.756325146347  -35.578391538804   -0.005581646020
              C     48.897354532423  -33.960760454902   -2.116573382003
              C     46.899287266084  -32.046971671763   -1.323159684563
              C     52.161656034146  -36.772954539210   -0.301955357466
              C     53.785488707624  -37.131868350779    1.769302636141
              C     56.151911638648  -38.224752058287    1.446995169515
              C     56.980898352079  -38.990427253179   -0.955921321172
              C     55.372552311288  -38.619095161617   -3.024640410672
              C     52.989105364152  -37.534088564646   -2.699518865242
              N     59.378425238416  -40.184958704359   -1.282414900595
              C     59.583348936643  -42.193225964773   -3.225045955732
              C     61.465921490580  -44.259930331344   -2.487964668206
              C     63.872986925655  -43.017905325817   -1.709473655776
              C     63.846252475173  -40.610739322531   -0.657657310803
              C     61.534823810574  -39.113511354079   -0.189370498424
              O     48.782061178193  -37.824313033244    3.585878432038
              O     61.483401388932  -37.161678161077    1.075848560572
              C     66.443222229919  -43.708797084658   -1.785720313286
              N     67.910412107439  -41.843601298594   -0.852904911854
              N     66.329874824047  -39.972687978663   -0.151966580879
              C     67.408611678682  -37.696681976463    0.847162910853
              C     67.558253724850  -46.107398153178   -2.733586852123
              N     70.128816999859  -46.235406286022   -2.573950661069
              O     66.234049031688  -47.818060695694   -3.602983922450
              C     66.585695081094  -36.687746729083    3.151274445250
              C     67.736680641270  -34.536047110892    4.113934945165
              C     69.729426659127  -33.372236322665    2.799250834478
              C     70.562798854280  -34.396698742935    0.501257278171
              C     69.393936079398  -36.558995614665   -0.461976418213
              O     70.730895605492  -31.264849338264    3.909359536254
              C     72.764209905271  -30.021618904610    2.644420762548
              H     43.861553753010  -34.769932120254   -1.358146297010
              H     43.201715127039  -32.076722982847    0.503005076407
              H     46.055116430169  -33.409348320111    3.841732542665
              H     44.339521007150  -36.145700048109    3.066725497728
              H     50.575643567306  -32.998171616995   -2.872901652481
              H     48.125780832102  -35.149287312825   -3.653135142484
              H     47.737159052663  -30.644431530332   -0.029232236118
              H     46.266808693595  -31.018606538527   -3.016842737237
              H     53.174415895414  -36.575335567020    3.649886986638
              H     57.379282332259  -38.479394397538    3.076076624581
              H     55.967321903364  -39.164766125782   -4.920258057485
              H     51.778160136261  -37.294422053411   -4.348116250185
              H     57.688363541410  -42.996137752635   -3.468325838482
              H     60.160594180955  -41.354647932985   -5.048846787106
              H     60.707703553606  -45.410094268157   -0.921973233033
              H     61.775559819049  -45.551891616588   -4.081018841825
              H     71.117123912983  -44.810735338455   -1.754120805410
              H     71.006311472096  -47.851325335594   -3.107371661366
              H     65.036942254861  -37.574814989613    4.169590560937
              H     67.119904819564  -33.721405478572    5.902711110360
              H     72.101191784392  -33.531563040319   -0.555601653339
              H     70.030128776753  -37.375136665261   -2.242555489256
              H     72.180421691951  -29.325391621078    0.769511525383
              H     73.275684068940  -28.414716655317    3.845224775441
              H     74.411273537842  -31.280126562355    2.434218787691
$End
$SCF_Energy
   &GeometryIndex 13
   &Method [&Type "String"] "SCF"
   &totalEnergy [&Type "ArrayOfDoubles", &Dim (1,1)] "Total energy of each state"
                                                         0

0                                     -1.5430165215184015e+03
   &Mult [&Type "ArrayOfIntegers", &Dim (1,1)] "Multiplicity of each state"
                                                         0

0                                                        1
$End
$DFT_Energy
   &GeometryIndex 13
   &nAlphaEl [&Type "Integer"] 120
   &nBetaEl [&Type "Integer"] 120
   &nTotalEl [&Type "Integer"] 241
   &finalEn [&Type "Double"]      -1.5430165215184015e+03  "No Van der Waals correction"
   &eExchange [&Type "Double"]      -2.0529804243072027e+02
   &eCorr [&Type "Double"]      -8.9277625875733229e+00
   &eXC [&Type "Double"]      -2.1422580501829358e+02
   &eCNL [&Type "Double"]       0.0000000000000000e+00
$End
$SCF_Timings
   &GeometryIndex 13
   &TOTAL [&Type "Double"]       4.0008500000000004e+02
   &PREP [&Type "Double"]       2.8830000000000000e+00
   &FOCK [&Type "Double"]       3.5479599999999999e+02
   &DENS [&Type "Double"]       1.6120000000001369e+00
   &ETOT [&Type "Double"]       6.6199999999999903e-01
   &TRAFO [&Type "Double"]       1.9190000000000396e+00
   &DIIS [&Type "Double"]       2.0459999999999994e+00
   &SOSCF [&Type "Double"]       1.5577999999999925e+01
   &XC [&Type "Double"]       1.9995000000000005e+02
   &FOCKSTART [&Type "Double"]       3.6199999999991528e-01
   &INT_BF [&Type "Double"]       2.9307000000002176e+01
   &INT_DENS [&Type "Double"]       7.2254999999999256e+01
   &INT_DENSIO [&Type "Double"]       3.7289139719999973e+06
   &INT_FUNC [&Type "Double"]       9.7300000000075926e-01
   &INT_POT [&Type "Double"]       8.7334999999998246e+01
   &INT_POTIO [&Type "Double"]       4.1099999999998360e-01
   &INT_SUM [&Type "Double"]       6.0000000000570708e-03
   &SPLITRIJ [&Type "Double"]       1.7452800000000002e+02
$End
$Single_Point_Data
   &GeometryIndex 13
   &FinalEnergy [&Type "Double"]      -1.5430165215184015e+03  "Final single point energy"
   &Converged [&Type "Boolean"] true
$End
$SCF_Nuc_Gradient
   &GeometryIndex 13
   &NAtoms [&Type "Integer"] 59
   &gradNorm [&Type "Double"]       1.9456445232955062e-04
   &grad [&Type "ArrayOfDoubles", &Dim (177,1)] 
                                                         0

0                                      1.9796766766722040e-06
1                                      1.1298435743614665e-05
2                                      2.2256314019100665e-05
3                                     -1.5271301592359454e-05
4                                      1.0219326617752489e-05
5                                     -1.2633656803207050e-05
6                                      7.2095403536032165e-08
7                                      3.3003650866392231e-06
8                                      1.4131075388584824e-05
9                                      3.4638974256623323e-05
10                                     2.2913298820814720e-08
11                                    -3.0570821733306996e-05
12                                    -1.6584000216084138e-05
13                                     8.9519003643179218e-06
14                                     1.4293473916390798e-05
15                                    -3.5895790916062875e-07
16                                     1.0688656745333480e-05
17                                    -2.7639385343697365e-05
18                                    -1.4405236122616571e-05
19                                     1.6555043845511985e-06
20                                     4.8522746696616492e-06
21                                    -8.9164285158177536e-06
22                                     6.6354155274228610e-06
23                                     2.0792090187016221e-05
24                                     9.1280945125754576e-06
25                                    -4.3229674979994304e-06
26                                     6.1960031507157787e-06
27                                     4.9061085946044969e-06
28                                     1.6892140898838726e-06
29                                    -2.5430565880044109e-05
30                                     9.2889413598751247e-06
31                                    -5.2054031226822506e-06
32                                    -2.2561722079483815e-06
33                                    -8.4398869076018901e-06
34                                     9.3739713575846650e-06
35                                     1.6386379254607064e-06
36                                    -2.9379787019750969e-05
37                                    -3.7333469985301182e-05
38                                     4.1167622609680765e-06
39                                     1.8507994353822443e-05
40                                    -2.3290400259223798e-06
41                                     8.8115127226048862e-06
42                                    -1.2422080980234451e-06
43                                     1.6935648655236335e-05
44                                     4.3293875399280646e-06
45                                     7.7672247252857929e-06
46                                    -3.6780313750289784e-05
47                                    -1.7296086864029836e-05
48                                    -3.1414974818400054e-05
49                                    -3.3383740638548431e-06
50                                     1.5824220233273678e-05
51                                     4.5990764725299671e-05
52                                     6.2351278490496709e-05
53                                     7.3337816476615192e-06
54                                    -8.3018658014744062e-06
55                                     1.0898355891075795e-05
56                                     7.0455459533214082e-07
57                                    -3.8001072904161187e-06
58                                    -2.0663751629124150e-05
59                                    -5.1625875900906948e-06
60                                     6.0511859424905445e-06
61                                    -1.5165708396602806e-06
62                                     2.3144461015922602e-05
63                                     2.3527751672525188e-05
64                                    -2.2175569821820951e-05
65                                    -4.0060762187543730e-06
66                                    -2.6830107673347925e-06
67                                     1.8727088443609707e-05
68                                     3.5731954357437479e-06
69                                    -4.1581130007239953e-06
70                                    -3.8303223603985970e-06
71                                    -2.1807184856226236e-05
72                                    -4.5648703223072351e-05
73                                     5.4699260642498970e-05
74                                     1.5523314454590764e-05
75                                    -1.5469582375041147e-05
76                                     1.6156618355446517e-05
77                                    -3.6367802452183517e-05
78                                     1.6799310050830130e-05
79                                    -3.4569558481412077e-05
80                                     3.1597168528296748e-06
81                                     4.2668810889337494e-06
82                                     2.9474926296312043e-06
83                                     6.8564756648820113e-06
84                                    -1.1469550343090607e-05
85                                    -7.7619809453893795e-06
86                                    -2.8398902736370690e-08
87                                    -6.8200192641712509e-06
88                                    -2.8270773414482142e-05
89                                    -2.7182740533870930e-05
90                                     4.1401041645967862e-06
91                                     9.0897417569513195e-06
92                                     3.6569629778271384e-06
93                                    -7.6843764630074585e-06
94                                    -1.2110156269451444e-05
95                                    -4.2112338765887269e-06
96                                     4.5714118265607895e-06
97                                     2.8287157527590034e-05
98                                     2.5355369396490302e-05
99                                     3.0752385057966625e-06
100                                   -5.1813255271208197e-06
101                                   -1.7967137893162843e-05
102                                    2.6904009229888892e-06
103                                    5.7622364457721176e-06
104                                   -3.7652866469728430e-06
105                                    2.1277692681676008e-06
106                                   -4.5469643076001542e-06
107                                   -1.9363443560516114e-06
108                                   -8.0919781345056840e-07
109                                   -1.1408924416311805e-07
110                                   -1.3093667927677188e-06
111                                    1.2232582913107581e-05
112                                   -2.0607484781665075e-06
113                                    3.3484178582343649e-06
114                                    2.8523121227141957e-06
115                                   -9.4038083813807738e-06
116                                    7.7470837292481498e-07
117                                    3.6195988484255537e-08
118                                   -8.8967121697480778e-07
119                                    2.6300452279359732e-06
120                                   -8.3649920197548244e-07
121                                   -8.5007222613009414e-06
122                                    5.8984417545260293e-06
123                                    6.8085897964725861e-06
124                                   -8.8470200874657401e-06
125                                    2.4196365389084207e-07
126                                    6.8460116522742198e-06
127                                   -2.8256182088848281e-06
128                                   -4.4533929268730787e-06
129                                   -4.7688573724669059e-06
130                                    4.9590461240166250e-06
131                                   -1.2067302606055819e-06
132                                   -6.2668953577579845e-06
133                                   -3.2454362869083209e-06
134                                    5.0595949706022658e-06
135                                    1.0283443370825984e-05
136                                   -4.2263634802211514e-06
137                                   -3.8012870814951860e-07
138                                   -5.3354739946165353e-06
139                                    7.0614527603041211e-06
140                                    7.1112047460714090e-06
141                                   -7.1438624775418957e-06
142                                   -5.8384580353676441e-06
143                                    5.7808214881660547e-07
144                                    3.3608649344096797e-07
145                                   -5.8890738047212565e-07
146                                    3.2348350521016478e-06
147                                   -5.4773961633974855e-06
148                                   -4.7895324026825392e-06
149                                    7.2601773567770866e-06
150                                    1.1710676416309962e-05
151                                   -1.8583367059676892e-05
152                                    1.6015319171114317e-05
153                                    3.0444548187458231e-06
154                                   -8.1126533855169214e-06
155                                    2.4380784362315611e-05
156                                    9.6677554189961157e-07
157                                    5.5285989521147716e-06
158                                   -6.6851872558559844e-07
159                                    6.5739591885993764e-06
160                                    7.9683331708491068e-06
161                                   -7.5381880691727243e-06
162                                   -5.1062669434442931e-06
163                                   -5.6305180010651767e-06
164                                   -3.8831295207514271e-06
165                                    3.1925410520772246e-07
166                                   -1.2941382615816455e-06
167                                   -6.2291634481126401e-07
168                                    8.1222868275609983e-06
169                                   -3.1155111112485256e-06
170                                   -6.6080342297492045e-06
171                                   -1.3937537895469809e-06
172                                   -1.2269443160073390e-06
173                                   -7.0526005195303831e-06
174                                   -4.7661545504729119e-07
175                                    4.0223328643396172e-06
176                                   -1.1098721107046655e-05
   &Method [&Type "String"] "SCF"
   &Level [&Type "String"] "Relaxed density"
   &Mult [&Type "Integer"] 1
   &State [&Type "Integer"] 0
   &Irrep [&Type "Integer"] 0
$End
$Geometry
   &GeometryIndex 14
   &NAtoms [&Type "Integer"] 59
   &NCorelessECP [&Type "Integer"] 0
   &NGhostAtoms [&Type "Integer"] 0
   &CartesianCoordinates [&Type "Coordinates", &Dim(59,4), &Units "Bohr"] 
              C     44.706466257003  -33.410527884473   -0.029226416544
              C     45.708592166209  -34.775097686302    2.312186598786
              C     48.191611107163  -36.220060648622    2.013995461855
              N     49.755100444791  -35.577918996155   -0.005158231291
              C     48.891920924284  -33.967347908027   -2.119973684599
              C     46.892050322438  -32.053707785680   -1.330617773955
              C     52.160903961918  -36.771536517614   -0.301554181555
              C     53.786154716048  -37.127889059610    1.769101602518
              C     56.152681854085  -38.220393346637    1.446737589772
              C     56.980886591808  -38.988265690916   -0.955752808874
              C     55.371375226055  -38.619008558775   -3.023969656848
              C     52.987664192208  -37.534683689366   -2.698736609611
              N     59.378405849038  -40.182716246182   -1.282656436541
              C     59.583046647577  -42.190756266690   -3.225696132653
              C     61.465540184500  -44.257785191875   -2.489278556877
              C     63.872776985403  -43.016169602664   -1.710684341155
              C     63.846420752870  -40.609414236313   -0.658049812412
              C     61.535012340161  -39.112218968884   -0.189128515460
              O     48.786000474290  -37.815599546711    3.592945534153
              O     61.484011368319  -37.160610064815    1.076491355952
              C     66.442829205186  -43.707480421807   -1.787475221956
              N     67.910277287975  -41.842813359135   -0.853998157877
              N     66.330140673261  -39.971948674947   -0.152059900915
              C     67.409797437759  -37.696658182488    0.847942088659
              C     67.557627064839  -46.106011313800   -2.736330805368
              N     70.127921002795  -46.235420572252   -2.574289411631
              O     66.233097783649  -47.815090217374   -3.608227811899
              C     66.586689307928  -36.687506568338    3.151836954702
              C     67.738698257842  -34.536675563269    4.115270187085
              C     69.732642854545  -33.373878981431    2.801514718757
              C     70.566202356463  -34.398525839465    0.503674098999
              C     69.396298109953  -36.559893766455   -0.460297603178
              O     70.734969196240  -31.267409104618    3.912341236943
              C     72.769593849853  -30.025041690216    2.648704109213
              H     43.857777510737  -34.781072046834   -1.351247845807
              H     43.197129746357  -32.081572240010    0.500665396169
              H     46.060400329127  -33.396945327523    3.838785532655
              H     44.343477839050  -36.137232052782    3.079847423339
              H     50.568085175023  -33.004515499715   -2.880745130886
              H     48.120564930679  -35.161384202052   -3.652378660309
              H     47.729495179311  -30.645000937231   -0.043098168571
              H     46.255879613833  -31.032354410216   -3.027237041814
              H     53.176042466450  -36.569650926845    3.649521444188
              H     57.380820695428  -38.472996092247    3.075600860686
              H     55.965389325529  -39.165897644050   -4.919503973140
              H     51.775964831300  -37.297175561935   -4.347115918335
              H     57.688079951261  -42.993676010696   -3.469150442862
              H     60.160257203848  -41.351800829863   -5.049345025646
              H     60.707321007825  -45.408387569820   -0.923573256458
              H     61.774987706280  -45.549299629048   -4.082753542566
              H     71.116659609355  -44.809679920682   -1.756882303041
              H     71.005905646391  -47.849264109857   -3.113088945021
              H     65.037098885142  -37.573841085196    4.169558158725
              H     67.121792567795  -33.722078085956    5.904046253341
              H     72.105603372170  -33.534158346333   -0.552435292814
              H     70.032639632180  -37.376139647866   -2.240795535724
              H     72.186998444371  -29.328103378028    0.773661513626
              H     73.281428267724  -28.418678094120    3.850092250501
              H     74.416021937359  -31.284518770546    2.439061493012
$End
$SCF_Energy
   &GeometryIndex 14
   &Method [&Type "String"] "SCF"
   &totalEnergy [&Type "ArrayOfDoubles", &Dim (1,1)] "Total energy of each state"
                                                         0

0                                     -1.5430165217573740e+03
   &Mult [&Type "ArrayOfIntegers", &Dim (1,1)] "Multiplicity of each state"
                                                         0

0                                                        1
$End
$DFT_Energy
   &GeometryIndex 14
   &nAlphaEl [&Type "Integer"] 120
   &nBetaEl [&Type "Integer"] 120
   &nTotalEl [&Type "Integer"] 241
   &finalEn [&Type "Double"]      -1.5430165217573740e+03  "No Van der Waals correction"
   &eExchange [&Type "Double"]      -2.0529792948291322e+02
   &eCorr [&Type "Double"]      -8.9277752688676983e+00
   &eXC [&Type "Double"]      -2.1422570475178091e+02
   &eCNL [&Type "Double"]       0.0000000000000000e+00
$End
$SCF_Timings
   &GeometryIndex 14
   &TOTAL [&Type "Double"]       4.0556500000000000e+02
   &PREP [&Type "Double"]       9.5499999999999996e-01
   &FOCK [&Type "Double"]       3.6309799999999996e+02
   &DENS [&Type "Double"]       1.6660000000000537e+00
   &ETOT [&Type "Double"]       6.7600000000000904e-01
   &TRAFO [&Type "Double"]       1.6269999999999527e+00
   &DIIS [&Type "Double"]       2.0670000000000002e+00
   &SOSCF [&Type "Double"]       1.5437000000000005e+01
   &XC [&Type "Double"]       2.0327399999999994e+02
   &FOCKSTART [&Type "Double"]       3.8200000000009582e-01
   &INT_BF [&Type "Double"]       2.8864000000000718e+01
   &INT_DENS [&Type "Double"]       7.0411000000001735e+01
   &INT_DENSIO [&Type "Double"]       4.1173786829999974e+06
   &INT_FUNC [&Type "Double"]       9.5099999999979801e-01
   &INT_POT [&Type "Double"]       9.4070999999998520e+01
   &INT_POTIO [&Type "Double"]       3.4900000000026310e-01
   &INT_SUM [&Type "Double"]       9.0000000000571845e-03
   &SPLITRIJ [&Type "Double"]       1.7695800000000003e+02
$End
$Single_Point_Data
   &GeometryIndex 14
   &FinalEnergy [&Type "Double"]      -1.5430165217573740e+03  "Final single point energy"
   &Converged [&Type "Boolean"] true
$End
$SCF_Nuc_Gradient
   &GeometryIndex 14
   &NAtoms [&Type "Integer"] 59
   &gradNorm [&Type "Double"]       1.3967908922721264e-04
   &grad [&Type "ArrayOfDoubles", &Dim (177,1)] 
                                                         0

0                                      1.7957800470036478e-05
1                                     -1.2649709195886039e-06
2                                     -4.0296915227583385e-06
3                                      5.5505393860288965e-06
4                                      1.6784231460426069e-05
5                                     -1.1508566337470327e-05
6                                     -6.9908468237622756e-06
7                                     -5.8568958077181987e-06
8                                      5.5658874717479101e-06
9                                      2.0886185525356704e-05
10                                    -1.6995783271217535e-05
11                                     3.8287263409951533e-06
12                                    -1.5096864304647850e-05
13                                    -5.3877092041215713e-07
14                                    -1.8895597263396402e-06
15                                     7.6884256292042430e-07
16                                    -1.0967451981813703e-05
17                                     1.4748499994443609e-05
18                                    -7.6799004712357899e-06
19                                     1.7483907727350312e-05
20                                    -4.5897731069943770e-06
21                                     2.2505688839991045e-05
22                                    -1.5747174278490927e-05
23                                    -9.1387426452427256e-06
24                                    -3.0639549395347632e-05
25                                     9.9398859953470087e-06
26                                    -1.9821560417215833e-05
27                                     2.1818600930423315e-06
28                                    -8.7009813178468010e-06
29                                     1.3511061441040528e-06
30                                    -2.1727696483675452e-06
31                                     1.0864387717968160e-05
32                                     1.7102167124374845e-05
33                                     8.8710220457199895e-06
34                                     2.5558277993997791e-08
35                                     2.1632768038404304e-05
36                                    -1.2530362607524048e-05
37                                     1.6709175125889653e-06
38                                     3.2468075578245825e-06
39                                     6.6827540685654441e-06
40                                    -5.8731056789759761e-06
41                                     4.9613837984630038e-06
42                                     5.6456432149520897e-06
43                                     1.0388683992806902e-05
44                                     5.6578576772547962e-06
45                                     2.4223859458771813e-05
46                                    -1.0238182204247437e-06
47                                     2.4161598001504192e-06
48                                     1.4944376520664715e-05
49                                    -1.4051273162396516e-05
50                                    -1.0950580081825478e-05
51                                     1.8535521259750720e-05
52                                     1.8893505051076342e-05
53                                     2.7591880677996228e-05
54                                    -3.0488935990891086e-06
55                                     1.3153997910686499e-05
56                                    -2.3921405278848340e-06
57                                    -6.0571196700632060e-06
58                                    -8.9358391821559024e-06
59                                    -1.4937915950807845e-05
60                                    -3.9432661132488001e-05
61                                     5.7292095398397969e-06
62                                    -2.9955283227800500e-06
63                                     4.8334106367287077e-07
64                                     1.9733356340645436e-07
65                                    -9.6150792342347691e-06
66                                    -2.6805629460335823e-05
67                                     3.0700385232063088e-06
68                                     1.3123476549747881e-05
69                                     4.6110759305550975e-06
70                                    -3.6205133730482508e-06
71                                     1.2013521402370886e-05
72                                    -2.1066257693491686e-05
73                                    -3.2242354931433237e-05
74                                     2.3289767453082977e-05
75                                     1.5107729832663369e-05
76                                     1.4886195262339696e-05
77                                    -2.4293561220294080e-05
78                                     7.2210153481133688e-06
79                                     8.1465376194911343e-06
80                                     4.4784138573950028e-06
81                                     1.4227313684826715e-05
82                                     1.1413850675746906e-05
83                                    -1.6946014216211863e-05
84                                    -2.1558196905413496e-06
85                                    -3.5069312731561553e-08
86                                    -3.7925215602627182e-06
87                                     4.8109737395274355e-06
88                                    -6.5554741877082989e-06
89                                    -2.2220371070885703e-05
90                                    -7.0340085108824835e-06
91                                    -3.7159341572112758e-06
92                                     6.5428846972859223e-06
93                                    -6.5317118029956101e-06
94                                     4.9371679076704034e-06
95                                     1.1349347029329659e-05
96                                    -1.9529802645079641e-06
97                                    -5.6171844719510311e-06
98                                    -7.6515074509120318e-06
99                                     3.3929828448745619e-06
100                                    7.2744786455795907e-06
101                                   -1.6496634397400456e-06
102                                   -9.0648900699930035e-06
103                                    1.0148889688366136e-06
104                                   -5.0434045825720197e-07
105                                   -5.4444509303142041e-06
106                                    8.0527538779961993e-06
107                                   -1.3389578823463921e-07
108                                   -1.2154004105160987e-06
109                                    7.2207795606960001e-06
110                                    4.0907236040776951e-06
111                                   -9.2545208471572771e-07
112                                   -2.0243164638167332e-06
113                                    4.7264548150016683e-06
114                                   -8.6781108143973995e-07
115                                    4.0081506748196327e-06
116                                   -6.1949248837678272e-06
117                                    1.3633288427211676e-06
118                                    1.3103675234327206e-06
119                                   -4.5559263848748976e-06
120                                    3.5793958013397020e-06
121                                    7.9767032158672979e-06
122                                   -4.1234229010700396e-06
123                                   -2.2177437194320637e-06
124                                    1.6082886186152834e-06
125                                   -8.8601962410506108e-06
126                                   -1.6298329054420524e-08
127                                    4.9273759139129014e-06
128                                    1.0037453624378578e-05
129                                    6.7807511514861307e-06
130                                    1.9295438660263398e-06
131                                    1.2288024004797338e-05
132                                   -3.5341873571431703e-07
133                                   -2.4336970906591038e-06
134                                   -6.2334044524103849e-06
135                                   -2.1539479684168361e-06
136                                   -4.9240774979003588e-06
137                                   -8.0306317883915845e-06
138                                   -5.2706707028282729e-06
139                                   -4.7729504287774560e-06
140                                   -2.7591264582516040e-06
141                                   -4.0459011102084164e-06
142                                   -4.9959428264495509e-06
143                                   -2.9110759879047432e-06
144                                   -4.6096045454718793e-06
145                                   -7.5633335898661613e-06
146                                    7.1192426622790350e-06
147                                   -3.2735655968937905e-06
148                                   -8.8262302327668518e-06
149                                    3.4746623334969140e-06
150                                    5.0762045210872575e-06
151                                   -9.3235691082382832e-06
152                                    1.0199392021570386e-05
153                                   -1.9779346005499576e-06
154                                   -8.2648697915521652e-06
155                                    1.5403788942117136e-05
156                                   -2.0751199484303484e-06
157                                   -6.1932565464939415e-07
158                                    4.2618256665960530e-06
159                                    2.8581429015878124e-06
160                                    6.7467729231163176e-06
161                                    8.8465853992358845e-07
162                                    7.5779880871484906e-06
163                                    2.7559157321777050e-06
164                                   -7.7878346030763046e-06
165                                    3.0597234251250605e-06
166                                   -3.2551915730705261e-06
167                                   -6.6000292612000688e-06
168                                   -1.6304148196116808e-06
169                                   -1.5042312568602778e-06
170                                   -1.1684409648105021e-05
171                                    1.4331171849235602e-06
172                                    2.6280475021178695e-06
173                                   -5.7958791858103709e-06
174                                    4.0004670485149774e-06
175                                   -4.7887989858552693e-06
176                                   -6.7890174180046392e-06
   &Method [&Type "String"] "SCF"
   &Level [&Type "String"] "Relaxed density"
   &Mult [&Type "Integer"] 1
   &State [&Type "Integer"] 0
   &Irrep [&Type "Integer"] 0
$End
$Geometry
   &GeometryIndex 15
   &NAtoms [&Type "Integer"] 59
   &NCorelessECP [&Type "Integer"] 0
   &NGhostAtoms [&Type "Integer"] 0
   &CartesianCoordinates [&Type "Coordinates", &Dim(59,4), &Units "Bohr"] 
              C     44.705769698135  -33.412179020281   -0.029148151132
              C     45.709253816419  -34.774201916169    2.313156797384
              C     48.192165483892  -36.219258701035    2.014735341471
              N     49.755117323162  -35.577491715123   -0.004978273195
              C     48.891142677689  -33.968145154612   -2.120394593414
              C     46.890379168347  -32.055067356701   -1.331894164332
              C     52.160968418436  -36.770992367858   -0.301548114581
              C     53.786669890773  -37.126512168261    1.768903427501
              C     56.153206339377  -38.218979736135    1.446461412414
              C     56.980996228808  -38.987573274233   -0.955951753335
              C     55.371068160755  -38.619080571649   -3.023986761528
              C     52.987338138184  -37.534811779329   -2.698655121621
              N     59.378464883438  -40.182115299952   -1.282921525360
              C     59.582889039391  -42.190226484780   -3.225895376514
              C     61.465372713739  -44.257305398630   -2.489607478497
              C     63.872683385692  -43.015787630379   -1.711087696209
              C     63.846485759106  -40.609027266363   -0.658474469043
              C     61.535183093130  -39.111654943645   -0.189602493200
              O     48.787031863665  -37.814438563352    3.593866005114
              O     61.484374745630  -37.159979738967    1.075937999377
              C     66.442703910061  -43.707300474781   -1.787819224251
              N     67.910262878792  -41.842775558770   -0.854228302356
              N     66.330252285368  -39.971763235944   -0.152422930864
              C     67.410015066554  -37.696624931107    0.847805543863
              C     67.557332004118  -46.105838180517   -2.736867409727
              N     70.127426399573  -46.236176351297   -2.573136080591
              O     66.232692681324  -47.814521106656   -3.609390731776
              C     66.586897695577  -36.687714419387    3.151808244326
              C     67.739045947333  -34.537106095318    4.115576368300
              C     69.733127930461  -33.374285020838    2.802041622200
              C     70.566672131143  -34.398688763653    0.504071128263
              C     69.396646725290  -36.559852375441   -0.460222310986
              O     70.735596636792  -31.268049843253    3.913165243464
              C     72.770366951041  -30.025706590068    2.649746807941
              H     43.857744976989  -34.784349046541   -1.349895371898
              H     43.195725605122  -32.083724557051    0.499945718606
              H     46.061975391952  -33.394262178315    3.837933839378
              H     44.344708982996  -36.135587546176    3.083101832439
              H     50.566840022925  -33.004873288180   -2.881644333352
              H     48.120276761697  -35.163213488278   -3.652242806180
              H     47.727248077578  -30.645056227398   -0.045436120256
              H     46.253396992553  -31.035140761739   -3.029062416517
              H     53.176879412676  -36.567670980910    3.649237478919
              H     57.381668927794  -38.471002147905    3.075146352790
              H     55.964766167489  -39.166531903534   -4.919447376755
              H     51.775329531550  -37.297895675757   -4.346875675733
              H     57.687888738367  -42.993101725086   -3.469161747959
              H     60.159979385110  -41.351331568894   -5.049607481493
              H     60.707206751644  -45.407907720122   -0.923886695281
              H     61.774725964447  -45.548779525748   -4.083125292900
              H     71.116395528426  -44.810081126465   -1.756647828842
              H     71.005482479863  -47.849432803020   -3.113551523299
              H     65.037205621435  -37.574070324100    4.169346260132
              H     67.122137469532  -33.722699513561    5.904431103571
              H     72.106167518918  -33.534301850507   -0.551865698029
              H     70.032989999661  -37.375916662320   -2.240794671392
              H     72.187882056937  -29.328461806454    0.774789761492
              H     73.282328531387  -28.419552213401    3.851354889984
              H     74.416677660739  -31.285307895409    2.439983532912
$End
$SCF_Mulliken_Population_Analysis
   &GeometryIndex 15
   &NAtoms [&Type "Integer"] 59
   &ATNO [&Type "ArrayOfIntegers", &Dim (59,1)] 
                                                         0

0                                                        6
1                                                        6
2                                                        6
3                                                        7
4                                                        6
5                                                        6
6                                                        6
7                                                        6
8                                                        6
9                                                        6
10                                                       6
11                                                       6
12                                                       7
13                                                       6
14                                                       6
15                                                       6
16                                                       6
17                                                       6
18                                                       8
19                                                       8
20                                                       6
21                                                       7
22                                                       7
23                                                       6
24                                                       6
25                                                       7
26                                                       8
27                                                       6
28                                                       6
29                                                       6
30                                                       6
31                                                       6
32                                                       8
33                                                       6
34                                                       1
35                                                       1
36                                                       1
37                                                       1
38                                                       1
39                                                       1
40                                                       1
41                                                       1
42                                                       1
43                                                       1
44                                                       1
45                                                       1
46                                                       1
47                                                       1
48                                                       1
49                                                       1
50                                                       1
51                                                       1
52                                                       1
53                                                       1
54                                                       1
55                                                       1
56                                                       1
57                                                       1
58                                                       1
   &AtomicCharges [&Type "ArrayOfDoubles", &Dim (59,1)] 
                                                         0

0                                     -4.3238108235735329e-01
1                                     -5.8942631425427994e-01
2                                      4.7872417480638418e-01
3                                      3.0735896727188816e-01
4                                     -6.4560024014750095e-01
5                                     -5.3737607154162870e-01
6                                      2.6535094484543009e-01
7                                     -6.9736515047811931e-01
8                                     -5.6198719960907173e-01
9                                     -4.7167492830961777e-02
10                                    -2.4322025051556739e-01
11                                    -2.7051210014669280e-01
12                                     3.4275025923923064e-01
13                                    -6.7897376528189834e-01
14                                    -5.1832638253450103e-01
15                                     1.3228115468511987e+00
16                                    -6.8377382867851111e-01
17                                     5.9150492499304619e-01
18                                    -6.0235173241809647e-01
19                                    -6.0423789010367734e-01
20                                    -1.9875715622650159e-01
21                                    -1.0724565556583094e+00
22                                     7.1307103609340849e-01
23                                     1.6471768753019589e-02
24                                     2.2781958415336856e-01
25                                    -3.1921046687233634e-01
26                                    -6.1845390174364212e-01
27                                     8.9250457716616438e-03
28                                    -9.7097245861883774e-01
29                                     7.9274866451483561e-01
30                                    -2.0768987489747026e-01
31                                    -6.9026861363461656e-01
32                                    -4.1411443142668958e-01
33                                    -8.3193417051651153e-01
34                                     3.0613276147786350e-01
35                                     1.8222989309970461e-01
36                                     2.0919818748224372e-01
37                                     2.4834648512980317e-01
38                                     3.7320619714516678e-01
39                                     3.0739452312746840e-01
40                                     2.9046500363423133e-01
41                                     2.2856951478872078e-01
42                                     2.8553576813135328e-01
43                                     2.8012281804454042e-01
44                                     4.3872514281323871e-01
45                                     2.9644184344140034e-01
46                                     3.7559050428791996e-01
47                                     3.2506451375499346e-01
48                                     2.6361932292492318e-01
49                                     2.7759869263549486e-01
50                                     2.3276772098671383e-01
51                                     1.8564416003980777e-01
52                                     2.4671722749109337e-01
53                                     3.6209073806149783e-01
54                                     3.7681555104947595e-01
55                                     3.7005026613259906e-01
56                                     3.2677993098177627e-01
57                                     2.5528741668224786e-01
58                                     3.2462602985491040e-01
   &Method [&Type "String"] "SCF"
   &Level [&Type "String"] "Relaxed density"
   &Mult [&Type "Integer"] 1
   &State [&Type "Integer"] -1
   &Irrep [&Type "Integer"] 0
$End
$SCF_Loewdin_Population_Analysis
   &GeometryIndex 15
   &NAtoms [&Type "Integer"] 59
   &ATNO [&Type "ArrayOfIntegers", &Dim (59,1)] 
                                                         0

0                                                        6
1                                                        6
2                                                        6
3                                                        7
4                                                        6
5                                                        6
6                                                        6
7                                                        6
8                                                        6
9                                                        6
10                                                       6
11                                                       6
12                                                       7
13                                                       6
14                                                       6
15                                                       6
16                                                       6
17                                                       6
18                                                       8
19                                                       8
20                                                       6
21                                                       7
22                                                       7
23                                                       6
24                                                       6
25                                                       7
26                                                       8
27                                                       6
28                                                       6
29                                                       6
30                                                       6
31                                                       6
32                                                       8
33                                                       6
34                                                       1
35                                                       1
36                                                       1
37                                                       1
38                                                       1
39                                                       1
40                                                       1
41                                                       1
42                                                       1
43                                                       1
44                                                       1
45                                                       1
46                                                       1
47                                                       1
48                                                       1
49                                                       1
50                                                       1
51                                                       1
52                                                       1
53                                                       1
54                                                       1
55                                                       1
56                                                       1
57                                                       1
58                                                       1
   &AtomicCharges [&Type "ArrayOfDoubles", &Dim (59,1)] 
                                                         0

0                                     -2.0259950892308698e-01
1                                     -1.0433600394824261e-01
2                                     -4.2108858862050269e-01
3                                      2.8164285003436262e-02
4                                     -1.6022035895083420e-01
5                                     -1.8925295678317866e-01
6                                     -1.9723413811908141e-01
7                                      4.1453522569909751e-03
8                                      3.6965159588726593e-03
9                                     -2.0183796985372382e-01
10                                    -1.9940083098837214e-02
11                                    -2.0076635940951881e-02
12                                     3.2286787408412287e-02
13                                    -1.3448775082788522e-01
14                                    -1.0077820257771908e-01
15                                    -8.8770345037476162e-02
16                                    -4.2374645857091942e-02
17                                    -3.4206639277266593e-01
18                                     6.8349886736633003e-02
19                                     8.7496987497474699e-02
20                                    -1.4364078126859248e-01
21                                     1.6111249952809992e-01
22                                    -7.4580866761797537e-03
23                                    -1.8424568677743025e-01
24                                    -4.9159472918031977e-01
25                                     1.6275024307074126e-01
26                                     5.6530324153545308e-02
27                                    -8.6668373858342918e-03
28                                     7.3338731020928805e-03
29                                    -2.7832255950032447e-01
30                                    -1.9431222630455380e-02
31                                    -1.2824422214764652e-02
32                                    -6.2214700625128572e-02
33                                    -9.1899863585438446e-02
34                                     1.1795880528861014e-01
35                                     1.1154053427807087e-01
36                                     1.3092282266821720e-01
37                                     1.2244595285453352e-01
38                                     1.3021367364909531e-01
39                                     1.2474480399107923e-01
40                                     1.2348426498968168e-01
41                                     1.1641495921163336e-01
42                                     1.1749610855082859e-01
43                                     1.1950400696320918e-01
44                                     1.1228749050244780e-01
45                                     1.0845099210432108e-01
46                                     1.2704236761327559e-01
47                                     1.3545070557014838e-01
48                                     1.3701451254382158e-01
49                                     1.2268071903795419e-01
50                                     9.3920221465969789e-02
51                                     1.1307692065513386e-01
52                                     1.1787125928318110e-01
53                                     1.2435911843292657e-01
54                                     1.0433015277005642e-01
55                                     1.1569220851373863e-01
56                                     9.6793206104071494e-02
57                                     9.3427142940927799e-02
58                                     9.6372766456355174e-02
   &Method [&Type "String"] "SCF"
   &Level [&Type "String"] "Relaxed density"
   &Mult [&Type "Integer"] 1
   &State [&Type "Integer"] -1
   &Irrep [&Type "Integer"] 0
$End
$SCF_Mayer_Population_Analysis
   &GeometryIndex 15
   &NAtoms [&Type "Integer"] 59 "Total number of atoms"
   &NBondOrdersPrint [&Type "Integer"] 115 "The number of bond orders larger than threshold"
   &bondThresh [&Type "Double"]       1.0000000000000001e-01  "The threshold for printing"
   &components [&Type "ArrayOfIntegers", &Dim (115,4)] "The indices and atomic numbers of the bonding atoms"
                                                         0                           1                           2                           3

0                                                        0                           6                           1                           6
1                                                        0                           6                           5                           6
2                                                        0                           6                          34                           1
3                                                        0                           6                          35                           1
4                                                        1                           6                           2                           6
5                                                        1                           6                          36                           1
6                                                        1                           6                          37                           1
7                                                        2                           6                           3                           7
8                                                        2                           6                           6                           6
9                                                        2                           6                          18                           8
10                                                       3                           7                           4                           6
11                                                       3                           7                           6                           6
12                                                       3                           7                          11                           6
13                                                       4                           6                           5                           6
14                                                       4                           6                           6                           6
15                                                       4                           6                          11                           6
16                                                       4                           6                          38                           1
17                                                       4                           6                          39                           1
18                                                       5                           6                          40                           1
19                                                       5                           6                          41                           1
20                                                       6                           6                           7                           6
21                                                       6                           6                          10                           6
22                                                       6                           6                          11                           6
23                                                       6                           6                          18                           8
24                                                       7                           6                           8                           6
25                                                       7                           6                          11                           6
26                                                       7                           6                          18                           8
27                                                       7                           6                          42                           1
28                                                       8                           6                           9                           6
29                                                       8                           6                          11                           6
30                                                       8                           6                          12                           7
31                                                       8                           6                          43                           1
32                                                       9                           6                          10                           6
33                                                       9                           6                          12                           7
34                                                       9                           6                          17                           6
35                                                       9                           6                          19                           8
36                                                      10                           6                          11                           6
37                                                      10                           6                          12                           7
38                                                      10                           6                          13                           6
39                                                      10                           6                          16                           6
40                                                      10                           6                          17                           6
41                                                      10                           6                          44                           1
42                                                      10                           6                          46                           1
43                                                      11                           6                          45                           1
44                                                      12                           7                          13                           6
45                                                      12                           7                          16                           6
46                                                      12                           7                          17                           6
47                                                      13                           6                          14                           6
48                                                      13                           6                          15                           6
49                                                      13                           6                          16                           6
50                                                      13                           6                          17                           6
51                                                      13                           6                          46                           1
52                                                      13                           6                          47                           1
53                                                      14                           6                          15                           6
54                                                      14                           6                          16                           6
55                                                      14                           6                          20                           6
56                                                      14                           6                          24                           6
57                                                      14                           6                          26                           8
58                                                      14                           6                          48                           1
59                                                      14                           6                          49                           1
60                                                      15                           6                          16                           6
61                                                      15                           6                          17                           6
62                                                      15                           6                          20                           6
63                                                      15                           6                          21                           7
64                                                      15                           6                          22                           7
65                                                      15                           6                          23                           6
66                                                      15                           6                          49                           1
67                                                      16                           6                          17                           6
68                                                      16                           6                          19                           8
69                                                      16                           6                          20                           6
70                                                      16                           6                          22                           7
71                                                      16                           6                          23                           6
72                                                      16                           6                          27                           6
73                                                      16                           6                          31                           6
74                                                      17                           6                          19                           8
75                                                      17                           6                          22                           7
76                                                      17                           6                          23                           6
77                                                      18                           8                          42                           1
78                                                      20                           6                          21                           7
79                                                      20                           6                          22                           7
80                                                      20                           6                          24                           6
81                                                      20                           6                          25                           7
82                                                      20                           6                          27                           6
83                                                      20                           6                          31                           6
84                                                      21                           7                          22                           7
85                                                      21                           7                          24                           6
86                                                      21                           7                          31                           6
87                                                      22                           7                          23                           6
88                                                      22                           7                          31                           6
89                                                      23                           6                          27                           6
90                                                      23                           6                          31                           6
91                                                      23                           6                          52                           1
92                                                      24                           6                          25                           7
93                                                      24                           6                          26                           8
94                                                      25                           7                          26                           8
95                                                      25                           7                          50                           1
96                                                      25                           7                          51                           1
97                                                      27                           6                          28                           6
98                                                      27                           6                          30                           6
99                                                      27                           6                          52                           1
100                                                     28                           6                          29                           6
101                                                     28                           6                          31                           6
102                                                     28                           6                          53                           1
103                                                     29                           6                          30                           6
104                                                     29                           6                          32                           8
105                                                     29                           6                          33                           6
106                                                     30                           6                          31                           6
107                                                     30                           6                          32                           8
108                                                     30                           6                          33                           6
109                                                     30                           6                          54                           1
110                                                     31                           6                          55                           1
111                                                     32                           8                          33                           6
112                                                     33                           6                          56                           1
113                                                     33                           6                          57                           1
114                                                     33                           6                          58                           1
   &BondOrders [&Type "ArrayOfDoubles", &Dim (115,1)] "The bond orders"
                                                         0

0                                      1.0390235326998949e+00
1                                      8.1119675684307413e-01
2                                      8.6363296639896503e-01
3                                      1.0040996544910388e+00
4                                      1.0508795178361958e+00
5                                      9.0500436770661508e-01
6                                      9.8861870663241636e-01
7                                      1.1582591108503739e+00
8                                     -2.3602681228536115e-01
9                                      1.3647184874225837e+00
10                                     8.5664755230215328e-01
11                                     8.6812912377758600e-01
12                                    -1.4541835531493147e-01
13                                     1.2066530440321659e+00
14                                    -1.3424226402796943e-01
15                                     1.8855923176599615e-01
16                                     8.3506240431949674e-01
17                                     8.5289987805422873e-01
18                                     8.5006830958791024e-01
19                                     9.8096071874169988e-01
20                                     1.1022688816439619e+00
21                                     1.0846050441954236e-01
22                                     8.8997366473922335e-01
23                                    -2.1615841836384192e-01
24                                     1.7325952985137205e+00
25                                    -1.1355081754165107e-01
26                                     1.4444166164293720e-01
27                                     7.9672550099059469e-01
28                                     1.0108142552729531e+00
29                                     1.2558724045994807e-01
30                                    -1.0425831561894058e-01
31                                     8.2467625853547655e-01
32                                     8.0875093675803789e-01
33                                     8.4656768598804211e-01
34                                    -4.6493614553147983e-01
35                                    -1.8260327956262379e-01
36                                     1.6884522360131839e+00
37                                    -1.9321803283697855e-01
38                                     2.0519324834876393e-01
39                                    -1.3244854187337021e-01
40                                     2.3632933205021983e-01
41                                     6.9670949564477080e-01
42                                    -1.0447243430214793e-01
43                                     7.9538900816323710e-01
44                                     8.7751373435022917e-01
45                                     1.6222206356603730e-01
46                                     9.3107598849722639e-01
47                                     9.8702575278653615e-01
48                                    -1.5108869702447592e-01
49                                     1.8360699114292856e-01
50                                     1.2266765423439632e-01
51                                     9.0580845107412333e-01
52                                     7.7985096239467044e-01
53                                     8.4519887063415733e-01
54                                    -1.3792220719387516e-01
55                                     2.6396553353138152e-01
56                                    -1.4180295812978341e-01
57                                     1.4272738766163640e-01
58                                     6.9511680486283245e-01
59                                     9.9220848420296059e-01
60                                     3.7647971186832480e-01
61                                    -2.2211402275097797e-01
62                                     2.1720300159139505e-01
63                                    -1.0181251577091990e+00
64                                    -6.1395689712777135e-01
65                                     4.3485005280053657e-01
66                                    -1.0879241451253763e-01
67                                     1.4574787077135236e+00
68                                     2.2700505088406564e-01
69                                     1.6885532578831269e-01
70                                     1.5243912332257392e+00
71                                    -4.0039521612194851e-01
72                                     2.2835466546350597e-01
73                                     1.7649072321352821e-01
74                                     1.0351676125767701e+00
75                                    -2.0043586954492040e-01
76                                    -3.3368071539000177e-01
77                                     1.1931394863821840e-01
78                                     1.7818292091718111e+00
79                                     3.4470803164484692e-01
80                                     9.3073842605066559e-01
81                                     1.1051924871292089e-01
82                                    -1.1308784401504295e-01
83                                    -1.2959390179273247e-01
84                                     1.9804850192607104e-01
85                                    -1.8401616542790719e-01
86                                     1.1072108643500742e-01
87                                     8.3031058699088378e-01
88                                    -1.0017736170080119e-01
89                                     7.7782285875880719e-01
90                                     1.3370338573838549e+00
91                                    -1.3339665388199315e-01
92                                     1.0888449297963245e+00
93                                     1.4819647229649968e+00
94                                     1.3083499365513740e-01
95                                     9.5837044909851243e-01
96                                     9.7838050426031453e-01
97                                     1.5128268603686346e+00
98                                     1.1551850746688030e-01
99                                     8.2772625876771388e-01
100                                    1.1423408392708669e+00
101                                    1.3463498214941622e-01
102                                    7.8573826908190469e-01
103                                    9.9462509241913777e-01
104                                    7.6572609607423503e-01
105                                   -1.1476469689612501e-01
106                                    1.4797147655456291e+00
107                                   -1.2039002604422770e-01
108                                    1.3227474978292414e-01
109                                    7.7675194806036740e-01
110                                    6.9009791705188794e-01
111                                    9.2866549997347270e-01
112                                    8.8938277493249041e-01
113                                    9.4307630747801519e-01
114                                    8.8524736080730515e-01
   &ATNO [&Type "ArrayOfIntegers", &Dim (59,1)] "Atomic number of the elements"
                                                         0

0                                                        6
1                                                        6
2                                                        6
3                                                        7
4                                                        6
5                                                        6
6                                                        6
7                                                        6
8                                                        6
9                                                        6
10                                                       6
11                                                       6
12                                                       7
13                                                       6
14                                                       6
15                                                       6
16                                                       6
17                                                       6
18                                                       8
19                                                       8
20                                                       6
21                                                       7
22                                                       7
23                                                       6
24                                                       6
25                                                       7
26                                                       8
27                                                       6
28                                                       6
29                                                       6
30                                                       6
31                                                       6
32                                                       8
33                                                       6
34                                                       1
35                                                       1
36                                                       1
37                                                       1
38                                                       1
39                                                       1
40                                                       1
41                                                       1
42                                                       1
43                                                       1
44                                                       1
45                                                       1
46                                                       1
47                                                       1
48                                                       1
49                                                       1
50                                                       1
51                                                       1
52                                                       1
53                                                       1
54                                                       1
55                                                       1
56                                                       1
57                                                       1
58                                                       1
   &NA [&Type "ArrayOfDoubles", &Dim (59,1)] "Mulliken gross atomic population"
                                                         0

0                                      6.4323810823573524e+00
1                                      6.5894263142542702e+00
2                                      5.5212758251936336e+00
3                                      6.6926410327281047e+00
4                                      6.6456002401474876e+00
5                                      6.5373760715416251e+00
6                                      5.7346490551545450e+00
7                                      6.6973651504781184e+00
8                                      6.5619871996090495e+00
9                                      6.0471674928309627e+00
10                                     6.2432202505155825e+00
11                                     6.2705121001467070e+00
12                                     6.6572497407607614e+00
13                                     6.6789737652818619e+00
14                                     6.5183263825344939e+00
15                                     4.6771884531487764e+00
16                                     6.6837738286785191e+00
17                                     5.4084950750069858e+00
18                                     8.6023517324180894e+00
19                                     8.6042378901036685e+00
20                                     6.1987571562265167e+00
21                                     8.0724565556583059e+00
22                                     6.2869289639066004e+00
23                                     5.9835282312469875e+00
24                                     5.7721804158466075e+00
25                                     7.3192104668723381e+00
26                                     8.6184539017436208e+00
27                                     5.9910749542283384e+00
28                                     6.9709724586188564e+00
29                                     5.2072513354851617e+00
30                                     6.2076898748974534e+00
31                                     6.6902686136346095e+00
32                                     8.4141144314266967e+00
33                                     6.8319341705165355e+00
34                                     6.9386723852213650e-01
35                                     8.1777010690029406e-01
36                                     7.9080181251775605e-01
37                                     7.5165351487019727e-01
38                                     6.2679380285483255e-01
39                                     6.9260547687253204e-01
40                                     7.0953499636576856e-01
41                                     7.7143048521127922e-01
42                                     7.1446423186864705e-01
43                                     7.1987718195545913e-01
44                                     5.6127485718676007e-01
45                                     7.0355815655860154e-01
46                                     6.2440949571208271e-01
47                                     6.7493548624500510e-01
48                                     7.3638067707507993e-01
49                                     7.2240130736450792e-01
50                                     7.6723227901328828e-01
51                                     8.1435583996019190e-01
52                                     7.5328277250890474e-01
53                                     6.3790926193850239e-01
54                                     6.2318444895052372e-01
55                                     6.2994973386739983e-01
56                                     6.7322006901822495e-01
57                                     7.4471258331775203e-01
58                                     6.7537397014508915e-01
   &ZA [&Type "ArrayOfDoubles", &Dim (59,1)] "Total nuclear charge"
                                                         0

0                                      6.0000000000000000e+00
1                                      6.0000000000000000e+00
2                                      6.0000000000000000e+00
3                                      7.0000000000000000e+00
4                                      6.0000000000000000e+00
5                                      6.0000000000000000e+00
6                                      6.0000000000000000e+00
7                                      6.0000000000000000e+00
8                                      6.0000000000000000e+00
9                                      6.0000000000000000e+00
10                                     6.0000000000000000e+00
11                                     6.0000000000000000e+00
12                                     7.0000000000000000e+00
13                                     6.0000000000000000e+00
14                                     6.0000000000000000e+00
15                                     6.0000000000000000e+00
16                                     6.0000000000000000e+00
17                                     6.0000000000000000e+00
18                                     8.0000000000000000e+00
19                                     8.0000000000000000e+00
20                                     6.0000000000000000e+00
21                                     7.0000000000000000e+00
22                                     7.0000000000000000e+00
23                                     6.0000000000000000e+00
24                                     6.0000000000000000e+00
25                                     7.0000000000000000e+00
26                                     8.0000000000000000e+00
27                                     6.0000000000000000e+00
28                                     6.0000000000000000e+00
29                                     6.0000000000000000e+00
30                                     6.0000000000000000e+00
31                                     6.0000000000000000e+00
32                                     8.0000000000000000e+00
33                                     6.0000000000000000e+00
34                                     1.0000000000000000e+00
35                                     1.0000000000000000e+00
36                                     1.0000000000000000e+00
37                                     1.0000000000000000e+00
38                                     1.0000000000000000e+00
39                                     1.0000000000000000e+00
40                                     1.0000000000000000e+00
41                                     1.0000000000000000e+00
42                                     1.0000000000000000e+00
43                                     1.0000000000000000e+00
44                                     1.0000000000000000e+00
45                                     1.0000000000000000e+00
46                                     1.0000000000000000e+00
47                                     1.0000000000000000e+00
48                                     1.0000000000000000e+00
49                                     1.0000000000000000e+00
50                                     1.0000000000000000e+00
51                                     1.0000000000000000e+00
52                                     1.0000000000000000e+00
53                                     1.0000000000000000e+00
54                                     1.0000000000000000e+00
55                                     1.0000000000000000e+00
56                                     1.0000000000000000e+00
57                                     1.0000000000000000e+00
58                                     1.0000000000000000e+00
   &QA [&Type "ArrayOfDoubles", &Dim (59,1)] "Mulliken gross atomic charge"
                                                         0

0                                     -4.3238108235735240e-01
1                                     -5.8942631425427017e-01
2                                      4.7872417480636642e-01
3                                      3.0735896727189527e-01
4                                     -6.4560024014748763e-01
5                                     -5.3737607154162514e-01
6                                      2.6535094484545496e-01
7                                     -6.9736515047811842e-01
8                                     -5.6198719960904953e-01
9                                     -4.7167492830962665e-02
10                                    -2.4322025051558249e-01
11                                    -2.7051210014670701e-01
12                                     3.4275025923923863e-01
13                                    -6.7897376528186193e-01
14                                    -5.1832638253449392e-01
15                                     1.3228115468512236e+00
16                                    -6.8377382867851910e-01
17                                     5.9150492499301421e-01
18                                    -6.0235173241808937e-01
19                                    -6.0423789010366846e-01
20                                    -1.9875715622651668e-01
21                                    -1.0724565556583059e+00
22                                     7.1307103609339961e-01
23                                     1.6471768753012483e-02
24                                     2.2781958415339254e-01
25                                    -3.1921046687233812e-01
26                                    -6.1845390174362080e-01
27                                     8.9250457716616438e-03
28                                    -9.7097245861885639e-01
29                                     7.9274866451483827e-01
30                                    -2.0768987489745339e-01
31                                    -6.9026861363460945e-01
32                                    -4.1411443142669668e-01
33                                    -8.3193417051653551e-01
34                                     3.0613276147786350e-01
35                                     1.8222989309970594e-01
36                                     2.0919818748224395e-01
37                                     2.4834648512980273e-01
38                                     3.7320619714516745e-01
39                                     3.0739452312746796e-01
40                                     2.9046500363423144e-01
41                                     2.2856951478872078e-01
42                                     2.8553576813135295e-01
43                                     2.8012281804454087e-01
44                                     4.3872514281323993e-01
45                                     2.9644184344139846e-01
46                                     3.7559050428791729e-01
47                                     3.2506451375499490e-01
48                                     2.6361932292492007e-01
49                                     2.7759869263549208e-01
50                                     2.3276772098671172e-01
51                                     1.8564416003980810e-01
52                                     2.4671722749109526e-01
53                                     3.6209073806149761e-01
54                                     3.7681555104947628e-01
55                                     3.7005026613260017e-01
56                                     3.2677993098177505e-01
57                                     2.5528741668224797e-01
58                                     3.2462602985491085e-01
   &VA [&Type "ArrayOfDoubles", &Dim (59,1)] "Mayer's total valence"
                                                         0

0                                      3.8115911545777719e+00
1                                      4.2155318652926095e+00
2                                      3.4105336916859335e+00
3                                      2.7972242097136544e+00
4                                      4.1006209206462332e+00
5                                      3.7543807468474770e+00
6                                      2.1939238558506817e+00
7                                      3.6345881456654885e+00
8                                      3.5522135630664922e+00
9                                      2.0350124010828496e+00
10                                     3.2873629038107879e+00
11                                     3.3923032425412014e+00
12                                     2.7016424042228406e+00
13                                     3.8255589800919729e+00
14                                     3.5246029919042510e+00
15                                    -3.7485276211968754e-01
16                                     3.9463799154954216e+00
17                                     2.4960225255572643e+00
18                                     1.6270764990484796e+00
19                                     1.5210288555795088e+00
20                                     3.6011250697629880e+00
21                                     9.9217248681560921e-01
22                                     2.0558199347582722e+00
23                                     2.5550433802237196e+00
24                                     3.2392793003088709e+00
25                                     3.2967881821917295e+00
26                                     1.7201721966956534e+00
27                                     3.1752597127284288e+00
28                                     3.6458120205046853e+00
29                                     2.7366264382708438e+00
30                                     3.2079813065092369e+00
31                                     3.7222814970536002e+00
32                                     1.7267034323610329e+00
33                                     3.7129871742159102e+00
34                                     9.0265876581445892e-01
35                                     1.0486101779929784e+00
36                                     9.4180103647100311e-01
37                                     9.5840070725680471e-01
38                                     7.5225852518659375e-01
39                                     8.2911576848227808e-01
40                                     9.2802321907022234e-01
41                                     1.0009566001127352e+00
42                                     8.9287566354032855e-01
43                                     8.3996915558487717e-01
44                                     6.3000228707147532e-01
45                                     8.3205872873969400e-01
46                                     7.2425573561862322e-01
47                                     7.3620632441446554e-01
48                                     8.1738653603454015e-01
49                                     8.7009734658881521e-01
50                                     9.6414336065904749e-01
51                                     9.8237548883875281e-01
52                                     7.9456151786161555e-01
53                                     8.1584369383200650e-01
54                                     7.4210347577785141e-01
55                                     7.7738685697776755e-01
56                                     8.9912508661119328e-01
57                                     9.5653817415961850e-01
58                                     8.9662877499288574e-01
   &BVA [&Type "ArrayOfDoubles", &Dim (59,1)] "Mayer's bonded valence"
                                                         0

0                                      3.8115911545779029e+00
1                                      4.2155318652926557e+00
2                                      3.4105336916856004e+00
3                                      2.7972242097136597e+00
4                                      4.1006209206462962e+00
5                                      3.7543807468477315e+00
6                                      2.1939238558515206e+00
7                                      3.6345881456658233e+00
8                                      3.5522135630658580e+00
9                                      2.0350124010809552e+00
10                                     3.2873629038123515e+00
11                                     3.3923032425406974e+00
12                                     2.7016424042231115e+00
13                                     3.8255589800920649e+00
14                                     3.5246029919038415e+00
15                                    -3.7485276211525420e-01
16                                     3.9463799154924106e+00
17                                     2.4960225255589168e+00
18                                     1.6270764990484459e+00
19                                     1.5210288555792326e+00
20                                     3.6011250697628570e+00
21                                     9.9217248681590586e-01
22                                     2.0558199347569701e+00
23                                     2.5550433802239421e+00
24                                     3.2392793003085480e+00
25                                     3.2967881821919542e+00
26                                     1.7201721966954562e+00
27                                     3.1752597127291349e+00
28                                     3.6458120205039988e+00
29                                     2.7366264382707666e+00
30                                     3.2079813065083260e+00
31                                     3.7222814970537468e+00
32                                     1.7267034323610257e+00
33                                     3.7129871742157814e+00
34                                     9.0265876581447002e-01
35                                     1.0486101779929888e+00
36                                     9.4180103647094715e-01
37                                     9.5840070725678828e-01
38                                     7.5225852518648784e-01
39                                     8.2911576848229684e-01
40                                     9.2802321907023189e-01
41                                     1.0009566001127588e+00
42                                     8.9287566354026471e-01
43                                     8.3996915558478402e-01
44                                     6.3000228707163264e-01
45                                     8.3205872873962250e-01
46                                     7.2425573561869228e-01
47                                     7.3620632441443534e-01
48                                     8.1738653603470690e-01
49                                     8.7009734658864346e-01
50                                     9.6414336065908812e-01
51                                     9.8237548883878079e-01
52                                     7.9456151786156748e-01
53                                     8.1584369383201660e-01
54                                     7.4210347577783320e-01
55                                     7.7738685697767163e-01
56                                     8.9912508661117563e-01
57                                     9.5653817415965081e-01
58                                     8.9662877499286830e-01
   &FA [&Type "ArrayOfDoubles", &Dim (59,1)] "Mayer's free valence"
                                                         0

0                                      0.0000000000000000e+00
1                                      0.0000000000000000e+00
2                                      0.0000000000000000e+00
3                                      0.0000000000000000e+00
4                                      0.0000000000000000e+00
5                                      0.0000000000000000e+00
6                                      0.0000000000000000e+00
7                                      0.0000000000000000e+00
8                                      0.0000000000000000e+00
9                                      1.8944845692203671e-12
10                                    -1.5636381078820705e-12
11                                     0.0000000000000000e+00
12                                     0.0000000000000000e+00
13                                     0.0000000000000000e+00
14                                     0.0000000000000000e+00
15                                    -4.4333425819331751e-12
16                                     3.0109248427834245e-12
17                                    -1.6524559498520830e-12
18                                     0.0000000000000000e+00
19                                     0.0000000000000000e+00
20                                     0.0000000000000000e+00
21                                     0.0000000000000000e+00
22                                     1.3020695632803836e-12
23                                     0.0000000000000000e+00
24                                     0.0000000000000000e+00
25                                     0.0000000000000000e+00
26                                     0.0000000000000000e+00
27                                     0.0000000000000000e+00
28                                     0.0000000000000000e+00
29                                     0.0000000000000000e+00
30                                     0.0000000000000000e+00
31                                     0.0000000000000000e+00
32                                     0.0000000000000000e+00
33                                     0.0000000000000000e+00
34                                     0.0000000000000000e+00
35                                     0.0000000000000000e+00
36                                     0.0000000000000000e+00
37                                     0.0000000000000000e+00
38                                     0.0000000000000000e+00
39                                     0.0000000000000000e+00
40                                     0.0000000000000000e+00
41                                     0.0000000000000000e+00
42                                     0.0000000000000000e+00
43                                     0.0000000000000000e+00
44                                     0.0000000000000000e+00
45                                     0.0000000000000000e+00
46                                     0.0000000000000000e+00
47                                     0.0000000000000000e+00
48                                     0.0000000000000000e+00
49                                     0.0000000000000000e+00
50                                     0.0000000000000000e+00
51                                     0.0000000000000000e+00
52                                     0.0000000000000000e+00
53                                     0.0000000000000000e+00
54                                     0.0000000000000000e+00
55                                     0.0000000000000000e+00
56                                     0.0000000000000000e+00
57                                     0.0000000000000000e+00
58                                     0.0000000000000000e+00
   &Method [&Type "String"] "SCF"
   &Level [&Type "String"] "Relaxed density"
   &Mult [&Type "Integer"] 1
   &State [&Type "Integer"] -1
   &Irrep [&Type "Integer"] 0
$End
$SCF_Energy
   &GeometryIndex 15
   &Method [&Type "String"] "SCF"
   &totalEnergy [&Type "ArrayOfDoubles", &Dim (1,1)] "Total energy of each state"
                                                         0

0                                     -1.5430165218042334e+03
   &Mult [&Type "ArrayOfIntegers", &Dim (1,1)] "Multiplicity of each state"
                                                         0

0                                                        1
$End
$DFT_Energy
   &GeometryIndex 15
   &nAlphaEl [&Type "Integer"] 121
   &nBetaEl [&Type "Integer"] 121
   &nTotalEl [&Type "Integer"] 241
   &finalEn [&Type "Double"]      -1.5430165218042334e+03  "No Van der Waals correction"
   &eExchange [&Type "Double"]      -2.0529795796348256e+02
   &eCorr [&Type "Double"]      -8.9277803343900501e+00
   &eXC [&Type "Double"]      -2.1422573829787262e+02
   &eCNL [&Type "Double"]       0.0000000000000000e+00
$End
$SCF_Timings
   &GeometryIndex 15
   &TOTAL [&Type "Double"]       2.8410599999999999e+02
   &PREP [&Type "Double"]       8.2899999999999996e-01
   &FOCK [&Type "Double"]       2.4760099999999997e+02
   &DENS [&Type "Double"]       1.1400000000000432e+00
   &ETOT [&Type "Double"]       4.4899999999996254e-01
   &POP [&Type "Double"]       1.1870000000000118e+00
   &TRAFO [&Type "Double"]       1.6270000000000095e+00
   &DIIS [&Type "Double"]       1.7800000000000011e+00
   &SOSCF [&Type "Double"]       1.0462000000000060e+01
   &XC [&Type "Double"]       1.4223499999999999e+02
   &FOCKSTART [&Type "Double"]       2.7799999999994918e-01
   &INT_BF [&Type "Double"]       1.9776999999997688e+01
   &INT_DENS [&Type "Double"]       4.8906000000002578e+01
   &INT_DENSIO [&Type "Double"]       2.0869336819999984e+06
   &INT_FUNC [&Type "Double"]       6.8399999999957473e-01
   &INT_POT [&Type "Double"]       6.5487999999999928e+01
   &INT_POTIO [&Type "Double"]       2.5300000000012624e-01
   &INT_SUM [&Type "Double"]       6.0000000000357545e-03
   &SPLITRIJ [&Type "Double"]       1.2359799999999998e+02
$End
$Single_Point_Data
   &GeometryIndex 15
   &FinalEnergy [&Type "Double"]      -1.5430165218042334e+03  "Final single point energy"
   &Converged [&Type "Boolean"] true
$End
$SCF_Dipole_Moment
   &GeometryIndex 15
   &dipoleMagnitude [&Type "Double", &Units "a.u."]       2.2006087445055487e+00
   &dipoleElecContrib [&Type "ArrayOfDoubles", &Dim (3,1)] "Electronic contribution"
                                                         0

0                                      2.1715800043779211e+01
1                                     -1.6503386600010213e+01
2                                      3.1400703709277713e+00
   &dipoleNucContrib [&Type "ArrayOfDoubles", &Dim (3,1)] "Nuclear contribution"
                                                         0

0                                     -2.1413653626707045e+01
1                                      1.8316918423005490e+01
2                                     -4.3494043678153842e+00
   &dipoleTotal [&Type "ArrayOfDoubles", &Dim (3,1)] "Total"
                                                         0

0                                      3.0214641707216572e-01
1                                      1.8135318229952766e+00
2                                     -1.2093339968876129e+00
   &doAtomicDipole [&Type "Boolean"] false
   &Method [&Type "String"] "SCF"
   &Level [&Type "String"] "Relaxed density"
   &Mult [&Type "Integer"] 1
   &State [&Type "Integer"] -1
   &Irrep [&Type "Integer"] 0
$End
$Calculation_Info
   &GeometryIndex 15
   &Mult [&Type "Integer"] 1
   &Charge [&Type "Integer"] 0
   &NumOfAtoms [&Type "Integer"] 59
   &NumOfElectrons [&Type "Integer"] 242
   &NumOfBasisFuncts [&Type "Integer"] 1495
   &NumOfAuxCBasisFuncts [&Type "Integer"] 0
   &NumOfAuxJBasisFuncts [&Type "Integer"] 1941
   &NumOfAuxJKBasisFuncts [&Type "Integer"] 0
   &NumOfCABSBasisFuncts [&Type "Integer"] 0
$End
$Calculation_Timings
   &GeometryIndex 15
   &GTOINT [&Type "Double"]       1.6626599999999840e+02
   &SCF [&Type "Double"]       6.6844160000000011e+03
   &SCFGRAD [&Type "Double"]       2.4528789999999999e+03
   &GSTEP [&Type "Double"]       9.0600000000075309e-01
   &PROP [&Type "Double"]       1.2220000000015716e+00
   &SUM [&Type "Double"]       9.3056890000000021e+03
$End
