*************************************************
******************* ORCA 6.1.1 ******************
*************************************************
$Calculation_Status
   &GeometryIndex 1
   &version [&Type "String"] "6.1.1"
   &progName [&Type "String"] "LeanSCF"
   &Status [&Type "String"] "NORMAL TERMINATION"
$End
$Geometry
   &GeometryIndex 1
   &NAtoms [&Type "Integer"] 99
   &NCorelessECP [&Type "Integer"] 0
   &NGhostAtoms [&Type "Integer"] 0
   &CartesianCoordinates [&Type "Coordinates", &Dim(99,4), &Units "Bohr"] 
              C     46.700991846175  -32.154785737396    2.192546696649
              C     47.786374759481  -33.600497359138    4.425386455179
              C     50.053114201744  -35.268448767770    3.852560594114
              N     51.365101092167  -34.803423335570    1.688825758144
              C     50.467672834578  -33.145252733667   -0.320075274111
              C     48.879623733409  -30.988542954600    0.726808135285
              C     53.626971749531  -36.146644734472    1.206862578325
              C     55.471755169316  -36.333544412782    3.069466380115
              C     57.704297844001  -37.592578550213    2.599873366466
              C     58.159799264355  -38.666391577470    0.243426451441
              C     56.317146095047  -38.476434964782   -1.621342050532
              C     54.067833688294  -37.238392585549   -1.142300198344
              N     60.445623995708  -39.964419306605   -0.223874003154
              C     60.317976925991  -42.274619445283   -1.721184162345
              C     62.123690768184  -44.287830394830   -0.726815032786
              C     64.643245444930  -43.075888988547   -0.541677032767
              C     64.876022136874  -40.521606757945    0.014227918138
              C     62.691102620566  -38.862169321437    0.449651111703
              O     50.683644286499  -36.912534201447    5.337604200819
              O     62.807866152765  -36.746875744081    1.351376209677
              C     67.130118952253  -43.940915245952   -0.850238564592
              N     68.745583104132  -42.034631615105   -0.519112833454
              N     67.402065263891  -39.997698366481    0.028514871320
              C     68.726947456478  -37.737124817135    0.492843296932
              C     67.962989667558  -46.495118278132   -1.552291268626
              N     70.437524075808  -46.809602759681   -1.891604975233
              O     66.432858574797  -48.227950353318   -1.830141557138
              C     68.050917774192  -36.086641583350    2.422889194565
              C     69.479613243577  -33.954364848256    2.847727937568
              C     71.624108456524  -33.438128971663    1.397357422810
              C     72.313284113147  -35.121722059245   -0.502698313207
              C     70.869950692848  -37.251745352616   -0.941984862881
              O     72.889403596788  -31.288152116736    1.983098106911
              C     75.108217713465  -30.673751392554    0.627948888932
              H     45.665459039008  -33.422880204571    0.938489927779
              H     45.395208718780  -30.709418234784    2.869000924808
              H     48.446851202000  -32.272293122493    5.864607056623
              H     46.360644251503  -34.786735919972    5.329498371746
              H     52.127549367851  -32.421668112118   -1.317632088200
              H     49.302105421006  -34.216155129144   -1.660308354592
              H     50.022140551060  -29.793917354547    1.963053649527
              H     48.186294269772  -29.843111839101   -0.838508656534
              H     55.142282079271  -35.505349900384    4.900235175151
              H     59.116427747329  -37.722719000179    4.060544003592
              H     56.636392270714  -39.282624787981   -3.467234323818
              H     52.653257383307  -37.126203645683   -2.606798834802
              H     58.380893990593  -42.972359737588   -1.653686565246
              H     60.799896056294  -41.860264713899   -3.695994138302
              H     61.530617455355  -44.929460107286    1.148097840328
              H     62.130071730831  -45.915420144522   -1.989692495228
              H     71.622659452319  -45.336634994300   -1.705742189653
              H     70.996998152462  -48.535688720440   -2.569168094687
              H     66.406344810070  -36.450720245428    3.561881238338
              H     68.971520801607  -32.651604526786    4.329418357529
              H     73.963655210583  -34.790613033286   -1.648936795300
              H     71.400851581234  -38.565879009722   -2.406873841169
              H     74.715233554778  -30.436936336965   -1.386768058960
              H     75.769906075148  -28.886198461016    1.411494917552
              H     76.564608763404  -32.116585717284    0.885036680821
              C     43.744355344338  -40.956870817673   -3.623808792069
              S     46.291641166285  -38.809761263106   -2.594797977810
              C     46.381565522916  -39.871489453942    0.719675893116
              O     45.149126975354  -36.277968568738   -2.509585539911
              H     43.278884428099  -40.467424908179   -5.559865454999
              H     44.431249988134  -42.883097937837   -3.529580659757
              H     42.094813515422  -40.700272880592   -2.432006594038
              H     44.482297859388  -39.996536014833    1.477880864356
              H     47.352928654089  -41.666719586872    0.835191658046
              H     47.425450371575  -38.425998778980    1.727577257034
              C     67.813719765602  -55.443890269301   -5.508674493682
              S     67.735704179609  -52.272019743372   -4.007877751979
              C     66.329676107481  -50.742260983352   -6.794146447747
              O     70.425350422259  -51.513700443701   -4.034089689648
              H     68.839956556383  -56.693685025436   -4.250588545236
              H     65.893013310264  -56.109520807569   -5.740656517992
              H     68.777408359898  -55.347759107183   -7.311587289312
              H     67.756781391222  -50.612135859064   -8.262418243685
              H     64.714850872008  -51.832397370467   -7.415605828162
              H     65.715638097333  -48.873596565289   -6.227093303179
              C     71.424352650072  -26.116843381064    5.084602847208
              S     74.734107572486  -25.394785979485    5.896117654091
              C     74.142665962585  -22.045803895217    6.705591311084
              O     76.109250319729  -25.355032812361    3.485431573906
              H     71.405330817986  -27.998878820949    4.265366543754
              H     70.313113237685  -26.075285638866    6.805254125681
              H     70.722094117068  -24.763120433885    3.716476426334
              H     73.340001007749  -21.076270585858    5.089222622894
              H     72.875978831154  -21.976701183636    8.314849337777
              H     75.942106518725  -21.195694285536    7.194461628895
              C     57.914130936315  -53.360024594997   -2.732472520208
              S     60.892521304002  -51.669725795331   -3.477304768872
              C     62.027453138896  -51.587801764364   -0.202346394214
              O     60.121691015769  -49.077304790642   -4.096478544426
              H     56.867956552164  -53.606055315818   -4.476909441377
              H     58.382013596635  -55.184441491374   -1.928259369443
              H     56.808130298306  -52.240069444427   -1.423053370759
              H     60.628002863290  -50.669738207620    0.979941259500
              H     62.380990473962  -53.506102976280    0.418433176121
              H     63.768134078196  -50.506002357623   -0.237897660794
$End
$SCF_Mulliken_Population_Analysis
   &GeometryIndex 1
   &NAtoms [&Type "Integer"] 99
   &ATNO [&Type "ArrayOfIntegers", &Dim (99,1)] 
                                                         0

0                                                        6
1                                                        6
2                                                        6
3                                                        7
4                                                        6
5                                                        6
6                                                        6
7                                                        6
8                                                        6
9                                                        6
10                                                       6
11                                                       6
12                                                       7
13                                                       6
14                                                       6
15                                                       6
16                                                       6
17                                                       6
18                                                       8
19                                                       8
20                                                       6
21                                                       7
22                                                       7
23                                                       6
24                                                       6
25                                                       7
26                                                       8
27                                                       6
28                                                       6
29                                                       6
30                                                       6
31                                                       6
32                                                       8
33                                                       6
34                                                       1
35                                                       1
36                                                       1
37                                                       1
38                                                       1
39                                                       1
40                                                       1
41                                                       1
42                                                       1
43                                                       1
44                                                       1
45                                                       1
46                                                       1
47                                                       1
48                                                       1
49                                                       1
50                                                       1
51                                                       1
52                                                       1
53                                                       1
54                                                       1
55                                                       1
56                                                       1
57                                                       1
58                                                       1
59                                                       6
60                                                      16
61                                                       6
62                                                       8
63                                                       1
64                                                       1
65                                                       1
66                                                       1
67                                                       1
68                                                       1
69                                                       6
70                                                      16
71                                                       6
72                                                       8
73                                                       1
74                                                       1
75                                                       1
76                                                       1
77                                                       1
78                                                       1
79                                                       6
80                                                      16
81                                                       6
82                                                       8
83                                                       1
84                                                       1
85                                                       1
86                                                       1
87                                                       1
88                                                       1
89                                                       6
90                                                      16
91                                                       6
92                                                       8
93                                                       1
94                                                       1
95                                                       1
96                                                       1
97                                                       1
98                                                       1
   &AtomicCharges [&Type "ArrayOfDoubles", &Dim (99,1)] 
                                                         0

0                                     -2.8908965655283048e-01
1                                     -3.3734069951953849e-01
2                                      1.1285326649788185e-01
3                                      3.2543276543104316e-01
4                                     -3.4366378429088318e-01
5                                     -2.9677182796051049e-01
6                                      8.5268648469858377e-02
7                                     -2.8459067432206631e-01
8                                     -2.6828603035773302e-01
9                                      6.9124806983987597e-02
10                                    -3.0067685009929335e-01
11                                    -2.4276810893589396e-01
12                                     3.1872118054080989e-01
13                                    -3.0267007512394439e-01
14                                    -5.3234421035485013e-01
15                                    -3.1856176649409207e-02
16                                     1.6630841442706767e-02
17                                     3.7767299793660669e-03
18                                    -4.3263581754303004e-01
19                                    -4.4502325928285025e-01
20                                     4.1407948019434571e-01
21                                    -5.1877806039232155e-01
22                                     8.7841435605032281e-01
23                                     2.0133403381866088e-02
24                                    -3.7402763791396509e-03
25                                    -3.6564979988446300e-01
26                                    -4.7961654492682193e-01
27                                    -2.0366459598280162e-01
28                                    -3.4927633999244012e-01
29                                     3.5797688812570705e-01
30                                    -2.5135013215028845e-01
31                                    -2.6464620824171803e-01
32                                    -1.7850448238848671e-01
33                                    -3.6878979073575824e-01
34                                     2.0406085136197905e-01
35                                     1.5226521303472873e-01
36                                     1.7308828369386542e-01
37                                     1.7776908607067954e-01
38                                     1.6095235793754492e-01
39                                     2.0124430507155633e-01
40                                     1.5618947013822870e-01
41                                     1.5901751932617136e-01
42                                     1.6401858799164892e-01
43                                     1.6349858894584446e-01
44                                     1.4423029728584458e-01
45                                     1.4798496242605008e-01
46                                     1.6557227007888287e-01
47                                     1.7593292647732950e-01
48                                     1.7862349370290853e-01
49                                     2.4364712645274067e-01
50                                     2.5663730622291037e-01
51                                     2.8587583816762585e-01
52                                     1.8718022519983357e-01
53                                     1.5037037482350857e-01
54                                     1.5287978574827421e-01
55                                     1.6269960121092919e-01
56                                     1.4720705291314373e-01
57                                     2.1307522997890449e-01
58                                     1.4867715801052483e-01
59                                    -4.4488930259670578e-01
60                                     4.1474490439818545e-01
61                                    -4.2827832358357298e-01
62                                    -5.4068421340261885e-01
63                                     1.7308344669644715e-01
64                                     1.5714537460688871e-01
65                                     1.7456031635301206e-01
66                                     1.6595456168372580e-01
67                                     1.6122382300080829e-01
68                                     1.9520666312076285e-01
69                                    -4.9717990324024974e-01
70                                     4.8020106300226395e-01
71                                    -4.2984037384888030e-01
72                                    -5.8429193899918452e-01
73                                     1.6745067292648164e-01
74                                     1.5852924270918689e-01
75                                     1.6916976259636429e-01
76                                     1.7585578094588317e-01
77                                     1.5297671708795413e-01
78                                     1.9356906652892114e-01
79                                    -4.5725121549683490e-01
80                                     4.3224133321072244e-01
81                                    -4.3982174328201218e-01
82                                    -5.4613837172903068e-01
83                                     2.0115889803931775e-01
84                                     1.4894982449389693e-01
85                                     1.6837691211532424e-01
86                                     1.7462631757419167e-01
87                                     1.5136326397926547e-01
88                                     1.7085159455572441e-01
89                                    -4.7379561595475206e-01
90                                     4.3414212546636577e-01
91                                    -4.5244371276990236e-01
92                                    -5.5237310764480618e-01
93                                     1.6807657622043759e-01
94                                     1.5685016505426352e-01
95                                     1.7538373934252993e-01
96                                     1.6095806968923476e-01
97                                     1.4607348581431456e-01
98                                     2.3488724403317573e-01
   &Method [&Type "String"] "SCF"
   &Level [&Type "String"] "Relaxed density"
   &Mult [&Type "Integer"] 1
   &State [&Type "Integer"] -1
   &Irrep [&Type "Integer"] 0
$End
$SCF_Loewdin_Population_Analysis
   &GeometryIndex 1
   &NAtoms [&Type "Integer"] 99
   &ATNO [&Type "ArrayOfIntegers", &Dim (99,1)] 
                                                         0

0                                                        6
1                                                        6
2                                                        6
3                                                        7
4                                                        6
5                                                        6
6                                                        6
7                                                        6
8                                                        6
9                                                        6
10                                                       6
11                                                       6
12                                                       7
13                                                       6
14                                                       6
15                                                       6
16                                                       6
17                                                       6
18                                                       8
19                                                       8
20                                                       6
21                                                       7
22                                                       7
23                                                       6
24                                                       6
25                                                       7
26                                                       8
27                                                       6
28                                                       6
29                                                       6
30                                                       6
31                                                       6
32                                                       8
33                                                       6
34                                                       1
35                                                       1
36                                                       1
37                                                       1
38                                                       1
39                                                       1
40                                                       1
41                                                       1
42                                                       1
43                                                       1
44                                                       1
45                                                       1
46                                                       1
47                                                       1
48                                                       1
49                                                       1
50                                                       1
51                                                       1
52                                                       1
53                                                       1
54                                                       1
55                                                       1
56                                                       1
57                                                       1
58                                                       1
59                                                       6
60                                                      16
61                                                       6
62                                                       8
63                                                       1
64                                                       1
65                                                       1
66                                                       1
67                                                       1
68                                                       1
69                                                       6
70                                                      16
71                                                       6
72                                                       8
73                                                       1
74                                                       1
75                                                       1
76                                                       1
77                                                       1
78                                                       1
79                                                       6
80                                                      16
81                                                       6
82                                                       8
83                                                       1
84                                                       1
85                                                       1
86                                                       1
87                                                       1
88                                                       1
89                                                       6
90                                                      16
91                                                       6
92                                                       8
93                                                       1
94                                                       1
95                                                       1
96                                                       1
97                                                       1
98                                                       1
   &AtomicCharges [&Type "ArrayOfDoubles", &Dim (99,1)] 
                                                         0

0                                     -2.9554537213176513e-01
1                                     -2.3555239977904829e-01
2                                      3.2698899734544451e-01
3                                     -7.6177126225347980e-01
4                                     -1.4877170560013475e-02
5                                     -2.6185234613172881e-01
6                                      1.4569882764356290e-01
7                                     -8.5352727711942578e-02
8                                     -8.8594393076971478e-02
9                                      1.4985812352679151e-01
10                                    -1.2925308997724372e-01
11                                    -1.3090441687562571e-01
12                                    -7.4918206796856524e-01
13                                     4.0992422083778735e-03
14                                    -2.2943359571210564e-01
15                                     3.4829437297712929e-02
16                                     2.5478929794825511e-01
17                                     3.9359055477666249e-01
18                                    -4.7557710524864660e-01
19                                    -4.6372537540629111e-01
20                                     2.1813599944414719e-01
21                                    -3.4468828713359834e-01
22                                    -5.6630627415852874e-01
23                                     1.7149177001886251e-01
24                                     3.5677599176411157e-01
25                                    -4.4811286779526593e-01
26                                    -5.7742643560005469e-01
27                                    -7.5819606458853883e-02
28                                    -1.2777158903208186e-01
29                                     1.9500877917413639e-01
30                                    -1.6463307647787762e-01
31                                    -8.7152319832790148e-02
32                                    -7.0211733387670527e-01
33                                    -5.9558033427626889e-02
34                                     1.8345424301415791e-01
35                                     1.5596408601449374e-01
36                                     1.8209213222790066e-01
37                                     1.8055023323414909e-01
38                                     1.8994624890027034e-01
39                                     1.9105762312867736e-01
40                                     1.6072281171440350e-01
41                                     1.6535983271914934e-01
42                                     1.9026170982137458e-01
43                                     1.8916621693692270e-01
44                                     1.7742144515901614e-01
45                                     1.7817195819383935e-01
46                                     1.9830491649826387e-01
47                                     1.8095306652036580e-01
48                                     1.7538842730125470e-01
49                                     2.1175260467628831e-01
50                                     2.7028449033809798e-01
51                                     2.9117787571603970e-01
52                                     2.0328790180554135e-01
53                                     1.8005470792233136e-01
54                                     1.7891440864068853e-01
55                                     1.8861585096949363e-01
56                                     1.6372086311067990e-01
57                                     2.1235469142679109e-01
58                                     1.6405217018482032e-01
59                                    -4.3948282516929638e-01
60                                     6.0405411360414085e-01
61                                    -4.2504578956932892e-01
62                                    -7.5684719183002258e-01
63                                     1.7134165240743038e-01
64                                     1.6554955105140867e-01
65                                     1.6867710337517372e-01
66                                     1.6687202102130327e-01
67                                     1.6892645598865896e-01
68                                     1.9119628856882565e-01
69                                    -4.4602651514492209e-01
70                                     6.6140209077758705e-01
71                                    -4.3655160647477231e-01
72                                    -7.7010359851516164e-01
73                                     1.6603007048558283e-01
74                                     1.5893561184382654e-01
75                                     1.6548731740418643e-01
76                                     1.6964288123455584e-01
77                                     1.6780173736921533e-01
78                                     1.8576467269925434e-01
79                                    -4.4128968302620208e-01
80                                     6.1686700599049793e-01
81                                    -4.4203016016559626e-01
82                                    -7.5238067512174212e-01
83                                     1.9463046134412887e-01
84                                     1.6299913985713133e-01
85                                     1.6730356565937243e-01
86                                     1.6836943594500364e-01
87                                     1.6446762037434670e-01
88                                     1.6909498407187673e-01
89                                    -4.4457817638700625e-01
90                                     6.0840840420387110e-01
91                                    -4.4417670900882378e-01
92                                    -7.4407343019973560e-01
93                                     1.6650492549213003e-01
94                                     1.6345164471283691e-01
95                                     1.6862148005718691e-01
96                                     1.6506562203445874e-01
97                                     1.6362323968470460e-01
98                                     2.1240687265720681e-01
   &Method [&Type "String"] "SCF"
   &Level [&Type "String"] "Relaxed density"
   &Mult [&Type "Integer"] 1
   &State [&Type "Integer"] -1
   &Irrep [&Type "Integer"] 0
$End
$SCF_Mayer_Population_Analysis
   &GeometryIndex 1
   &NAtoms [&Type "Integer"] 99 "Total number of atoms"
   &NBondOrdersPrint [&Type "Integer"] 104 "The number of bond orders larger than threshold"
   &bondThresh [&Type "Double"]       1.0000000000000001e-01  "The threshold for printing"
   &components [&Type "ArrayOfIntegers", &Dim (104,4)] "The indices and atomic numbers of the bonding atoms"
                                                         0                           1                           2                           3

0                                                        0                           6                           1                           6
1                                                        0                           6                           5                           6
2                                                        0                           6                          34                           1
3                                                        0                           6                          35                           1
4                                                        1                           6                           2                           6
5                                                        1                           6                          36                           1
6                                                        1                           6                          37                           1
7                                                        2                           6                           3                           7
8                                                        2                           6                          18                           8
9                                                        3                           7                           4                           6
10                                                       3                           7                           6                           6
11                                                       4                           6                           5                           6
12                                                       4                           6                          38                           1
13                                                       4                           6                          39                           1
14                                                       5                           6                          40                           1
15                                                       5                           6                          41                           1
16                                                       6                           6                           7                           6
17                                                       6                           6                           9                           6
18                                                       6                           6                          11                           6
19                                                       7                           6                           8                           6
20                                                       7                           6                          42                           1
21                                                       8                           6                           9                           6
22                                                       8                           6                          43                           1
23                                                       9                           6                          10                           6
24                                                       9                           6                          12                           7
25                                                      10                           6                          11                           6
26                                                      10                           6                          44                           1
27                                                      11                           6                          45                           1
28                                                      12                           7                          13                           6
29                                                      12                           7                          17                           6
30                                                      13                           6                          14                           6
31                                                      13                           6                          46                           1
32                                                      13                           6                          47                           1
33                                                      14                           6                          15                           6
34                                                      14                           6                          16                           6
35                                                      14                           6                          48                           1
36                                                      14                           6                          49                           1
37                                                      15                           6                          16                           6
38                                                      15                           6                          20                           6
39                                                      15                           6                          21                           7
40                                                      16                           6                          17                           6
41                                                      16                           6                          21                           7
42                                                      16                           6                          22                           7
43                                                      17                           6                          19                           8
44                                                      20                           6                          21                           7
45                                                      20                           6                          24                           6
46                                                      21                           7                          22                           7
47                                                      22                           7                          23                           6
48                                                      23                           6                          27                           6
49                                                      23                           6                          29                           6
50                                                      23                           6                          31                           6
51                                                      24                           6                          25                           7
52                                                      24                           6                          26                           8
53                                                      25                           7                          50                           1
54                                                      25                           7                          51                           1
55                                                      27                           6                          28                           6
56                                                      27                           6                          52                           1
57                                                      28                           6                          29                           6
58                                                      28                           6                          53                           1
59                                                      29                           6                          30                           6
60                                                      29                           6                          32                           8
61                                                      30                           6                          31                           6
62                                                      30                           6                          54                           1
63                                                      31                           6                          55                           1
64                                                      32                           8                          33                           6
65                                                      33                           6                          56                           1
66                                                      33                           6                          57                           1
67                                                      33                           6                          58                           1
68                                                      59                           6                          60                          16
69                                                      59                           6                          63                           1
70                                                      59                           6                          64                           1
71                                                      59                           6                          65                           1
72                                                      60                          16                          61                           6
73                                                      60                          16                          62                           8
74                                                      61                           6                          66                           1
75                                                      61                           6                          67                           1
76                                                      61                           6                          68                           1
77                                                      69                           6                          70                          16
78                                                      69                           6                          73                           1
79                                                      69                           6                          74                           1
80                                                      69                           6                          75                           1
81                                                      70                          16                          71                           6
82                                                      70                          16                          72                           8
83                                                      71                           6                          76                           1
84                                                      71                           6                          77                           1
85                                                      71                           6                          78                           1
86                                                      79                           6                          80                          16
87                                                      79                           6                          83                           1
88                                                      79                           6                          84                           1
89                                                      79                           6                          85                           1
90                                                      80                          16                          81                           6
91                                                      80                          16                          82                           8
92                                                      81                           6                          86                           1
93                                                      81                           6                          87                           1
94                                                      81                           6                          88                           1
95                                                      89                           6                          90                          16
96                                                      89                           6                          93                           1
97                                                      89                           6                          94                           1
98                                                      89                           6                          95                           1
99                                                      90                          16                          91                           6
100                                                     90                          16                          92                           8
101                                                     91                           6                          96                           1
102                                                     91                           6                          97                           1
103                                                     91                           6                          98                           1
   &BondOrders [&Type "ArrayOfDoubles", &Dim (104,1)] "The bond orders"
                                                         0

0                                      8.8783845167490361e-01
1                                      8.4703766866058872e-01
2                                      9.7384471698674691e-01
3                                      9.5932577866165480e-01
4                                      9.1850874292110474e-01
5                                      9.4597316313710311e-01
6                                      9.5810366283368287e-01
7                                      1.1280536612139107e+00
8                                      1.8336492040195962e+00
9                                      8.5726608094807755e-01
10                                     9.4635680095641073e-01
11                                     9.1830539067731753e-01
12                                     9.3800331915027335e-01
13                                     9.2149706863881653e-01
14                                     1.0061759757741500e+00
15                                     9.5675903244512728e-01
16                                     1.4009457746992076e+00
17                                     1.4226857913219823e-01
18                                     1.3695011879529142e+00
19                                     1.3810488191388339e+00
20                                     9.2724614504530989e-01
21                                     1.4146381703541255e+00
22                                     9.2367844665716747e-01
23                                     1.3435464620129873e+00
24                                     9.6188655690034763e-01
25                                     1.2716264298244702e+00
26                                     9.5939022100299121e-01
27                                     9.3291708261573869e-01
28                                     8.1107669174816632e-01
29                                     1.1777726715750712e+00
30                                     9.0738965591833765e-01
31                                     9.4155105469615319e-01
32                                     9.4772808091162031e-01
33                                     7.9658281892192540e-01
34                                    -1.2251294149485739e-01
35                                     1.0117871967473551e+00
36                                     9.7104326907289740e-01
37                                     1.1016581744278342e+00
38                                     1.2096737324178282e+00
39                                    -1.9226607600396334e-01
40                                     9.4485943032459896e-01
41                                     3.2119469679165313e-01
42                                     1.2607963216528444e+00
43                                     1.8585503256226725e+00
44                                     1.4586765058350672e+00
45                                     1.0034690660347128e+00
46                                     1.2191902001673112e+00
47                                     9.2960995987607253e-01
48                                     1.4299825657661491e+00
49                                     1.0184622733795015e-01
50                                     1.3407481596237618e+00
51                                     1.1296335364156684e+00
52                                     1.6477590776370241e+00
53                                     9.0995098093314597e-01
54                                     8.2706292709139984e-01
55                                     1.3873952572127770e+00
56                                     9.0823565094288095e-01
57                                     1.3739223861486580e+00
58                                     9.4459842683911333e-01
59                                     1.3638788883042869e+00
60                                     1.0362350142300669e+00
61                                     1.3159156626060118e+00
62                                     9.2059537384019452e-01
63                                     9.5315421137161749e-01
64                                     8.4222075570194943e-01
65                                     9.6331466382937292e-01
66                                     9.3839309313601882e-01
67                                     9.6132906708056531e-01
68                                     9.0447602813933070e-01
69                                     9.4314965843270360e-01
70                                     9.4575894536573102e-01
71                                     9.4625747626209589e-01
72                                     9.0528384716402199e-01
73                                     1.4118000030881190e+00
74                                     9.4554367485173429e-01
75                                     9.3901594388138743e-01
76                                     9.1757107723582065e-01
77                                     9.2221154558363549e-01
78                                     9.4743060224307940e-01
79                                     9.5696625260380053e-01
80                                     9.4554526867805022e-01
81                                     8.6042479887929968e-01
82                                     1.2518554984536037e+00
83                                     9.4182378960425284e-01
84                                     9.3720595733974388e-01
85                                     9.3348192922198714e-01
86                                     9.0526237252917308e-01
87                                     9.2149839108110010e-01
88                                     9.4181433670155668e-01
89                                     9.4627803549930867e-01
90                                     8.9565271668601165e-01
91                                     1.4461420748340128e+00
92                                     9.4663523880103906e-01
93                                     9.4474436921370564e-01
94                                     9.4450890890288441e-01
95                                     9.2386001798473938e-01
96                                     9.4485293144295668e-01
97                                     9.5176996228153798e-01
98                                     9.4808730739336411e-01
99                                     8.8612472582860180e-01
100                                    1.3706927526018093e+00
101                                    9.4283771685431805e-01
102                                    9.3894228749747732e-01
103                                    9.0173684726380909e-01
   &ATNO [&Type "ArrayOfIntegers", &Dim (99,1)] "Atomic number of the elements"
                                                         0

0                                                        6
1                                                        6
2                                                        6
3                                                        7
4                                                        6
5                                                        6
6                                                        6
7                                                        6
8                                                        6
9                                                        6
10                                                       6
11                                                       6
12                                                       7
13                                                       6
14                                                       6
15                                                       6
16                                                       6
17                                                       6
18                                                       8
19                                                       8
20                                                       6
21                                                       7
22                                                       7
23                                                       6
24                                                       6
25                                                       7
26                                                       8
27                                                       6
28                                                       6
29                                                       6
30                                                       6
31                                                       6
32                                                       8
33                                                       6
34                                                       1
35                                                       1
36                                                       1
37                                                       1
38                                                       1
39                                                       1
40                                                       1
41                                                       1
42                                                       1
43                                                       1
44                                                       1
45                                                       1
46                                                       1
47                                                       1
48                                                       1
49                                                       1
50                                                       1
51                                                       1
52                                                       1
53                                                       1
54                                                       1
55                                                       1
56                                                       1
57                                                       1
58                                                       1
59                                                       6
60                                                      16
61                                                       6
62                                                       8
63                                                       1
64                                                       1
65                                                       1
66                                                       1
67                                                       1
68                                                       1
69                                                       6
70                                                      16
71                                                       6
72                                                       8
73                                                       1
74                                                       1
75                                                       1
76                                                       1
77                                                       1
78                                                       1
79                                                       6
80                                                      16
81                                                       6
82                                                       8
83                                                       1
84                                                       1
85                                                       1
86                                                       1
87                                                       1
88                                                       1
89                                                       6
90                                                      16
91                                                       6
92                                                       8
93                                                       1
94                                                       1
95                                                       1
96                                                       1
97                                                       1
98                                                       1
   &NA [&Type "ArrayOfDoubles", &Dim (99,1)] "Mulliken gross atomic population"
                                                         0

0                                      6.2890896565528305e+00
1                                      6.3373406995195429e+00
2                                      5.8871467335021217e+00
3                                      6.6745672345689551e+00
4                                      6.3436637842908903e+00
5                                      6.2967718279605123e+00
6                                      5.9147313515301434e+00
7                                      6.2845906743220592e+00
8                                      6.2682860303577197e+00
9                                      5.9308751930160124e+00
10                                     6.3006768500992836e+00
11                                     6.2427681089358957e+00
12                                     6.6812788194591954e+00
13                                     6.3026700751239373e+00
14                                     6.5323442103548430e+00
15                                     6.0318561766494092e+00
16                                     5.9833691585572879e+00
17                                     5.9962232700206322e+00
18                                     8.4326358175430229e+00
19                                     8.4450232592828556e+00
20                                     5.5859205198056578e+00
21                                     7.5187780603923322e+00
22                                     6.1215856439496763e+00
23                                     5.9798665966181392e+00
24                                     6.0037402763791503e+00
25                                     7.3656497998844568e+00
26                                     8.4796165449268326e+00
27                                     6.2036645959828016e+00
28                                     6.3492763399924304e+00
29                                     5.6420231118742823e+00
30                                     6.2513501321502929e+00
31                                     6.2646462082417145e+00
32                                     8.1785044823884832e+00
33                                     6.3687897907357671e+00
34                                     7.9593914863802062e-01
35                                     8.4773478696527149e-01
36                                     8.2691171630613436e-01
37                                     8.2223091392932024e-01
38                                     8.3904764206245619e-01
39                                     7.9875569492844478e-01
40                                     8.4381052986177119e-01
41                                     8.4098248067382853e-01
42                                     8.3598141200835063e-01
43                                     8.3650141105415576e-01
44                                     8.5576970271415609e-01
45                                     8.5201503757394947e-01
46                                     8.3442772992111702e-01
47                                     8.2406707352266928e-01
48                                     8.2137650629709158e-01
49                                     7.5635287354725900e-01
50                                     7.4336269377708952e-01
51                                     7.1412416183237437e-01
52                                     8.1281977480016643e-01
53                                     8.4962962517649121e-01
54                                     8.4712021425172557e-01
55                                     8.3730039878907059e-01
56                                     8.5279294708685660e-01
57                                     7.8692477002109584e-01
58                                     8.5132284198947505e-01
59                                     6.4448893025967102e+00
60                                     1.5585255095601799e+01
61                                     6.4282783235835774e+00
62                                     8.5406842134026100e+00
63                                     8.2691655330355285e-01
64                                     8.4285462539311129e-01
65                                     8.2543968364698872e-01
66                                     8.3404543831627453e-01
67                                     8.3877617699919205e-01
68                                     8.0479333687923738e-01
69                                     6.4971799032402551e+00
70                                     1.5519798936997720e+01
71                                     6.4298403738488723e+00
72                                     8.5842919389991899e+00
73                                     8.3254932707351759e-01
74                                     8.4147075729081344e-01
75                                     8.3083023740363526e-01
76                                     8.2414421905411639e-01
77                                     8.4702328291204565e-01
78                                     8.0643093347107941e-01
79                                     6.4572512154968376e+00
80                                     1.5567758666789281e+01
81                                     6.4398217432820122e+00
82                                     8.5461383717290396e+00
83                                     7.9884110196068248e-01
84                                     8.5105017550610351e-01
85                                     8.3162308788467609e-01
86                                     8.2537368242580822e-01
87                                     8.4863673602073453e-01
88                                     8.2914840544427582e-01
89                                     6.4737956159547583e+00
90                                     1.5565857874533624e+01
91                                     6.4524437127699050e+00
92                                     8.5523731076448044e+00
93                                     8.3192342377956296e-01
94                                     8.4314983494573659e-01
95                                     8.2461626065746996e-01
96                                     8.3904193031076568e-01
97                                     8.5392651418568544e-01
98                                     7.6511275596682415e-01
   &ZA [&Type "ArrayOfDoubles", &Dim (99,1)] "Total nuclear charge"
                                                         0

0                                      6.0000000000000000e+00
1                                      6.0000000000000000e+00
2                                      6.0000000000000000e+00
3                                      7.0000000000000000e+00
4                                      6.0000000000000000e+00
5                                      6.0000000000000000e+00
6                                      6.0000000000000000e+00
7                                      6.0000000000000000e+00
8                                      6.0000000000000000e+00
9                                      6.0000000000000000e+00
10                                     6.0000000000000000e+00
11                                     6.0000000000000000e+00
12                                     7.0000000000000000e+00
13                                     6.0000000000000000e+00
14                                     6.0000000000000000e+00
15                                     6.0000000000000000e+00
16                                     6.0000000000000000e+00
17                                     6.0000000000000000e+00
18                                     8.0000000000000000e+00
19                                     8.0000000000000000e+00
20                                     6.0000000000000000e+00
21                                     7.0000000000000000e+00
22                                     7.0000000000000000e+00
23                                     6.0000000000000000e+00
24                                     6.0000000000000000e+00
25                                     7.0000000000000000e+00
26                                     8.0000000000000000e+00
27                                     6.0000000000000000e+00
28                                     6.0000000000000000e+00
29                                     6.0000000000000000e+00
30                                     6.0000000000000000e+00
31                                     6.0000000000000000e+00
32                                     8.0000000000000000e+00
33                                     6.0000000000000000e+00
34                                     1.0000000000000000e+00
35                                     1.0000000000000000e+00
36                                     1.0000000000000000e+00
37                                     1.0000000000000000e+00
38                                     1.0000000000000000e+00
39                                     1.0000000000000000e+00
40                                     1.0000000000000000e+00
41                                     1.0000000000000000e+00
42                                     1.0000000000000000e+00
43                                     1.0000000000000000e+00
44                                     1.0000000000000000e+00
45                                     1.0000000000000000e+00
46                                     1.0000000000000000e+00
47                                     1.0000000000000000e+00
48                                     1.0000000000000000e+00
49                                     1.0000000000000000e+00
50                                     1.0000000000000000e+00
51                                     1.0000000000000000e+00
52                                     1.0000000000000000e+00
53                                     1.0000000000000000e+00
54                                     1.0000000000000000e+00
55                                     1.0000000000000000e+00
56                                     1.0000000000000000e+00
57                                     1.0000000000000000e+00
58                                     1.0000000000000000e+00
59                                     6.0000000000000000e+00
60                                     1.6000000000000000e+01
61                                     6.0000000000000000e+00
62                                     8.0000000000000000e+00
63                                     1.0000000000000000e+00
64                                     1.0000000000000000e+00
65                                     1.0000000000000000e+00
66                                     1.0000000000000000e+00
67                                     1.0000000000000000e+00
68                                     1.0000000000000000e+00
69                                     6.0000000000000000e+00
70                                     1.6000000000000000e+01
71                                     6.0000000000000000e+00
72                                     8.0000000000000000e+00
73                                     1.0000000000000000e+00
74                                     1.0000000000000000e+00
75                                     1.0000000000000000e+00
76                                     1.0000000000000000e+00
77                                     1.0000000000000000e+00
78                                     1.0000000000000000e+00
79                                     6.0000000000000000e+00
80                                     1.6000000000000000e+01
81                                     6.0000000000000000e+00
82                                     8.0000000000000000e+00
83                                     1.0000000000000000e+00
84                                     1.0000000000000000e+00
85                                     1.0000000000000000e+00
86                                     1.0000000000000000e+00
87                                     1.0000000000000000e+00
88                                     1.0000000000000000e+00
89                                     6.0000000000000000e+00
90                                     1.6000000000000000e+01
91                                     6.0000000000000000e+00
92                                     8.0000000000000000e+00
93                                     1.0000000000000000e+00
94                                     1.0000000000000000e+00
95                                     1.0000000000000000e+00
96                                     1.0000000000000000e+00
97                                     1.0000000000000000e+00
98                                     1.0000000000000000e+00
   &QA [&Type "ArrayOfDoubles", &Dim (99,1)] "Mulliken gross atomic charge"
                                                         0

0                                     -2.8908965655283048e-01
1                                     -3.3734069951954293e-01
2                                      1.1285326649787830e-01
3                                      3.2543276543104493e-01
4                                     -3.4366378429089028e-01
5                                     -2.9677182796051227e-01
6                                      8.5268648469856601e-02
7                                     -2.8459067432205920e-01
8                                     -2.6828603035771970e-01
9                                      6.9124806983987597e-02
10                                    -3.0067685009928358e-01
11                                    -2.4276810893589573e-01
12                                     3.1872118054080456e-01
13                                    -3.0267007512393729e-01
14                                    -5.3234421035484303e-01
15                                    -3.1856176649409207e-02
16                                     1.6630841442712097e-02
17                                     3.7767299793678433e-03
18                                    -4.3263581754302294e-01
19                                    -4.4502325928285558e-01
20                                     4.1407948019434215e-01
21                                    -5.1877806039233221e-01
22                                     8.7841435605032370e-01
23                                     2.0133403381860759e-02
24                                    -3.7402763791503091e-03
25                                    -3.6564979988445678e-01
26                                    -4.7961654492683259e-01
27                                    -2.0366459598280162e-01
28                                    -3.4927633999243035e-01
29                                     3.5797688812571771e-01
30                                    -2.5135013215029289e-01
31                                    -2.6464620824171448e-01
32                                    -1.7850448238848315e-01
33                                    -3.6878979073576712e-01
34                                     2.0406085136197938e-01
35                                     1.5226521303472851e-01
36                                     1.7308828369386564e-01
37                                     1.7776908607067976e-01
38                                     1.6095235793754381e-01
39                                     2.0124430507155522e-01
40                                     1.5618947013822881e-01
41                                     1.5901751932617147e-01
42                                     1.6401858799164937e-01
43                                     1.6349858894584424e-01
44                                     1.4423029728584391e-01
45                                     1.4798496242605053e-01
46                                     1.6557227007888298e-01
47                                     1.7593292647733072e-01
48                                     1.7862349370290842e-01
49                                     2.4364712645274100e-01
50                                     2.5663730622291048e-01
51                                     2.8587583816762563e-01
52                                     1.8718022519983357e-01
53                                     1.5037037482350879e-01
54                                     1.5287978574827443e-01
55                                     1.6269960121092941e-01
56                                     1.4720705291314340e-01
57                                     2.1307522997890416e-01
58                                     1.4867715801052495e-01
59                                    -4.4488930259671022e-01
60                                     4.1474490439820144e-01
61                                    -4.2827832358357742e-01
62                                    -5.4068421340260997e-01
63                                     1.7308344669644715e-01
64                                     1.5714537460688871e-01
65                                     1.7456031635301128e-01
66                                     1.6595456168372547e-01
67                                     1.6122382300080795e-01
68                                     1.9520666312076262e-01
69                                    -4.9717990324025507e-01
70                                     4.8020106300227994e-01
71                                    -4.2984037384887230e-01
72                                    -5.8429193899918985e-01
73                                     1.6745067292648241e-01
74                                     1.5852924270918656e-01
75                                     1.6916976259636474e-01
76                                     1.7585578094588361e-01
77                                     1.5297671708795435e-01
78                                     1.9356906652892059e-01
79                                    -4.5725121549683756e-01
80                                     4.3224133321071889e-01
81                                    -4.3982174328201218e-01
82                                    -5.4613837172903956e-01
83                                     2.0115889803931752e-01
84                                     1.4894982449389649e-01
85                                     1.6837691211532391e-01
86                                     1.7462631757419178e-01
87                                     1.5136326397926547e-01
88                                     1.7085159455572418e-01
89                                    -4.7379561595475828e-01
90                                     4.3414212546637643e-01
91                                    -4.5244371276990503e-01
92                                    -5.5237310764480441e-01
93                                     1.6807657622043704e-01
94                                     1.5685016505426341e-01
95                                     1.7538373934253004e-01
96                                     1.6095806968923432e-01
97                                     1.4607348581431456e-01
98                                     2.3488724403317585e-01
   &VA [&Type "ArrayOfDoubles", &Dim (99,1)] "Mayer's total valence"
                                                         0

0                                      3.5585385371640479e+00
1                                      3.6723036105262441e+00
2                                      3.9319008764346113e+00
3                                      3.0599831696928179e+00
4                                      3.7095453457802190e+00
5                                      3.6827883139246094e+00
6                                      3.7991229106155924e+00
7                                      3.8252020961875650e+00
8                                      3.8296471204720337e+00
9                                      3.8003052311572261e+00
10                                     3.6274496707050705e+00
11                                     3.6263762274302840e+00
12                                     3.1401658133895740e+00
13                                     3.6989946624678693e+00
14                                     3.6598307764619324e+00
15                                     2.9983649117556030e+00
16                                     3.5603561385478959e+00
17                                     3.9282833620231217e+00
18                                     1.9730117016922382e+00
19                                     2.0278145059979122e+00
20                                     3.7380171417689287e+00
21                                     3.1930390315556618e+00
22                                     3.5155484585942469e+00
23                                     3.8487481496428333e+00
24                                     4.0050010370142761e+00
25                                     3.0083584857665517e+00
26                                     1.9304531887139271e+00
27                                     3.8048871555025086e+00
28                                     3.8311356353882653e+00
29                                     3.8026707021355888e+00
30                                     3.6918297347588052e+00
31                                     3.7197980547998748e+00
32                                     2.0115928267590633e+00
33                                     3.7442428311067699e+00
34                                     9.5703208113054317e-01
35                                     9.6098794718410130e-01
36                                     9.5631909699005901e-01
37                                     9.5626337929395933e-01
38                                     9.5114883811706608e-01
39                                     9.3363231567820804e-01
40                                     9.6402333969808951e-01
41                                     9.5909337194761124e-01
42                                     9.6489413917803413e-01
43                                     9.6289164843333230e-01
44                                     9.7294930181080530e-01
45                                     9.6890059042160936e-01
46                                     9.5435401809922238e-01
47                                     9.3904169548418648e-01
48                                     9.4928562192717825e-01
49                                     9.3609443521667335e-01
50                                     9.3653965662928662e-01
51                                     9.3972228327502416e-01
52                                     9.5581455746343702e-01
53                                     9.7121955803684923e-01
54                                     9.6854876423948022e-01
55                                     9.6582861168306589e-01
56                                     9.5540307780649014e-01
57                                     9.4573705436252553e-01
58                                     9.5388453878782353e-01
59                                     3.7920576326097111e+00
60                                     3.3183957532812389e+00
61                                     3.7742516305761011e+00
62                                     1.5837685719102197e+00
63                                     9.5735034394412544e-01
64                                     9.6266551665653943e-01
65                                     9.5969691631539333e-01
66                                     9.6097982026471296e-01
67                                     9.6273581565111543e-01
68                                     9.5555409080643372e-01
69                                     3.8429906748378464e+00
70                                     3.2336862560955169e+00
71                                     3.7168127680656968e+00
72                                     1.4947143176456041e+00
73                                     9.5778884410188758e-01
74                                     9.6221583164987945e-01
75                                     9.5953767406203605e-01
76                                     9.5864970905186908e-01
77                                     9.6904586454246422e-01
78                                     9.5897615024395511e-01
79                                     3.7647583117844121e+00
80                                     3.3296887567482347e+00
81                                     3.7829769029521509e+00
82                                     1.6127281562207072e+00
83                                     9.5820369205071021e-01
84                                     9.6414739184406340e-01
85                                     9.6244892799441550e-01
86                                     9.6023488688989167e-01
87                                     9.6476317151179047e-01
88                                     9.5800608123578457e-01
89                                     3.8246244674950685e+00
90                                     3.2994003180598241e+00
91                                     3.7110933648172080e+00
92                                     1.5541771676479401e+00
93                                     9.5766958135191582e-01
94                                     9.6297421660852445e-01
95                                     9.5914342904755712e-01
96                                     9.6435653123548659e-01
97                                     9.6561313524473869e-01
98                                     9.4659205621425480e-01
   &BVA [&Type "ArrayOfDoubles", &Dim (99,1)] "Mayer's bonded valence"
                                                         0

0                                      3.5585385371640461e+00
1                                      3.6723036105261864e+00
2                                      3.9319008764345971e+00
3                                      3.0599831696928046e+00
4                                      3.7095453457801835e+00
5                                      3.6827883139245960e+00
6                                      3.7991229106156701e+00
7                                      3.8252020961875730e+00
8                                      3.8296471204720555e+00
9                                      3.8003052311572456e+00
10                                     3.6274496707050994e+00
11                                     3.6263762274303590e+00
12                                     3.1401658133895687e+00
13                                     3.6989946624678725e+00
14                                     3.6598307764619991e+00
15                                     2.9983649117556395e+00
16                                     3.5603561385478835e+00
17                                     3.9282833620231612e+00
18                                     1.9730117016922879e+00
19                                     2.0278145059979051e+00
20                                     3.7380171417689056e+00
21                                     3.1930390315555623e+00
22                                     3.5155484585942656e+00
23                                     3.8487481496428595e+00
24                                     4.0050010370142450e+00
25                                     3.0083584857666219e+00
26                                     1.9304531887138392e+00
27                                     3.8048871555026054e+00
28                                     3.8311356353882151e+00
29                                     3.8026707021356199e+00
30                                     3.6918297347588571e+00
31                                     3.7197980547998579e+00
32                                     2.0115928267590562e+00
33                                     3.7442428311067864e+00
34                                     9.5703208113054850e-01
35                                     9.6098794718410396e-01
36                                     9.5631909699005402e-01
37                                     9.5626337929395444e-01
38                                     9.5114883811705819e-01
39                                     9.3363231567820559e-01
40                                     9.6402333969808784e-01
41                                     9.5909337194760624e-01
42                                     9.6489413917803579e-01
43                                     9.6289164843332731e-01
44                                     9.7294930181080685e-01
45                                     9.6890059042162635e-01
46                                     9.5435401809921683e-01
47                                     9.3904169548418892e-01
48                                     9.4928562192718213e-01
49                                     9.3609443521667646e-01
50                                     9.3653965662929683e-01
51                                     9.3972228327503737e-01
52                                     9.5581455746346600e-01
53                                     9.7121955803683990e-01
54                                     9.6854876423948888e-01
55                                     9.6582861168305312e-01
56                                     9.5540307780648892e-01
57                                     9.4573705436252709e-01
58                                     9.5388453878782453e-01
59                                     3.7920576326096667e+00
60                                     3.3183957532812656e+00
61                                     3.7742516305760949e+00
62                                     1.5837685719102668e+00
63                                     9.5735034394412022e-01
64                                     9.6266551665653999e-01
65                                     9.5969691631539378e-01
66                                     9.6097982026471418e-01
67                                     9.6273581565111555e-01
68                                     9.5555409080642750e-01
69                                     3.8429906748378859e+00
70                                     3.2336862560955169e+00
71                                     3.7168127680657599e+00
72                                     1.4947143176456068e+00
73                                     9.5778884410189014e-01
74                                     9.6221583164987934e-01
75                                     9.5953767406203960e-01
76                                     9.5864970905186853e-01
77                                     9.6904586454246522e-01
78                                     9.5897615024395610e-01
79                                     3.7647583117844614e+00
80                                     3.3296887567482827e+00
81                                     3.7829769029521820e+00
82                                     1.6127281562207072e+00
83                                     9.5820369205071032e-01
84                                     9.6414739184407039e-01
85                                     9.6244892799442328e-01
86                                     9.6023488688989733e-01
87                                     9.6476317151179325e-01
88                                     9.5800608123578057e-01
89                                     3.8246244674951457e+00
90                                     3.2994003180598988e+00
91                                     3.7110933648172448e+00
92                                     1.5541771676479970e+00
93                                     9.5766958135192215e-01
94                                     9.6297421660853000e-01
95                                     9.5914342904756467e-01
96                                     9.6435653123549347e-01
97                                     9.6561313524473891e-01
98                                     9.4659205621425935e-01
   &FA [&Type "ArrayOfDoubles", &Dim (99,1)] "Mayer's free valence"
                                                         0

0                                      0.0000000000000000e+00
1                                      0.0000000000000000e+00
2                                      0.0000000000000000e+00
3                                      0.0000000000000000e+00
4                                      0.0000000000000000e+00
5                                      0.0000000000000000e+00
6                                      0.0000000000000000e+00
7                                      0.0000000000000000e+00
8                                      0.0000000000000000e+00
9                                      0.0000000000000000e+00
10                                     0.0000000000000000e+00
11                                     0.0000000000000000e+00
12                                     0.0000000000000000e+00
13                                     0.0000000000000000e+00
14                                     0.0000000000000000e+00
15                                     0.0000000000000000e+00
16                                     0.0000000000000000e+00
17                                     0.0000000000000000e+00
18                                     0.0000000000000000e+00
19                                     0.0000000000000000e+00
20                                     0.0000000000000000e+00
21                                     0.0000000000000000e+00
22                                     0.0000000000000000e+00
23                                     0.0000000000000000e+00
24                                     0.0000000000000000e+00
25                                     0.0000000000000000e+00
26                                     0.0000000000000000e+00
27                                     0.0000000000000000e+00
28                                     0.0000000000000000e+00
29                                     0.0000000000000000e+00
30                                     0.0000000000000000e+00
31                                     0.0000000000000000e+00
32                                     0.0000000000000000e+00
33                                     0.0000000000000000e+00
34                                     0.0000000000000000e+00
35                                     0.0000000000000000e+00
36                                     0.0000000000000000e+00
37                                     0.0000000000000000e+00
38                                     0.0000000000000000e+00
39                                     0.0000000000000000e+00
40                                     0.0000000000000000e+00
41                                     0.0000000000000000e+00
42                                     0.0000000000000000e+00
43                                     0.0000000000000000e+00
44                                     0.0000000000000000e+00
45                                     0.0000000000000000e+00
46                                     0.0000000000000000e+00
47                                     0.0000000000000000e+00
48                                     0.0000000000000000e+00
49                                     0.0000000000000000e+00
50                                     0.0000000000000000e+00
51                                     0.0000000000000000e+00
52                                     0.0000000000000000e+00
53                                     0.0000000000000000e+00
54                                     0.0000000000000000e+00
55                                     0.0000000000000000e+00
56                                     0.0000000000000000e+00
57                                     0.0000000000000000e+00
58                                     0.0000000000000000e+00
59                                     0.0000000000000000e+00
60                                     0.0000000000000000e+00
61                                     0.0000000000000000e+00
62                                     0.0000000000000000e+00
63                                     0.0000000000000000e+00
64                                     0.0000000000000000e+00
65                                     0.0000000000000000e+00
66                                     0.0000000000000000e+00
67                                     0.0000000000000000e+00
68                                     0.0000000000000000e+00
69                                     0.0000000000000000e+00
70                                     0.0000000000000000e+00
71                                     0.0000000000000000e+00
72                                     0.0000000000000000e+00
73                                     0.0000000000000000e+00
74                                     0.0000000000000000e+00
75                                     0.0000000000000000e+00
76                                     0.0000000000000000e+00
77                                     0.0000000000000000e+00
78                                     0.0000000000000000e+00
79                                     0.0000000000000000e+00
80                                     0.0000000000000000e+00
81                                     0.0000000000000000e+00
82                                     0.0000000000000000e+00
83                                     0.0000000000000000e+00
84                                     0.0000000000000000e+00
85                                     0.0000000000000000e+00
86                                     0.0000000000000000e+00
87                                     0.0000000000000000e+00
88                                     0.0000000000000000e+00
89                                     0.0000000000000000e+00
90                                     0.0000000000000000e+00
91                                     0.0000000000000000e+00
92                                     0.0000000000000000e+00
93                                     0.0000000000000000e+00
94                                     0.0000000000000000e+00
95                                     0.0000000000000000e+00
96                                     0.0000000000000000e+00
97                                     0.0000000000000000e+00
98                                     0.0000000000000000e+00
   &Method [&Type "String"] "SCF"
   &Level [&Type "String"] "Relaxed density"
   &Mult [&Type "Integer"] 1
   &State [&Type "Integer"] -1
   &Irrep [&Type "Integer"] 0
$End
$SCF_Energy
   &GeometryIndex 1
   &Method [&Type "String"] "SCF"
   &totalEnergy [&Type "ArrayOfDoubles", &Dim (1,1)] "Total energy of each state"
                                                         0

0                                     -3.7547171254757468e+03
   &Mult [&Type "ArrayOfIntegers", &Dim (1,1)] "Multiplicity of each state"
                                                         0

0                                                        1
$End
$DFT_Energy
   &GeometryIndex 1
   &nAlphaEl [&Type "Integer"] 205
   &nBetaEl [&Type "Integer"] 205
   &nTotalEl [&Type "Integer"] 410
   &finalEn [&Type "Double"]      -3.7547171254757468e+03  "No Van der Waals correction"
   &eExchange [&Type "Double"]      -3.8935150269033983e+02
   &eCorr [&Type "Double"]      -1.3794644823163992e+01
   &eXC [&Type "Double"]      -4.0314614751350382e+02
   &eCNL [&Type "Double"]       0.0000000000000000e+00
$End
$SCF_Timings
   &GeometryIndex 1
   &TOTAL [&Type "Double"]       3.2564800000000002e+02
   &PREP [&Type "Double"]       6.6900000000000004e-01
   &FOCK [&Type "Double"]       2.8616500000000008e+02
   &DENS [&Type "Double"]       2.2829999999999018e+00
   &ETOT [&Type "Double"]       6.5499999999998693e-01
   &POP [&Type "Double"]       9.5300000000003138e-01
   &TRAFO [&Type "Double"]       3.7090000000000245e+00
   &DIIS [&Type "Double"]       1.1578000000000021e+01
   &SOSCF [&Type "Double"]       1.0326000000000022e+01
   &XC [&Type "Double"]       1.8388099999999983e+02
   &FOCKSTART [&Type "Double"]       3.4400000000006048e-01
   &INT_BF [&Type "Double"]       3.0433000000000355e+01
   &INT_DENS [&Type "Double"]       7.0277999999997704e+01
   &INT_DENSIO [&Type "Double"]       6.0936934019999988e+06
   &INT_FUNC [&Type "Double"]       6.5750000000000046e+00
   &INT_POT [&Type "Double"]       6.9086000000001292e+01
   &INT_POTIO [&Type "Double"]       1.0709999999999500e+00
   &INT_SUM [&Type "Double"]       4.9999999999883471e-03
   &SPLITRIJ [&Type "Double"]       1.1211400000000016e+02
$End
$VdW_Correction
   &GeometryIndex 1
   &vdW [&Type "Double"]      -4.9314254759858449e-02
$End
$gCP_Energy
   &GeometryIndex 1
   &gCP_Energy [&Type "Double"]       9.0737749000000006e-02
$End
$Single_Point_Data
   &GeometryIndex 1
   &FinalEnergy [&Type "Double"]      -3.7546757019815068e+03  "Final single point energy"
   &Converged [&Type "Boolean"] true
$End
$Calculation_Info
   &GeometryIndex 1
   &Mult [&Type "Integer"] 1
   &Charge [&Type "Integer"] 0
   &NumOfAtoms [&Type "Integer"] 99
   &NumOfElectrons [&Type "Integer"] 410
   &NumOfBasisFuncts [&Type "Integer"] 1292
   &NumOfAuxCBasisFuncts [&Type "Integer"] 0
   &NumOfAuxJBasisFuncts [&Type "Integer"] 2087
   &NumOfAuxJKBasisFuncts [&Type "Integer"] 0
   &NumOfCABSBasisFuncts [&Type "Integer"] 0
$End
$SCF_Dipole_Moment
   &GeometryIndex 1
   &dipoleMagnitude [&Type "Double", &Units "a.u."]       2.0605080806223341e+00
   &dipoleElecContrib [&Type "ArrayOfDoubles", &Dim (3,1)] "Electronic contribution"
                                                         0

0                                      2.9349943530844250e+01
1                                     -3.6042737017438045e+00
2                                      2.2774766310570111e+00
   &dipoleNucContrib [&Type "ArrayOfDoubles", &Dim (3,1)] "Nuclear contribution"
                                                         0

0                                     -3.1117598601949844e+01
1                                      2.5978860104788239e+00
2                                     -2.6065251301797945e+00
   &dipoleTotal [&Type "ArrayOfDoubles", &Dim (3,1)] "Total"
                                                         0

0                                     -1.7676550711055938e+00
1                                     -1.0063876912649805e+00
2                                     -3.2904849912278333e-01
   &doAtomicDipole [&Type "Boolean"] false
   &Method [&Type "String"] "SCF"
   &Level [&Type "String"] "Relaxed density"
   &Mult [&Type "Integer"] 1
   &State [&Type "Integer"] -1
   &Irrep [&Type "Integer"] 0
$End
$Calculation_Timings
   &GeometryIndex 1
   &GTOINT [&Type "Double"]       1.2736000000000001e+01
   &SCF [&Type "Double"]       3.4250099999999998e+02
   &PROP [&Type "Double"]       1.0159999999999627e+00
   &SUM [&Type "Double"]       3.5625299999999993e+02
$End
