*************************************************
******************* ORCA 6.1.1 ******************
*************************************************
$Calculation_Status
   &GeometryIndex 11
   &version [&Type "String"] "6.1.1"
   &progName [&Type "String"] "LeanSCF"
   &Status [&Type "String"] "NORMAL TERMINATION"
$End
$Geometry
   &GeometryIndex 1
   &NAtoms [&Type "Integer"] 159
   &NCorelessECP [&Type "Integer"] 0
   &NGhostAtoms [&Type "Integer"] 0
   &CartesianCoordinates [&Type "Coordinates", &Dim(159,4), &Units "Bohr"] 
              C     77.982721288717  -50.412261007236    2.548599035156
              C     76.414574131612  -52.407013682981    1.279609092529
              C     74.665413666494  -51.415428681644   -0.596565516520
              N     75.611636300701  -49.630084485632   -2.121137879702
              C     78.171072424285  -48.849862745307   -1.931302101773
              C     78.649127075604  -48.172058555758    0.780690505223
              C     73.917224137561  -48.424796353422   -3.863863637417
              C     72.160168577124  -49.730722085031   -5.284314510603
              C     70.515777435647  -48.451396064973   -6.787101661914
              C     70.324532941719  -45.775395723331   -6.833558248128
              C     71.954811336307  -44.539405416225   -5.128686587653
              C     73.686825580164  -45.881227888854   -3.737388783908
              N     68.538262803901  -44.495684113915   -8.309696200308
              C     65.910206402402  -45.158551492551   -8.057856804526
              C     64.321325462497  -43.069630574828   -6.650975917135
              C     64.562020225428  -40.716562102170   -8.157243872742
              C     66.522648539019  -40.592404546309   -9.895363886555
              C     68.815057378200  -42.218607967209   -9.726843183469
              O     72.340754802497  -51.888425644805   -0.478926667712
              O     70.771598995943  -41.515561018352  -10.704031852764
              C     63.302906642399  -38.345272272755   -8.413190817311
              N     64.398473301179  -37.007827572758  -10.272165338456
              N     66.280021714987  -38.336926828865  -11.156821303711
              C     66.956054294979  -37.655473650338  -13.603573654327
              C     60.910001829533  -37.475557999575   -6.993291582774
              N     60.107126546100  -35.167736752656   -7.689766672251
              O     59.729041572745  -38.846291094317   -5.592837439858
              C     67.361642852145  -35.149046256647  -14.262262396836
              C     67.676940906905  -34.497083782472  -16.749391395510
              C     67.718896673615  -36.332227812616  -18.642733940286
              C     67.096418077347  -38.846931952228  -17.958091818483
              C     66.808409214891  -39.469291331722  -15.463690773811
              O     68.420830907316  -35.423849013680  -20.995487154657
              C     69.845121619536  -37.217210144536  -22.446380580824
              H     76.930917023964  -49.471578562693    4.038430247904
              H     79.658865747677  -51.290934596172    3.549027635626
              H     77.504345463323  -53.861910313117    0.291148109336
              H     75.515515664736  -53.528058518616    2.759103637873
              H     79.439198193827  -50.411624322219   -2.409795683372
              H     78.721804832500  -47.308207949515   -3.084556791559
              H     80.583703497156  -47.636010413943    1.090574903167
              H     77.603895853955  -46.389210405266    1.204337482235
              H     72.017642087856  -51.761138448676   -5.062046094361
              H     69.189443490437  -49.485622646761   -7.957428333559
              H     72.055730907600  -42.414446926209   -4.833625637652
              H     74.943514092763  -44.814418396787   -2.588114261194
              H     65.130094874307  -45.461027678958   -9.943100063594
              H     65.643833208151  -46.999927967608   -7.133470330151
              H     62.405056362666  -43.545622170175   -6.329210331374
              H     65.091016966424  -42.977030971838   -4.739393927522
              H     61.229777536131  -34.226519975766   -9.025430119984
              H     58.878979830394  -33.911403327723   -6.762827588128
              H     67.349001898236  -33.715980066521  -12.805133448715
              H     67.911975788319  -32.477543937903  -17.198962249032
              H     67.064794318542  -40.359886961141  -19.429776091511
              H     66.377140969168  -41.322726315724  -14.811184129375
              H     71.250216521466  -38.116447614964  -21.262347039182
              H     68.749263796477  -38.694135959256  -23.171160528608
              H     70.716271568304  -36.165147588047  -23.991234824880
              C     57.640594356074  -46.482363876215   -6.234140663953
              S     57.731169051749  -45.079784062763   -9.469180318815
              C     54.641342001464  -43.676134686619   -9.648357360670
              O     57.674375578167  -47.187012954352  -11.290291569233
              H     58.496862882558  -45.043919495276   -5.012311375278
              H     55.783574780804  -46.903799176341   -5.488824228147
              H     58.938847703959  -48.153579972503   -6.426703330299
              H     54.360626796103  -42.794905599301   -7.764397235473
              H     54.891297116736  -42.204894660804  -11.024724660463
              H     53.217506200370  -45.142770221232  -10.038845295069
              C     62.856882008877  -54.915537408832   -4.978810317179
              S     62.098814991802  -57.400664852670   -7.407093618208
              C     59.874609266500  -55.251229636528   -9.175340864921
              O     60.562612567265  -59.255775464962   -6.027858380650
              H     63.296553285626  -53.146893876911   -5.956949897799
              H     61.311603018070  -54.813523400380   -3.570729038709
              H     64.556682195075  -55.547213114356   -3.984651126555
              H     58.204643801928  -56.359674941427   -9.697029970329
              H     59.492162219225  -53.782216452273   -7.881720059144
              H     60.845550225297  -54.677403111429  -10.853981284553
              C     67.892785390017  -51.810598628724    2.121438167200
              S     67.786851951991  -49.115959094491   -0.188495189580
              C     69.871166443054  -47.219688708955    1.708827084041
              O     65.256123870367  -48.039277253015    0.097419594025
              H     69.207010202408  -53.374512732392    1.823229770230
              H     67.980967843584  -51.103260523399    4.015411492544
              H     66.080943502532  -52.749687996908    2.070314927998
              H     68.965155399721  -46.971212796846    3.508963781462
              H     71.498688040718  -48.320473282182    1.617184125426
              H     70.246634997413  -45.392812695142    0.946154487092
              C     57.969077190130  -45.831359427994  -16.937434951505
              S     59.506383318852  -42.636249468456  -16.713983061768
              C     61.755633096869  -42.841708149584  -19.314011877673
              O     61.019598212541  -42.614621730299  -14.344175941336
              H     56.833573543194  -45.689275940798  -18.718206531080
              H     59.292277416287  -47.369612726573  -17.421771320078
              H     56.780484783022  -46.281631665844  -15.271755081369
              H     62.752785226106  -44.704755215362  -19.385406279411
              H     60.783530377720  -42.434008815568  -21.092321772430
              H     63.118191620348  -41.297878469117  -19.239649707340
              C     69.723193206921  -32.732474189592   -1.455690119903
              S     67.895152939073  -29.967873033204   -0.151696363791
              C     67.915483043301  -27.735209465370   -2.993676683448
              O     69.721761122001  -28.862271858166    1.544839308039
              H     69.594380693776  -32.854359682747   -3.517440276915
              H     71.656032745657  -32.499041123763   -0.844175949934
              H     69.042703498650  -34.497210068146   -0.752298361033
              H     69.708992899572  -27.690543828359   -3.916813821704
              H     66.483014349052  -28.349782314689   -4.263676407282
              H     67.413655067842  -25.981747835794   -2.197186113391
              C     65.004109411490  -30.792552378904    7.488656414419
              S     64.153021641767  -30.479454061741    4.218301702318
              C     60.804180806590  -30.591057774776    5.010734394662
              O     64.359995913112  -33.120179319711    3.243304767062
              H     64.291819373317  -29.160825011858    8.466576139765
              H     64.407566788624  -32.410286993836    8.571513007281
              H     67.072154131737  -30.737420856340    7.610090790072
              H     59.984931111403  -28.831262356164    5.705322294774
              H     59.709643169263  -31.339464391290    3.475713087509
              H     60.511409037191  -31.850047915036    6.553711009855
              C     63.540908176336  -42.648973279298    1.145333199340
              S     66.596062820266  -40.884249853472    0.435599282404
              C     65.338445562641  -37.915831853864   -1.192741327858
              O     67.940895525526  -42.152566244792   -1.584141688553
              H     63.006509996927  -41.957339898911    2.970916060332
              H     61.992007394435  -42.213960339229   -0.212864490823
              H     63.885288085829  -44.568223810254    1.240447831850
              H     67.001224025317  -37.307902966803   -2.352625286526
              H     63.880938016393  -38.566985130867   -2.457703675066
              H     64.785992884002  -36.346816047482    0.016110439880
              C     56.959143632301  -41.154670492448    6.536951063544
              S     57.623117182728  -39.136699893467    3.620978237244
              C     60.008905609172  -37.183738386452    5.370368066738
              O     55.457487233015  -37.494605946543    3.573326821037
              H     55.582460566641  -42.494736726551    6.045705976789
              H     58.743430165414  -42.219542226456    7.020994690674
              H     56.293811010303  -39.959560218837    8.071794349802
              H     61.163916805069  -35.992088120701    4.103467882859
              H     59.146915478748  -36.118406307409    6.885085166280
              H     61.252209062308  -38.436423541826    6.386989922257
              C     59.672315156095  -34.472692357261   -1.003887350150
              S     57.647992022751  -31.772940249097   -1.921744995532
              C     54.899323903289  -32.481533716689    0.122804250222
              O     57.055260631678  -32.203605490014   -4.506477169455
              H     61.622444015414  -34.284131923752   -1.671567681725
              H     59.815821332682  -34.346402238276    1.001084447877
              H     58.813229069866  -36.325000072192   -1.576880356357
              H     53.684201781976  -33.833770539017   -0.891204525068
              H     55.329338386965  -33.167883583432    2.079891680399
              H     53.766385554856  -30.765581745105    0.089339627555
              C     56.302837221986  -31.435104086285  -11.730663196441
              S     59.056511107491  -30.011266234272  -13.598139072574
              C     59.159841839129  -32.733872013777  -15.855422775773
              O     61.131007346145  -30.071263091094  -11.755767415012
              H     56.891660106670  -33.275197730393  -11.273683327113
              H     55.994500869360  -30.211517035587  -10.011600020000
              H     54.688098450743  -31.679686880989  -12.984238393360
              H     60.357168298512  -32.373769865931  -17.501463183104
              H     59.651592037019  -34.553226861830  -15.049833898714
              H     57.120050100616  -32.729134483587  -16.342847158484
$End
$SCF_Mulliken_Population_Analysis
   &GeometryIndex 1
   &NAtoms [&Type "Integer"] 159
   &ATNO [&Type "ArrayOfIntegers", &Dim (159,1)] 
                                                         0

0                                                        6
1                                                        6
2                                                        6
3                                                        7
4                                                        6
5                                                        6
6                                                        6
7                                                        6
8                                                        6
9                                                        6
10                                                       6
11                                                       6
12                                                       7
13                                                       6
14                                                       6
15                                                       6
16                                                       6
17                                                       6
18                                                       8
19                                                       8
20                                                       6
21                                                       7
22                                                       7
23                                                       6
24                                                       6
25                                                       7
26                                                       8
27                                                       6
28                                                       6
29                                                       6
30                                                       6
31                                                       6
32                                                       8
33                                                       6
34                                                       1
35                                                       1
36                                                       1
37                                                       1
38                                                       1
39                                                       1
40                                                       1
41                                                       1
42                                                       1
43                                                       1
44                                                       1
45                                                       1
46                                                       1
47                                                       1
48                                                       1
49                                                       1
50                                                       1
51                                                       1
52                                                       1
53                                                       1
54                                                       1
55                                                       1
56                                                       1
57                                                       1
58                                                       1
59                                                       6
60                                                      16
61                                                       6
62                                                       8
63                                                       1
64                                                       1
65                                                       1
66                                                       1
67                                                       1
68                                                       1
69                                                       6
70                                                      16
71                                                       6
72                                                       8
73                                                       1
74                                                       1
75                                                       1
76                                                       1
77                                                       1
78                                                       1
79                                                       6
80                                                      16
81                                                       6
82                                                       8
83                                                       1
84                                                       1
85                                                       1
86                                                       1
87                                                       1
88                                                       1
89                                                       6
90                                                      16
91                                                       6
92                                                       8
93                                                       1
94                                                       1
95                                                       1
96                                                       1
97                                                       1
98                                                       1
99                                                       6
100                                                     16
101                                                      6
102                                                      8
103                                                      1
104                                                      1
105                                                      1
106                                                      1
107                                                      1
108                                                      1
109                                                      6
110                                                     16
111                                                      6
112                                                      8
113                                                      1
114                                                      1
115                                                      1
116                                                      1
117                                                      1
118                                                      1
119                                                      6
120                                                     16
121                                                      6
122                                                      8
123                                                      1
124                                                      1
125                                                      1
126                                                      1
127                                                      1
128                                                      1
129                                                      6
130                                                     16
131                                                      6
132                                                      8
133                                                      1
134                                                      1
135                                                      1
136                                                      1
137                                                      1
138                                                      1
139                                                      6
140                                                     16
141                                                      6
142                                                      8
143                                                      1
144                                                      1
145                                                      1
146                                                      1
147                                                      1
148                                                      1
149                                                      6
150                                                     16
151                                                      6
152                                                      8
153                                                      1
154                                                      1
155                                                      1
156                                                      1
157                                                      1
158                                                      1
   &AtomicCharges [&Type "ArrayOfDoubles", &Dim (159,1)] 
                                                         0

0                                     -3.1790974996031007e-01
1                                     -3.0500169433789281e-01
2                                      1.8343751702206834e-01
3                                      2.9434289756176213e-01
4                                     -3.2999463761063907e-01
5                                     -2.7169400288424761e-01
6                                      4.6128208392189229e-02
7                                     -1.4655934829853123e-01
8                                     -3.5753110118021691e-01
9                                     -3.1120202742798142e-02
10                                    -1.9043117336646986e-01
11                                    -2.9427187313052983e-01
12                                     3.7659176066629207e-01
13                                    -3.1393665340852905e-01
14                                    -4.6675137337011030e-01
15                                     1.5419070440171989e-01
16                                    -2.3894038497235304e-01
17                                     7.1820470591772434e-02
18                                    -4.5075514658713800e-01
19                                    -3.9167166077950100e-01
20                                     2.1757586352046410e-01
21                                    -3.8799093743569824e-01
22                                     7.1658094393704719e-01
23                                     1.1112273358008462e-01
24                                    -4.2865239914558373e-02
25                                    -4.0854888698591729e-01
26                                    -4.4804025076830456e-01
27                                    -2.8194100204928940e-01
28                                    -2.6788127420307095e-01
29                                     2.9741856482332985e-01
30                                    -3.7261213981492070e-01
31                                    -8.5137723068919868e-02
32                                    -2.1764377500854337e-01
33                                    -3.1096322906174656e-01
34                                     1.5959556848188527e-01
35                                     1.5523336007075383e-01
36                                     1.7964619364113310e-01
37                                     1.7756537056858934e-01
38                                     1.5751263106269975e-01
39                                     1.7699363456834116e-01
40                                     1.5844151218356273e-01
41                                     1.5610963161670410e-01
42                                     1.6966291917685616e-01
43                                     1.4312588768664458e-01
44                                     1.5697397369280264e-01
45                                     1.4072170876212164e-01
46                                     2.0162305506742983e-01
47                                     1.4295999611113497e-01
48                                     1.7961591430349577e-01
49                                     2.1870386606658354e-01
50                                     3.1771993946314070e-01
51                                     3.1989565769611128e-01
52                                     1.6323125007509431e-01
53                                     1.6391943039634649e-01
54                                     1.3768063502131067e-01
55                                     1.7218562019671058e-01
56                                     1.6667380899386552e-01
57                                     1.4287206277067255e-01
58                                     1.5223283230638551e-01
59                                    -4.7849391894360416e-01
60                                     4.7381384268761373e-01
61                                    -4.6118903119064747e-01
62                                    -5.6343227590241618e-01
63                                     1.8526123919462334e-01
64                                     1.6546160474040317e-01
65                                     1.7115698812851254e-01
66                                     1.6357076498571343e-01
67                                     1.7719968026373278e-01
68                                     1.8055842255538512e-01
69                                    -4.7075391966666569e-01
70                                     4.2565031784637597e-01
71                                    -4.4476477294269756e-01
72                                    -5.3731113509942219e-01
73                                     1.5227492060533554e-01
74                                     1.8844336256025263e-01
75                                     1.6861471622151092e-01
76                                     1.7869294364436406e-01
77                                     1.7040460047952100e-01
78                                     1.6598541184734361e-01
79                                    -5.0337737249635062e-01
80                                     4.9051105360610059e-01
81                                    -4.5080195716741045e-01
82                                    -5.8572707277822111e-01
83                                     1.9174079236524399e-01
84                                     1.5486905573996768e-01
85                                     1.5876067558135842e-01
86                                     1.5778284181038460e-01
87                                     1.7005693714458148e-01
88                                     1.9716378484223152e-01
89                                    -4.5618147185524016e-01
90                                     4.0866798373672886e-01
91                                    -4.6989553510431570e-01
92                                    -5.0614044009064330e-01
93                                     1.3758545212507334e-01
94                                     1.6495748310231106e-01
95                                     2.1898559111423821e-01
96                                     1.7011511282569014e-01
97                                     1.5739412611369219e-01
98                                     1.7667945486061654e-01
99                                    -4.8827865787187541e-01
100                                    5.0392767308721176e-01
101                                   -4.6476497076139278e-01
102                                   -5.6897036914238086e-01
103                                    1.6175610291601594e-01
104                                    1.8740589043991396e-01
105                                    1.6745660742834967e-01
106                                    1.7018960808960504e-01
107                                    1.6670841140442016e-01
108                                    1.6722552613354613e-01
109                                   -4.7247824623799328e-01
110                                    4.9720051543795485e-01
111                                   -4.7300158119841473e-01
112                                   -5.4103588788686530e-01
113                                    1.5565219839825872e-01
114                                    1.7968622154468328e-01
115                                    1.8397732858813298e-01
116                                    1.6697726794073575e-01
117                                    1.6049225044189386e-01
118                                    1.7267033248998565e-01
119                                   -4.8584753364131572e-01
120                                    4.0630714968495596e-01
121                                   -4.7266877008461083e-01
122                                   -5.1692579999840405e-01
123                                    1.2921024374145840e-01
124                                    1.7333377792310722e-01
125                                    2.3782103301780666e-01
126                                    1.4993848195143111e-01
127                                    2.0129762692572106e-01
128                                    1.9205614383696679e-01
129                                   -4.4160533027545945e-01
130                                    4.1948174318637044e-01
131                                   -4.8627117567764166e-01
132                                   -5.0616688335990290e-01
133                                    1.7101098115278923e-01
134                                    1.5082505305688221e-01
135                                    1.7158233939858492e-01
136                                    2.0390178687179583e-01
137                                    1.6675949689684511e-01
138                                    1.5111907924467105e-01
139                                   -4.7321518537466201e-01
140                                    4.0504579381699202e-01
141                                   -4.8027938106153556e-01
142                                   -5.0517361873540345e-01
143                                    1.8086312513154224e-01
144                                    1.2225789488802075e-01
145                                    2.2282841876290926e-01
146                                    1.8435415641535391e-01
147                                    1.8295105867215511e-01
148                                    1.6177771529730856e-01
149                                   -4.5947556708698656e-01
150                                    4.0804972960233599e-01
151                                   -4.4550883084210557e-01
152                                   -5.3129766991640537e-01
153                                    1.9599962888691858e-01
154                                    1.8466318176580154e-01
155                                    1.4457446704453480e-01
156                                    1.7183718985603114e-01
157                                    1.9923518783312388e-01
158                                    1.3835411892167004e-01
   &Method [&Type "String"] "SCF"
   &Level [&Type "String"] "Relaxed density"
   &Mult [&Type "Integer"] 1
   &State [&Type "Integer"] -1
   &Irrep [&Type "Integer"] 0
$End
$SCF_Loewdin_Population_Analysis
   &GeometryIndex 1
   &NAtoms [&Type "Integer"] 159
   &ATNO [&Type "ArrayOfIntegers", &Dim (159,1)] 
                                                         0

0                                                        6
1                                                        6
2                                                        6
3                                                        7
4                                                        6
5                                                        6
6                                                        6
7                                                        6
8                                                        6
9                                                        6
10                                                       6
11                                                       6
12                                                       7
13                                                       6
14                                                       6
15                                                       6
16                                                       6
17                                                       6
18                                                       8
19                                                       8
20                                                       6
21                                                       7
22                                                       7
23                                                       6
24                                                       6
25                                                       7
26                                                       8
27                                                       6
28                                                       6
29                                                       6
30                                                       6
31                                                       6
32                                                       8
33                                                       6
34                                                       1
35                                                       1
36                                                       1
37                                                       1
38                                                       1
39                                                       1
40                                                       1
41                                                       1
42                                                       1
43                                                       1
44                                                       1
45                                                       1
46                                                       1
47                                                       1
48                                                       1
49                                                       1
50                                                       1
51                                                       1
52                                                       1
53                                                       1
54                                                       1
55                                                       1
56                                                       1
57                                                       1
58                                                       1
59                                                       6
60                                                      16
61                                                       6
62                                                       8
63                                                       1
64                                                       1
65                                                       1
66                                                       1
67                                                       1
68                                                       1
69                                                       6
70                                                      16
71                                                       6
72                                                       8
73                                                       1
74                                                       1
75                                                       1
76                                                       1
77                                                       1
78                                                       1
79                                                       6
80                                                      16
81                                                       6
82                                                       8
83                                                       1
84                                                       1
85                                                       1
86                                                       1
87                                                       1
88                                                       1
89                                                       6
90                                                      16
91                                                       6
92                                                       8
93                                                       1
94                                                       1
95                                                       1
96                                                       1
97                                                       1
98                                                       1
99                                                       6
100                                                     16
101                                                      6
102                                                      8
103                                                      1
104                                                      1
105                                                      1
106                                                      1
107                                                      1
108                                                      1
109                                                      6
110                                                     16
111                                                      6
112                                                      8
113                                                      1
114                                                      1
115                                                      1
116                                                      1
117                                                      1
118                                                      1
119                                                      6
120                                                     16
121                                                      6
122                                                      8
123                                                      1
124                                                      1
125                                                      1
126                                                      1
127                                                      1
128                                                      1
129                                                      6
130                                                     16
131                                                      6
132                                                      8
133                                                      1
134                                                      1
135                                                      1
136                                                      1
137                                                      1
138                                                      1
139                                                      6
140                                                     16
141                                                      6
142                                                      8
143                                                      1
144                                                      1
145                                                      1
146                                                      1
147                                                      1
148                                                      1
149                                                      6
150                                                     16
151                                                      6
152                                                      8
153                                                      1
154                                                      1
155                                                      1
156                                                      1
157                                                      1
158                                                      1
   &AtomicCharges [&Type "ArrayOfDoubles", &Dim (159,1)] 
                                                         0

0                                     -2.8340687833142830e-01
1                                     -2.2327988712281144e-01
2                                      3.4353469603408371e-01
3                                     -7.4811848135872072e-01
4                                     -1.2277817523301593e-02
5                                     -2.6255190161063613e-01
6                                      1.3308409381934982e-01
7                                     -1.0305836429348059e-01
8                                     -1.2773626968517870e-01
9                                      1.6003421155453879e-01
10                                    -9.7902844602526073e-02
11                                    -1.2812949030132526e-01
12                                    -7.3637716193579195e-01
13                                    -1.1808270069844085e-03
14                                    -2.3682766054807303e-01
15                                     4.5088189057430839e-02
16                                     2.2841618008248510e-01
17                                     4.0404208984322842e-01
18                                    -5.6878814505732933e-01
19                                    -4.1323036057223383e-01
20                                     2.2018073588215703e-01
21                                    -3.3655336777059119e-01
22                                    -5.7883899963589247e-01
23                                     1.8283461448259875e-01
24                                     3.2685348827245608e-01
25                                    -4.9865834169483936e-01
26                                    -4.8719535545152581e-01
27                                    -8.9805088848573078e-02
28                                    -1.2254186336414552e-01
29                                     1.8095554497909827e-01
30                                    -1.8232285719521357e-01
31                                    -8.3599321171035967e-02
32                                    -6.7578353221386678e-01
33                                    -5.5793050098605690e-02
34                                     1.6499177197113024e-01
35                                     1.6554176197387627e-01
36                                     1.7982322376014426e-01
37                                     1.8390029921489581e-01
38                                     1.8181458711950460e-01
39                                     1.9121332288265835e-01
40                                     1.5806344210918843e-01
41                                     1.6026143904504209e-01
42                                     1.9393880683248954e-01
43                                     1.7549983169787131e-01
44                                     1.9498492656060018e-01
45                                     1.7312070528850798e-01
46                                     1.8821441585433640e-01
47                                     1.8915277659116958e-01
48                                     1.7511690549950276e-01
49                                     2.0259554451470330e-01
50                                     2.9374316840262438e-01
51                                     3.0111138959942796e-01
52                                     1.8884238318917423e-01
53                                     1.8730724936591536e-01
54                                     1.7748524465171278e-01
55                                     1.9356749101310744e-01
56                                     1.7079723384488232e-01
57                                     1.5004016356468386e-01
58                                     1.7723916447944288e-01
59                                    -4.5722818185707492e-01
60                                     6.1834552324884839e-01
61                                    -4.4162620219431137e-01
62                                    -7.6347680309369714e-01
63                                     1.7188219277808381e-01
64                                     1.6053911170898183e-01
65                                     1.8293945685625346e-01
66                                     1.7883143860598139e-01
67                                     1.7525073363669263e-01
68                                     1.7644123042515980e-01
69                                    -4.5934433949714926e-01
70                                     6.1238791554379368e-01
71                                    -4.3885363303430847e-01
72                                    -7.2809992019862513e-01
73                                     1.6377280240505665e-01
74                                     1.7773708179617209e-01
75                                     1.6548729261615613e-01
76                                     1.7610511396997641e-01
77                                     1.6628658447712263e-01
78                                     1.6335922735773778e-01
79                                    -4.4613190329742647e-01
80                                     6.6923405997654406e-01
81                                    -4.3293227212228569e-01
82                                    -7.7507312421250418e-01
83                                     1.8638184900881249e-01
84                                     1.5727601710007799e-01
85                                     1.5912375847954707e-01
86                                     1.6456964745411773e-01
87                                     1.8528595272213522e-01
88                                     1.7817121434971694e-01
89                                    -4.4833696018045543e-01
90                                     6.0678938823170014e-01
91                                    -4.5879127615737225e-01
92                                    -7.2995675153069506e-01
93                                     1.5917426081367270e-01
94                                     1.6398600360344895e-01
95                                     2.0466785957724265e-01
96                                     1.7116918452255581e-01
97                                     1.6521777104206481e-01
98                                     1.8181713141222366e-01
99                                    -4.4860724374327621e-01
100                                    6.5434342968751480e-01
101                                   -4.3761258412002668e-01
102                                   -7.3956948511910525e-01
103                                    1.6554957568059181e-01
104                                    1.7747816323939858e-01
105                                    1.6280209169114479e-01
106                                    1.6272766881877909e-01
107                                    1.6001777357453473e-01
108                                    1.6553978267178504e-01
109                                   -4.4120873480834533e-01
110                                    6.5484177216849204e-01
111                                   -4.3803819686172663e-01
112                                   -7.9844244422510258e-01
113                                    1.6724841598068507e-01
114                                    1.6607232852223230e-01
115                                    1.7669836167639474e-01
116                                    1.6071730937581064e-01
117                                    1.6994353365590054e-01
118                                    1.6606588070293427e-01
119                                   -4.4554968133578932e-01
120                                    6.3506726504624922e-01
121                                   -4.6026777901887517e-01
122                                   -7.6154009560382718e-01
123                                    1.5210009348726228e-01
124                                    1.6960263609182524e-01
125                                    1.9314337015440297e-01
126                                    1.7692121092105417e-01
127                                    1.7910170257983882e-01
128                                    1.7846157312478161e-01
129                                   -4.4383067664621922e-01
130                                    6.5820683492383303e-01
131                                   -4.7421296704727034e-01
132                                   -7.5336591156225197e-01
133                                    1.5806618659629201e-01
134                                    1.6522731132875523e-01
135                                    1.6967185927464545e-01
136                                    1.9015802251880121e-01
137                                    1.6400217776649062e-01
138                                    1.6073414850983703e-01
139                                   -4.5418963056838457e-01
140                                    6.2561843091428315e-01
141                                   -4.5325294442936492e-01
142                                   -7.6236249850826709e-01
143                                    1.7691144457843100e-01
144                                    1.5951247813315916e-01
145                                    1.9625794459676771e-01
146                                    1.7890109063524706e-01
147                                    1.9329277836054670e-01
148                                    1.6292027987857993e-01
149                                   -4.4532222912021169e-01
150                                    6.1387550917953959e-01
151                                   -4.5064301869679291e-01
152                                   -7.3311531092745419e-01
153                                    1.6881217498690582e-01
154                                    1.8541959646258999e-01
155                                    1.5550987840887986e-01
156                                    1.6680235575817171e-01
157                                    1.7175980070714425e-01
158                                    1.7321552798775663e-01
   &Method [&Type "String"] "SCF"
   &Level [&Type "String"] "Relaxed density"
   &Mult [&Type "Integer"] 1
   &State [&Type "Integer"] -1
   &Irrep [&Type "Integer"] 0
$End
$SCF_Mayer_Population_Analysis
   &GeometryIndex 1
   &NAtoms [&Type "Integer"] 159 "Total number of atoms"
   &NBondOrdersPrint [&Type "Integer"] 158 "The number of bond orders larger than threshold"
   &bondThresh [&Type "Double"]       1.0000000000000001e-01  "The threshold for printing"
   &components [&Type "ArrayOfIntegers", &Dim (158,4)] "The indices and atomic numbers of the bonding atoms"
                                                         0                           1                           2                           3

0                                                        0                           6                           1                           6
1                                                        0                           6                           5                           6
2                                                        0                           6                          34                           1
3                                                        0                           6                          35                           1
4                                                        1                           6                           2                           6
5                                                        1                           6                          36                           1
6                                                        1                           6                          37                           1
7                                                        2                           6                           3                           7
8                                                        2                           6                          18                           8
9                                                        3                           7                           4                           6
10                                                       3                           7                           6                           6
11                                                       4                           6                           5                           6
12                                                       4                           6                          38                           1
13                                                       4                           6                          39                           1
14                                                       5                           6                          40                           1
15                                                       5                           6                          41                           1
16                                                       6                           6                           7                           6
17                                                       6                           6                           9                           6
18                                                       6                           6                          11                           6
19                                                       7                           6                           8                           6
20                                                       7                           6                          42                           1
21                                                       8                           6                           9                           6
22                                                       8                           6                          43                           1
23                                                       9                           6                          10                           6
24                                                       9                           6                          12                           7
25                                                      10                           6                          11                           6
26                                                      10                           6                          44                           1
27                                                      11                           6                          45                           1
28                                                      12                           7                          13                           6
29                                                      12                           7                          17                           6
30                                                      13                           6                          14                           6
31                                                      13                           6                          46                           1
32                                                      13                           6                          47                           1
33                                                      14                           6                          15                           6
34                                                      14                           6                          48                           1
35                                                      14                           6                          49                           1
36                                                      15                           6                          16                           6
37                                                      15                           6                          20                           6
38                                                      15                           6                          21                           7
39                                                      16                           6                          17                           6
40                                                      16                           6                          21                           7
41                                                      16                           6                          22                           7
42                                                      17                           6                          19                           8
43                                                      20                           6                          21                           7
44                                                      20                           6                          24                           6
45                                                      21                           7                          22                           7
46                                                      21                           7                          23                           6
47                                                      22                           7                          23                           6
48                                                      23                           6                          27                           6
49                                                      23                           6                          29                           6
50                                                      23                           6                          31                           6
51                                                      24                           6                          25                           7
52                                                      24                           6                          26                           8
53                                                      25                           7                          50                           1
54                                                      25                           7                          51                           1
55                                                      27                           6                          28                           6
56                                                      27                           6                          52                           1
57                                                      28                           6                          29                           6
58                                                      28                           6                          53                           1
59                                                      29                           6                          30                           6
60                                                      29                           6                          32                           8
61                                                      30                           6                          31                           6
62                                                      30                           6                          54                           1
63                                                      31                           6                          55                           1
64                                                      32                           8                          33                           6
65                                                      33                           6                          56                           1
66                                                      33                           6                          57                           1
67                                                      33                           6                          58                           1
68                                                      59                           6                          60                          16
69                                                      59                           6                          63                           1
70                                                      59                           6                          64                           1
71                                                      59                           6                          65                           1
72                                                      60                          16                          61                           6
73                                                      60                          16                          62                           8
74                                                      61                           6                          66                           1
75                                                      61                           6                          67                           1
76                                                      61                           6                          68                           1
77                                                      69                           6                          70                          16
78                                                      69                           6                          73                           1
79                                                      69                           6                          74                           1
80                                                      69                           6                          75                           1
81                                                      70                          16                          71                           6
82                                                      70                          16                          72                           8
83                                                      71                           6                          76                           1
84                                                      71                           6                          77                           1
85                                                      71                           6                          78                           1
86                                                      79                           6                          80                          16
87                                                      79                           6                          83                           1
88                                                      79                           6                          84                           1
89                                                      79                           6                          85                           1
90                                                      80                          16                          81                           6
91                                                      80                          16                          82                           8
92                                                      81                           6                          86                           1
93                                                      81                           6                          87                           1
94                                                      81                           6                          88                           1
95                                                      89                           6                          90                          16
96                                                      89                           6                          93                           1
97                                                      89                           6                          94                           1
98                                                      89                           6                          95                           1
99                                                      90                          16                          91                           6
100                                                     90                          16                          92                           8
101                                                     91                           6                          96                           1
102                                                     91                           6                          97                           1
103                                                     91                           6                          98                           1
104                                                     99                           6                         100                          16
105                                                     99                           6                         103                           1
106                                                     99                           6                         104                           1
107                                                     99                           6                         105                           1
108                                                    100                          16                         101                           6
109                                                    100                          16                         102                           8
110                                                    101                           6                         106                           1
111                                                    101                           6                         107                           1
112                                                    101                           6                         108                           1
113                                                    109                           6                         110                          16
114                                                    109                           6                         113                           1
115                                                    109                           6                         114                           1
116                                                    109                           6                         115                           1
117                                                    110                          16                         111                           6
118                                                    110                          16                         112                           8
119                                                    111                           6                         116                           1
120                                                    111                           6                         117                           1
121                                                    111                           6                         118                           1
122                                                    119                           6                         120                          16
123                                                    119                           6                         123                           1
124                                                    119                           6                         124                           1
125                                                    119                           6                         125                           1
126                                                    120                          16                         121                           6
127                                                    120                          16                         122                           8
128                                                    121                           6                         126                           1
129                                                    121                           6                         127                           1
130                                                    121                           6                         128                           1
131                                                    129                           6                         130                          16
132                                                    129                           6                         133                           1
133                                                    129                           6                         134                           1
134                                                    129                           6                         135                           1
135                                                    130                          16                         131                           6
136                                                    130                          16                         132                           8
137                                                    131                           6                         136                           1
138                                                    131                           6                         137                           1
139                                                    131                           6                         138                           1
140                                                    139                           6                         140                          16
141                                                    139                           6                         143                           1
142                                                    139                           6                         144                           1
143                                                    139                           6                         145                           1
144                                                    140                          16                         141                           6
145                                                    140                          16                         142                           8
146                                                    141                           6                         146                           1
147                                                    141                           6                         147                           1
148                                                    141                           6                         148                           1
149                                                    149                           6                         150                          16
150                                                    149                           6                         153                           1
151                                                    149                           6                         154                           1
152                                                    149                           6                         155                           1
153                                                    150                          16                         151                           6
154                                                    150                          16                         152                           8
155                                                    151                           6                         156                           1
156                                                    151                           6                         157                           1
157                                                    151                           6                         158                           1
   &BondOrders [&Type "ArrayOfDoubles", &Dim (158,1)] "The bond orders"
                                                         0

0                                      8.9852970476049532e-01
1                                      8.8146021040763234e-01
2                                      9.7337898344455021e-01
3                                      9.5138053097988173e-01
4                                      9.5437598265601786e-01
5                                      9.8664126041011502e-01
6                                      9.5856679435743808e-01
7                                      1.2587141390415482e+00
8                                      1.6382271069382499e+00
9                                      8.5824818234193623e-01
10                                     9.4167420299510929e-01
11                                     9.1378449831981068e-01
12                                     9.5170227141389363e-01
13                                     9.5849197199905700e-01
14                                     9.8320102497485151e-01
15                                     9.8898556627508005e-01
16                                     1.4532454110481954e+00
17                                     1.4459120709837003e-01
18                                     1.3622267599928257e+00
19                                     1.3674684372384385e+00
20                                     8.9208779347203493e-01
21                                     1.3605076889587879e+00
22                                     9.4215693628177788e-01
23                                     1.4683673432294495e+00
24                                     9.8319426697723922e-01
25                                     1.3413403451439756e+00
26                                     8.8194519538283278e-01
27                                     9.3534013050098885e-01
28                                     8.7593867121887659e-01
29                                     1.0022265983841148e+00
30                                     8.2971504601703572e-01
31                                     9.8840829372263117e-01
32                                     9.1984552776305584e-01
33                                     7.3124119974775292e-01
34                                     1.0162210414389123e+00
35                                     9.3190734124073338e-01
36                                     1.2971603630041226e+00
37                                     1.1371862747790680e+00
38                                    -1.7615965651566506e-01
39                                     9.8442604485784302e-01
40                                     3.0676154743436279e-01
41                                     1.1590679868515505e+00
42                                     1.8938500189620959e+00
43                                     1.4880692223302163e+00
44                                     9.5883959833578802e-01
45                                     1.2294632764112139e+00
46                                     1.0927241754588787e-01
47                                     8.4905839008285366e-01
48                                     1.3985944319796850e+00
49                                     1.0337124391198728e-01
50                                     1.4466593784168729e+00
51                                     1.1129578575415586e+00
52                                     1.8666935838713008e+00
53                                     8.6531547753304772e-01
54                                     7.9433712207713147e-01
55                                     1.3595052618944112e+00
56                                     9.3118484871160079e-01
57                                     1.4035816353745811e+00
58                                     9.4423057409449240e-01
59                                     1.3818437303994537e+00
60                                     9.4817990598459834e-01
61                                     1.3082702021679493e+00
62                                     9.1820462677000014e-01
63                                     9.1457815726311575e-01
64                                     8.6288731250106299e-01
65                                     9.6693065532631783e-01
66                                     9.6582188310150530e-01
67                                     9.6877514235320550e-01
68                                     8.6150409348607526e-01
69                                     9.4565496707901620e-01
70                                     9.4388229259344147e-01
71                                     9.4348205522808659e-01
72                                     8.9966437195448412e-01
73                                     1.3678989449226067e+00
74                                     9.3829505739038011e-01
75                                     9.4537929251330843e-01
76                                     9.3814873705213586e-01
77                                     8.8118796497732288e-01
78                                     9.4069282275669308e-01
79                                     9.4031114031820295e-01
80                                     9.4785185837791319e-01
81                                     8.7209082299214780e-01
82                                     1.4731475580652837e+00
83                                     9.4656506311865174e-01
84                                     9.4708507139332210e-01
85                                     9.4851259217510242e-01
86                                     8.7950329425699303e-01
87                                     9.4068245022986718e-01
88                                     9.5243568718733385e-01
89                                     9.5339112504545898e-01
90                                     8.6467625331189457e-01
91                                     1.3455447949746464e+00
92                                     9.4718040140779403e-01
93                                     9.2879578947040076e-01
94                                     9.2795513551034037e-01
95                                     8.8176191596789022e-01
96                                     9.4381184248091676e-01
97                                     9.4856511104978691e-01
98                                     9.1590216882920061e-01
99                                     8.9220912913830586e-01
100                                    1.4675988569044305e+00
101                                    9.4448825424058158e-01
102                                    9.4402227239844194e-01
103                                    9.3179829025861949e-01
104                                    8.6062534082239805e-01
105                                    9.4694203927810816e-01
106                                    9.4622817791041092e-01
107                                    9.4312700861010501e-01
108                                    8.9922891810349270e-01
109                                    1.3753841059671938e+00
110                                    9.4935463388279462e-01
111                                    9.5098357292849944e-01
112                                    9.4632754496258231e-01
113                                    9.2973231327311689e-01
114                                    9.4174910520715249e-01
115                                    9.4329819966378881e-01
116                                    9.3850678993743297e-01
117                                    9.0145065183834894e-01
118                                    1.3173082876985363e+00
119                                    9.4495475577924359e-01
120                                    9.4037041848972036e-01
121                                    9.4296610854704488e-01
122                                    8.7287390864791303e-01
123                                    9.4592862604358063e-01
124                                    9.4331428372112702e-01
125                                    9.0539589777772511e-01
126                                    8.5508081205997932e-01
127                                    1.4143794071901929e+00
128                                    9.3548327933830122e-01
129                                    9.3041894694212735e-01
130                                    9.2100929757680061e-01
131                                    8.8852650900677532e-01
132                                    9.4658164910777232e-01
133                                    9.5098362764720690e-01
134                                    9.4329241888694626e-01
135                                    8.7637525172665431e-01
136                                    1.3951448569098746e+00
137                                    9.1882545640659063e-01
138                                    9.4500431556137421e-01
139                                    9.4414922165774462e-01
140                                    8.9406192900163772e-01
141                                    9.3188432228625717e-01
142                                    9.2311435395204500e-01
143                                    9.1465967157038430e-01
144                                    8.9161549779241456e-01
145                                    1.4366556818856426e+00
146                                    9.4355269147228293e-01
147                                    9.2414672358842631e-01
148                                    9.4205127225428864e-01
149                                    8.7413035782886173e-01
150                                    9.3651528103549242e-01
151                                    9.3780326918472956e-01
152                                    9.4532188811232198e-01
153                                    8.8335358840016487e-01
154                                    1.4697446955708273e+00
155                                    9.4427008289691405e-01
156                                    9.3763970698371668e-01
157                                    9.3793618407500179e-01
   &ATNO [&Type "ArrayOfIntegers", &Dim (159,1)] "Atomic number of the elements"
                                                         0

0                                                        6
1                                                        6
2                                                        6
3                                                        7
4                                                        6
5                                                        6
6                                                        6
7                                                        6
8                                                        6
9                                                        6
10                                                       6
11                                                       6
12                                                       7
13                                                       6
14                                                       6
15                                                       6
16                                                       6
17                                                       6
18                                                       8
19                                                       8
20                                                       6
21                                                       7
22                                                       7
23                                                       6
24                                                       6
25                                                       7
26                                                       8
27                                                       6
28                                                       6
29                                                       6
30                                                       6
31                                                       6
32                                                       8
33                                                       6
34                                                       1
35                                                       1
36                                                       1
37                                                       1
38                                                       1
39                                                       1
40                                                       1
41                                                       1
42                                                       1
43                                                       1
44                                                       1
45                                                       1
46                                                       1
47                                                       1
48                                                       1
49                                                       1
50                                                       1
51                                                       1
52                                                       1
53                                                       1
54                                                       1
55                                                       1
56                                                       1
57                                                       1
58                                                       1
59                                                       6
60                                                      16
61                                                       6
62                                                       8
63                                                       1
64                                                       1
65                                                       1
66                                                       1
67                                                       1
68                                                       1
69                                                       6
70                                                      16
71                                                       6
72                                                       8
73                                                       1
74                                                       1
75                                                       1
76                                                       1
77                                                       1
78                                                       1
79                                                       6
80                                                      16
81                                                       6
82                                                       8
83                                                       1
84                                                       1
85                                                       1
86                                                       1
87                                                       1
88                                                       1
89                                                       6
90                                                      16
91                                                       6
92                                                       8
93                                                       1
94                                                       1
95                                                       1
96                                                       1
97                                                       1
98                                                       1
99                                                       6
100                                                     16
101                                                      6
102                                                      8
103                                                      1
104                                                      1
105                                                      1
106                                                      1
107                                                      1
108                                                      1
109                                                      6
110                                                     16
111                                                      6
112                                                      8
113                                                      1
114                                                      1
115                                                      1
116                                                      1
117                                                      1
118                                                      1
119                                                      6
120                                                     16
121                                                      6
122                                                      8
123                                                      1
124                                                      1
125                                                      1
126                                                      1
127                                                      1
128                                                      1
129                                                      6
130                                                     16
131                                                      6
132                                                      8
133                                                      1
134                                                      1
135                                                      1
136                                                      1
137                                                      1
138                                                      1
139                                                      6
140                                                     16
141                                                      6
142                                                      8
143                                                      1
144                                                      1
145                                                      1
146                                                      1
147                                                      1
148                                                      1
149                                                      6
150                                                     16
151                                                      6
152                                                      8
153                                                      1
154                                                      1
155                                                      1
156                                                      1
157                                                      1
158                                                      1
   &NA [&Type "ArrayOfDoubles", &Dim (159,1)] "Mulliken gross atomic population"
                                                         0

0                                      6.3179097499603127e+00
1                                      6.3050016943378893e+00
2                                      5.8165624829779334e+00
3                                      6.7056571024382574e+00
4                                      6.3299946376106497e+00
5                                      6.2716940028842441e+00
6                                      5.9538717916078188e+00
7                                      6.1465593482985392e+00
8                                      6.3575311011802160e+00
9                                      6.0311202027427999e+00
10                                     6.1904311733664663e+00
11                                     6.2942718731305343e+00
12                                     6.6234082393336973e+00
13                                     6.3139366534085140e+00
14                                     6.4667513733701103e+00
15                                     5.8458092955982766e+00
16                                     6.2389403849723735e+00
17                                     5.9281795294082187e+00
18                                     8.4507551465871220e+00
19                                     8.3916716607795170e+00
20                                     5.7824241364795341e+00
21                                     7.3879909374356822e+00
22                                     6.2834190560629519e+00
23                                     5.8888772664199163e+00
24                                     6.0428652399145566e+00
25                                     7.4085488869859111e+00
26                                     8.4480402507683205e+00
27                                     6.2819410020492956e+00
28                                     6.2678812742030736e+00
29                                     5.7025814351766630e+00
30                                     6.3726121398149118e+00
31                                     6.0851377230689305e+00
32                                     8.2176437750085292e+00
33                                     6.3109632290617430e+00
34                                     8.4040443151811528e-01
35                                     8.4476663992924683e-01
36                                     8.2035380635886668e-01
37                                     8.2243462943140999e-01
38                                     8.4248736893730092e-01
39                                     8.2300636543165850e-01
40                                     8.4155848781643716e-01
41                                     8.4389036838329590e-01
42                                     8.3033708082314361e-01
43                                     8.5687411231335620e-01
44                                     8.4302602630719792e-01
45                                     8.5927829123787813e-01
46                                     7.9837694493257028e-01
47                                     8.5704000388886625e-01
48                                     8.2038408569650478e-01
49                                     7.8129613393341701e-01
50                                     6.8228006053685997e-01
51                                     6.8010434230388839e-01
52                                     8.3676874992490569e-01
53                                     8.3608056960365329e-01
54                                     8.6231936497869011e-01
55                                     8.2781437980328942e-01
56                                     8.3332619100613436e-01
57                                     8.5712793722932745e-01
58                                     8.4776716769361460e-01
59                                     6.4784939189435971e+00
60                                     1.5526186157312406e+01
61                                     6.4611890311906510e+00
62                                     8.5634322759024091e+00
63                                     8.1473876080537566e-01
64                                     8.3453839525959639e-01
65                                     8.2884301187148790e-01
66                                     8.3642923501428545e-01
67                                     8.2280031973626744e-01
68                                     8.1944157744461499e-01
69                                     6.4707539196666701e+00
70                                     1.5574349682153624e+01
71                                     6.4447647729426967e+00
72                                     8.5373111350994186e+00
73                                     8.4772507939466568e-01
74                                     8.1155663743974760e-01
75                                     8.3138528377848930e-01
76                                     8.2130705635563594e-01
77                                     8.2959539952047912e-01
78                                     8.3401458815265628e-01
79                                     6.5033773724963524e+00
80                                     1.5509488946393935e+01
81                                     6.4508019571674140e+00
82                                     8.5857270727782300e+00
83                                     8.0825920763475567e-01
84                                     8.4513094426003210e-01
85                                     8.4123932441864135e-01
86                                     8.4221715818961540e-01
87                                     8.2994306285541808e-01
88                                     8.0283621515776771e-01
89                                     6.4561814718552393e+00
90                                     1.5591332016263278e+01
91                                     6.4698955351043175e+00
92                                     8.5061404400906468e+00
93                                     8.6241454787492622e-01
94                                     8.3504251689768838e-01
95                                     7.8101440888576146e-01
96                                     8.2988488717430975e-01
97                                     8.4260587388630726e-01
98                                     8.2332054513938380e-01
99                                     6.4882786578718683e+00
100                                    1.5496072326912778e+01
101                                    6.4647649707613937e+00
102                                    8.5689703691423773e+00
103                                    8.3824389708398450e-01
104                                    8.1259410956008671e-01
105                                    8.3254339257164989e-01
106                                    8.2981039191039518e-01
107                                    8.3329158859558028e-01
108                                    8.3277447386645398e-01
109                                    6.4724782462379942e+00
110                                    1.5502799484562026e+01
111                                    6.4730015811984112e+00
112                                    8.5410358878868706e+00
113                                    8.4434780160174105e-01
114                                    8.2031377845531672e-01
115                                    8.1602267141186746e-01
116                                    8.3302273205926425e-01
117                                    8.3950774955810559e-01
118                                    8.2732966751001402e-01
119                                    6.4858475336413228e+00
120                                    1.5593692850315039e+01
121                                    6.4726687700846082e+00
122                                    8.5169257999983863e+00
123                                    8.7078975625854271e-01
124                                    8.2666622207689233e-01
125                                    7.6217896698219367e-01
126                                    8.5006151804856900e-01
127                                    7.9870237307427971e-01
128                                    8.0794385616303266e-01
129                                    6.4416053302754550e+00
130                                    1.5580518256813608e+01
131                                    6.4862711756776372e+00
132                                    8.5061668833599082e+00
133                                    8.2898901884721066e-01
134                                    8.4917494694311824e-01
135                                    8.2841766060141520e-01
136                                    7.9609821312820417e-01
137                                    8.3324050310315489e-01
138                                    8.4888092075532839e-01
139                                    6.4732151853746558e+00
140                                    1.5594954206183035e+01
141                                    6.4802793810615391e+00
142                                    8.5051736187353892e+00
143                                    8.1913687486845699e-01
144                                    8.7774210511197914e-01
145                                    7.7717158123709085e-01
146                                    8.1564584358464576e-01
147                                    8.1704894132784511e-01
148                                    8.3822228470269189e-01
149                                    6.4594755670869839e+00
150                                    1.5591950270397644e+01
151                                    6.4455088308421136e+00
152                                    8.5312976699164231e+00
153                                    8.0400037111308142e-01
154                                    8.1533681823419824e-01
155                                    8.5542553295546553e-01
156                                    8.2816281014396931e-01
157                                    8.0076481216687645e-01
158                                    8.6164588107832962e-01
   &ZA [&Type "ArrayOfDoubles", &Dim (159,1)] "Total nuclear charge"
                                                         0

0                                      6.0000000000000000e+00
1                                      6.0000000000000000e+00
2                                      6.0000000000000000e+00
3                                      7.0000000000000000e+00
4                                      6.0000000000000000e+00
5                                      6.0000000000000000e+00
6                                      6.0000000000000000e+00
7                                      6.0000000000000000e+00
8                                      6.0000000000000000e+00
9                                      6.0000000000000000e+00
10                                     6.0000000000000000e+00
11                                     6.0000000000000000e+00
12                                     7.0000000000000000e+00
13                                     6.0000000000000000e+00
14                                     6.0000000000000000e+00
15                                     6.0000000000000000e+00
16                                     6.0000000000000000e+00
17                                     6.0000000000000000e+00
18                                     8.0000000000000000e+00
19                                     8.0000000000000000e+00
20                                     6.0000000000000000e+00
21                                     7.0000000000000000e+00
22                                     7.0000000000000000e+00
23                                     6.0000000000000000e+00
24                                     6.0000000000000000e+00
25                                     7.0000000000000000e+00
26                                     8.0000000000000000e+00
27                                     6.0000000000000000e+00
28                                     6.0000000000000000e+00
29                                     6.0000000000000000e+00
30                                     6.0000000000000000e+00
31                                     6.0000000000000000e+00
32                                     8.0000000000000000e+00
33                                     6.0000000000000000e+00
34                                     1.0000000000000000e+00
35                                     1.0000000000000000e+00
36                                     1.0000000000000000e+00
37                                     1.0000000000000000e+00
38                                     1.0000000000000000e+00
39                                     1.0000000000000000e+00
40                                     1.0000000000000000e+00
41                                     1.0000000000000000e+00
42                                     1.0000000000000000e+00
43                                     1.0000000000000000e+00
44                                     1.0000000000000000e+00
45                                     1.0000000000000000e+00
46                                     1.0000000000000000e+00
47                                     1.0000000000000000e+00
48                                     1.0000000000000000e+00
49                                     1.0000000000000000e+00
50                                     1.0000000000000000e+00
51                                     1.0000000000000000e+00
52                                     1.0000000000000000e+00
53                                     1.0000000000000000e+00
54                                     1.0000000000000000e+00
55                                     1.0000000000000000e+00
56                                     1.0000000000000000e+00
57                                     1.0000000000000000e+00
58                                     1.0000000000000000e+00
59                                     6.0000000000000000e+00
60                                     1.6000000000000000e+01
61                                     6.0000000000000000e+00
62                                     8.0000000000000000e+00
63                                     1.0000000000000000e+00
64                                     1.0000000000000000e+00
65                                     1.0000000000000000e+00
66                                     1.0000000000000000e+00
67                                     1.0000000000000000e+00
68                                     1.0000000000000000e+00
69                                     6.0000000000000000e+00
70                                     1.6000000000000000e+01
71                                     6.0000000000000000e+00
72                                     8.0000000000000000e+00
73                                     1.0000000000000000e+00
74                                     1.0000000000000000e+00
75                                     1.0000000000000000e+00
76                                     1.0000000000000000e+00
77                                     1.0000000000000000e+00
78                                     1.0000000000000000e+00
79                                     6.0000000000000000e+00
80                                     1.6000000000000000e+01
81                                     6.0000000000000000e+00
82                                     8.0000000000000000e+00
83                                     1.0000000000000000e+00
84                                     1.0000000000000000e+00
85                                     1.0000000000000000e+00
86                                     1.0000000000000000e+00
87                                     1.0000000000000000e+00
88                                     1.0000000000000000e+00
89                                     6.0000000000000000e+00
90                                     1.6000000000000000e+01
91                                     6.0000000000000000e+00
92                                     8.0000000000000000e+00
93                                     1.0000000000000000e+00
94                                     1.0000000000000000e+00
95                                     1.0000000000000000e+00
96                                     1.0000000000000000e+00
97                                     1.0000000000000000e+00
98                                     1.0000000000000000e+00
99                                     6.0000000000000000e+00
100                                    1.6000000000000000e+01
101                                    6.0000000000000000e+00
102                                    8.0000000000000000e+00
103                                    1.0000000000000000e+00
104                                    1.0000000000000000e+00
105                                    1.0000000000000000e+00
106                                    1.0000000000000000e+00
107                                    1.0000000000000000e+00
108                                    1.0000000000000000e+00
109                                    6.0000000000000000e+00
110                                    1.6000000000000000e+01
111                                    6.0000000000000000e+00
112                                    8.0000000000000000e+00
113                                    1.0000000000000000e+00
114                                    1.0000000000000000e+00
115                                    1.0000000000000000e+00
116                                    1.0000000000000000e+00
117                                    1.0000000000000000e+00
118                                    1.0000000000000000e+00
119                                    6.0000000000000000e+00
120                                    1.6000000000000000e+01
121                                    6.0000000000000000e+00
122                                    8.0000000000000000e+00
123                                    1.0000000000000000e+00
124                                    1.0000000000000000e+00
125                                    1.0000000000000000e+00
126                                    1.0000000000000000e+00
127                                    1.0000000000000000e+00
128                                    1.0000000000000000e+00
129                                    6.0000000000000000e+00
130                                    1.6000000000000000e+01
131                                    6.0000000000000000e+00
132                                    8.0000000000000000e+00
133                                    1.0000000000000000e+00
134                                    1.0000000000000000e+00
135                                    1.0000000000000000e+00
136                                    1.0000000000000000e+00
137                                    1.0000000000000000e+00
138                                    1.0000000000000000e+00
139                                    6.0000000000000000e+00
140                                    1.6000000000000000e+01
141                                    6.0000000000000000e+00
142                                    8.0000000000000000e+00
143                                    1.0000000000000000e+00
144                                    1.0000000000000000e+00
145                                    1.0000000000000000e+00
146                                    1.0000000000000000e+00
147                                    1.0000000000000000e+00
148                                    1.0000000000000000e+00
149                                    6.0000000000000000e+00
150                                    1.6000000000000000e+01
151                                    6.0000000000000000e+00
152                                    8.0000000000000000e+00
153                                    1.0000000000000000e+00
154                                    1.0000000000000000e+00
155                                    1.0000000000000000e+00
156                                    1.0000000000000000e+00
157                                    1.0000000000000000e+00
158                                    1.0000000000000000e+00
   &QA [&Type "ArrayOfDoubles", &Dim (159,1)] "Mulliken gross atomic charge"
                                                         0

0                                     -3.1790974996031274e-01
1                                     -3.0500169433788926e-01
2                                      1.8343751702206657e-01
3                                      2.9434289756174259e-01
4                                     -3.2999463761064973e-01
5                                     -2.7169400288424406e-01
6                                      4.6128208392181236e-02
7                                     -1.4655934829853923e-01
8                                     -3.5753110118021603e-01
9                                     -3.1120202742799918e-02
10                                    -1.9043117336646631e-01
11                                    -2.9427187313053427e-01
12                                     3.7659176066630273e-01
13                                    -3.1393665340851395e-01
14                                    -4.6675137337011030e-01
15                                     1.5419070440172344e-01
16                                    -2.3894038497237347e-01
17                                     7.1820470591781316e-02
18                                    -4.5075514658712201e-01
19                                    -3.9167166077951698e-01
20                                     2.1757586352046587e-01
21                                    -3.8799093743568225e-01
22                                     7.1658094393704808e-01
23                                     1.1112273358008373e-01
24                                    -4.2865239914556597e-02
25                                    -4.0854888698591107e-01
26                                    -4.4804025076832055e-01
27                                    -2.8194100204929562e-01
28                                    -2.6788127420307362e-01
29                                     2.9741856482333695e-01
30                                    -3.7261213981491181e-01
31                                    -8.5137723068930526e-02
32                                    -2.1764377500852916e-01
33                                    -3.1096322906174301e-01
34                                     1.5959556848188472e-01
35                                     1.5523336007075317e-01
36                                     1.7964619364113332e-01
37                                     1.7756537056859001e-01
38                                     1.5751263106269908e-01
39                                     1.7699363456834150e-01
40                                     1.5844151218356284e-01
41                                     1.5610963161670410e-01
42                                     1.6966291917685639e-01
43                                     1.4312588768664380e-01
44                                     1.5697397369280208e-01
45                                     1.4072170876212187e-01
46                                     2.0162305506742972e-01
47                                     1.4295999611113375e-01
48                                     1.7961591430349522e-01
49                                     2.1870386606658299e-01
50                                     3.1771993946314003e-01
51                                     3.1989565769611161e-01
52                                     1.6323125007509431e-01
53                                     1.6391943039634671e-01
54                                     1.3768063502130989e-01
55                                     1.7218562019671058e-01
56                                     1.6667380899386564e-01
57                                     1.4287206277067255e-01
58                                     1.5223283230638540e-01
59                                    -4.7849391894359705e-01
60                                     4.7381384268759419e-01
61                                    -4.6118903119065102e-01
62                                    -5.6343227590240907e-01
63                                     1.8526123919462434e-01
64                                     1.6546160474040361e-01
65                                     1.7115698812851210e-01
66                                     1.6357076498571455e-01
67                                     1.7719968026373256e-01
68                                     1.8055842255538501e-01
69                                    -4.7075391966667013e-01
70                                     4.2565031784637597e-01
71                                    -4.4476477294269667e-01
72                                    -5.3731113509941864e-01
73                                     1.5227492060533432e-01
74                                     1.8844336256025240e-01
75                                     1.6861471622151070e-01
76                                     1.7869294364436406e-01
77                                     1.7040460047952088e-01
78                                     1.6598541184734372e-01
79                                    -5.0337737249635239e-01
80                                     4.9051105360606506e-01
81                                    -4.5080195716741400e-01
82                                    -5.8572707277823000e-01
83                                     1.9174079236524433e-01
84                                     1.5486905573996790e-01
85                                     1.5876067558135865e-01
86                                     1.5778284181038460e-01
87                                     1.7005693714458192e-01
88                                     1.9716378484223229e-01
89                                    -4.5618147185523927e-01
90                                     4.0866798373672175e-01
91                                    -4.6989553510431747e-01
92                                    -5.0614044009064685e-01
93                                     1.3758545212507378e-01
94                                     1.6495748310231162e-01
95                                     2.1898559111423854e-01
96                                     1.7011511282569025e-01
97                                     1.5739412611369274e-01
98                                     1.7667945486061620e-01
99                                    -4.8827865787186830e-01
100                                    5.0392767308722242e-01
101                                   -4.6476497076139367e-01
102                                   -5.6897036914237731e-01
103                                    1.6175610291601550e-01
104                                    1.8740589043991329e-01
105                                    1.6745660742835011e-01
106                                    1.7018960808960482e-01
107                                    1.6670841140441972e-01
108                                    1.6722552613354602e-01
109                                   -4.7247824623799417e-01
110                                    4.9720051543797439e-01
111                                   -4.7300158119841118e-01
112                                   -5.4103588788687063e-01
113                                    1.5565219839825895e-01
114                                    1.7968622154468328e-01
115                                    1.8397732858813254e-01
116                                    1.6697726794073575e-01
117                                    1.6049225044189441e-01
118                                    1.7267033248998598e-01
119                                   -4.8584753364132283e-01
120                                    4.0630714968496129e-01
121                                   -4.7266877008460817e-01
122                                   -5.1692579999838628e-01
123                                    1.2921024374145729e-01
124                                    1.7333377792310767e-01
125                                    2.3782103301780633e-01
126                                    1.4993848195143100e-01
127                                    2.0129762692572029e-01
128                                    1.9205614383696734e-01
129                                   -4.4160533027545501e-01
130                                    4.1948174318639175e-01
131                                   -4.8627117567763722e-01
132                                   -5.0616688335990823e-01
133                                    1.7101098115278934e-01
134                                    1.5082505305688176e-01
135                                    1.7158233939858480e-01
136                                    2.0390178687179583e-01
137                                    1.6675949689684511e-01
138                                    1.5111907924467161e-01
139                                   -4.7321518537465579e-01
140                                    4.0504579381696537e-01
141                                   -4.8027938106153911e-01
142                                   -5.0517361873538924e-01
143                                    1.8086312513154301e-01
144                                    1.2225789488802086e-01
145                                    2.2282841876290915e-01
146                                    1.8435415641535424e-01
147                                    1.8295105867215489e-01
148                                    1.6177771529730811e-01
149                                   -4.5947556708698389e-01
150                                    4.0804972960235553e-01
151                                   -4.4550883084211357e-01
152                                   -5.3129766991642313e-01
153                                    1.9599962888691858e-01
154                                    1.8466318176580176e-01
155                                    1.4457446704453447e-01
156                                    1.7183718985603069e-01
157                                    1.9923518783312355e-01
158                                    1.3835411892167038e-01
   &VA [&Type "ArrayOfDoubles", &Dim (159,1)] "Mayer's total valence"
                                                         0

0                                      3.6688485158440747e+00
1                                      3.8000144299889689e+00
2                                      3.8803895307206795e+00
3                                      3.1692167814703964e+00
4                                      3.7249092011843112e+00
5                                      3.6097561305468995e+00
6                                      3.8291856985349710e+00
7                                      3.7870991077015836e+00
8                                      3.7700566533228628e+00
9                                      3.9793983465712235e+00
10                                     3.8553989032870182e+00
11                                     3.7390495791690865e+00
12                                     2.9375833911399996e+00
13                                     3.7632285300359181e+00
14                                     3.4385183122251046e+00
15                                     3.1191154844652687e+00
16                                     3.8578732412696652e+00
17                                     3.9757171387152099e+00
18                                     1.8697099292636317e+00
19                                     2.0416293849565115e+00
20                                     3.6408026872891179e+00
21                                     3.1928285301811243e+00
22                                     3.4186126594485389e+00
23                                     3.9694796260986265e+00
24                                     4.1322209642988375e+00
25                                     2.8490288811817486e+00
26                                     1.9686741349785688e+00
27                                     3.7475973721021725e+00
28                                     3.8255923004605101e+00
29                                     3.7923197774914055e+00
30                                     3.7350024509234543e+00
31                                     3.7612568311904151e+00
32                                     1.9210065471737021e+00
33                                     3.7833186064738795e+00
34                                     9.5691543371060472e-01
35                                     9.6201343275315032e-01
36                                     9.5710784858558839e-01
37                                     9.5596015079224006e-01
38                                     9.5239704849917994e-01
39                                     9.5217706631999810e-01
40                                     9.5862221091313493e-01
41                                     9.6273737452497365e-01
42                                     9.6344955688850376e-01
43                                     9.7291221062496547e-01
44                                     9.6151573296935988e-01
45                                     9.7078082684277200e-01
46                                     9.2923191693869966e-01
47                                     9.6704378605115426e-01
48                                     9.5617774045552972e-01
49                                     9.3982548178199066e-01
50                                     9.0652226938007985e-01
51                                     9.0143108144513917e-01
52                                     9.6592097263239118e-01
53                                     9.6610492425499894e-01
54                                     9.7228834535872510e-01
55                                     9.5785924596741945e-01
56                                     9.5192047252018763e-01
57                                     9.4918343839385122e-01
58                                     9.6125175367956917e-01
59                                     3.7949999211418781e+00
60                                     3.2367852059144813e+00
61                                     3.7942156630938424e+00
62                                     1.5500319198739376e+00
63                                     9.5532294591069677e-01
64                                     9.6207502813840429e-01
65                                     9.6288609641148459e-01
66                                     9.6198050299500215e-01
67                                     9.5661767661367181e-01
68                                     9.5727804812283912e-01
69                                     3.7928691063750257e+00
70                                     3.2817891471302154e+00
71                                     3.8048183874490289e+00
72                                     1.6442663132097817e+00
73                                     9.6284779903558171e-01
74                                     9.5543163665807940e-01
75                                     9.5767167173925993e-01
76                                     9.6008096154073663e-01
77                                     9.6220066192626030e-01
78                                     9.6047764261891577e-01
79                                     3.8181242420820549e+00
80                                     3.2331307274694883e+00
81                                     3.7079931739078376e+00
82                                     1.5292265519086961e+00
83                                     9.5602354303376380e-01
84                                     9.6728629328967597e-01
85                                     9.5859297220151607e-01
86                                     9.6562295340610060e-01
87                                     9.6936658558206357e-01
88                                     9.5539634192035539e-01
89                                     3.7671965392157301e+00
90                                     3.3358179792695246e+00
91                                     3.7702039661352251e+00
92                                     1.6588763089767546e+00
93                                     9.6285760645892193e-01
94                                     9.6257256951282588e-01
95                                     9.5620406675532710e-01
96                                     9.6245609029165935e-01
97                                     9.6210802508409921e-01
98                                     9.6404146169760607e-01
99                                     3.7982598080174204e+00
100                                    3.2750095962178492e+00
101                                    3.8413977386270268e+00
102                                    1.5646812497697429e+00
103                                    9.6107283482346539e-01
104                                    9.5741055922979912e-01
105                                    9.6149012616662644e-01
106                                    9.6021842820082726e-01
107                                    9.5899738081776009e-01
108                                    9.5996708927145336e-01
109                                    3.7906256493451025e+00
110                                    3.3166254350436670e+00
111                                    3.7573174035788819e+00
112                                    1.4922396671592448e+00
113                                    9.6037993297245072e-01
114                                    9.5656644368631549e-01
115                                    9.5496216120054256e-01
116                                    9.5947732738007185e-01
117                                    9.6804780913975885e-01
118                                    9.5518852194358195e-01
119                                    3.7686181493515822e+00
120                                    3.2417175273362915e+00
121                                    3.7480082162778992e+00
122                                    1.6484110039743323e+00
123                                    9.6505450063851572e-01
124                                    9.6165836680275818e-01
125                                    9.5067148608637120e-01
126                                    9.6694057209130146e-01
127                                    9.5528513883735455e-01
128                                    9.5502676243734008e-01
129                                    3.7870565043047382e+00
130                                    3.2761152903886206e+00
131                                    3.7747031497333383e+00
132                                    1.5738956471043144e+00
133                                    9.5689011818354175e-01
134                                    9.6660032332061618e-01
135                                    9.6120915842999888e-01
136                                    9.5751971719920270e-01
137                                    9.5923624976923583e-01
138                                    9.6409361030185514e-01
139                                    3.7638363773866788e+00
140                                    3.3452335627006580e+00
141                                    3.7922339611052234e+00
142                                    1.6335985750240107e+00
143                                    9.5518835363014132e-01
144                                    9.6769845078771388e-01
145                                    9.4520470660073186e-01
146                                    9.5651880675762391e-01
147                                    9.6551590032474321e-01
148                                    9.5253340670647502e-01
149                                    3.7600619340710528e+00
150                                    3.3110838330741128e+00
151                                    3.7732848531366781e+00
152                                    1.6475581556657914e+00
153                                    9.5286303470409017e-01
154                                    9.5849552123938075e-01
155                                    9.6381417882865072e-01
156                                    9.5921019558042209e-01
157                                    9.5300207780783741e-01
158                                    9.6805069736928129e-01
   &BVA [&Type "ArrayOfDoubles", &Dim (159,1)] "Mayer's bonded valence"
                                                         0

0                                      3.6688485158441044e+00
1                                      3.8000144299891101e+00
2                                      3.8803895307207315e+00
3                                      3.1692167814703591e+00
4                                      3.7249092011843206e+00
5                                      3.6097561305468768e+00
6                                      3.8291856985350088e+00
7                                      3.7870991077016027e+00
8                                      3.7700566533227957e+00
9                                      3.9793983465712071e+00
10                                     3.8553989032870595e+00
11                                     3.7390495791691145e+00
12                                     2.9375833911400182e+00
13                                     3.7632285300359629e+00
14                                     3.4385183122251117e+00
15                                     3.1191154844654263e+00
16                                     3.8578732412697110e+00
17                                     3.9757171387152641e+00
18                                     1.8697099292637249e+00
19                                     2.0416293849564378e+00
20                                     3.6408026872891552e+00
21                                     3.1928285301810480e+00
22                                     3.4186126594485433e+00
23                                     3.9694796260985741e+00
24                                     4.1322209642987477e+00
25                                     2.8490288811818134e+00
26                                     1.9686741349785475e+00
27                                     3.7475973721022173e+00
28                                     3.8255923004604706e+00
29                                     3.7923197774913633e+00
30                                     3.7350024509234450e+00
31                                     3.7612568311903316e+00
32                                     1.9210065471737154e+00
33                                     3.7833186064738507e+00
34                                     9.5691543371061027e-01
35                                     9.6201343275315276e-01
36                                     9.5710784858560083e-01
37                                     9.5596015079227359e-01
38                                     9.5239704849917883e-01
39                                     9.5217706632001076e-01
40                                     9.5862221091313082e-01
41                                     9.6273737452496366e-01
42                                     9.6344955688851841e-01
43                                     9.7291221062495359e-01
44                                     9.6151573296937332e-01
45                                     9.7078082684278000e-01
46                                     9.2923191693870022e-01
47                                     9.6704378605114483e-01
48                                     9.5617774045552673e-01
49                                     9.3982548178200376e-01
50                                     9.0652226938008762e-01
51                                     9.0143108144514883e-01
52                                     9.6592097263241239e-01
53                                     9.6610492425500061e-01
54                                     9.7228834535871367e-01
55                                     9.5785924596740701e-01
56                                     9.5192047252018408e-01
57                                     9.4918343839384278e-01
58                                     9.6125175367956706e-01
59                                     3.7949999211418981e+00
60                                     3.2367852059144795e+00
61                                     3.7942156630938686e+00
62                                     1.5500319198739554e+00
63                                     9.5532294591069611e-01
64                                     9.6207502813841106e-01
65                                     9.6288609641147704e-01
66                                     9.6198050299500382e-01
67                                     9.5661767661367469e-01
68                                     9.5727804812284023e-01
69                                     3.7928691063750053e+00
70                                     3.2817891471303042e+00
71                                     3.8048183874490604e+00
72                                     1.6442663132098083e+00
73                                     9.6284779903558415e-01
74                                     9.5543163665807618e-01
75                                     9.5767167173925638e-01
76                                     9.6008096154074196e-01
77                                     9.6220066192626186e-01
78                                     9.6047764261891599e-01
79                                     3.8181242420820984e+00
80                                     3.2331307274693977e+00
81                                     3.7079931739078265e+00
82                                     1.5292265519087307e+00
83                                     9.5602354303376447e-01
84                                     9.6728629328968208e-01
85                                     9.5859297220151807e-01
86                                     9.6562295340610005e-01
87                                     9.6936658558205890e-01
88                                     9.5539634192035694e-01
89                                     3.7671965392157083e+00
90                                     3.3358179792695175e+00
91                                     3.7702039661352260e+00
92                                     1.6588763089767884e+00
93                                     9.6285760645892704e-01
94                                     9.6257256951282522e-01
95                                     9.5620406675532454e-01
96                                     9.6245609029165724e-01
97                                     9.6210802508409710e-01
98                                     9.6404146169760951e-01
99                                     3.7982598080174306e+00
100                                    3.2750095962179557e+00
101                                    3.8413977386270255e+00
102                                    1.5646812497697447e+00
103                                    9.6107283482346617e-01
104                                    9.5741055922979523e-01
105                                    9.6149012616662433e-01
106                                    9.6021842820082715e-01
107                                    9.5899738081776020e-01
108                                    9.5996708927145002e-01
109                                    3.7906256493451411e+00
110                                    3.3166254350436830e+00
111                                    3.7573174035789041e+00
112                                    1.4922396671592466e+00
113                                    9.6037993297244850e-01
114                                    9.5656644368631960e-01
115                                    9.5496216120054656e-01
116                                    9.5947732738007141e-01
117                                    9.6804780913976218e-01
118                                    9.5518852194357839e-01
119                                    3.7686181493516027e+00
120                                    3.2417175273362275e+00
121                                    3.7480082162779245e+00
122                                    1.6484110039743172e+00
123                                    9.6505450063851150e-01
124                                    9.6165836680276129e-01
125                                    9.5067148608637686e-01
126                                    9.6694057209129536e-01
127                                    9.5528513883734612e-01
128                                    9.5502676243734119e-01
129                                    3.7870565043047582e+00
130                                    3.2761152903887236e+00
131                                    3.7747031497333245e+00
132                                    1.5738956471042886e+00
133                                    9.5689011818354297e-01
134                                    9.6660032332061763e-01
135                                    9.6120915842999666e-01
136                                    9.5751971719920093e-01
137                                    9.5923624976923327e-01
138                                    9.6409361030184526e-01
139                                    3.7638363773866850e+00
140                                    3.3452335627007308e+00
141                                    3.7922339611051998e+00
142                                    1.6335985750240765e+00
143                                    9.5518835363013754e-01
144                                    9.6769845078771688e-01
145                                    9.4520470660072442e-01
146                                    9.5651880675762313e-01
147                                    9.6551590032474621e-01
148                                    9.5253340670647657e-01
149                                    3.7600619340710715e+00
150                                    3.3110838330741537e+00
151                                    3.7732848531366683e+00
152                                    1.6475581556657861e+00
153                                    9.5286303470408851e-01
154                                    9.5849552123937587e-01
155                                    9.6381417882864173e-01
156                                    9.5921019558042353e-01
157                                    9.5300207780784219e-01
158                                    9.6805069736928351e-01
   &FA [&Type "ArrayOfDoubles", &Dim (159,1)] "Mayer's free valence"
                                                         0

0                                      0.0000000000000000e+00
1                                      0.0000000000000000e+00
2                                      0.0000000000000000e+00
3                                      0.0000000000000000e+00
4                                      0.0000000000000000e+00
5                                      0.0000000000000000e+00
6                                      0.0000000000000000e+00
7                                      0.0000000000000000e+00
8                                      0.0000000000000000e+00
9                                      0.0000000000000000e+00
10                                     0.0000000000000000e+00
11                                     0.0000000000000000e+00
12                                     0.0000000000000000e+00
13                                     0.0000000000000000e+00
14                                     0.0000000000000000e+00
15                                     0.0000000000000000e+00
16                                     0.0000000000000000e+00
17                                     0.0000000000000000e+00
18                                     0.0000000000000000e+00
19                                     0.0000000000000000e+00
20                                     0.0000000000000000e+00
21                                     0.0000000000000000e+00
22                                     0.0000000000000000e+00
23                                     0.0000000000000000e+00
24                                     0.0000000000000000e+00
25                                     0.0000000000000000e+00
26                                     0.0000000000000000e+00
27                                     0.0000000000000000e+00
28                                     0.0000000000000000e+00
29                                     0.0000000000000000e+00
30                                     0.0000000000000000e+00
31                                     0.0000000000000000e+00
32                                     0.0000000000000000e+00
33                                     0.0000000000000000e+00
34                                     0.0000000000000000e+00
35                                     0.0000000000000000e+00
36                                     0.0000000000000000e+00
37                                     0.0000000000000000e+00
38                                     0.0000000000000000e+00
39                                     0.0000000000000000e+00
40                                     0.0000000000000000e+00
41                                     0.0000000000000000e+00
42                                     0.0000000000000000e+00
43                                     0.0000000000000000e+00
44                                     0.0000000000000000e+00
45                                     0.0000000000000000e+00
46                                     0.0000000000000000e+00
47                                     0.0000000000000000e+00
48                                     0.0000000000000000e+00
49                                     0.0000000000000000e+00
50                                     0.0000000000000000e+00
51                                     0.0000000000000000e+00
52                                     0.0000000000000000e+00
53                                     0.0000000000000000e+00
54                                     0.0000000000000000e+00
55                                     0.0000000000000000e+00
56                                     0.0000000000000000e+00
57                                     0.0000000000000000e+00
58                                     0.0000000000000000e+00
59                                     0.0000000000000000e+00
60                                     0.0000000000000000e+00
61                                     0.0000000000000000e+00
62                                     0.0000000000000000e+00
63                                     0.0000000000000000e+00
64                                     0.0000000000000000e+00
65                                     0.0000000000000000e+00
66                                     0.0000000000000000e+00
67                                     0.0000000000000000e+00
68                                     0.0000000000000000e+00
69                                     0.0000000000000000e+00
70                                     0.0000000000000000e+00
71                                     0.0000000000000000e+00
72                                     0.0000000000000000e+00
73                                     0.0000000000000000e+00
74                                     0.0000000000000000e+00
75                                     0.0000000000000000e+00
76                                     0.0000000000000000e+00
77                                     0.0000000000000000e+00
78                                     0.0000000000000000e+00
79                                     0.0000000000000000e+00
80                                     0.0000000000000000e+00
81                                     0.0000000000000000e+00
82                                     0.0000000000000000e+00
83                                     0.0000000000000000e+00
84                                     0.0000000000000000e+00
85                                     0.0000000000000000e+00
86                                     0.0000000000000000e+00
87                                     0.0000000000000000e+00
88                                     0.0000000000000000e+00
89                                     0.0000000000000000e+00
90                                     0.0000000000000000e+00
91                                     0.0000000000000000e+00
92                                     0.0000000000000000e+00
93                                     0.0000000000000000e+00
94                                     0.0000000000000000e+00
95                                     0.0000000000000000e+00
96                                     0.0000000000000000e+00
97                                     0.0000000000000000e+00
98                                     0.0000000000000000e+00
99                                     0.0000000000000000e+00
100                                    0.0000000000000000e+00
101                                    0.0000000000000000e+00
102                                    0.0000000000000000e+00
103                                    0.0000000000000000e+00
104                                    0.0000000000000000e+00
105                                    0.0000000000000000e+00
106                                    0.0000000000000000e+00
107                                    0.0000000000000000e+00
108                                    0.0000000000000000e+00
109                                    0.0000000000000000e+00
110                                    0.0000000000000000e+00
111                                    0.0000000000000000e+00
112                                    0.0000000000000000e+00
113                                    0.0000000000000000e+00
114                                    0.0000000000000000e+00
115                                    0.0000000000000000e+00
116                                    0.0000000000000000e+00
117                                    0.0000000000000000e+00
118                                    0.0000000000000000e+00
119                                    0.0000000000000000e+00
120                                    0.0000000000000000e+00
121                                    0.0000000000000000e+00
122                                    0.0000000000000000e+00
123                                    0.0000000000000000e+00
124                                    0.0000000000000000e+00
125                                    0.0000000000000000e+00
126                                    0.0000000000000000e+00
127                                    0.0000000000000000e+00
128                                    0.0000000000000000e+00
129                                    0.0000000000000000e+00
130                                    0.0000000000000000e+00
131                                    0.0000000000000000e+00
132                                    0.0000000000000000e+00
133                                    0.0000000000000000e+00
134                                    0.0000000000000000e+00
135                                    0.0000000000000000e+00
136                                    0.0000000000000000e+00
137                                    0.0000000000000000e+00
138                                    0.0000000000000000e+00
139                                    0.0000000000000000e+00
140                                    0.0000000000000000e+00
141                                    0.0000000000000000e+00
142                                    0.0000000000000000e+00
143                                    0.0000000000000000e+00
144                                    0.0000000000000000e+00
145                                    0.0000000000000000e+00
146                                    0.0000000000000000e+00
147                                    0.0000000000000000e+00
148                                    0.0000000000000000e+00
149                                    0.0000000000000000e+00
150                                    0.0000000000000000e+00
151                                    0.0000000000000000e+00
152                                    0.0000000000000000e+00
153                                    0.0000000000000000e+00
154                                    0.0000000000000000e+00
155                                    0.0000000000000000e+00
156                                    0.0000000000000000e+00
157                                    0.0000000000000000e+00
158                                    0.0000000000000000e+00
   &Method [&Type "String"] "SCF"
   &Level [&Type "String"] "Relaxed density"
   &Mult [&Type "Integer"] 1
   &State [&Type "Integer"] -1
   &Irrep [&Type "Integer"] 0
$End
$SCF_Energy
   &GeometryIndex 1
   &Method [&Type "String"] "SCF"
   &totalEnergy [&Type "ArrayOfDoubles", &Dim (1,1)] "Total energy of each state"
                                                         0

0                                     -7.0734063080178967e+03
   &Mult [&Type "ArrayOfIntegers", &Dim (1,1)] "Multiplicity of each state"
                                                         0

0                                                        1
$End
$DFT_Energy
   &GeometryIndex 1
   &nAlphaEl [&Type "Integer"] 331
   &nBetaEl [&Type "Integer"] 331
   &nTotalEl [&Type "Integer"] 662
   &finalEn [&Type "Double"]      -7.0734063080178967e+03  "No Van der Waals correction"
   &eExchange [&Type "Double"]      -6.6444462853009202e+02
   &eCorr [&Type "Double"]      -2.2452084552589604e+01
   &eXC [&Type "Double"]      -6.8689671308268157e+02
   &eCNL [&Type "Double"]       0.0000000000000000e+00
$End
$SCF_Timings
   &GeometryIndex 1
   &TOTAL [&Type "Double"]       6.9422299999999996e+02
   &PREP [&Type "Double"]       1.6200000000000001e+00
   &FOCK [&Type "Double"]       5.5692499999999995e+02
   &DENS [&Type "Double"]       4.4510000000001355e+00
   &ETOT [&Type "Double"]       1.3030000000000257e+00
   &POP [&Type "Double"]       3.0040000000000191e+00
   &TRAFO [&Type "Double"]       1.1371000000000080e+01
   &DIIS [&Type "Double"]       6.6245000000000005e+01
   &SOSCF [&Type "Double"]       2.9180999999999926e+01
   &XC [&Type "Double"]       2.9711799999999994e+02
   &FOCKSTART [&Type "Double"]       8.8900000000007262e-01
   &INT_BF [&Type "Double"]       4.7226999999994902e+01
   &INT_DENS [&Type "Double"]       1.1839099999999885e+02
   &INT_DENSIO [&Type "Double"]       1.7061728954000007e+07
   &INT_FUNC [&Type "Double"]       1.0030000000004286e+01
   &INT_POT [&Type "Double"]       1.0098700000000068e+02
   &INT_POTIO [&Type "Double"]       7.8160000000020773e+00
   &INT_SUM [&Type "Double"]       1.7999999999908312e-02
   &SPLITRIJ [&Type "Double"]       2.8057300000000015e+02
$End
$VdW_Correction
   &GeometryIndex 1
   &vdW [&Type "Double"]      -8.4957991291971915e-02
$End
$gCP_Energy
   &GeometryIndex 1
   &gCP_Energy [&Type "Double"]       1.5822965370000000e-01
$End
$Single_Point_Data
   &GeometryIndex 1
   &FinalEnergy [&Type "Double"]      -7.0733330363554887e+03  "Final single point energy"
   &Converged [&Type "Boolean"] true
$End
$SCF_Nuc_Gradient
   &GeometryIndex 1
   &NAtoms [&Type "Integer"] 159
   &gradNorm [&Type "Double"]       4.4064519157842552e-01
   &grad [&Type "ArrayOfDoubles", &Dim (477,1)] 
                                                         0

0                                     -2.2853601801972941e-02
1                                     -2.0841549361309070e-02
2                                     -1.4468610855412317e-02
3                                     -1.6160121180414627e-02
4                                      3.2884481207591923e-02
5                                     -1.3675646525102206e-02
6                                      5.6671074184045135e-02
7                                     -6.9436842224569187e-03
8                                     -2.1333391020653261e-02
9                                      2.7043867495428066e-02
10                                    -9.9675685562618114e-04
11                                     3.9463152667055787e-02
12                                    -2.7667304784067228e-02
13                                     1.7982401824667090e-02
14                                    -2.1902733054945632e-02
15                                    -5.3635969841718560e-03
16                                    -8.9904062837022521e-03
17                                    -1.4164129873213617e-02
18                                     2.6195420064756498e-03
19                                     1.5974616318257431e-02
20                                    -1.5116338918717378e-02
21                                    -9.9089774017276349e-03
22                                     2.0299125732509429e-02
23                                    -5.5962785730159954e-03
24                                     2.8311829940522570e-02
25                                    -2.2336333072940535e-02
26                                     2.2377023795027724e-02
27                                    -2.8849187176735694e-02
28                                     1.9496424563103807e-03
29                                    -1.9417976113637419e-02
30                                     3.6296417057339707e-03
31                                    -3.9208074744795325e-02
32                                     1.4311278070717671e-02
33                                    -7.0192365564457539e-03
34                                    -2.3617952192031291e-02
35                                     6.8989617801854114e-03
36                                     1.3593344921053584e-02
37                                    -2.4515443273731671e-02
38                                     1.1038597056428099e-02
39                                     4.1717647878420958e-02
40                                     1.1610109428360528e-02
41                                    -8.1611596275819164e-03
42                                    -2.9300090071715416e-02
43                                     8.3123390230482649e-03
44                                     2.5324613543973766e-03
45                                    -5.6453167737887128e-03
46                                    -1.1061884982826477e-02
47                                     7.1089387548088840e-04
48                                     2.3321895059925306e-03
49                                     1.9658290908535818e-02
50                                    -1.0677484046233433e-02
51                                    -8.9014563235430798e-03
52                                     1.7780704413476048e-03
53                                     1.6053603488274965e-03
54                                    -3.3020051183606271e-02
55                                     7.8013626745175521e-03
56                                     1.1962621497510217e-02
57                                    -1.3034273378136875e-02
58                                     2.1339389699004132e-03
59                                    -2.2884549350805656e-03
60                                     9.3858093136112569e-03
61                                     1.2861845652131514e-02
62                                    -1.5318616530959641e-02
63                                     3.6645505540969570e-02
64                                    -1.4483679075124600e-02
65                                    -2.2805307898082869e-02
66                                    -1.1544016818151726e-02
67                                     7.3427226207169564e-03
68                                    -1.1402131650630733e-02
69                                    -1.3421613298159449e-02
70                                    -4.5786476397532590e-03
71                                     2.1543679134405126e-02
72                                    -1.3956997098714938e-02
73                                    -1.3146464237569051e-02
74                                     3.5672660314873955e-02
75                                    -1.7444141358676682e-02
76                                    -4.8923696833915793e-02
77                                     2.7844405115356879e-02
78                                     3.0013789369568952e-03
79                                     2.6054574693581415e-02
80                                    -2.6348236872127985e-02
81                                     5.5455627406441081e-03
82                                     3.5138386972808201e-04
83                                    -1.2965826120400039e-02
84                                    -2.4767043795493634e-03
85                                    -1.6288257655257449e-02
86                                     5.3065276728898958e-03
87                                     2.5305346576779495e-03
88                                    -4.7096890285899338e-03
89                                    -6.0866361542091631e-03
90                                    -2.0697074479820672e-02
91                                    -8.9642594614767145e-04
92                                     4.2994950876545979e-02
93                                     6.7852856520020247e-04
94                                    -1.8003454535313551e-03
95                                    -9.9107835666546445e-03
96                                     6.5942879119820601e-03
97                                     1.8689451037277278e-02
98                                    -6.6931497342571557e-03
99                                    -1.3408668822936360e-02
100                                   -2.4611110009480193e-02
101                                   -8.2775411093229563e-03
102                                    9.1060955501936890e-03
103                                    8.2776727067460903e-03
104                                   -9.1782030984379759e-03
105                                    1.2677686179236534e-02
106                                   -1.0529323687116317e-02
107                                    1.5551945295117730e-02
108                                   -1.3994652398834363e-02
109                                   -2.2558744858308961e-03
110                                    1.5383592532476314e-03
111                                    1.2707533984479691e-02
112                                   -1.9679129883958565e-03
113                                    4.1913126404337338e-03
114                                   -2.9221730543706696e-03
115                                    4.3519100227296008e-03
116                                    5.6860364617850609e-03
117                                    6.3405987661665072e-03
118                                   -1.6413125056335045e-02
119                                    2.0726398283016638e-02
120                                   -1.6440833084256864e-02
121                                   -1.8026918641320003e-03
122                                    2.5383567418859683e-03
123                                    2.0163496258956996e-03
124                                    1.4743593160750841e-02
125                                   -2.3100253452739824e-03
126                                   -1.7874491717897248e-03
127                                    9.4804198314246658e-04
128                                    6.9020771422722005e-03
129                                    2.4617370379941618e-04
130                                    3.8815451690963282e-03
131                                    8.7208768312543178e-04
132                                    1.1405161633378649e-02
133                                    2.8867851894836764e-02
134                                    1.0876172992207691e-02
135                                   -9.5568653157157152e-03
136                                   -8.2330107099570660e-03
137                                   -1.3127078636937316e-02
138                                    5.3440624328426906e-03
139                                   -3.5976985949035885e-03
140                                    5.3043856960428406e-03
141                                   -7.0208807574826853e-03
142                                   -5.5018050546030827e-03
143                                   -5.5354344493369675e-03
144                                    2.4122455352237178e-02
145                                    1.0910175923481553e-02
146                                    6.0968849329089405e-03
147                                   -6.2082351987785963e-03
148                                   -9.1897077457877199e-03
149                                   -3.3191344454640962e-03
150                                    1.2392838894128072e-02
151                                    1.2055493143703759e-02
152                                   -1.8193806039613784e-02
153                                   -9.0794367585221511e-03
154                                    2.9726480777658527e-02
155                                    1.2386515081330700e-03
156                                    3.7292548559766437e-04
157                                   -2.3023798799132033e-03
158                                   -1.4314787395253538e-03
159                                   -3.0837593894762214e-03
160                                    1.1783073543651035e-02
161                                    2.8042801401588456e-03
162                                   -1.0931347858934399e-03
163                                   -1.3520739167059915e-02
164                                   -1.3344776616774735e-02
165                                    4.8567872354399301e-03
166                                    1.7371600859272397e-02
167                                    3.9489120950364073e-03
168                                   -1.1398845282151054e-02
169                                   -5.6600341066508715e-04
170                                   -5.1568040825750025e-03
171                                    2.6087502492872453e-02
172                                    2.3317581161860078e-02
173                                    1.6671619363084519e-02
174                                   -7.6732811475106180e-04
175                                    2.1385924482081022e-04
176                                   -5.4848152015869148e-04
177                                   -1.9089441241255417e-02
178                                   -4.4606730686216461e-04
179                                    5.2465185804203337e-03
180                                   -1.6530969761622188e-02
181                                   -2.5190214329728518e-02
182                                   -2.9280483413253480e-02
183                                    2.2990398127570723e-03
184                                   -2.9337419566301572e-03
185                                   -3.2097115571284050e-02
186                                   -7.5923460473107328e-04
187                                    4.2890956874506933e-02
188                                    3.1963457857488886e-02
189                                   -1.6088414504431769e-03
190                                    2.5096563569814447e-03
191                                   -1.3947676022896651e-03
192                                    7.2110213702943331e-03
193                                    8.5586329972931266e-03
194                                    3.3556970097252344e-03
195                                    1.4594156699406273e-02
196                                   -1.2804166749510335e-02
197                                   -6.4603540465467454e-03
198                                    5.9618890472536712e-03
199                                    2.1910583218449366e-04
200                                    9.9752378878070758e-03
201                                    9.9102804494219220e-03
202                                   -6.7193096859480628e-03
203                                    1.2458119258804801e-02
204                                   -3.3933854576959645e-03
205                                   -6.3552022489313425e-03
206                                    2.4688434987054620e-03
207                                   -1.0001052948149361e-02
208                                    6.9432667689905822e-03
209                                    2.1587495914980181e-04
210                                   -1.8696177574015947e-02
211                                   -4.0368414658677729e-02
212                                    1.1552652258151835e-02
213                                   -4.5359718037120576e-03
214                                    3.1573415265654652e-02
215                                    6.6300887225618642e-04
216                                    2.7270525452873950e-02
217                                    3.8802964646198486e-02
218                                   -2.1355941456093441e-02
219                                    3.0267041040548527e-03
220                                   -2.3375614907249821e-03
221                                   -4.2975946342227230e-03
222                                   -1.6612643994209941e-03
223                                   -2.1009569195861283e-03
224                                    1.2205196058932770e-02
225                                   -5.9225749189487651e-04
226                                    4.3934353330687660e-04
227                                    1.8550503790288816e-04
228                                   -1.9351383683141564e-03
229                                   -1.1464751298056596e-03
230                                   -3.6774864929316146e-03
231                                    1.2623488559226629e-02
232                                   -2.1951647926178524e-02
233                                   -7.4020503556212489e-03
234                                   -5.7076535716339112e-03
235                                   -1.1234494663911066e-02
236                                    1.1617915091663787e-02
237                                    1.2499460514252046e-02
238                                    1.7649414895657068e-02
239                                    3.0689702183874386e-03
240                                   -4.3718162953717568e-02
241                                    3.6010456090952443e-02
242                                    1.0077705327509623e-02
243                                    1.5856361472943840e-02
244                                   -1.1555079445181362e-02
245                                    2.0598498290123383e-03
246                                    6.3723610812302336e-02
247                                   -2.2506243765738024e-02
248                                   -4.6966597430343152e-03
249                                   -8.5278161448752356e-03
250                                   -1.2839633000939404e-02
251                                    4.0525517550027033e-03
252                                   -7.8843248600037191e-03
253                                   -9.1518463243031017e-03
254                                   -1.4114127094238028e-02
255                                    1.6054928688382368e-02
256                                   -2.6737556226325955e-03
257                                    9.0286799451106872e-03
258                                   -5.1392728262971245e-04
259                                    3.5204093602635976e-03
260                                   -1.5577632761813903e-02
261                                   -3.5871483035100869e-02
262                                    1.6100422057196612e-02
263                                   -1.4741653290124543e-02
264                                    1.6520951726275248e-03
265                                   -1.4440495827269613e-02
266                                    1.6122831000203425e-02
267                                    5.3765002699810950e-03
268                                    1.2831372572771522e-03
269                                    3.6776043343997249e-02
270                                    2.0914822698095428e-02
271                                    6.2078596574742569e-03
272                                    6.1026267303296456e-03
273                                   -6.3327871103892215e-03
274                                    1.5128356099637906e-02
275                                    1.9214119216811043e-02
276                                   -1.8839176464457645e-02
277                                   -3.0809308805531854e-03
278                                   -2.7430524286380643e-02
279                                    1.6127088169150532e-03
280                                   -1.3102704833878171e-03
281                                   -1.3423879393146600e-02
282                                   -3.7120180477291163e-03
283                                   -6.0642622716417039e-03
284                                   -1.3552209903777644e-02
285                                   -1.1292105003689767e-02
286                                   -7.5384948306059397e-03
287                                    7.0608067510861813e-03
288                                    7.1350953660279806e-03
289                                   -1.3160713728875539e-02
290                                   -1.3898697160014655e-03
291                                    6.1423272994235159e-03
292                                    8.9143922416187200e-03
293                                    2.5186417176654612e-03
294                                   -4.3042013583150635e-05
295                                   -7.5026655455828490e-04
296                                   -1.4152831391749518e-02
297                                    8.7870905246166565e-03
298                                   -8.5480950727090926e-03
299                                    2.0222686676261554e-02
300                                    3.2214959176022122e-02
301                                    2.8966841750096034e-02
302                                    7.2465827351895232e-02
303                                    4.1268253015723402e-04
304                                    3.5400680967317681e-02
305                                   -1.2811529438762017e-02
306                                   -5.0429761019035887e-02
307                                   -3.8015620923931882e-02
308                                   -6.8468158085140479e-02
309                                   -1.2384101467952087e-03
310                                   -3.6212638782394582e-03
311                                    8.2236822184896365e-04
312                                   -7.6089400235777255e-03
313                                   -7.3776143674079446e-03
314                                   -1.2999522108763026e-03
315                                    9.4330089567627243e-03
316                                    8.8346118707178997e-03
317                                   -1.2983944937737009e-02
318                                   -1.7022030851378992e-02
319                                   -2.3837817141469957e-04
320                                    3.5908917441761197e-03
321                                    1.5062061666398358e-02
322                                    5.7476702848220981e-03
323                                    1.4925276599332274e-02
324                                    4.9321013698505594e-03
325                                   -2.5270243298120412e-02
326                                   -1.1216012331031212e-02
327                                   -3.2990861469949645e-02
328                                   -1.9326176979787148e-02
329                                   -1.5637630545510487e-02
330                                    2.8911140519510662e-02
331                                    4.3452884411492856e-03
332                                   -2.2000366813185467e-02
333                                    1.7991549551359433e-02
334                                   -2.5674107928888773e-02
335                                   -9.9278060293063707e-03
336                                   -1.9558088428849481e-02
337                                    3.3898384500477018e-02
338                                    2.7342998588855076e-02
339                                    2.4393315286932830e-03
340                                   -1.5070826415568686e-02
341                                   -7.2084468198939117e-03
342                                    1.1590209412897168e-02
343                                    1.6042055651716958e-02
344                                    9.6699312549922683e-03
345                                   -2.1955081715796586e-04
346                                   -1.7828584312919108e-03
347                                    1.4461024472771985e-03
348                                   -1.2173808253102664e-03
349                                   -9.1447197052270945e-03
350                                    7.2310754537955445e-03
351                                    1.6755035005046924e-03
352                                   -3.3026043273446225e-03
353                                    1.5099918571030668e-02
354                                   -5.4367001307217130e-03
355                                    1.7096798584768029e-02
356                                   -1.3214555609558353e-02
357                                    1.2541362283977722e-02
358                                   -5.8490546638520921e-02
359                                    2.1409473493249138e-02
360                                    4.5957727846998246e-02
361                                   -4.3414619565659063e-02
362                                   -5.8434753919305443e-02
363                                   -2.1429399783069781e-02
364                                    9.7617836557018396e-03
365                                    4.8527040555677216e-03
366                                   -3.9816895420985168e-02
367                                    4.1161020413402138e-02
368                                    5.9333914407025172e-02
369                                    5.7395482746376691e-03
370                                   -6.6620178075614189e-03
371                                   -1.5460670499825026e-02
372                                   -1.1879882626621192e-02
373                                    1.9198912055515120e-03
374                                   -3.9596183062366825e-03
375                                   -1.4869495242132809e-02
376                                    4.3704348287623151e-02
377                                    1.7755473827721620e-03
378                                    1.2189445027652682e-02
379                                    7.9521812162019131e-03
380                                   -8.4058475667998355e-03
381                                    1.0734066334634428e-02
382                                   -6.2273279325411233e-04
383                                    6.0768608563329723e-03
384                                    2.8590055872653717e-03
385                                    3.5526405706984140e-03
386                                   -7.8735093089158468e-03
387                                   -4.8407700610241154e-02
388                                    3.5973732026857094e-04
389                                    5.5055265939250491e-03
390                                   -6.4816978118173871e-02
391                                    3.9583040959561264e-02
392                                   -4.5816155048441047e-02
393                                   -1.7340176058851065e-02
394                                    1.0547904835164504e-02
395                                    8.7698098178991563e-03
396                                    8.0980023359475822e-02
397                                   -5.6110788250297090e-02
398                                    2.0657853274771258e-02
399                                    2.4130613147486074e-02
400                                    1.9244597098062637e-02
401                                    9.6694238128756747e-03
402                                    1.6720735590305069e-02
403                                   -1.0933358376048993e-02
404                                    3.7593622833874819e-04
405                                   -2.0218573828627573e-03
406                                   -5.0812596679064527e-03
407                                    2.1721932659815916e-04
408                                    6.7894055261264463e-03
409                                    4.9835848693891615e-03
410                                   -5.3831856262367686e-03
411                                    1.5540289152302027e-02
412                                   -7.7940183224684632e-03
413                                    1.9597270591380249e-03
414                                   -1.3224426171749386e-02
415                                    1.0119442298002136e-02
416                                    5.5976258215283548e-04
417                                    9.6295055956096900e-03
418                                    1.1262983800282992e-02
419                                    3.2399654779860002e-03
420                                   -5.0210549858406298e-02
421                                   -1.3307148362067336e-02
422                                   -1.1780235314292313e-01
423                                    1.2405290191657533e-02
424                                    9.9926356961787324e-03
425                                    4.3849870172753581e-03
426                                    4.2844696133488805e-02
427                                    1.1185132564331521e-02
428                                    1.1794062283862795e-01
429                                    6.8554570046511203e-03
430                                   -4.4085020864608375e-03
431                                    9.2470904619290830e-03
432                                   -8.4607329050504941e-05
433                                    3.1181350534476488e-03
434                                   -1.8453870961000009e-02
435                                   -5.7367024650446050e-03
436                                   -1.6245767309695763e-02
437                                   -3.4114686175813850e-04
438                                   -7.9024713920502476e-03
439                                    6.7242415128659300e-03
440                                   -4.4670683577993833e-03
441                                    3.4697567413677767e-04
442                                   -6.3270814696682123e-03
443                                    1.8458251763971704e-02
444                                   -1.8179016981872357e-03
445                                   -7.7870607072418217e-03
446                                   -7.2998438753396466e-03
447                                   -8.6260604862810830e-04
448                                   -3.4681800320651358e-02
449                                    8.6284243250616989e-03
450                                    4.4620907727434725e-02
451                                    1.0579263541087682e-02
452                                    1.6784919163849905e-02
453                                    1.8410576295819270e-02
454                                   -7.7716737617537241e-03
455                                    2.3084889526844201e-03
456                                   -4.4664135387709324e-02
457                                    1.2458869705324700e-03
458                                   -2.9229955137493616e-02
459                                   -1.2862263148462493e-02
460                                    2.6700795916549423e-02
461                                   -1.5127932748629742e-02
462                                   -7.3433836975304292e-04
463                                    1.3166725274129138e-02
464                                    2.0152023075640638e-02
465                                    7.5064033012161892e-03
466                                   -9.9061217756017065e-03
467                                   -2.6743996128495064e-03
468                                    1.5053257164779382e-03
469                                   -5.1779076602708890e-03
470                                   -2.3388493009341175e-03
471                                   -3.0988048081768962e-03
472                                    2.4412618860854885e-03
473                                   -1.0316369259583040e-02
474                                   -1.0823759962077550e-02
475                                    6.0612413264677220e-03
476                                    9.6282549255269634e-03
   &Method [&Type "String"] "SCF"
   &Level [&Type "String"] "Relaxed density"
   &Mult [&Type "Integer"] 1
   &State [&Type "Integer"] 0
   &Irrep [&Type "Integer"] 0
$End
$Geometry
   &GeometryIndex 2
   &NAtoms [&Type "Integer"] 159
   &NCorelessECP [&Type "Integer"] 0
   &NGhostAtoms [&Type "Integer"] 0
   &CartesianCoordinates [&Type "Coordinates", &Dim(159,4), &Units "Bohr"] 
              C     78.002829830856  -50.416583034153    2.534295499258
              C     76.428791531680  -52.412817740730    1.267597835265
              C     74.669903132616  -51.419025925671   -0.605639573103
              N     75.612597559209  -49.630966129747   -2.134305418203
              C     78.177429171841  -48.852110344584   -1.948361405665
              C     78.665347560672  -48.175672413994    0.765508685284
              C     73.915128244247  -48.421651466022   -3.872364546155
              C     72.154194517615  -49.727208284999   -5.292132461479
              C     70.505389713644  -48.444205899075   -6.792206837903
              C     70.316382589066  -45.769156634351   -6.833802288457
              C     71.948384028595  -44.531584955672   -5.133841210244
              C     73.685715795604  -45.872699762384   -3.744137960809
              N     68.525869151586  -44.490908740906   -8.306722862497
              C     65.894914702466  -45.155290072881   -8.052758343135
              C     64.309291998533  -43.068624619820   -6.644715492541
              C     64.551839501154  -40.716178954073   -8.150230743811
              C     66.514695963728  -40.592321989630   -9.886665705485
              C     68.807117759885  -42.216338888085   -9.720380860021
              O     72.347950211052  -51.891309851535   -0.484107759583
              O     70.767076878131  -41.515842363535  -10.695718159692
              C     63.292237751245  -38.346620303194   -8.406123366951
              N     64.388053419017  -37.007842010737  -10.262590467788
              N     66.274161017819  -38.337070912945  -11.147750012320
              C     66.957837283257  -37.656911878485  -13.596917155342
              C     60.900296379171  -37.476114876090   -6.991014311619
              N     60.097416763497  -35.166643537722   -7.690633421013
              O     59.718800543898  -38.850389370942   -5.586135040066
              C     67.365020819569  -35.149849239039  -14.255031567192
              C     67.687323267064  -34.499231514642  -16.743553123740
              C     67.734112465694  -36.336445687826  -18.635327118687
              C     67.111402660541  -38.849309892321  -17.953360872769
              C     66.816135291851  -39.472796684513  -15.458140944164
              O     68.439469597759  -35.433922173414  -20.987137244227
              C     69.865483705637  -37.227720390807  -22.435096657899
              H     76.954554398546  -49.480100075673    4.030882488447
              H     79.681675610273  -51.294760658814    3.523239213019
              H     77.518965472183  -53.866969447106    0.276331021604
              H     75.529293072448  -53.533475080484    2.747440531538
              H     79.443441450917  -50.415007448890   -2.433072007709
              H     78.722412338103  -47.307750644172   -3.106939483184
              H     80.603549188509  -47.639821761386    1.069278414662
              H     77.619685495677  -46.396592529612    1.195201878801
              H     72.012266605402  -51.758112891662   -5.073882191221
              H     69.177291506801  -49.478672286925   -7.961134486532
              H     72.046352745499  -42.411657759077   -4.841164756713
              H     74.946070650347  -44.804571908188   -2.595198045940
              H     65.111950548222  -45.456251425868   -9.938157691711
              H     65.631854534643  -46.995859544124   -7.128342176977
              H     62.389991100636  -43.546761588252   -6.323927356659
              H     65.081172131916  -42.976442410368   -4.733072107269
              H     61.218810181315  -34.227244831617   -9.023265400627
              H     58.870180915375  -33.912052479703   -6.766093383376
              H     67.348291843215  -33.715716146814  -12.798410453380
              H     67.924261008596  -32.482183620640  -17.195628888197
              H     67.083578556077  -40.360646883835  -19.423090130794
              H     66.382818633636  -41.329567789149  -14.808846674119
              H     71.271825524985  -38.125765071317  -21.248761374957
              H     68.765785257184  -38.708640883608  -23.162132018381
              H     70.737377504264  -36.176377030725  -23.979979586112
              C     57.630670110076  -46.484792902226   -6.237602661611
              S     57.729841589006  -45.081189109046   -9.471907363498
              C     54.635203356111  -43.681412437150   -9.655856703559
              O     57.684027631915  -47.192769686621  -11.300114508521
              H     58.481190729439  -45.046461071532   -5.012551676461
              H     55.770492175350  -46.910541606354   -5.499582368266
              H     58.928756100591  -48.152313838424   -6.426956525249
              H     54.345266287558  -42.801284798864   -7.774236547140
              H     54.880859663830  -42.207862495184  -11.033067933080
              H     53.216210950799  -45.150181719544  -10.050588101136
              C     62.850463693057  -54.913920476441   -4.978794666520
              S     62.093543393630  -57.399114504198   -7.406358998460
              C     59.870312123009  -55.251319020194   -9.177239735190
              O     60.554701817078  -59.262434488414   -6.026481351617
              H     63.288784040336  -53.144503739250   -5.955685686415
              H     61.304672509620  -54.812373562732   -3.573442823295
              H     64.550703586174  -55.545590174293   -3.985084183366
              H     58.201802464060  -56.360312558944   -9.700473412049
              H     59.485307190447  -53.779635568268   -7.882848728562
              H     60.842984807242  -54.674032121419  -10.856642472340
              C     67.896411386066  -51.813850432699    2.121869083926
              S     67.786815131157  -49.118319297820   -0.186208716194
              C     69.875723874325  -47.221168708563    1.708936201854
              O     65.247830526125  -48.038584080502    0.102776725374
              H     69.213402807517  -53.376442146628    1.820126663076
              H     67.987986751920  -51.106701833310    4.018566889318
              H     66.082005751396  -52.753010093060    2.070435000863
              H     68.972842970077  -46.973358864270    3.513068666786
              H     71.508510450731  -48.324281745685    1.615269214761
              H     70.247145681113  -45.392108264161    0.942283568288
              C     57.993281815722  -45.832277611248  -16.947660660494
              S     59.522230403423  -42.634489600013  -16.719541685445
              C     61.773570247685  -42.845625050721  -19.318485496199
              O     61.036149871089  -42.607497729133  -14.344619677014
              H     56.860415226941  -45.692946752095  -18.728377496573
              H     59.323557801694  -47.364944855429  -17.426705727696
              H     56.802809539977  -46.286248349702  -15.284892696029
              H     62.769900016968  -44.706579157039  -19.385247425222
              H     60.801926060586  -42.442916232382  -21.098787742360
              H     63.136214409575  -41.300924190473  -19.241742549553
              C     69.719036724192  -32.730636230353   -1.461890702671
              S     67.898207556197  -29.958080210594   -0.169912651419
              C     67.941860091395  -27.741536785292   -3.021366877307
              O     69.723478213466  -28.847785421540    1.545392832217
              H     69.595893729871  -32.854462149435   -3.523955571455
              H     71.651750028683  -32.497832704240   -0.845319180360
              H     69.033756122504  -34.495670694474   -0.753430646826
              H     69.743534945581  -27.709455994175   -3.934843816107
              H     66.510894543554  -28.355819944567   -4.298418520416
              H     67.443793100785  -25.977902182151   -2.234060545999
              C     65.008905382746  -30.786820719267    7.493977059908
              S     64.144763923426  -30.476513862952    4.226611961322
              C     60.795779923371  -30.585059517074    5.022562939432
              O     64.353153568451  -33.119223143955    3.249034023708
              H     64.298337666975  -29.154589074732    8.471803591997
              H     64.411671260464  -32.407773033661    8.574897272442
              H     67.077346790899  -30.732077791416    7.609158289499
              H     59.978256330494  -28.823122301698    5.716044967461
              H     59.700348124967  -31.335072520796    3.486618382515
              H     60.504725408909  -31.845759473197    6.567880779524
              C     63.535401449316  -42.640417973097    1.154074525795
              S     66.589116975603  -40.879250383291    0.443177133794
              C     65.329397525661  -37.913915756330   -1.185933334083
              O     67.936386122461  -42.152359830270   -1.585160175907
              H     63.001427030904  -41.949224697384    2.982023079325
              H     61.988763359446  -42.204778328087   -0.203626366673
              H     63.880732197205  -44.566425663843    1.247173027125
              H     66.989529631674  -37.308183491388   -2.346298487837
              H     63.870754677278  -38.566202037551   -2.451071463958
              H     64.776650687599  -36.344646689732    0.022759169577
              C     56.954208958688  -41.152661633130    6.553884903016
              S     57.614544578523  -39.132168235446    3.641319317024
              C     60.002826965979  -37.179635768678    5.386180343573
              O     55.438593691749  -37.482632064761    3.588208022848
              H     55.573937466242  -42.495649388058    6.060357508423
              H     58.735968386252  -42.216313134111    7.036232871595
              H     56.290051471886  -39.957457274351    8.089615495004
              H     61.156526555120  -35.988902476970    4.117749231949
              H     59.140660147044  -36.113674453518    6.901892742811
              H     61.249596237251  -38.432477684288    6.401830109988
              C     59.662332167948  -34.471602291764   -0.993056747261
              S     57.641657782068  -31.770643915889   -1.912575417343
              C     54.891152597838  -32.474971909269    0.130879800043
              O     57.044843944078  -32.203506562454   -4.512660727813
              H     61.611322371881  -34.283355078072   -1.662928094841
              H     59.806748974864  -34.344187024726    1.014760484400
              H     58.802402746704  -36.320308483674   -1.566654953699
              H     53.675345076405  -33.826707596884   -0.882188857013
              H     55.318026497809  -33.159143426230    2.087178328540
              H     53.761874343460  -30.755581193983    0.098041632672
              C     56.293832082710  -31.436623413310  -11.735596061252
              S     59.047352549749  -30.014446917502  -13.602285385568
              C     59.153774162228  -32.737723454084  -15.857876353609
              O     61.125709374372  -30.073236372656  -11.754697405333
              H     56.883667459710  -33.278829598646  -11.276717489904
              H     55.985022973698  -30.214206350671  -10.018593137623
              H     54.677426203718  -31.679756936156  -12.988103712397
              H     60.353155884379  -32.376438208582  -17.501796200418
              H     59.646311222728  -34.556784749489  -15.048958148788
              H     57.117160049813  -32.737303061395  -16.352889968112
$End
$SCF_Energy
   &GeometryIndex 2
   &Method [&Type "String"] "SCF"
   &totalEnergy [&Type "ArrayOfDoubles", &Dim (1,1)] "Total energy of each state"
                                                         0

0                                     -7.0734224085127826e+03
   &Mult [&Type "ArrayOfIntegers", &Dim (1,1)] "Multiplicity of each state"
                                                         0

0                                                        1
$End
$DFT_Energy
   &GeometryIndex 2
   &nAlphaEl [&Type "Integer"] 331
   &nBetaEl [&Type "Integer"] 331
   &nTotalEl [&Type "Integer"] 662
   &finalEn [&Type "Double"]      -7.0734224085127826e+03  "No Van der Waals correction"
   &eExchange [&Type "Double"]      -6.6438817643276582e+02
   &eCorr [&Type "Double"]      -2.2449023117844412e+01
   &eXC [&Type "Double"]      -6.8683719955061019e+02
   &eCNL [&Type "Double"]       0.0000000000000000e+00
$End
$SCF_Timings
   &GeometryIndex 2
   &TOTAL [&Type "Double"]       2.9861500000000001e+02
   &PREP [&Type "Double"]       1.2360000000000000e+00
   &FOCK [&Type "Double"]       2.3684700000000004e+02
   &DENS [&Type "Double"]       1.9789999999999850e+00
   &ETOT [&Type "Double"]       6.9299999999996942e-01
   &TRAFO [&Type "Double"]       7.4560000000000031e+00
   &DIIS [&Type "Double"]       1.2283000000000008e+01
   &SOSCF [&Type "Double"]       1.7856000000000037e+01
   &XC [&Type "Double"]       1.3046899999999999e+02
   &FOCKSTART [&Type "Double"]       4.0899999999998693e-01
   &INT_BF [&Type "Double"]       2.2156000000002908e+01
   &INT_DENS [&Type "Double"]       5.3637999999999899e+01
   &INT_DENSIO [&Type "Double"]       4.4938357249999978e+06
   &INT_FUNC [&Type "Double"]       4.8499999999983672e+00
   &INT_POT [&Type "Double"]       4.1615000000000187e+01
   &INT_POTIO [&Type "Double"]       8.2599999999989038e-01
   &INT_SUM [&Type "Double"]       3.9999999999906777e-03
   &SPLITRIJ [&Type "Double"]       1.2659799999999998e+02
$End
$VdW_Correction
   &GeometryIndex 2
   &vdW [&Type "Double"]      -8.4896793523644321e-02
$End
$gCP_Energy
   &GeometryIndex 2
   &gCP_Energy [&Type "Double"]       1.5820826239999999e-01
$End
$Single_Point_Data
   &GeometryIndex 2
   &FinalEnergy [&Type "Double"]      -7.0733490970439061e+03  "Final single point energy"
   &Converged [&Type "Boolean"] true
$End
$SCF_Nuc_Gradient
   &GeometryIndex 2
   &NAtoms [&Type "Integer"] 159
   &gradNorm [&Type "Double"]       4.0992685773234711e-01
   &grad [&Type "ArrayOfDoubles", &Dim (477,1)] 
                                                         0

0                                     -2.1647361245743419e-02
1                                     -2.0499355022026867e-02
2                                     -1.3757702578518985e-02
3                                     -1.5673204645923314e-02
4                                      3.1897920249447008e-02
5                                     -1.2711796813500658e-02
6                                      5.4047718050440244e-02
7                                     -7.6598608751891114e-03
8                                     -2.1107052885347748e-02
9                                      2.5784016783957250e-02
10                                    -9.0932658303900424e-04
11                                     3.8106404498774116e-02
12                                    -2.6839438391574027e-02
13                                     1.7240327928044148e-02
14                                    -2.1225149711645762e-02
15                                    -5.5349265429144139e-03
16                                    -8.5135585688063901e-03
17                                    -1.3369952729859271e-02
18                                     3.1536231658947939e-03
19                                     1.4266425993079512e-02
20                                    -1.4938116055782371e-02
21                                    -9.6787736950794435e-03
22                                     1.8848620869534129e-02
23                                    -5.3283705890010240e-03
24                                     2.7066689908390042e-02
25                                    -2.1239060255317105e-02
26                                     2.1109816273396902e-02
27                                    -2.7890055912254023e-02
28                                     2.4110015435740836e-03
29                                    -1.8663870239327085e-02
30                                     2.5923896715825331e-03
31                                    -3.7295364717610462e-02
32                                     1.3434622174670254e-02
33                                    -6.9151912177830531e-03
34                                    -2.1830101161768915e-02
35                                     7.0631554063265165e-03
36                                     1.3923506909838686e-02
37                                    -2.3867103725101417e-02
38                                     1.0615416292243838e-02
39                                     4.0496975568436309e-02
40                                     1.1345573082173972e-02
41                                    -7.6848187132063416e-03
42                                    -2.8117395046817852e-02
43                                     8.5577024110694653e-03
44                                     1.9713780851919379e-03
45                                    -5.8330057855405038e-03
46                                    -1.0611608993752521e-02
47                                     6.6127697331376067e-04
48                                     2.3842394963204134e-03
49                                     1.8840807514080845e-02
50                                    -1.0335977063281878e-02
51                                    -9.1396017871480228e-03
52                                     1.7613760919532116e-03
53                                     1.9092874408629854e-03
54                                    -3.1818160380481235e-02
55                                     8.1377320470571706e-03
56                                     1.1684323509797645e-02
57                                    -1.2074853716664223e-02
58                                     2.1164786634428221e-03
59                                    -2.6173579874473147e-03
60                                     9.1716109687877932e-03
61                                     1.2684609103311066e-02
62                                    -1.4969538408958292e-02
63                                     3.4810434777001437e-02
64                                    -1.4127913889254263e-02
65                                    -2.1050248101698490e-02
66                                    -1.0421643503999913e-02
67                                     6.3528140706890154e-03
68                                    -1.0767563252191064e-02
69                                    -1.2688062345865678e-02
70                                    -4.1687550748880781e-03
71                                     2.0543955797468413e-02
72                                    -1.1797555698397792e-02
73                                    -1.1799487554087076e-02
74                                     3.3385085118565590e-02
75                                    -1.7451942117693967e-02
76                                    -4.6140443047879717e-02
77                                     2.6802323407304859e-02
78                                     1.2161185117819501e-03
79                                     2.3114493483415675e-02
80                                    -2.3737145950096003e-02
81                                     5.5587939166048695e-03
82                                     4.7357437190673077e-04
83                                    -1.2179183522795838e-02
84                                    -2.3968324921939577e-03
85                                    -1.5493206973699585e-02
86                                     4.6180607779548691e-03
87                                     2.5119972381352444e-03
88                                    -4.9224617811747112e-03
89                                    -6.2340318407027046e-03
90                                    -2.0451563892715525e-02
91                                    -4.9749951669256437e-04
92                                     4.0997746673836100e-02
93                                     8.4367674166059038e-04
94                                    -1.7364873916245087e-03
95                                    -1.0067729628389489e-02
96                                     6.3318987682890147e-03
97                                     1.8009971426809445e-02
98                                    -6.2018042614414206e-03
99                                    -1.2288573833032562e-02
100                                   -2.2625551990923986e-02
101                                   -7.7363966440564570e-03
102                                    8.7139929358437049e-03
103                                    8.2707964460938671e-03
104                                   -8.7788412937823412e-03
105                                    1.2179369354249046e-02
106                                   -1.0074278943439050e-02
107                                    1.4950187779052701e-02
108                                   -1.3525224721767091e-02
109                                   -2.5111831450408848e-03
110                                    1.4547776784219458e-03
111                                    1.2423718482387073e-02
112                                   -2.0260511605472140e-03
113                                    4.1219893854193878e-03
114                                   -2.6034231424010806e-03
115                                    4.0463433835130798e-03
116                                    5.5604806865104627e-03
117                                    6.5543821151121621e-03
118                                   -1.5328157703992528e-02
119                                    1.9639731282424994e-02
120                                   -1.5482177144875467e-02
121                                   -1.5787155598545803e-03
122                                    2.7275540128484034e-03
123                                    2.0437966126898325e-03
124                                    1.4213881190391230e-02
125                                   -2.2218751599765610e-03
126                                   -1.8114853837245470e-03
127                                    9.0764311538590989e-04
128                                    6.7963026181138506e-03
129                                    1.4499266865803994e-04
130                                    3.6587206526361069e-03
131                                    8.0100481643117301e-04
132                                    1.1247417085642334e-02
133                                    2.7485410305784788e-02
134                                    1.0581000494793769e-02
135                                   -8.8716609006914034e-03
136                                   -7.5746535176786541e-03
137                                   -1.2428508213513182e-02
138                                    5.0126635519084466e-03
139                                   -3.5808983097481342e-03
140                                    5.0187667492329821e-03
141                                   -6.9869688808250879e-03
142                                   -5.1612064808018963e-03
143                                   -5.6052534061961021e-03
144                                    2.2809540046994672e-02
145                                    1.0432210305109388e-02
146                                    6.1760554534741208e-03
147                                   -5.9569718934687124e-03
148                                   -9.1286428832175279e-03
149                                   -3.1247033099673482e-03
150                                    1.1601567162798806e-02
151                                    1.1571411496198938e-02
152                                   -1.7274982472955183e-02
153                                   -8.3986445078149292e-03
154                                    2.9039333556866432e-02
155                                    5.6631444372116186e-04
156                                    3.8665862129654151e-04
157                                   -2.1779454150183141e-03
158                                   -1.3051931559811766e-03
159                                   -3.1069143490498252e-03
160                                    1.1248285400109281e-02
161                                    2.7724522453127726e-03
162                                   -1.0579492818426181e-03
163                                   -1.2986237416193688e-02
164                                   -1.2839972927664263e-02
165                                    4.6167003648043790e-03
166                                    1.6336179866433407e-02
167                                    4.0993144563119177e-03
168                                   -1.0862277653936873e-02
169                                   -7.0929437633091062e-04
170                                   -4.8105788789629600e-03
171                                    2.4472887661629871e-02
172                                    2.1501682438912716e-02
173                                    1.5709360315961745e-02
174                                   -7.3387587102476722e-04
175                                    2.2889750201764001e-04
176                                   -5.1402317667563176e-04
177                                   -1.8165880070882351e-02
178                                   -6.9648396055371092e-04
179                                    5.2598558407650270e-03
180                                   -1.5876876989276201e-02
181                                   -2.2394333378938879e-02
182                                   -2.6490989810638691e-02
183                                    1.9086373264941114e-03
184                                   -3.0603557831825560e-03
185                                   -3.0989826328482815e-02
186                                   -7.0368585151231130e-04
187                                    3.9254272110378907e-02
188                                    2.8747652073837612e-02
189                                   -1.6188956200702512e-03
190                                    2.3598704501805500e-03
191                                   -1.4698768521628190e-03
192                                    6.8051592608810926e-03
193                                    8.3636304963114801e-03
194                                    3.5105101537375311e-03
195                                    1.4007644790295613e-02
196                                   -1.2057814541611082e-02
197                                   -6.3678818753749684e-03
198                                    5.7090625769311660e-03
199                                    2.0678576178675609e-04
200                                    9.5854396185912714e-03
201                                    9.7252182217027212e-03
202                                   -6.1709230872550574e-03
203                                    1.1997454806955861e-02
204                                   -3.1753216081569823e-03
205                                   -6.0739078558262362e-03
206                                    2.5015522972276741e-03
207                                   -1.0083873128967989e-02
208                                    7.1436816230302713e-03
209                                    2.9862426697337455e-04
210                                   -1.6581977732781569e-02
211                                   -3.7357967424811608e-02
212                                    9.8159053522719111e-03
213                                   -4.7558816170280641e-03
214                                    3.0320495004386112e-02
215                                    4.4882978407178686e-04
216                                    2.4835637095055717e-02
217                                    3.5451998958360390e-02
218                                   -1.9202958105947805e-02
219                                    2.9848126205686411e-03
220                                   -2.3091714821651061e-03
221                                   -4.1464397518298892e-03
222                                   -1.4244911548653752e-03
223                                   -2.1005338914607962e-03
224                                    1.1780174675729801e-02
225                                   -4.8788974322581686e-04
226                                    3.9540255228068233e-04
227                                    1.5649605899729815e-04
228                                   -1.7939864398024104e-03
229                                   -1.0928530849016551e-03
230                                   -3.6240846340055170e-03
231                                    1.2435149731019992e-02
232                                   -2.1002381211408582e-02
233                                   -6.6402174720832973e-03
234                                   -5.3345093005521980e-03
235                                   -1.0836648940882715e-02
236                                    1.0822687771851124e-02
237                                    1.2981531155109232e-02
238                                    1.7716802690872068e-02
239                                    2.3516125631498279e-03
240                                   -3.9075746122842786e-02
241                                    3.3670620101023660e-02
242                                    9.3688472623184235e-03
243                                    1.4486371420391974e-02
244                                   -1.1017834873930663e-02
245                                    2.0976159656161150e-03
246                                    5.8232197154141560e-02
247                                   -2.0262020263887310e-02
248                                   -4.4260531934821601e-03
249                                   -8.1242111523179422e-03
250                                   -1.3112502649102980e-02
251                                    4.0404326325885320e-03
252                                   -7.7404721629688970e-03
253                                   -8.7534037390845140e-03
254                                   -1.3147226724720074e-02
255                                    1.5169489921259641e-02
256                                   -2.9448305529378728e-03
257                                    8.8316978659937918e-03
258                                   -8.3849799479292892e-04
259                                    3.5472420591871239e-03
260                                   -1.4834480353678793e-02
261                                   -3.3671524551396263e-02
262                                    1.4653982880709349e-02
263                                   -1.4566614662512536e-02
264                                    1.7934142105889618e-03
265                                   -1.3472023870975432e-02
266                                    1.5593877622517623e-02
267                                    5.2717861873026800e-03
268                                    1.1504974019763024e-03
269                                    3.5892749538569024e-02
270                                    1.9395337041484460e-02
271                                    6.3874751314047396e-03
272                                    4.4184115961647605e-03
273                                   -6.1907578396491799e-03
274                                    1.4072818030350440e-02
275                                    1.8922180622717812e-02
276                                   -1.7339905090600821e-02
277                                   -2.9578076380446829e-03
278                                   -2.5139446461869368e-02
279                                    1.7272167967237570e-03
280                                   -1.3229228564983623e-03
281                                   -1.2971686554153268e-02
282                                   -3.6937064004047312e-03
283                                   -5.8730984240056225e-03
284                                   -1.3381851987651842e-02
285                                   -1.1195525092559284e-02
286                                   -7.4966814315036469e-03
287                                    6.8717884005908393e-03
288                                    6.8356090654637294e-03
289                                   -1.2548855512643009e-02
290                                   -1.4137711670634532e-03
291                                    5.9670324708840433e-03
292                                    8.7765920186694667e-03
293                                    2.2955467358898416e-03
294                                    1.7294606696228684e-04
295                                   -5.4996810675747706e-04
296                                   -1.3831928315654281e-02
297                                    8.1557508099471543e-03
298                                   -7.7268967486189711e-03
299                                    1.9157820589188666e-02
300                                    2.7231369893562889e-02
301                                    2.5835663517179235e-02
302                                    6.6571061338156975e-02
303                                    7.4580133805035500e-04
304                                    3.3638699591330555e-02
305                                   -1.2881041214016748e-02
306                                   -4.4296857921515297e-02
307                                   -3.4064521630501485e-02
308                                   -6.2155887941211754e-02
309                                   -1.1572278359678323e-03
310                                   -3.5469422193991147e-03
311                                    7.1764209917566388e-04
312                                   -7.2596238796493653e-03
313                                   -7.1166221377957596e-03
314                                   -1.1027343520874880e-03
315                                    9.0342887454503053e-03
316                                    7.4781856344821275e-03
317                                   -1.2419814525600434e-02
318                                   -1.6064808036241822e-02
319                                   -1.6852263336655256e-04
320                                    3.1278543037424880e-03
321                                    1.4057461028818150e-02
322                                    5.4473781763723387e-03
323                                    1.4035635852691158e-02
324                                    4.4346911328493029e-03
325                                   -2.3748461081982818e-02
326                                   -1.0202334676981693e-02
327                                   -3.2246182053637232e-02
328                                   -1.8468625870281880e-02
329                                   -1.5438078017176853e-02
330                                    2.8114340346459606e-02
331                                    5.1132986135898079e-03
332                                   -2.0897545896050088e-02
333                                    1.7937736795418744e-02
334                                   -2.4700833357138102e-02
335                                   -1.0335367307958070e-02
336                                   -1.9126168500880697e-02
337                                    3.2410105351149451e-02
338                                    2.6668404633891897e-02
339                                    2.4625541950447929e-03
340                                   -1.5035728509066067e-02
341                                   -7.3605196370635853e-03
342                                    1.1262446858812902e-02
343                                    1.5344233916917978e-02
344                                    9.7330616348733946e-03
345                                   -1.1492166050182254e-04
346                                   -1.7312950495810885e-03
347                                    1.5271161878941458e-03
348                                   -1.3517627971118915e-03
349                                   -8.8102440147035804e-03
350                                    7.2810763684523702e-03
351                                    1.3707213249740538e-03
352                                   -3.5229963379190127e-03
353                                    1.4515660532151599e-02
354                                   -5.4295833021481650e-03
355                                    1.6372313815762922e-02
356                                   -1.2486138253603687e-02
357                                    1.1714424005096256e-02
358                                   -5.5253396784674697e-02
359                                    2.0391860252908827e-02
360                                    4.2660333164277850e-02
361                                   -4.0464705629773827e-02
362                                   -5.3496097508640400e-02
363                                   -2.0733698269289641e-02
364                                    1.0032244659795266e-02
365                                    4.8698976507802940e-03
366                                   -3.6400012261885668e-02
367                                    3.8044897858999983e-02
368                                    5.4377159211746511e-02
369                                    5.5273200726263291e-03
370                                   -6.3603649799772776e-03
371                                   -1.4822499997439849e-02
372                                   -1.1445382685558439e-02
373                                    1.8053698971073784e-03
374                                   -3.6565306179414210e-03
375                                   -1.4250562216696239e-02
376                                    4.0678208318254784e-02
377                                    1.8652706353634232e-03
378                                    1.1651044973975271e-02
379                                    7.6269348257733283e-03
380                                   -8.0557740302030657e-03
381                                    1.0420190562602535e-02
382                                   -7.0196057547250315e-04
383                                    5.7319514285373088e-03
384                                    2.7971746257901293e-03
385                                    3.5709383397722928e-03
386                                   -7.8438576371833331e-03
387                                   -4.5783654009922098e-02
388                                    8.4965314554734969e-04
389                                    6.0150790507259612e-03
390                                   -5.7914521687635584e-02
391                                    3.4398994628902051e-02
392                                   -4.4629032082792064e-02
393                                   -1.6988897373321189e-02
394                                    1.0540559444902413e-02
395                                    8.0590629890710617e-03
396                                    7.3029022281657793e-02
397                                   -5.0273804748956381e-02
398                                    1.9690162896905030e-02
399                                    2.2642465211971136e-02
400                                    1.7705203019569779e-02
401                                    9.0643190291438292e-03
402                                    1.5947072032118870e-02
403                                   -1.0587446682822726e-02
404                                    3.2815922607128990e-04
405                                   -1.9257944158909178e-03
406                                   -4.8536499162486514e-03
407                                    2.3325998661610932e-04
408                                    6.8055868962290898e-03
409                                    4.8690982407494556e-03
410                                   -5.2738744695672224e-03
411                                    1.5191221440501923e-02
412                                   -7.6046743440871386e-03
413                                    2.2025220846763902e-03
414                                   -1.2679046527076354e-02
415                                    9.8193732341226147e-03
416                                    8.4505593289415401e-04
417                                    9.3604020767853423e-03
418                                    1.0576031546753104e-02
419                                    2.4812465233851619e-03
420                                   -4.7099371338893470e-02
421                                   -1.1386361776199620e-02
422                                   -1.0560713132256655e-01
423                                    1.2688775525620546e-02
424                                    9.3276033339834055e-03
425                                    4.9039416730632503e-03
426                                    3.9818391473197053e-02
427                                    9.3652600186794957e-03
428                                    1.0514643892771743e-01
429                                    6.7230815275227274e-03
430                                   -4.3893932438606939e-03
431                                    9.1707037438571431e-03
432                                    4.2864334579546456e-05
433                                    3.1334063209651842e-03
434                                   -1.7256785723905051e-02
435                                   -5.4514142148381437e-03
436                                   -1.5563073863080906e-02
437                                   -2.3586465534507941e-04
438                                   -7.8019614461423310e-03
439                                    6.6485737145740229e-03
440                                   -4.3965258066533423e-03
441                                    4.8395877483463291e-06
442                                   -6.0056974608881019e-03
443                                    1.7922834717382274e-02
444                                   -1.9146316335936098e-03
445                                   -7.4388716081607948e-03
446                                   -7.1258597645618548e-03
447                                   -1.1364786624460783e-03
448                                   -3.3304982671023053e-02
449                                    8.7651074201407515e-03
450                                    4.1859466950577406e-02
451                                    1.0540800035438750e-02
452                                    1.4406270753831104e-02
453                                    1.7905639316192160e-02
454                                   -7.3273615336517852e-03
455                                    2.1404313794848762e-03
456                                   -4.1650849933810560e-02
457                                    1.2758096396502149e-03
458                                   -2.6674298374777361e-02
459                                   -1.2412609150844774e-02
460                                    2.5639211398551978e-02
461                                   -1.4801031752207702e-02
462                                   -7.4215125230696918e-04
463                                    1.2784118769164909e-02
464                                    1.9603800388939864e-02
465                                    7.2471181937964358e-03
466                                   -9.7910623546980415e-03
467                                   -2.6585612742685244e-03
468                                    1.3311871562526390e-03
469                                   -5.1110851159750963e-03
470                                   -2.3165113484463311e-03
471                                   -3.0210312344134908e-03
472                                    2.0370913467117309e-03
473                                   -1.0074881792071831e-02
474                                   -1.0391879031238529e-02
475                                    5.9176681987795268e-03
476                                    9.3996953792503044e-03
   &Method [&Type "String"] "SCF"
   &Level [&Type "String"] "Relaxed density"
   &Mult [&Type "Integer"] 1
   &State [&Type "Integer"] 0
   &Irrep [&Type "Integer"] 0
$End
$Geometry
   &GeometryIndex 3
   &NAtoms [&Type "Integer"] 159
   &NCorelessECP [&Type "Integer"] 0
   &NGhostAtoms [&Type "Integer"] 0
   &CartesianCoordinates [&Type "Coordinates", &Dim(159,4), &Units "Bohr"] 
              C     78.023054283202  -50.420644703470    2.519044188839
              C     76.443007082044  -52.418401717452    1.254903969077
              C     74.674191204125  -51.422462470874   -0.615153879942
              N     75.613263107141  -49.631744698397   -2.148064443288
              C     78.183470132841  -48.854329802761   -1.966314266451
              C     78.681500516306  -48.179148697595    0.749228527481
              C     73.912795694262  -48.418446650993   -3.881280628081
              C     72.147974573689  -49.723654559703   -5.300137456712
              C     70.494699558204  -48.437058120468   -6.797439447246
              C     70.308081219819  -45.763076245905   -6.834203721061
              C     71.941905699017  -44.523866713039   -5.139356453887
              C     73.684544550885  -45.864231651915   -3.751366911412
              N     68.513172677846  -44.486291658959   -8.303867627218
              C     65.879350601477  -45.152137409519   -8.047622973257
              C     64.297220636053  -43.067651936401   -6.638452832442
              C     64.541712559209  -40.715879985660   -8.143298322302
              C     66.506717380790  -40.592414084645   -9.878030463601
              C     68.799068159227  -42.214350294117   -9.714007221128
              O     72.355068627280  -51.894000212313   -0.489528485568
              O     70.762514772722  -41.516585342024  -10.687412178027
              C     63.281746598401  -38.348031303238   -8.399201961567
              N     64.377800457544  -37.007903153633  -10.253244921363
              N     66.268337678732  -38.337378181028  -11.138770210372
              C     66.959772770426  -37.658720878981  -13.590240164207
              C     60.890902863471  -37.476565678589   -6.988950745965
              N     60.088067416399  -35.165622725402   -7.691590266596
              O     59.708928576822  -38.854129176840   -5.579741137226
              C     67.368654003314  -35.151075669394  -14.247787352839
              C     67.698151423691  -34.501858914706  -16.737647297654
              C     67.749824040563  -36.341227448748  -18.627740492807
              C     67.126807773534  -38.852207969965  -17.948391881593
              C     66.824088173094  -39.476742963921  -15.452366848003
              O     68.458662619751  -35.444773195542  -20.978673449395
              C     69.886323683643  -37.238873128144  -22.423907241111
              H     76.978465965337  -49.488472471926    4.022465854907
              H     79.704688234458  -51.298316792790    3.496225455218
              H     77.533521648869  -53.871774906982    0.260836959564
              H     75.542976177526  -53.538511740462    2.735142543225
              H     79.447217589614  -50.418356454443   -2.457352465520
              H     78.722280869336  -47.307393663278   -3.130336379722
              H     80.623277383885  -47.643516384416    1.046562542149
              H     77.635383336606  -46.403890274687    1.185002823940
              H     72.006643798657  -51.755028306543   -5.085844132894
              H     69.164799396079  -49.471799480356   -7.964826390047
              H     72.036934908786  -42.408943464909   -4.849182207127
              H     74.948640821052  -44.794911357134   -2.602914714503
              H     65.093502077550  -45.451598507658   -9.933126391604
              H     65.619700399003  -46.991850278899   -7.123025712592
              H     62.374964417542  -43.547832268892   -6.318607850290
              H     65.071377538938  -42.975828289645   -4.726825278069
              H     61.208143826004  -34.228014482456   -9.021220794259
              H     58.861724259697  -33.912762510751   -6.769327401761
              H     67.347796064893  -33.715854015284  -12.791732773106
              H     67.937115718371  -32.487332051670  -17.192351196535
              H     67.102816187726  -40.361993459502  -19.416073834020
              H     66.388681850311  -41.336770482410  -14.806390724568
              H     71.293985435296  -38.135770843717  -21.235473000219
              H     68.782845976438  -38.723541709409  -23.153180197547
              H     70.758840114175  -36.188131502046  -23.968804743524
              C     57.620767973605  -46.486923852019   -6.240946943966
              S     57.728732626854  -45.082382585440   -9.474462717579
              C     54.629250093083  -43.686569602341   -9.663381594292
              O     57.693926959338  -47.198457455065  -11.309635928350
              H     58.465497560924  -45.048696623438   -5.012676444839
              H     55.757418463325  -46.917000732578   -5.510465697892
              H     58.918628452552  -48.150821110893   -6.426984912282
              H     54.329936267224  -42.807490965973   -7.784201725856
              H     54.870471219074  -42.210831858827  -11.041510285402
              H     53.215194638697  -45.157550244010  -10.062415434531
              C     62.843774616361  -54.912227842628   -4.978384002981
              S     62.087834670142  -57.397441969233   -7.405104002405
              C     59.865616372439  -55.251293637369   -9.178566660513
              O     60.546203765787  -59.268804881894   -6.024391337029
              H     63.280744109167  -53.142081436430   -5.954070042644
              H     61.297465520693  -54.811041172631   -3.575751496169
              H     64.544445939194  -55.543898591442   -3.985175699044
              H     58.198478387931  -56.360765381037   -9.703234571306
              H     59.478139060022  -53.776895622440   -7.883550367806
              H     60.839931023437  -54.670553560339  -10.858701821851
              C     67.900018983020  -51.816898774430    2.122354721542
              S     67.786834925880  -49.120659181919   -0.183964598060
              C     69.880511382211  -47.222529677681    1.708803381942
              O     65.239551853172  -48.037739817952    0.108178803498
              H     69.219775802553  -53.378048479988    1.816988267612
              H     67.995136356124  -51.109889779480    4.021659899831
              H     66.083083395534  -52.756018983146    2.070686367702
              H     68.980942563555  -46.975309622834    3.516938400138
              H     71.518388513896  -48.327821666767    1.613091833897
              H     70.247778466742  -45.391384315995    0.938089990610
              C     58.017863738997  -45.833271682211  -16.957603724702
              S     59.538496356244  -42.632887986307  -16.724940958582
              C     61.791931637890  -42.849995474965  -19.322795337908
              O     61.053214475753  -42.600447418852  -14.344882285169
              H     56.887604021000  -45.696754707346  -18.738239853452
              H     59.355294336695  -47.360279848050  -17.431134732566
              H     56.825540574990  -46.290860548336  -15.297728956050
              H     62.787332547890  -44.708920869687  -19.384769751388
              H     60.820713450510  -42.452423369621  -21.105059701167
              H     63.154671946892  -41.304473073717  -19.243664223922
              C     69.714460224570  -32.728535779795   -1.467310428126
              S     67.899499117841  -29.949686433721   -0.186100133004
              C     67.965575737250  -27.748370304802   -3.045830507075
              O     69.722868955216  -28.834503847102    1.548200959801
              H     69.597024738784  -32.853570251890   -3.529695981240
              H     71.646912054979  -32.495810944009   -0.845539552485
              H     69.024799317819  -34.493887750953   -0.754194865461
              H     69.775280330885  -27.727789909180   -3.949380604854
              H     66.536581224195  -28.362617564531   -4.330147375563
              H     67.470613541832  -25.975194137032   -2.267320317889
              C     65.013985266588  -30.780746875765    7.498793975237
              S     64.136671346822  -30.473405174344    4.234463907785
              C     60.787567669354  -30.578869618974    5.034033992942
              O     64.346502763948  -33.118215208141    3.254368686614
              H     64.305154350642  -29.147932032443    8.476586365320
              H     64.415876911194  -32.404986469901    8.577475133510
              H     67.082782945682  -30.726536303294    7.607590941546
              H     59.971852451653  -28.814753152207    5.726282763574
              H     59.691294592482  -31.330539011878    3.497175837927
              H     60.498235783262  -31.841248792475    6.581679782611
              C     63.530194872527  -42.631755440150    1.162662274807
              S     66.582378753230  -40.874095916104    0.450599205524
              C     65.320580327805  -37.911935286669   -1.179308937719
              O     67.932050177009  -42.152108173996   -1.586441623912
              H     62.996622090503  -41.940991592213    2.992949647818
              H     61.985880281062  -42.195509573094   -0.194632935013
              H     63.876378595698  -44.564340589223    1.253763935633
              H     66.978134702483  -37.308305868977   -2.340117589640
              H     63.860806904491  -38.565332963327   -2.444632682448
              H     64.767507692210  -36.342422882953    0.029155895527
              C     56.949338486702  -41.150242477835    6.570584014222
              S     57.606286258560  -39.127502876251    3.661516848802
              C     59.996958748088  -37.175378001991    5.401782017570
              O     55.420058521259  -37.470576799968    3.602886893123
              H     55.565583435461  -42.495951318655    6.074745206170
              H     58.728527882672  -42.212676606701    7.051393728743
              H     56.286273861774  -39.954846937518    8.107083305803
              H     61.149374501687  -35.985586423562    4.131809128544
              H     59.134573406954  -36.108718468467    6.918402450169
              H     61.247182591320  -38.428385278695    6.416425823702
              C     59.652639110216  -34.470438634638   -0.982444745292
              S     57.635716417378  -31.768322276083   -1.903558317727
              C     54.883268695575  -32.468375099860    0.138608172444
              O     57.034776341539  -32.203425021751   -4.518794831231
              H     61.600462345084  -34.282479762224   -1.654541493916
              H     59.797950852035  -34.341905623732    1.028143547836
              H     58.791811047328  -36.315495553561   -1.556748417935
              H     53.666837496626  -33.819604370907   -0.873555466047
              H     55.307012103631  -33.150383602340    2.094162414899
              H     53.757776502774  -30.745506920787    0.106474040964
              C     56.285016263674  -31.438181223971  -11.740439252991
              S     59.038237947223  -30.017640447467  -13.606426638279
              C     59.147772642585  -32.741489876717  -15.860348245052
              O     61.120647455711  -30.075235526990  -11.753645619968
              H     56.875887417051  -33.282504661253  -11.279684949026
              H     55.975769698001  -30.216974450799  -10.025491824514
              H     54.666847632302  -31.679754862490  -12.991758684235
              H     60.349193884208  -32.378838552408  -17.502123901249
              H     59.641169433158  -34.560201096109  -15.048130989631
              H     57.114395181697  -32.745568829066  -16.363102296756
$End
$SCF_Energy
   &GeometryIndex 3
   &Method [&Type "String"] "SCF"
   &totalEnergy [&Type "ArrayOfDoubles", &Dim (1,1)] "Total energy of each state"
                                                         0

0                                     -7.0734374129684438e+03
   &Mult [&Type "ArrayOfIntegers", &Dim (1,1)] "Multiplicity of each state"
                                                         0

0                                                        1
$End
$DFT_Energy
   &GeometryIndex 3
   &nAlphaEl [&Type "Integer"] 331
   &nBetaEl [&Type "Integer"] 331
   &nTotalEl [&Type "Integer"] 662
   &finalEn [&Type "Double"]      -7.0734374129684438e+03  "No Van der Waals correction"
   &eExchange [&Type "Double"]      -6.6433304346519083e+02
   &eCorr [&Type "Double"]      -2.2446055331277517e+01
   &eXC [&Type "Double"]      -6.8677909879646836e+02
   &eCNL [&Type "Double"]       0.0000000000000000e+00
$End
$SCF_Timings
   &GeometryIndex 3
   &TOTAL [&Type "Double"]       3.2855799999999999e+02
   &PREP [&Type "Double"]       1.3040000000000000e+00
   &FOCK [&Type "Double"]       2.3821800000000005e+02
   &DENS [&Type "Double"]       2.4519999999999982e+00
   &ETOT [&Type "Double"]       6.2400000000003075e-01
   &TRAFO [&Type "Double"]       7.7300000000000040e+00
   &DIIS [&Type "Double"]       1.2234999999999992e+01
   &SOSCF [&Type "Double"]       3.4136999999999929e+01
   &XC [&Type "Double"]       1.3023999999999995e+02
   &FOCKSTART [&Type "Double"]       4.0600000000001035e-01
   &INT_BF [&Type "Double"]       2.2635999999994869e+01
   &INT_DENS [&Type "Double"]       5.3653000000000880e+01
   &INT_DENSIO [&Type "Double"]       4.7374554650000008e+06
   &INT_FUNC [&Type "Double"]       4.9230000000005347e+00
   &INT_POT [&Type "Double"]       4.1746000000004564e+01
   &INT_POTIO [&Type "Double"]       9.6199999999968711e-01
   &INT_SUM [&Type "Double"]       5.0000000000238742e-03
   &SPLITRIJ [&Type "Double"]       1.2523400000000004e+02
$End
$VdW_Correction
   &GeometryIndex 3
   &vdW [&Type "Double"]      -8.4840004917340867e-02
$End
$gCP_Energy
   &GeometryIndex 3
   &gCP_Energy [&Type "Double"]       1.5819905309999999e-01
$End
$Single_Point_Data
   &GeometryIndex 3
   &FinalEnergy [&Type "Double"]      -7.0733640539202606e+03  "Final single point energy"
   &Converged [&Type "Boolean"] true
$End
$SCF_Nuc_Gradient
   &GeometryIndex 3
   &NAtoms [&Type "Integer"] 159
   &gradNorm [&Type "Double"]       3.8080688858212047e-01
   &grad [&Type "ArrayOfDoubles", &Dim (477,1)] 
                                                         0

0                                     -2.0442628106788392e-02
1                                     -2.0146347768325971e-02
2                                     -1.3049931848816075e-02
3                                     -1.5178946586579492e-02
4                                      3.0913344821986492e-02
5                                     -1.1775533392529404e-02
6                                      5.1368961919307544e-02
7                                     -8.3920768606721759e-03
8                                     -2.0842869875745365e-02
9                                      2.4525115071454384e-02
10                                    -7.8363264095452549e-04
11                                     3.6736310502345958e-02
12                                    -2.5998624398756748e-02
13                                     1.6521645870295386e-02
14                                    -2.0555275544522984e-02
15                                    -5.6824519650345339e-03
16                                    -8.0419755520593373e-03
17                                    -1.2595490182126684e-02
18                                     3.6686056225048347e-03
19                                     1.2642773286718381e-02
20                                    -1.4763025773327136e-02
21                                    -9.4289759269253186e-03
22                                     1.7442623445319761e-02
23                                    -5.0471778777094250e-03
24                                     2.5820922777621956e-02
25                                    -2.0124252073358554e-02
26                                     1.9851953529711929e-02
27                                    -2.6879653464063968e-02
28                                     2.8350829686923486e-03
29                                    -1.7875062575240713e-02
30                                     1.5768177026347636e-03
31                                    -3.5397125035001920e-02
32                                     1.2580984453338407e-02
33                                    -6.7948825849730408e-03
34                                    -2.0116744087114106e-02
35                                     7.2319152383136451e-03
36                                     1.4192771593325212e-02
37                                    -2.3180871083448809e-02
38                                     1.0156288678564806e-02
39                                     3.9265558346723316e-02
40                                     1.1088920631980932e-02
41                                    -7.2140293995419181e-03
42                                    -2.6963476642110441e-02
43                                     8.7842738365597351e-03
44                                     1.4266441482554829e-03
45                                    -5.9989255690680162e-03
46                                    -1.0170030343317637e-02
47                                     6.0173207364638370e-04
48                                     2.4176409912090202e-03
49                                     1.7997471328718831e-02
50                                    -9.9624618051659918e-03
51                                    -9.3454055126963569e-03
52                                     1.7396711923570879e-03
53                                     2.2114306929461934e-03
54                                    -3.0539620313332971e-02
55                                     8.4899351976742733e-03
56                                     1.1398049654091552e-02
57                                    -1.1143759912196882e-02
58                                     2.0826956385193961e-03
59                                    -2.9276581313824983e-03
60                                     8.9632714138390916e-03
61                                     1.2471463210304614e-02
62                                    -1.4607792961915989e-02
63                                     3.3018555789800008e-02
64                                    -1.3763765120279605e-02
65                                    -1.9358773373117401e-02
66                                    -9.3520812544669978e-03
67                                     5.4159420208609987e-03
68                                    -1.0147769894249398e-02
69                                    -1.1969073178229943e-02
70                                    -3.7730851618066209e-03
71                                     1.9552502285262244e-02
72                                    -9.7827043576863091e-03
73                                    -1.0508176727737809e-02
74                                     3.1204899107730655e-02
75                                    -1.7414647709297633e-02
76                                    -4.3482594454296544e-02
77                                     2.5785835613196591e-02
78                                    -4.1883440585427346e-04
79                                     2.0371393770206418e-02
80                                    -2.1309196297134542e-02
81                                     5.5628070465891261e-03
82                                     5.8431086783982615e-04
83                                    -1.1390504385081790e-02
84                                    -2.3181146841390128e-03
85                                    -1.4710476549054217e-02
86                                     3.9521836248177086e-03
87                                     2.4860617566919156e-03
88                                    -5.1129450804188537e-03
89                                    -6.3503218122316699e-03
90                                    -2.0194397430681348e-02
91                                    -9.2701510601741327e-05
92                                     3.8995160917146908e-02
93                                     9.9767803468302219e-04
94                                    -1.6903218676954461e-03
95                                    -1.0168816017498569e-02
96                                     6.0715220681694607e-03
97                                     1.7295260479973436e-02
98                                    -5.7124649515434807e-03
99                                    -1.1226480476189368e-02
100                                   -2.0743426654074477e-02
101                                   -7.2492779020845097e-03
102                                    8.3228343026541668e-03
103                                    8.2487113001567889e-03
104                                   -8.3878049764437249e-03
105                                    1.1671611441780517e-02
106                                   -9.6142768192182225e-03
107                                    1.4342340400964798e-02
108                                   -1.3059582192083776e-02
109                                   -2.7471385063777064e-03
110                                    1.3786273510224454e-03
111                                    1.2128042932039616e-02
112                                   -2.0762798204448808e-03
113                                    4.0441955683424846e-03
114                                   -2.3024073107539133e-03
115                                    3.7537771290495005e-03
116                                    5.4362132019097897e-03
117                                    6.7306750457292409e-03
118                                   -1.4289675454076970e-02
119                                    1.8583522745298911e-02
120                                   -1.4553599535274032e-02
121                                   -1.3689610160730254e-03
122                                    2.8992036587679958e-03
123                                    2.0674820240045209e-03
124                                    1.3676246005824354e-02
125                                   -2.1361504273890042e-03
126                                   -1.8362550641397044e-03
127                                    8.7092370103606970e-04
128                                    6.6900086294476796e-03
129                                    5.3852622603323835e-05
130                                    3.4397931510886412e-03
131                                    7.3877172208059914e-04
132                                    1.1089719372044154e-02
133                                    2.6080714723784187e-02
134                                    1.0281413029243546e-02
135                                   -8.2138530809920188e-03
136                                   -6.9473721909360546e-03
137                                   -1.1758613640377502e-02
138                                    4.6904163078427827e-03
139                                   -3.5570107937421365e-03
140                                    4.7424367800690511e-03
141                                   -6.9492859508083499e-03
142                                   -4.8226983523594500e-03
143                                   -5.6682561006709126e-03
144                                    2.1548484233229533e-02
145                                    9.9610282440369645e-03
146                                    6.2411713667742535e-03
147                                   -5.7114148167111412e-03
148                                   -9.0667005569258236e-03
149                                   -2.9455821413769652e-03
150                                    1.0796865652423302e-02
151                                    1.1069260132761358e-02
152                                   -1.6339934903063021e-02
153                                   -7.7243699509297083e-03
154                                    2.8356044704281561e-02
155                                   -9.3498718322628611e-05
156                                    3.9989465926551645e-04
157                                   -2.0587386286697743e-03
158                                   -1.1865476567024089e-03
159                                   -3.1286670714764401e-03
160                                    1.0713504882717184e-02
161                                    2.7367381087028794e-03
162                                   -1.0255466392136315e-03
163                                   -1.2447032341251751e-02
164                                   -1.2324304803370247e-02
165                                    4.3841641990515628e-03
166                                    1.5334645323423806e-02
167                                    4.2272804711168278e-03
168                                   -1.0341709064994110e-02
169                                   -8.4156681758695080e-04
170                                   -4.4772939334630363e-03
171                                    2.2940021215958579e-02
172                                    1.9795620899059195e-02
173                                    1.4798831214331601e-02
174                                   -7.0260640153132440e-04
175                                    2.3962287246278067e-04
176                                   -4.7946376725239970e-04
177                                   -1.7253530871865787e-02
178                                   -9.4896630808591635e-04
179                                    5.2786821537482908e-03
180                                   -1.5242420468470089e-02
181                                   -1.9658385355089597e-02
182                                   -2.3740816766917909e-02
183                                    1.5317084989862500e-03
184                                   -3.1778559690202436e-03
185                                   -2.9889938621522373e-02
186                                   -6.1972022619130802e-04
187                                    3.5688584752384088e-02
188                                    2.5585769333216477e-02
189                                   -1.6251291215489177e-03
190                                    2.2128769776343015e-03
191                                   -1.5490165217580606e-03
192                                    6.4099550245273994e-03
193                                    8.1658721247204503e-03
194                                    3.6534929532464656e-03
195                                    1.3413505266283340e-02
196                                   -1.1310723972299199e-02
197                                   -6.2763780954870089e-03
198                                    5.4588386021577166e-03
199                                    1.9385062807928018e-04
200                                    9.1911584311201600e-03
201                                    9.5288934816849906e-03
202                                   -5.6381846417694606e-03
203                                    1.1549509407112553e-02
204                                   -2.9649363602998972e-03
205                                   -5.7945492732851094e-03
206                                    2.5290364661981861e-03
207                                   -1.0158002189122377e-02
208                                    7.3362407182672599e-03
209                                    3.8009060443421603e-04
210                                   -1.4507020133861721e-02
211                                   -3.4391478280087845e-02
212                                    8.1295808081269308e-03
213                                   -4.9636933521939441e-03
214                                    2.9096925256018851e-02
215                                    2.4033090543448425e-04
216                                    2.2448346156308665e-02
217                                    3.2154666786709023e-02
218                                   -1.7100037927507163e-02
219                                    2.9396590006815133e-03
220                                   -2.2874127523811608e-03
221                                   -3.9927209375577085e-03
222                                   -1.1915831197684603e-03
223                                   -2.0980662518519295e-03
224                                    1.1356278553701100e-02
225                                   -3.9155236639917173e-04
226                                    3.5470643068588148e-04
227                                    1.1998298795061360e-04
228                                   -1.6578528040281353e-03
229                                   -1.0395538152703390e-03
230                                   -3.5694155508897889e-03
231                                    1.2251028378124617e-02
232                                   -2.0080591374025365e-02
233                                   -5.9106582587292230e-03
234                                   -4.9746623076063635e-03
235                                   -1.0441189800253150e-02
236                                    1.0057651099483152e-02
237                                    1.3437008161301086e-02
238                                    1.7764350093388094e-02
239                                    1.6661486978340055e-03
240                                   -3.4529178019419592e-02
241                                    3.1361851750062876e-02
242                                    8.6581797866311476e-03
243                                    1.3229666245571255e-02
244                                   -1.0524095373414394e-02
245                                    2.1438558593163820e-03
246                                    5.2843137541772715e-02
247                                   -1.8064645005167263e-02
248                                   -4.1524224290239520e-03
249                                   -7.7317305461677751e-03
250                                   -1.3360489914848698e-02
251                                    4.0264183676099368e-03
252                                   -7.5956883184039739e-03
253                                   -8.3693983091545736e-03
254                                   -1.2214824411306086e-02
255                                    1.4312832858079706e-02
256                                   -3.1962730234969122e-03
257                                    8.6349569979330479e-03
258                                   -1.1470932501315811e-03
259                                    3.5703481276423291e-03
260                                   -1.4110135563545857e-02
261                                   -3.1588827713959773e-02
262                                    1.3290088961028970e-02
263                                   -1.4390204173573253e-02
264                                    1.9254905864976850e-03
265                                   -1.2535117624224804e-02
266                                    1.5076784367089036e-02
267                                    5.1694784164907767e-03
268                                    1.0207764285474234e-03
269                                    3.4992481962027047e-02
270                                    1.7872239360728272e-02
271                                    6.5535110725203610e-03
272                                    2.7507652303403697e-03
273                                   -6.0380464929900316e-03
274                                    1.3020477783519025e-02
275                                    1.8615651766110637e-02
276                                   -1.5841695897055252e-02
277                                   -2.8218438179975248e-03
278                                   -2.2852965585818875e-02
279                                    1.8367416835421825e-03
280                                   -1.3327889641931911e-03
281                                   -1.2513676566817285e-02
282                                   -3.6702473058300065e-03
283                                   -5.6787869925797770e-03
284                                   -1.3205105278039407e-02
285                                   -1.1095738682194177e-02
286                                   -7.4516935631578230e-03
287                                    6.6802658365516694e-03
288                                    6.5346821656627786e-03
289                                   -1.1939749101594493e-02
290                                   -1.4402169253970943e-03
291                                    5.7916211172601376e-03
292                                    8.6331268928775302e-03
293                                    2.0791435836444291e-03
294                                    3.8098765042526535e-04
295                                   -3.5424970460319052e-04
296                                   -1.3503341810287367e-02
297                                    7.5306088331734636e-03
298                                   -6.9803630068076524e-03
299                                    1.8095621977259734e-02
300                                    2.2519388433364245e-02
301                                    2.2827635535653108e-02
302                                    6.0968438505142553e-02
303                                    1.0322007353043526e-03
304                                    3.1926783467543518e-02
305                                   -1.2920213038834465e-02
306                                   -3.8507053176745576e-02
307                                   -3.0294742484005554e-02
308                                   -5.6103212382357222e-02
309                                   -1.0702549915859129e-03
310                                   -3.4649516783605717e-03
311                                    6.1743748941091108e-04
312                                   -6.9124105416255091e-03
313                                   -6.8587200272932861e-03
314                                   -9.1052437044199859e-04
315                                    8.6430867206655215e-03
316                                    6.2513136778838945e-03
317                                   -1.1867689063770422e-02
318                                   -1.5138075723469195e-02
319                                   -1.2090560994792326e-04
320                                    2.6965944683347782e-03
321                                    1.3095993994130695e-02
322                                    5.1618195874652256e-03
323                                    1.3181187419630085e-02
324                                    3.9788901780231757e-03
325                                   -2.2291292541118321e-02
326                                   -9.2526844588401887e-03
327                                   -3.1476757700259657e-02
328                                   -1.7628253250014471e-02
329                                   -1.5225752964905746e-02
330                                    2.7341214824260610e-02
331                                    5.8879671277407026e-03
332                                   -1.9802834997819180e-02
333                                    1.7861868919048025e-02
334                                   -2.3722890783465640e-02
335                                   -1.0721273504364378e-02
336                                   -1.8674309774531907e-02
337                                    3.0911004222637418e-02
338                                    2.5944060018368416e-02
339                                    2.4744056531893024e-03
340                                   -1.4973916069471672e-02
341                                   -7.4973021854197229e-03
342                                    1.0933514117722098e-02
343                                    1.4656263450540996e-02
344                                    9.7701354436289384e-03
345                                   -2.2518085849417002e-05
346                                   -1.6813630383704029e-03
347                                    1.6034515131041920e-03
348                                   -1.4776941656469075e-03
349                                   -8.4878751463183019e-03
350                                    7.3235827713592563e-03
351                                    1.0763149043785125e-03
352                                   -3.7396678551130077e-03
353                                    1.3940266676884278e-02
354                                   -5.4160900675954502e-03
355                                    1.5659036626832854e-02
356                                   -1.1776865811719503e-02
357                                    1.0918753154402553e-02
358                                   -5.2160280954322909e-02
359                                    1.9395080344251411e-02
360                                    3.9434101580805146e-02
361                                   -3.7570932876660808e-02
362                                   -4.8648621068811869e-02
363                                   -2.0052250218856097e-02
364                                    1.0298034148864066e-02
365                                    4.8988823563616531e-03
366                                   -3.3064963656894555e-02
367                                    3.4989951428014469e-02
368                                    4.9512530924750123e-02
369                                    5.3226641548057329e-03
370                                   -6.0652275501573080e-03
371                                   -1.4191127876837222e-02
372                                   -1.1007980506218470e-02
373                                    1.6897401063309457e-03
374                                   -3.3579334053831932e-03
375                                   -1.3663768386109216e-02
376                                    3.7802803524913844e-02
377                                    1.9425556014946769e-03
378                                    1.1125554270951129e-02
379                                    7.3096427706034950e-03
380                                   -7.7084929218216858e-03
381                                    1.0103995562695285e-02
382                                   -7.8003489486380283e-04
383                                    5.3908005469978648e-03
384                                    2.7399949859631704e-03
385                                    3.5807225715186052e-03
386                                   -7.8240166427054249e-03
387                                   -4.3241460873416952e-02
388                                    1.2765916615665983e-03
389                                    6.4836238130998054e-03
390                                   -5.1342733851115631e-02
391                                    2.9459976004135822e-02
392                                   -4.3416574941836199e-02
393                                   -1.6652228752594044e-02
394                                    1.0525721012050775e-02
395                                    7.3592595747331829e-03
396                                    6.5436161922403660e-02
397                                   -4.4707580302105566e-02
398                                    1.8728543665121257e-02
399                                    2.1235204296527126e-02
400                                    1.6251058747891307e-02
401                                    8.4851142824111173e-03
402                                    1.5168989683397402e-02
403                                   -1.0232294923199941e-02
404                                    2.7520884050944588e-04
405                                   -1.8317957351762372e-03
406                                   -4.6274234689145108e-03
407                                    2.4651974745072301e-04
408                                    6.8222169743095088e-03
409                                    4.7554572277567677e-03
410                                   -5.1660781053132826e-03
411                                    1.4841703545932150e-02
412                                   -7.4151199223443341e-03
413                                    2.4390046434803717e-03
414                                   -1.2138757964168353e-02
415                                    9.5206520416212855e-03
416                                    1.1187067520514694e-03
417                                    9.0881644325645963e-03
418                                    9.8933992070332662e-03
419                                    1.7491152505930115e-03
420                                   -4.4136962747727271e-02
421                                   -9.6016961954516842e-03
422                                   -9.4136941592536036e-02
423                                    1.2941087688361816e-02
424                                    8.6663118814789206e-03
425                                    5.3878789184866362e-03
426                                    3.6957485096109174e-02
427                                    7.6648781801613129e-03
428                                    9.3116098359998789e-02
429                                    6.5834036370174707e-03
430                                   -4.3666127917361651e-03
431                                    9.0934559778014113e-03
432                                    1.6384783421609551e-04
433                                    3.1542058149808807e-03
434                                   -1.6102078567333172e-02
435                                   -5.1669330559281973e-03
436                                   -1.4874795847114304e-02
437                                   -1.3317859590378670e-04
438                                   -7.6939696239369301e-03
439                                    6.5756327958581291e-03
440                                   -4.3201818530044745e-03
441                                   -3.2853392895148474e-04
442                                   -5.6856443674001521e-03
443                                    1.7392842904740986e-02
444                                   -1.9974811615304355e-03
445                                   -7.0971289443253491e-03
446                                   -6.9484034533966402e-03
447                                   -1.4085055085848663e-03
448                                   -3.1932796517145888e-02
449                                    8.9011910245020680e-03
450                                    3.9119470804308082e-02
451                                    1.0495893503635886e-02
452                                    1.2041260815982056e-02
453                                    1.7402481969171078e-02
454                                   -6.8950810921932218e-03
455                                    1.9840745631103454e-03
456                                   -3.8653023845723902e-02
457                                    1.3086150852442387e-03
458                                   -2.4125822307979588e-02
459                                   -1.1962892418588382e-02
460                                    2.4585209755421295e-02
461                                   -1.4471968438648800e-02
462                                   -7.5109093243508731e-04
463                                    1.2394503739215220e-02
464                                    1.9044735111406665e-02
465                                    6.9876109424232124e-03
466                                   -9.6702544519716143e-03
467                                   -2.6377076177757125e-03
468                                    1.1564456885784012e-03
469                                   -5.0387647576749127e-03
470                                   -2.2994478540031057e-03
471                                   -2.9488399871426493e-03
472                                    1.6460069162741856e-03
473                                   -9.8349598925551486e-03
474                                   -9.9623312983884629e-03
475                                    5.7689125992631679e-03
476                                    9.1645272442700751e-03
   &Method [&Type "String"] "SCF"
   &Level [&Type "String"] "Relaxed density"
   &Mult [&Type "Integer"] 1
   &State [&Type "Integer"] 0
   &Irrep [&Type "Integer"] 0
$End
$Geometry
   &GeometryIndex 4
   &NAtoms [&Type "Integer"] 159
   &NCorelessECP [&Type "Integer"] 0
   &NGhostAtoms [&Type "Integer"] 0
   &CartesianCoordinates [&Type "Coordinates", &Dim(159,4), &Units "Bohr"] 
              C     78.065074042572  -50.427242707632    2.485063142383
              C     76.472358245411  -52.428317148637    1.227040841690
              C     74.682375071800  -51.428285327998   -0.635588658009
              N     75.613387887028  -49.632452013441   -2.177756516901
              C     78.194468030759  -48.858092406999   -2.005726026633
              C     78.714368816782  -48.184939689916    0.712586098727
              C     73.906702319034  -48.411078088449   -3.900535057301
              C     72.134042872684  -49.715768584286   -5.316956460114
              C     70.471458633726  -48.422343472315   -6.808264982823
              C     70.289891119538  -45.750827525670   -6.835200278444
              C     71.927838815926  -44.507963059957   -5.151462318342
              C     73.681343494706  -45.846663077279   -3.767470966120
              N     68.485559442465  -44.477111085115   -8.297952256411
              C     65.846036310988  -45.146094259511   -8.036573624211
              C     64.271905657836  -43.066063835775   -6.625130192360
              C     64.520432061580  -40.715634383770   -8.128742078361
              C     66.489552625419  -40.592791001325   -9.859923076180
              C     68.781586075711  -42.210653039442   -9.700670295689
              O     72.369063210866  -51.898537938830   -0.500872916811
              O     70.752226998432  -41.518759059971  -10.669466971973
              C     63.259794648909  -38.351264805920   -8.384619024043
              N     64.356250010134  -37.008030548423  -10.233887676206
              N     66.255621913655  -38.338002147875  -11.119875359758
              C     66.963744396023  -37.662929524526  -13.575623992023
              C     60.871647671314  -37.477626008884   -6.984282031625
              N     60.069197250598  -35.164059408025   -7.692413166235
              O     59.689359664487  -38.860865632161   -5.566784898451
              C     67.376390121596  -35.154250799858  -14.232144960836
              C     67.721725160751  -34.508209493432  -16.724463771590
              C     67.784093125699  -36.352280609649  -18.610732669786
              C     67.160337919097  -38.859366705949  -17.936496207105
              C     66.841287386124  -39.485589525967  -15.438989731155
              O     68.500354574797  -35.468874212129  -20.960166480238
              C     69.931329661400  -37.263301771899  -22.400299254590
              H     77.028640111344  -49.504497274933    4.003034145122
              H     79.752775976979  -51.303717838098    3.436874464128
              H     77.563548138089  -53.879901039535    0.227130526071
              H     75.571165675583  -53.546949921619    2.708291032584
              H     79.453181001749  -50.424390528967   -2.510273573499
              H     78.719149447682  -47.306171922890   -3.181479337313
              H     80.663420855139  -47.649596544727    0.995457687377
              H     77.667131962575  -46.417845389010    1.161029594451
              H     71.994339594854  -51.748111403038   -5.110889271701
              H     69.137745829794  -49.457753338990   -7.972143164335
              H     72.016588679140  -42.403328949063   -4.866825397421
              H     74.953384106653  -44.775154928209   -2.620406846896
              H     65.053932789316  -45.442489588501   -9.922094612083
              H     65.593829065167  -46.983867278680   -7.111110337203
              H     62.343660292506  -43.550200153192   -6.307197965511
              H     65.051107085220  -42.974487487585   -4.713784809922
              H     61.186192796880  -34.229982270166   -9.016004887957
              H     58.844912665015  -33.914806187061   -6.774035246899
              H     67.346548027805  -33.716623867989  -12.777507920046
              H     67.965287956369  -32.499011393726  -17.184900964235
              H     67.144664688093  -40.366168212194  -19.399529734037
              H     66.401501818781  -41.352165889863  -14.800078846947
              H     71.342001888966  -38.157853741110  -21.208025918091
              H     68.820176758189  -38.755133054392  -23.134251792904
              H     70.804810780605  -36.213453509664  -23.945168655420
              C     57.600044367695  -46.490619244370   -6.247813000866
              S     57.727188882368  -45.084365484058   -9.479511545176
              C     54.617745233404  -43.696735296608   -9.679572464329
              O     57.715386170628  -47.208973986265  -11.327403695261
              H     58.432563643435  -45.052695823805   -5.012688020184
              H     55.729999554704  -46.929773737681   -5.533907750991
              H     58.897295276821  -48.147140934529   -6.426500587840
              H     54.298527707876  -42.819505387415   -7.805863681530
              H     54.849615868034  -42.216957000794  -11.059999951383
              H     53.214067822118  -45.172374537676  -10.087604811389
              C     62.828940716740  -54.908655800736   -4.976306788758
              S     62.074571642388  -57.393735308644   -7.400962522877
              C     59.854728879726  -55.250933447459   -9.179789360390
              O     60.527644852887  -59.280322271159   -6.019081765997
              H     63.263128273653  -53.137088226054   -5.949570202898
              H     61.281438996565  -54.807888527291   -3.579441088788
              H     64.530408828366  -55.540267710563   -3.984124637441
              H     58.190231650128  -56.361180731948   -9.707239313216
              H     59.462241808088  -53.770727222981   -7.883900066443
              H     60.832331739436  -54.663056156165  -10.861322549631
              C     67.906445557687  -51.822391434731    2.123991482334
              S     67.786075863480  -49.125176177673   -0.178951308700
              C     69.890238840194  -47.224722604314    1.708352088173
              O     65.223375326143  -48.036055211393    0.119315421582
              H     69.232149269903  -53.380079893017    1.810915069754
              H     68.009290727735  -51.115461229069    4.028394558696
              H     66.084382303596  -52.761225638297    2.071909071112
              H     68.998050100777  -46.978546983716    3.524837760732
              H     71.538424504379  -48.333951834061    1.608407152672
              H     70.248625396004  -45.389531311003    0.929039719209
              C     58.070628036776  -45.835405419177  -16.976622432649
              S     59.573989879238  -42.629822779790  -16.735190590181
              C     61.831950893866  -42.860327366453  -19.330528853195
              O     61.089859915717  -42.585604264852  -14.345225355536
              H     56.945776279019  -45.705250365980  -18.757069884204
              H     59.423187192203  -47.350526866954  -17.437536695238
              H     56.874513735185  -46.299943774411  -15.322677307920
              H     62.825192508542  -44.715142305655  -19.381807717614
              H     60.861643420261  -42.474171624955  -21.116928688814
              H     63.194824081666  -41.313185037538  -19.246432872794
              C     69.705207138707  -32.724316932039   -1.478414710525
              S     67.900182222699  -29.934809860503   -0.218731895919
              C     68.012831755331  -27.764153697533   -3.093425580374
              O     69.715586669687  -28.810402410756    1.554248260363
              H     69.600385789405  -32.851014588060   -3.541455118256
              H     71.636678619041  -32.490775636112   -0.845094743828
              H     69.006759042411  -34.489998830373   -0.756029125498
              H     69.839221866830  -27.765998778421   -3.974893550496
              H     66.589360341699  -28.378816224973   -4.393706813364
              H     67.523275354467  -25.972163456905   -2.333153775412
              C     65.024974983832  -30.767584503196    7.507832769208
              S     64.119719454344  -30.467437498009    4.249741652463
              C     60.770243015818  -30.566237986542    5.056667784776
              O     64.332999641773  -33.116461963464    3.264340690107
              H     64.319791071625  -29.133176430573    8.485953940934
              H     64.424712570522  -32.398722375524    8.581334182262
              H     67.094418373740  -30.714784008249    7.602828641519
              H     59.958349039506  -28.797442651180    5.745763933777
              H     59.672659346105  -31.321553060137    3.517692875623
              H     60.484489319984  -31.832090926051    6.609088813705
              C     63.520737757335  -42.613689650433    1.179102530755
              S     66.569589095765  -40.863283308780    0.464663272057
              C     65.303234011188  -37.907930502155   -1.166552248886
              O     67.922982835666  -42.150985840046   -1.589230531222
              H     62.987702811000  -41.923919719620    3.014236514409
              H     61.981471941035  -42.176195217112   -0.177612661929
              H     63.868566116531  -44.559552782380    1.266276589114
              H     66.955496663057  -37.308556001566   -2.328208820110
              H     63.840999179716  -38.563475197877   -2.432001462740
              H     64.749318609157  -36.337976920976    0.041501393873
              C     56.938742996239  -41.145132008497    6.602877398005
              S     57.589703784211  -39.117779397628    3.701894779007
              C     59.985123820659  -37.166881916410    5.432966859185
              O     55.384462035103  -37.447658688010    3.631130112738
              H     55.548040779732  -42.495860202216    6.101671092984
              H     58.712354895624  -42.205150797373    7.080954348342
              H     56.277560312114  -39.949393514330    8.140831698046
              H     61.134956996326  -35.979038381872    4.159999812850
              H     59.121849422443  -36.098716094053    6.951204673077
              H     61.242561474144  -38.420349717745    6.445335507958
              C     59.633482150048  -34.468446200452   -0.961540528046
              S     57.624330206327  -31.764537431294   -1.886324170529
              C     54.867702084535  -32.456700755777    0.152529186111
              O     57.015097193139  -32.203771498224   -4.528761871509
              H     61.578797331852  -34.280782356213   -1.638335467189
              H     59.780398678707  -34.337686946319    1.054638516219
              H     58.771010115651  -36.305904313820   -1.537644341677
              H     53.650701472337  -33.807314412545   -0.857951465433
              H     55.285197803680  -33.134236255170    2.106579906504
              H     53.749784824628  -30.726900064655    0.122167595907
              C     56.266406866570  -31.440755888946  -11.747422471385
              S     59.018659090329  -30.023650269617  -13.612121714084
              C     59.134044281185  -32.747852979634  -15.863430255225
              O     61.109388855949  -30.079346069433  -11.749877437251
              H     56.859387698319  -33.289798113572  -11.283255724879
              H     55.956802305185  -30.222513524756  -10.036539622936
              H     54.644082308417  -31.678239276523  -12.995747697150
              H     60.339543452109  -32.381567352413  -17.500692436551
              H     59.629377651920  -34.565914275390  -15.044998473313
              H     57.107543542124  -32.761381645968  -16.382440835855
$End
$SCF_Energy
   &GeometryIndex 4
   &Method [&Type "String"] "SCF"
   &totalEnergy [&Type "ArrayOfDoubles", &Dim (1,1)] "Total energy of each state"
                                                         0

0                                     -7.0734643251942653e+03
   &Mult [&Type "ArrayOfIntegers", &Dim (1,1)] "Multiplicity of each state"
                                                         0

0                                                        1
$End
$DFT_Energy
   &GeometryIndex 4
   &nAlphaEl [&Type "Integer"] 331
   &nBetaEl [&Type "Integer"] 331
   &nTotalEl [&Type "Integer"] 662
   &finalEn [&Type "Double"]      -7.0734643251942653e+03  "No Van der Waals correction"
   &eExchange [&Type "Double"]      -6.6423154392814968e+02
   &eCorr [&Type "Double"]      -2.2440523973203355e+01
   &eXC [&Type "Double"]      -6.8667206790135299e+02
   &eCNL [&Type "Double"]       0.0000000000000000e+00
$End
$SCF_Timings
   &GeometryIndex 4
   &TOTAL [&Type "Double"]       3.3278300000000002e+02
   &PREP [&Type "Double"]       1.2490000000000001e+00
   &FOCK [&Type "Double"]       2.6688299999999998e+02
   &DENS [&Type "Double"]       2.1330000000000950e+00
   &ETOT [&Type "Double"]       7.3899999999999011e-01
   &TRAFO [&Type "Double"]       7.3940000000000481e+00
   &DIIS [&Type "Double"]       1.6798000000000009e+01
   &SOSCF [&Type "Double"]       1.8149999999999963e+01
   &XC [&Type "Double"]       1.4326999999999992e+02
   &FOCKSTART [&Type "Double"]       4.5099999999993878e-01
   &INT_BF [&Type "Double"]       2.4514000000000248e+01
   &INT_DENS [&Type "Double"]       5.8591000000001934e+01
   &INT_DENSIO [&Type "Double"]       5.4959816229999997e+06
   &INT_FUNC [&Type "Double"]       5.3369999999982163e+00
   &INT_POT [&Type "Double"]       4.5903999999998604e+01
   &INT_POTIO [&Type "Double"]       8.2600000000054408e-01
   &INT_SUM [&Type "Double"]       9.0000000000287628e-03
   &SPLITRIJ [&Type "Double"]       1.4284999999999997e+02
$End
$VdW_Correction
   &GeometryIndex 4
   &vdW [&Type "Double"]      -8.4736169939245334e-02
$End
$gCP_Energy
   &GeometryIndex 4
   &gCP_Energy [&Type "Double"]       1.5818248400000001e-01
$End
$Single_Point_Data
   &GeometryIndex 4
   &FinalEnergy [&Type "Double"]      -7.0733908788802046e+03  "Final single point energy"
   &Converged [&Type "Boolean"] true
$End
$SCF_Nuc_Gradient
   &GeometryIndex 4
   &NAtoms [&Type "Integer"] 159
   &gradNorm [&Type "Double"]       3.2914192998256669e-01
   &grad [&Type "ArrayOfDoubles", &Dim (477,1)] 
                                                         0

0                                     -1.7946377524360436e-02
1                                     -1.9403050395543617e-02
2                                     -1.1605184535330135e-02
3                                     -1.4142268024991174e-02
4                                      2.8923535082989466e-02
5                                     -9.9397979777979557e-03
6                                      4.5959124357543416e-02
7                                     -9.8586305486132713e-03
8                                     -2.0195068174267031e-02
9                                      2.1978644231862184e-02
10                                    -4.7190812581732238e-04
11                                     3.3931728739550124e-02
12                                    -2.4289537055847799e-02
13                                     1.5066566167631485e-02
14                                    -1.9158571136920318e-02
15                                    -5.9323112739920487e-03
16                                    -7.0823122555494387e-03
17                                    -1.1049608748381224e-02
18                                     4.6363871240260729e-03
19                                     9.6893867150516164e-03
20                                    -1.4422944155151524e-02
21                                    -8.9365261360827963e-03
22                                     1.4746148720573508e-02
23                                    -4.4945097361556736e-03
24                                     2.3347763096639686e-02
25                                    -1.7842186666025432e-02
26                                     1.7369739840986706e-02
27                                    -2.4734857527713292e-02
28                                     3.6051440176325996e-03
29                                    -1.6215588146821107e-02
30                                    -3.8395324666127309e-04
31                                    -3.1501427923812941e-02
32                                     1.0951334675350578e-02
33                                    -6.5447883377257000e-03
34                                    -1.6924989759491502e-02
35                                     7.5188912680910300e-03
36                                     1.4578709514237762e-02
37                                    -2.1683858342561195e-02
38                                     9.1523011436606613e-03
39                                     3.6711461132125388e-02
40                                     1.0575606897052132e-02
41                                    -6.2346075493755603e-03
42                                    -2.4600340644338661e-02
43                                     9.1436854027444094e-03
44                                     3.3056162656565791e-04
45                                    -6.2514749021874792e-03
46                                    -9.2952111223715290e-03
47                                     4.4855511123596239e-04
48                                     2.4395110039663222e-03
49                                     1.6215012981487177e-02
50                                    -9.1035412690394189e-03
51                                    -9.5698034326779161e-03
52                                     1.7076834016018188e-03
53                                     2.7711161839002602e-03
54                                    -2.7937591639357037e-02
55                                     9.2045656592642921e-03
56                                     1.0778332599850764e-02
57                                    -9.4341511266743620e-03
58                                     1.9453799972093621e-03
59                                    -3.4561417309517104e-03
60                                     8.4640262663568788e-03
61                                     1.1925109264286714e-02
62                                    -1.3752440213880569e-02
63                                     2.9491286080390439e-02
64                                    -1.2983486992789450e-02
65                                    -1.6098416109236277e-02
66                                    -7.3098545904970533e-03
67                                     3.6848936726405321e-03
68                                    -8.9352616346082912e-03
69                                    -1.0529737302594626e-02
70                                    -3.0426845493383560e-03
71                                     1.7546387771322645e-02
72                                    -6.2612156962585366e-03
73                                    -8.2692062470060834e-03
74                                     2.7269544548324993e-02
75                                    -1.7166411974446551e-02
76                                    -3.8472159176909812e-02
77                                     2.3772419293557542e-02
78                                    -3.1130319171061927e-03
79                                     1.5600896114257579e-02
80                                    -1.7131026221912021e-02
81                                     5.5543945735977490e-03
82                                     7.9041383198968213e-04
83                                    -9.8191242661366251e-03
84                                    -2.1689941206913255e-03
85                                    -1.3124045320467979e-02
86                                     2.6916166798504103e-03
87                                     2.4159014480073277e-03
88                                    -5.4350657557889889e-03
89                                    -6.4826089905670337e-03
90                                    -1.9647944078236713e-02
91                                     6.8454969530592179e-04
92                                     3.4893960206257214e-02
93                                     1.3000460163926485e-03
94                                    -1.5782367341317656e-03
95                                    -1.0264575049078611e-02
96                                     5.5374576501667234e-03
97                                     1.5768572235787433e-02
98                                    -4.7565278701980577e-03
99                                    -9.1634414165199709e-03
100                                   -1.7111605121110963e-02
101                                   -6.3900212159425252e-03
102                                    7.5088590723692604e-03
103                                    8.1564996433489394e-03
104                                   -7.5861334488676662e-03
105                                    1.0573795466883446e-02
106                                   -8.6346817274815697e-03
107                                    1.3056327402240752e-02
108                                   -1.2093490780306561e-02
109                                   -3.1925022345263908e-03
110                                    1.2355384455789132e-03
111                                    1.1482080985584496e-02
112                                   -2.1580068173442830e-03
113                                    3.8658848036376213e-03
114                                   -1.7219911436082876e-03
115                                    3.1702554014018582e-03
116                                    5.1714262792041509e-03
117                                    6.9954834255272994e-03
118                                   -1.2246542891561336e-02
119                                    1.6466677032829894e-02
120                                   -1.2691460072111142e-02
121                                   -9.6526891703206652e-04
122                                    3.2052825337210693e-03
123                                    2.1076479547367678e-03
124                                    1.2531749585660388e-02
125                                   -1.9658327125881957e-03
126                                   -1.8881250259357445e-03
127                                    7.9703088246075345e-04
128                                    6.4588936326016918e-03
129                                   -1.1909182623993857e-04
130                                    3.0005550110692499e-03
131                                    6.2594943921820553e-04
132                                    1.0751794114553636e-02
133                                    2.3098512897284193e-02
134                                    9.6471501948442364e-03
135                                   -6.9115902136193483e-03
136                                   -5.7251457235941005e-03
137                                   -1.0439705107938659e-02
138                                    4.0393210430020223e-03
139                                   -3.4846160430118860e-03
140                                    4.1898438457644059e-03
141                                   -6.8620654910934884e-03
142                                   -4.1245095346756572e-03
143                                   -5.7753414517561202e-03
144                                    1.9043937783880315e-02
145                                    8.9981038515013646e-03
146                                    6.3312316703695339e-03
147                                   -5.2018037851352585e-03
148                                   -8.9162902119941222e-03
149                                   -2.5979245099305051e-03
150                                    9.1057877299478372e-03
151                                    9.9888947525309264e-03
152                                   -1.4380378658877698e-02
153                                   -6.3867293811697094e-03
154                                    2.7000344465616968e-02
155                                   -1.3490110044346419e-03
156                                    4.2669728072477044e-04
157                                   -1.8167437740092181e-03
158                                   -9.5298049971351436e-04
159                                   -3.1680650359529796e-03
160                                    9.6018264331550612e-03
161                                    2.6567826944024742e-03
162                                   -9.6571990729732774e-04
163                                   -1.1301055155767693e-02
164                                   -1.1209979357849304e-02
165                                    3.9208912270851989e-03
166                                    1.3342350961870980e-02
167                                    4.4397016704949997e-03
168                                   -9.2890754476611485e-03
169                                   -1.0912069186284150e-03
170                                   -3.8125936390506743e-03
171                                    1.9959271830513742e-02
172                                    1.6526888385630115e-02
173                                    1.3030494413158742e-02
174                                   -6.4047309590107605e-04
175                                    2.5281073581006090e-04
176                                   -4.1081652904477765e-04
177                                   -1.5372828583706180e-02
178                                   -1.5140652518524451e-03
179                                    5.2997431355031399e-03
180                                   -1.4007583679835751e-02
181                                   -1.4864114771914863e-02
182                                   -1.8780542420630174e-02
183                                    7.9680746308129755e-04
184                                   -3.4365049712884585e-03
185                                   -2.7639595686263851e-02
186                                   -3.7930769661967493e-04
187                                    2.9246575711739289e-02
188                                    1.9863313033801271e-02
189                                   -1.6156208781498696e-03
190                                    1.9205090155088203e-03
191                                   -1.7265995626239746e-03
192                                    5.6107992611641871e-03
193                                    7.7458467126769234e-03
194                                    3.9105114228004919e-03
195                                    1.2150432300632268e-02
196                                   -9.7422996937608849e-03
197                                   -6.0828272922047663e-03
198                                    4.9537911400603365e-03
199                                    1.5811427098983127e-04
200                                    8.3580138911231588e-03
201                                    9.0912932720406629e-03
202                                   -4.5686312565040446e-03
203                                    1.0644946829672182e-02
204                                   -2.5411380173226954e-03
205                                   -5.2095861380148534e-03
206                                    2.5754221176391718e-03
207                                   -1.0292306100467056e-02
208                                    7.6755666107619991e-03
209                                    5.6138007004941396e-04
210                                   -1.0851795954772389e-02
211                                   -2.8974530582096456e-02
212                                    5.2374513967516426e-03
213                                   -5.3726447854736802e-03
214                                    2.6597574155171010e-02
215                                   -1.7276394208283241e-04
216                                    1.8169663295398208e-02
217                                    2.6147040631791851e-02
218                                   -1.3352623866509365e-02
219                                    2.8340502570510903e-03
220                                   -2.2599674059089565e-03
221                                   -3.6739976147160611e-03
222                                   -7.1285731668563270e-04
223                                   -2.0903016221012435e-03
224                                    1.0467648024684063e-02
225                                   -2.1606486183613021e-04
226                                    2.8262816020600378e-04
227                                    2.5326168720877433e-05
228                                   -1.3813333787211003e-03
229                                   -9.2422841564777881e-04
230                                   -3.4480414118292541e-03
231                                    1.1879119866404442e-02
232                                   -1.8236748583696512e-02
233                                   -4.4770732334462049e-03
234                                   -4.2582099772404255e-03
235                                   -9.6276493816746869e-03
236                                    8.5482967348926350e-03
237                                    1.4262251014520166e-02
238                                    1.7813223006192244e-02
239                                    3.1837095606600821e-04
240                                   -2.6533860069448675e-02
241                                    2.7142512170604090e-02
242                                    7.3382957907432026e-03
243                                    1.0880446476576499e-02
244                                   -9.5828618908885416e-03
245                                    2.2473696954761280e-03
246                                    4.3147718493937566e-02
247                                   -1.4140726127945334e-02
248                                   -3.6868302477079955e-03
249                                   -6.9338816442175693e-03
250                                   -1.3805255486776850e-02
251                                    3.9817609001446099e-03
252                                   -7.2841727781037882e-03
253                                   -7.5990620585695522e-03
254                                   -1.0373232356416835e-02
255                                    1.2605619036742498e-02
256                                   -3.6625662772308476e-03
257                                    8.2262723720160930e-03
258                                   -1.7451249105253368e-03
259                                    3.6035063237698957e-03
260                                   -1.2657914380663327e-02
261                                   -2.7548421675055446e-02
262                                    1.0671280463434751e-02
263                                   -1.4021409926716263e-02
264                                    2.1730333632054952e-03
265                                   -1.0683668127795663e-02
266                                    1.4033968137651743e-02
267                                    4.9617986027222808e-03
268                                    7.6711571780441255e-04
269                                    3.3083191761210461e-02
270                                    1.5020231423508397e-02
271                                    6.8541396684848807e-03
272                                   -2.1137672966422064e-04
273                                   -5.6794477309544530e-03
274                                    1.0849701633457613e-02
275                                    1.7967407690693608e-02
276                                   -1.3056382957558236e-02
277                                   -2.5218426200593700e-03
278                                   -1.8627953032001699e-02
279                                    2.0503292159059208e-03
280                                   -1.3392479132062912e-03
281                                   -1.1544512354258032e-02
282                                   -3.6039293263889116e-03
283                                   -5.2664991053273979e-03
284                                   -1.2811669072209476e-02
285                                   -1.0867318372968256e-02
286                                   -7.3442089917961596e-03
287                                    6.2810137463577016e-03
288                                    5.8941071495489505e-03
289                                   -1.0664521585915725e-02
290                                   -1.4996601217986173e-03
291                                    5.4193753610189722e-03
292                                    8.3156355573624930e-03
293                                    1.6473520319384080e-03
294                                    7.8512021448832645e-04
295                                    2.6642016100026375e-05
296                                   -1.2793798662168312e-02
297                                    6.2584566229558205e-03
298                                   -5.5388399499303924e-03
299                                    1.5958530835919020e-02
300                                    1.4809289363917478e-02
301                                    1.7712498410598864e-02
302                                    5.1149774642542452e-02
303                                    1.5451343157079282e-03
304                                    2.8516152573887139e-02
305                                   -1.2874878585793816e-02
306                                   -2.8691089735936450e-02
307                                   -2.3766611272266661e-02
308                                   -4.5485960522351467e-02
309                                   -8.8712026395930876e-04
310                                   -3.2538240204193331e-03
311                                    4.1955998187972131e-04
312                                   -6.2092883062718840e-03
313                                   -6.3232197773353547e-03
314                                   -5.1888037652628410e-04
315                                    7.8452518871049357e-03
316                                    3.9609970696881597e-03
317                                   -1.0734784082527636e-02
318                                   -1.3285010171229242e-02
319                                   -7.7525581981609769e-05
320                                    1.8903576884824183e-03
321                                    1.1196937855817631e-02
322                                    4.5862173398808648e-03
323                                    1.1493006560324750e-02
324                                    3.1274149098210278e-03
325                                   -1.9427228408806584e-02
326                                   -7.4334080298921242e-03
327                                   -2.9747342382313711e-02
328                                   -1.5975418766477258e-02
329                                   -1.4774243096652560e-02
330                                    2.5753057515571665e-02
331                                    7.3459207139770786e-03
332                                   -1.7544872460220427e-02
333                                    1.7634424564990130e-02
334                                   -2.1662838138380019e-02
335                                   -1.1469968925868417e-02
336                                   -1.7711716894050600e-02
337                                    2.7866369008569945e-02
338                                    2.4351581177143127e-02
339                                    2.4400879545098133e-03
340                                   -1.4697213402952169e-02
341                                   -7.6710656729840516e-03
342                                    1.0238635915826969e-02
343                                    1.3250783596197952e-02
344                                    9.7753662234284170e-03
345                                    1.5236796588937959e-04
346                                   -1.5788321234256916e-03
347                                    1.7516937051978865e-03
348                                   -1.7300289783565962e-03
349                                   -7.8301303534917405e-03
350                                    7.3920204085432765e-03
351                                    4.7677972999421469e-04
352                                   -4.1870232083141392e-03
353                                    1.2747536421669097e-02
354                                   -5.3597557320645226e-03
355                                    1.4193542680603313e-02
356                                   -1.0346746426907864e-02
357                                    9.3473659230124649e-03
358                                   -4.6081008244193415e-02
359                                    1.7327879207974475e-02
360                                    3.3593998132293273e-02
361                                   -3.2323205920234320e-02
362                                   -3.9867268438530973e-02
363                                   -1.8648734230565279e-02
364                                    1.0789362894842947e-02
365                                    4.9064122285274459e-03
366                                   -2.7055518035870672e-02
367                                    2.9454878531158538e-02
368                                    4.0690942583461197e-02
369                                    4.9125069384103014e-03
370                                   -5.4638479073033227e-03
371                                   -1.2868720041307813e-02
372                                   -1.0080088163832688e-02
373                                    1.4561871340352127e-03
374                                   -2.7466359817080932e-03
375                                   -1.2507476959062415e-02
376                                    3.2171468132327970e-02
377                                    2.0725513834319942e-03
378                                    1.0041615036198399e-02
379                                    6.6391837710163678e-03
380                                   -6.9685000228906762e-03
381                                    9.4751898613366740e-03
382                                   -9.2523527969763674e-04
383                                    4.7263798100918974e-03
384                                    2.6105009068489149e-03
385                                    3.6040234769800553e-03
386                                   -7.7713833790159417e-03
387                                   -3.8197363537595855e-02
388                                    2.0149122510940880e-03
389                                    7.3277831095147818e-03
390                                   -4.0098602011276414e-02
391                                    2.1053615698682776e-02
392                                   -4.0857577371241217e-02
393                                   -1.5999873577847778e-02
394                                    1.0507594084826889e-02
395                                    5.8884412340252726e-03
396                                    5.2216024166207159e-02
397                                   -3.5076100815200704e-02
398                                    1.6858558243124599e-02
399                                    1.8514281206879420e-02
400                                    1.3447323565546138e-02
401                                    7.3490091292873318e-03
402                                    1.3532557851524740e-02
403                                   -9.4546991914768192e-03
404                                    1.3741824130816555e-04
405                                   -1.6378883621992509e-03
406                                   -4.1570577959535787e-03
407                                    2.5243808209044123e-04
408                                    6.8384743303980863e-03
409                                    4.4993625743115469e-03
410                                   -4.9309302334052396e-03
411                                    1.4091196159387793e-02
412                                   -7.0169064570327951e-03
413                                    2.9088659282750558e-03
414                                   -1.1012003732398265e-02
415                                    8.8828183463052681e-03
416                                    1.6548628583682476e-03
417                                    8.4801140340339740e-03
418                                    8.4927843718998648e-03
419                                    2.6646064322734318e-04
420                                   -3.8942582897177884e-02
421                                   -6.7057161421951337e-03
422                                   -7.4818015898643619e-02
423                                    1.3350435557883903e-02
424                                    7.3044424200401142e-03
425                                    6.2449709026978981e-03
426                                    3.2058138187840764e-02
427                                    4.8449636873422221e-03
428                                    7.2807477068775578e-02
429                                    6.2650777653878147e-03
430                                   -4.2993594553487101e-03
431                                    8.9150192200852987e-03
432                                    3.8527547385210331e-04
433                                    3.2138950250487786e-03
434                                   -1.3804757005702949e-02
435                                   -4.5690733400201317e-03
436                                   -1.3404354667549315e-02
437                                    6.9756842649365636e-05
438                                   -7.4482736866634449e-03
439                                    6.4255656945274358e-03
440                                   -4.1425295618432532e-03
441                                   -9.6775064274330430e-04
442                                   -5.0402432721438073e-03
443                                    1.6294940812601365e-02
444                                   -2.1245266184157577e-03
445                                   -6.3951897298788821e-03
446                                   -6.5755778837920022e-03
447                                   -1.9801162484025326e-03
448                                   -2.9010804879736431e-02
449                                    9.1996759545870509e-03
450                                    3.4033183373392090e-02
451                                    1.0324297965311559e-02
452                                    7.6606593334300659e-03
453                                    1.6362787140286602e-02
454                                   -6.0385298575846378e-03
455                                    1.6858589491751575e-03
456                                   -3.3045739289394180e-02
457                                    1.4076422409203383e-03
458                                   -1.9348978889461289e-02
459                                   -1.0999352051915438e-02
460                                    2.2369044246726245e-02
461                                   -1.3764813189717741e-02
462                                   -7.6200670209745447e-04
463                                    1.1543924198308934e-02
464                                    1.7828099113778879e-02
465                                    6.4435212694976991e-03
466                                   -9.3979130607546365e-03
467                                   -2.5886834069366507e-03
468                                    7.8727612583733540e-04
469                                   -4.8749205857545304e-03
470                                   -2.2711978061683469e-03
471                                   -2.8137272392750471e-03
472                                    8.9068062948400141e-04
473                                   -9.3448782949914749e-03
474                                   -9.0630522745216956e-03
475                                    5.4484842785228688e-03
476                                    8.6653209987747077e-03
   &Method [&Type "String"] "SCF"
   &Level [&Type "String"] "Relaxed density"
   &Mult [&Type "Integer"] 1
   &State [&Type "Integer"] 0
   &Irrep [&Type "Integer"] 0
$End
$Geometry
   &GeometryIndex 5
   &NAtoms [&Type "Integer"] 159
   &NCorelessECP [&Type "Integer"] 0
   &NGhostAtoms [&Type "Integer"] 0
   &CartesianCoordinates [&Type "Coordinates", &Dim(159,4), &Units "Bohr"] 
              C     78.130908503063  -50.433054731507    2.425420956225
              C     76.517839706313  -52.439671403108    1.179271933802
              C     74.693416108562  -51.434229515624   -0.669464286931
              N     75.610429033907  -49.631681641549   -2.227338484274
              C     78.207713737289  -48.862341937048   -2.073337877494
              C     78.764106754150  -48.190682844747    0.647291295148
              C     73.893953289708  -48.398280771693   -3.932795159672
              C     72.109581945507  -49.702723919125   -5.343906682709
              C     70.432326741129  -48.400252103906   -6.825241964142
              C     70.258881903536  -45.733099961619   -6.837516915712
              C     71.904288782679  -44.483822702778   -5.172556860888
              C     73.674404161213  -45.819650771432   -3.795952083356
              N     68.439126218068  -44.464125290544   -8.288957813481
              C     65.791349739250  -45.138067061148   -8.018368993524
              C     64.231654081547  -43.064554028056   -6.603520035773
              C     64.486573170963  -40.716109684460   -8.105825580347
              C     66.461240792042  -40.593850723951   -9.831536305483
              C     68.752251026303  -42.206176248726   -9.679890772915
              O     72.388943999920  -51.903145824446   -0.518878976007
              O     70.734119594334  -41.523928458078  -10.639961270577
              C     63.225143481092  -38.356963329134   -8.361767152799
              N     64.321956793171  -37.008240512001  -10.204273285480
              N     66.234173382720  -38.338987590596  -11.090111066908
              C     66.969889474437  -37.670654823258  -13.551112357649
              C     60.842203784592  -37.479534478375   -6.976486989886
              N     60.041060291218  -35.162834168859   -7.691530458710
              O     59.660918555494  -38.869135737545   -5.547194068648
              C     67.388935523280  -35.160801105114  -14.206376748824
              C     67.761466083724  -34.520336158900  -16.701586540742
              C     67.842176130197  -36.372281295887  -18.580993535342
              C     67.217155089023  -38.873491407596  -17.913954323942
              C     66.870246795922  -39.501084124822  -15.414738067776
              O     68.570479080488  -35.510110244036  -20.928769235383
              C     70.006369453994  -37.304350332175  -22.362194632615
              H     77.108726754981  -49.526135745007    3.966959989486
              H     79.828750688224  -51.307425139005    3.335268527144
              H     77.609843863094  -53.888045395627    0.170123232642
              H     75.614834040895  -53.555050659924    2.662715921631
              H     79.457565183822  -50.432046605715   -2.599880828055
              H     78.706919255871  -47.303726695798   -3.268423013207
              H     80.724032867349  -47.655460745470    0.904568672055
              H     77.714853079771  -46.436717397618    1.115531286084
              H     71.973471664890  -51.736563581577   -5.150721182374
              H     69.092394524440  -49.436886801644   -7.982750963429
              H     71.982767227790  -42.394707768998   -4.897478913887
              H     74.959328545681  -44.745453428829   -2.652192480906
              H     64.988751331742  -45.429846075993   -9.903338239823
              H     65.551710863377  -46.972404313456   -7.090145426433
              H     62.294478714192  -43.553979204049   -6.288445427918
              H     65.019579138175  -42.972140230704   -4.693265021590
              H     61.152588794197  -34.233752390788   -9.006237487760
              H     58.820355126005  -33.919330847789   -6.777284901469
              H     67.343837992595  -33.719084114881  -12.754594619249
              H     68.013203546167  -32.519612561040  -17.171586401886
              H     67.215563316794  -40.376319381448  -19.368783343222
              H     66.423668461877  -41.377303214293  -14.787326893446
              H     71.422300791846  -38.195306325814  -21.165168774261
              H     68.883727744095  -38.805742792211  -23.103598053083
              H     70.880655296426  -36.255034497728  -23.906832938426
              C     57.567201514160  -46.493957211573   -6.258304935181
              S     57.726950133677  -45.085914864965   -9.486780065392
              C     54.602324974924  -43.710910949687   -9.706630079358
              O     57.751356409613  -47.222428040038  -11.350153005654
              H     58.380113441000  -45.056678602972   -5.012042030300
              H     55.686458928155  -46.947435110180   -5.572845441128
              H     58.863164609988  -48.139561288641   -6.424162329015
              H     54.250937742011  -42.835520478125   -7.842587640276
              H     54.819379294786  -42.226444185159  -11.091889184943
              H     53.215157632171  -45.194070046503  -10.128722395230
              C     62.802940569850  -54.902891529606   -4.969480451182
              S     62.049540278234  -57.387309448042   -7.390042235603
              C     59.834190333757  -55.249382839707   -9.177165108119
              O     60.495158609232  -59.294035404904   -6.007399071597
              H     63.232893157024  -53.129366526496   -5.939254583490
              H     61.253261989281  -54.801767251222   -3.581847827881
              H     64.505405359529  -55.534331277865   -3.978875705549
              H     58.173149755944  -56.360180821310   -9.708360096472
              H     59.434330753148  -53.759608876397   -7.881130688868
              H     60.816557974492  -54.650601271792  -10.860578028952
              C     67.913756706344  -51.828859654654    2.128303458423
              S     67.782924422319  -49.131480073246   -0.170192161091
              C     69.905122514185  -47.226574560613    1.706901139130
              O     65.200224764331  -48.033308524787    0.136764627500
              H     69.249233743538  -53.379892499548    1.802696812027
              H     68.029752224104  -51.121440454747    4.039744044323
              H     66.084011835946  -52.766595134397    2.075852974550
              H     69.025968965963  -46.981477709812    3.536538628864
              H     71.568726345302  -48.340423971744    1.600407799988
              H     70.248918397418  -45.385855833292    0.913646556121
              C     58.158065107443  -45.839760884163  -17.002423891382
              S     59.634555655831  -42.626580492654  -16.749107804278
              C     61.900190607303  -42.880156615864  -19.339749750874
              O     61.150881165184  -42.562898749444  -14.345368907778
              H     57.041667284404  -45.720962167416  -18.782599791382
              H     59.534823105305  -47.336054211520  -17.440418141578
              H     56.956085372194  -46.313488526285  -15.357515718378
              H     62.889644996170  -44.728815615255  -19.372409715220
              H     60.931419671338  -42.513786700304  -21.132721401007
              H     63.262951138830  -41.330597459287  -19.247845431975
              C     69.690654420921  -32.717423377984   -1.495319140079
              S     67.895030840404  -29.917449395795   -0.266953794127
              C     68.079682836343  -27.791761020632   -3.159152275242
              O     69.688809528023  -28.780202338306    1.565117812685
              H     69.607221612480  -32.844681330826   -3.559286578576
              H     71.619481464983  -32.479879643261   -0.842405813044
              H     68.979574527124  -34.482881398125   -0.759478915296
              H     69.931893616896  -27.824383937697   -4.002670223981
              H     66.668572605840  -28.408545446839   -4.486320964488
              H     67.595638594357  -25.973062701196   -2.427198536580
              C     65.043382088470  -30.745796225348    7.519795683172
              S     64.092770605919  -30.459540182287    4.271436582313
              C     60.742592840958  -30.547299507618    5.089959168121
              O     64.312621423962  -33.114624551639    3.277571585356
              H     64.344151868215  -29.107999569045    8.499513510973
              H     64.439007721316  -32.387808509248    8.583914312941
              H     67.113554439404  -30.695969558308    7.591579802713
              H     59.936973032741  -28.770820928980    5.772657177108
              H     59.643978740021  -31.308680411706    3.547238994458
              H     60.462648091491  -31.818531418776    6.649631552582
              C     63.509367890207  -42.584971408703    1.201491331831
              S     66.552640314201  -40.845869086837    0.483355604532
              C     65.278413599157  -37.901802682606   -1.148922649420
              O     67.908835097129  -42.147744299895   -1.594239625442
              H     62.976535624040  -41.897106645840    3.044121426988
              H     61.978453538388  -42.145490363348   -0.154978885333
              H     63.859332593143  -44.550476352485    1.283037849702
              H     66.922501623398  -37.308594022520   -2.311885690131
              H     63.811979237182  -38.560368427299   -2.413922433111
              H     64.722776140293  -36.331366177101    0.058760698055
              C     56.921508221371  -41.137330197835    6.648301780991
              S     57.565541613863  -39.102826819004    3.761988458317
              C     59.967819363585  -37.154742935779    5.479479323079
              O     55.335362095781  -37.416625660264    3.670678639107
              H     55.520694280212  -42.494248360160    6.137353203252
              H     58.685995420180  -42.193885862502    7.123234516366
              H     56.262306710588  -39.941307762379    8.188275953507
              H     61.113674812950  -35.969835585194    4.202253466249
              H     59.102167629571  -36.084098072088    6.999596478835
              H     61.236663247905  -38.409167135136    6.487593811151
              C     59.605690401934  -34.466347200399   -0.930819377238
              S     57.608725842545  -31.760858870936   -1.862056750133
              C     54.845119023476  -32.442954865192    0.169962643287
              O     56.986886200492  -32.205551291210   -4.538613621940
              H     61.546856747299  -34.278375269951   -1.615354942025
              H     59.754629978592  -34.332445669509    1.093621628631
              H     58.741020390174  -36.291965986968   -1.510579073290
              H     53.628967692035  -33.793674454079   -0.838379759662
              H     55.253470009536  -33.113645306918    2.121760238389
              H     53.738368265877  -30.703037891774    0.143187288676
              C     56.236840915891  -31.443296545975  -11.751962571955
              S     58.986693907196  -30.031521261538  -13.614823236227
              C     59.110116092724  -32.754204943483  -15.864099057956
              O     61.090203674876  -30.085576008663  -11.740968242393
              H     56.833027639656  -33.300392705652  -11.283538455683
              H     55.927793441348  -30.230730149816  -10.046928842828
              H     54.606948365747  -31.672310254464  -12.994410970685
              H     60.321788969559  -32.380155793234  -17.493999215081
              H     59.608931716171  -34.571350917065  -15.037452706050
              H     57.094789309654  -32.782885472974  -16.409186030844
$End
$SCF_Energy
   &GeometryIndex 5
   &Method [&Type "String"] "SCF"
   &totalEnergy [&Type "ArrayOfDoubles", &Dim (1,1)] "Total energy of each state"
                                                         0

0                                     -7.0734979756253488e+03
   &Mult [&Type "ArrayOfIntegers", &Dim (1,1)] "Multiplicity of each state"
                                                         0

0                                                        1
$End
$DFT_Energy
   &GeometryIndex 5
   &nAlphaEl [&Type "Integer"] 331
   &nBetaEl [&Type "Integer"] 331
   &nTotalEl [&Type "Integer"] 662
   &finalEn [&Type "Double"]      -7.0734979756253488e+03  "No Van der Waals correction"
   &eExchange [&Type "Double"]      -6.6410255226202867e+02
   &eCorr [&Type "Double"]      -2.2433369027862692e+01
   &eXC [&Type "Double"]      -6.8653592128989135e+02
   &eCNL [&Type "Double"]       0.0000000000000000e+00
$End
$SCF_Timings
   &GeometryIndex 5
   &TOTAL [&Type "Double"]       3.4090400000000000e+02
   &PREP [&Type "Double"]       1.2340000000000000e+00
   &FOCK [&Type "Double"]       2.6972000000000003e+02
   &DENS [&Type "Double"]       2.2519999999999527e+00
   &ETOT [&Type "Double"]       7.3300000000003251e-01
   &TRAFO [&Type "Double"]       7.3680000000000234e+00
   &DIIS [&Type "Double"]       2.6075999999999986e+01
   &SOSCF [&Type "Double"]       1.2961000000000013e+01
   &XC [&Type "Double"]       1.4676399999999995e+02
   &FOCKSTART [&Type "Double"]       4.5600000000000773e-01
   &INT_BF [&Type "Double"]       2.4615000000002002e+01
   &INT_DENS [&Type "Double"]       5.8859999999998905e+01
   &INT_DENSIO [&Type "Double"]       5.5201168850000007e+06
   &INT_FUNC [&Type "Double"]       5.5510000000001654e+00
   &INT_POT [&Type "Double"]       4.6588999999999245e+01
   &INT_POTIO [&Type "Double"]       9.2099999999965831e-01
   &INT_SUM [&Type "Double"]       6.0000000000286491e-03
   &SPLITRIJ [&Type "Double"]       1.4305599999999998e+02
$End
$VdW_Correction
   &GeometryIndex 5
   &vdW [&Type "Double"]      -8.4607313969293024e-02
$End
$gCP_Energy
   &GeometryIndex 5
   &gCP_Energy [&Type "Double"]       1.5817499080000000e-01
$End
$Single_Point_Data
   &GeometryIndex 5
   &FinalEnergy [&Type "Double"]      -7.0734244079485179e+03  "Final single point energy"
   &Converged [&Type "Boolean"] true
$End
$SCF_Nuc_Gradient
   &GeometryIndex 5
   &NAtoms [&Type "Integer"] 159
   &gradNorm [&Type "Double"]       2.6518286211716724e-01
   &grad [&Type "ArrayOfDoubles", &Dim (477,1)] 
                                                         0

0                                     -1.4096814809295883e-02
1                                     -1.8195638847346721e-02
2                                     -9.4339716707527218e-03
3                                     -1.2490010738693715e-02
4                                      2.5965545493323510e-02
5                                     -7.3558501683257567e-03
6                                      3.7930739319147047e-02
7                                     -1.1993018765341538e-02
8                                     -1.8938434944226964e-02
9                                      1.8171098511913338e-02
10                                     1.2671275819429743e-04
11                                     2.9668166450333093e-02
12                                    -2.1684830371470443e-02
13                                     1.2900296204605756e-02
14                                    -1.6966898919488452e-02
15                                    -6.1620927501610653e-03
16                                    -5.6427423991063166e-03
17                                    -8.7933064525585261e-03
18                                     5.8846566239945898e-03
19                                     5.9973978284934689e-03
20                                    -1.3945785608388059e-02
21                                    -8.2038338935099646e-03
22                                     1.1088889205046488e-02
23                                    -3.6750867683503518e-03
24                                     1.9762201095609125e-02
25                                    -1.4424727172875395e-02
26                                     1.3817495155072473e-02
27                                    -2.1295033040751657e-02
28                                     4.5080967307273810e-03
29                                    -1.3620129265627457e-02
30                                    -3.0573317185336340e-03
31                                    -2.5533713812892531e-02
32                                     8.7532895325312179e-03
33                                    -6.1308891079017809e-03
34                                    -1.2783611414476252e-02
35                                     7.8436321947109467e-03
36                                     1.4718914497321153e-02
37                                    -1.9194537222711885e-02
38                                     7.5116699088252012e-03
39                                     3.2711312330630446e-02
40                                     9.8219126115478856e-03
41                                    -4.7093504618381929e-03
42                                    -2.1024330060981530e-02
43                                     9.3891229784705821e-03
44                                    -1.2652572730065528e-03
45                                    -6.4677979194931899e-03
46                                    -8.0539169466603989e-03
47                                     1.7291191234404302e-04
48                                     2.3519511930469549e-03
49                                     1.3424593006769368e-02
50                                    -7.6497479141359017e-03
51                                    -9.3509873213813884e-03
52                                     1.7004616949755609e-03
53                                     3.4199369700736305e-03
54                                    -2.4042209326259487e-02
55                                     1.0266641626759731e-02
56                                     9.7482543328927078e-03
57                                    -7.2875345206132643e-03
58                                     1.5826877616233245e-03
59                                    -3.9998594606502772e-03
60                                     7.5790332672174068e-03
61                                     1.0905545991927024e-02
62                                    -1.2230645218969355e-02
63                                     2.4461104682991459e-02
64                                    -1.1746996686546147e-02
65                                    -1.1640180680302486e-02
66                                    -4.5705120122414783e-03
67                                     1.5575346739000982e-03
68                                    -7.2233234093043728e-03
69                                    -8.4484570496507205e-03
70                                    -2.1384915039809362e-03
71                                     1.4592443482435156e-02
72                                    -2.0264827548872452e-03
73                                    -5.5575834576697299e-03
74                                     2.2202127284320361e-02
75                                    -1.6424480593017831e-02
76                                    -3.1733627991200671e-02
77                                     2.0844990180893110e-02
78                                    -5.9700598899939013e-03
79                                     9.9298644110355806e-03
80                                    -1.2257721584310136e-02
81                                     5.5007253275174981e-03
82                                     1.0324670524268983e-03
83                                    -7.5331807528354142e-03
84                                    -1.9782210918436890e-03
85                                    -1.0754440747645864e-02
86                                     1.0397226400454640e-03
87                                     2.2898521455674463e-03
88                                    -5.7403432395650537e-03
89                                    -6.4462385055119005e-03
90                                    -1.8767729158282471e-02
91                                     1.6953643302580060e-03
92                                     2.8678454771066390e-02
93                                     1.7301832605253727e-03
94                                    -1.3689315218326237e-03
95                                    -1.0108647337384001e-02
96                                     4.7187665458655013e-03
97                                     1.3305912864799218e-02
98                                    -3.4126904065797394e-03
99                                    -6.2933717237307982e-03
100                                   -1.2121561258591892e-02
101                                   -5.3793599269708527e-03
102                                    6.2490148620465129e-03
103                                    7.8831300781224880e-03
104                                   -6.3751886805767325e-03
105                                    8.7630100710556821e-03
106                                   -7.0591567526846755e-03
107                                    1.1014724501656123e-02
108                                   -1.0592751839651589e-02
109                                   -3.7669136442387433e-03
110                                    1.0517744531994106e-03
111                                    1.0394947754566876e-02
112                                   -2.2285199564771561e-03
113                                    3.5483427146685287e-03
114                                   -9.2871009149489794e-04
115                                    2.3224454280981223e-03
116                                    4.7385563246666370e-03
117                                    7.1440202474831026e-03
118                                   -9.3539455076766219e-03
119                                    1.3365444924465160e-02
120                                   -9.9796403161666151e-03
121                                   -4.1973532758144945e-04
122                                    3.5443633627666336e-03
123                                    2.1475815414679265e-03
124                                    1.0689856273993860e-02
125                                   -1.7196159700343390e-03
126                                   -1.9635891997639219e-03
127                                    7.0349211100206475e-04
128                                    6.0684509380399274e-03
129                                   -3.4374456146013581e-04
130                                    2.3618207850559111e-03
131                                    4.9287359307438768e-04
132                                    1.0202259982349651e-02
133                                    1.8370476391579470e-02
134                                    8.6423141206469854e-03
135                                   -5.0577653297360567e-03
136                                   -4.0295295087694064e-03
137                                   -8.5805823410098018e-03
138                                    3.0747266410517593e-03
139                                   -3.3174157804030792e-03
140                                    3.3776972459538283e-03
141                                   -6.7041860007921181e-03
142                                   -3.0792411974040227e-03
143                                   -5.8672212383064125e-03
144                                    1.5438750025150794e-02
145                                    7.5369922553054367e-03
146                                    6.3611878005585439e-03
147                                   -4.4122201157206914e-03
148                                   -8.6309767822390984e-03
149                                   -2.0976197961011856e-03
150                                    6.4518011670106562e-03
151                                    8.2409853005121509e-03
152                                   -1.1312485368586709e-02
153                                   -4.4375279400173349e-03
154                                    2.5015685223352173e-02
155                                   -3.0630893143342849e-03
156                                    4.6527202348506348e-04
157                                   -1.4665524945159001e-03
158                                   -6.3071431601096706e-04
159                                   -3.2107539516425094e-03
160                                    7.8944673690373585e-03
161                                    2.5137561104164818e-03
162                                   -8.9611233527257111e-04
163                                   -9.4677317731228002e-03
164                                   -9.3864615902952992e-03
165                                    3.2624106270296980e-03
166                                    1.0483262745110307e-02
167                                    4.6236894410170070e-03
168                                   -7.7196959756864452e-03
169                                   -1.4162094794040875e-03
170                                   -2.8473143852216927e-03
171                                    1.5791528560524661e-02
172                                    1.2081893164308528e-02
173                                    1.0558730115120365e-02
174                                   -5.4697216207414312e-04
175                                    2.5997563066363564e-04
176                                   -3.1853339719155349e-04
177                                   -1.2516191433074362e-02
178                                   -2.4550222098800099e-03
179                                    5.3070993751058631e-03
180                                   -1.2257011784027834e-02
181                                   -9.2153605807667044e-03
182                                   -1.2611782870618831e-02
183                                   -2.1585745620742740e-04
184                                   -3.8408071098815543e-03
185                                   -2.4217051924722441e-02
186                                    1.2400404759435791e-04
187                                    2.1194169579422720e-02
188                                    1.2709123236120839e-02
189                                   -1.5350897927334359e-03
190                                    1.5067894286663599e-03
191                                   -2.0173827939217615e-03
192                                    4.4225418757897882e-03
193                                    7.0650658338860398e-03
194                                    4.2075623117291136e-03
195                                    1.0135595670905351e-02
196                                   -7.2967628336922793e-03
197                                   -5.7834710072711326e-03
198                                    4.1999393550584086e-03
199                                    8.6899355930860722e-05
200                                    7.0428160111191962e-03
201                                    8.3336952996342310e-03
202                                   -3.0124488925385145e-03
203                                    9.3026606782064987e-03
204                                   -1.9262459298854844e-03
205                                   -4.2983969694075407e-03
206                                    2.6146789711669794e-03
207                                   -1.0436929264485159e-02
208                                    8.0446467531137648e-03
209                                    8.5910327172626730e-04
210                                   -6.4658808891483281e-03
211                                   -2.2018856507879922e-02
212                                    1.9528641735249703e-03
213                                   -5.9373362601265866e-03
214                                    2.2822676205015949e-02
215                                   -7.6013337376724965e-04
216                                    1.2871716135440008e-02
217                                    1.8499363290975311e-02
218                                   -8.7632103630296554e-03
219                                    2.6402438396110318e-03
220                                   -2.2484443307392698e-03
221                                   -3.1832804109581166e-03
222                                    6.0664212389051862e-07
223                                   -2.0686193455104738e-03
224                                    9.0768461049617541e-03
225                                    6.9159760914241832e-06
226                                    1.9867709159399513e-04
227                                   -1.6238113243111454e-04
228                                   -9.7232319167402559e-04
229                                   -7.3468080739843655e-04
230                                   -3.2406934240296397e-03
231                                    1.1322856954783534e-02
232                                   -1.5545531224893187e-02
233                                   -2.4638263533563786e-03
234                                   -3.2294123484511812e-03
235                                   -8.3817925778303277e-03
236                                    6.4082070828707935e-03
237                                    1.5241905123536669e-02
238                                    1.7746050399843581e-02
239                                   -1.5811470302420617e-03
240                                   -1.7028252184752280e-02
241                                    2.1697949674410612e-02
242                                    5.6115774187939071e-03
243                                    7.8294636787885723e-03
244                                   -8.3020209780691190e-03
245                                    2.4262239720340140e-03
246                                    3.1088118225654781e-02
247                                   -9.3195316075031197e-03
248                                   -3.1772376316165948e-03
249                                   -5.7330316233447929e-03
250                                   -1.4315567203912484e-02
251                                    3.8771955872110237e-03
252                                   -6.7695444810611924e-03
253                                   -6.4701207839328104e-03
254                                   -7.7461002406494645e-03
255                                    1.0127154796904968e-02
256                                   -4.2442154556270742e-03
257                                    7.5903283465171417e-03
258                                   -2.5636779095184639e-03
259                                    3.6185904557448612e-03
260                                   -1.0522183424150171e-02
261                                   -2.1909645186241895e-02
262                                    7.0959888036093285e-03
263                                   -1.3432558574933903e-02
264                                    2.4990368492535729e-03
265                                   -8.0228860068416886e-03
266                                    1.2487946859894884e-02
267                                    4.6526591088925338e-03
268                                    4.1953695798799994e-04
269                                    3.0026861453083985e-02
270                                    1.1244942610112038e-02
271                                    7.2040877521065329e-03
272                                   -3.7850244576846060e-03
273                                   -5.0264527854613304e-03
274                                    7.5401540082256106e-03
275                                    1.6929494603500794e-02
276                                   -9.4151506364056441e-03
277                                   -2.0152035926761084e-03
278                                   -1.3160934569572956e-02
279                                    2.3341631690049804e-03
280                                   -1.3110065747755041e-03
281                                   -1.0000224584736862e-02
282                                   -3.4509777262679217e-03
283                                   -4.6093021764908749e-03
284                                   -1.2131169839360266e-02
285                                   -1.0458153715190488e-02
286                                   -7.1417489951722760e-03
287                                    5.6519125787151455e-03
288                                    4.8674879726435128e-03
289                                   -8.6739267513583750e-03
290                                   -1.6074162521958007e-03
291                                    4.8235871108281850e-03
292                                    7.7697657875334695e-03
293                                    1.0295870909924117e-03
294                                    1.3380509360089194e-03
295                                    5.5308692054222345e-04
296                                   -1.1621154688334256e-02
297                                    4.3509075128809376e-03
298                                   -3.5652586971024521e-03
299                                    1.2778277878861034e-02
300                                    6.5921144994115074e-03
301                                    1.1765797029894567e-02
302                                    3.9141387224031876e-02
303                                    2.1319764508368907e-03
304                                    2.3546267472521455e-02
305                                   -1.2507888132751485e-02
306                                   -1.7503134723403781e-02
307                                   -1.5997483350279729e-02
308                                   -3.2526456605792571e-02
309                                   -5.8810576516959317e-04
310                                   -2.8324500201949848e-03
311                                    1.3606406372406832e-04
312                                   -5.1631746567495128e-03
313                                   -5.4912477726015091e-03
314                                    6.5924099890814005e-05
315                                    6.6384826513231476e-03
316                                    1.0096935382985558e-03
317                                   -9.0134002256984352e-03
318                                   -1.0587870893838867e-02
319                                   -1.3285724404222155e-04
320                                    8.5945938820607950e-04
321                                    8.4952188187287087e-03
322                                    3.7393818394597512e-03
323                                    9.0658578651485900e-03
324                                    2.0183685280230120e-03
325                                   -1.5366420215555962e-02
326                                   -4.9721803971403203e-03
327                                   -2.6748262735148250e-02
328                                   -1.3621158915025647e-02
329                                   -1.4025858621004417e-02
330                                    2.3329854417746061e-02
331                                    9.0885514704098155e-03
332                                   -1.4142361679562548e-02
333                                    1.7088938811940981e-02
334                                   -1.8378746800008391e-02
335                                   -1.2490700520462760e-02
336                                   -1.6169970664350879e-02
337                                    2.3398719398527605e-02
338                                    2.1715621528730758e-02
339                                    2.2450399368483588e-03
340                                   -1.3903409428853448e-02
341                                   -7.6638652992010231e-03
342                                    9.1236597119657079e-03
343                                    1.1129406193962825e-02
344                                    9.5941492806002823e-03
345                                    3.8619760354044854e-04
346                                   -1.4227326041316660e-03
347                                    1.9546721012559179e-03
348                                   -2.0993389708018530e-03
349                                   -6.8342433496681280e-03
350                                    7.4434044562051733e-03
351                                   -4.0167247591968197e-04
352                                   -4.8650118871933620e-03
353                                    1.0911400315812191e-02
354                                   -5.1925030783244869e-03
355                                    1.1956552342428171e-02
356                                   -8.2354077534119163e-03
357                                    7.1270780345523942e-03
358                                   -3.7462795436831377e-02
359                                    1.4134976663587671e-02
360                                    2.6182481421184213e-02
361                                   -2.5630420379983677e-02
362                                   -2.8740904369570344e-02
363                                   -1.6479250310192484e-02
364                                    1.1378410820979949e-02
365                                    4.8139785024862644e-03
366                                   -1.9535237798458505e-02
367                                    2.2437343834479713e-02
368                                    2.9498713621340749e-02
369                                    4.3175298360394205e-03
370                                   -4.5715162117386278e-03
371                                   -1.0812340764697843e-02
372                                   -8.6031022136744181e-03
373                                    1.1103354881018374e-03
374                                   -1.8260244903780636e-03
375                                   -1.0869630351034587e-02
376                                    2.4265620848477550e-02
377                                    2.2108722664512569e-03
378                                    8.3892603875515750e-03
379                                    5.5775700993261181e-03
380                                   -5.7841633640051560e-03
381                                    8.5411410343210308e-03
382                                   -1.1174131900256493e-03
383                                    3.7827353205477565e-03
384                                    2.3796174439356058e-03
385                                    3.6601265619703588e-03
386                                   -7.6505645269712586e-03
387                                   -3.0898119279559145e-02
388                                    2.7997827399874951e-03
389                                    8.3263339824080247e-03
390                                   -2.7033555495882107e-02
391                                    1.1414802313724780e-02
392                                   -3.6709775852566601e-02
393                                   -1.5067713577543130e-02
394                                    1.0473654078479507e-02
395                                    3.5866411137823410e-03
396                                    3.6374916854754448e-02
397                                   -2.3689355473464960e-02
398                                    1.4166478551710620e-02
399                                    1.4749807446536509e-02
400                                    9.5993643294708022e-03
401                                    5.7334533217167057e-03
402                                    1.0964279943821240e-02
403                                   -8.1665935158327929e-03
404                                   -1.2770222086670258e-04
405                                   -1.3434897629904336e-03
406                                   -3.4201976274973044e-03
407                                    2.1986203222370214e-04
408                                    6.8306102827328814e-03
409                                    4.0614788272264491e-03
410                                   -4.5380605190885898e-03
411                                    1.2863156602940315e-02
412                                   -6.3835547600030358e-03
413                                    3.5854388972797863e-03
414                                   -9.2608507661525973e-03
415                                    7.8700804642783794e-03
416                                    2.3950126031882044e-03
417                                    7.4437902090824046e-03
418                                    6.3659660237131094e-03
419                                   -1.8641775177357430e-03
420                                   -3.2479042799311304e-02
421                                   -3.5968137904253176e-03
422                                   -5.2804038139741535e-02
423                                    1.3738632600029378e-02
424                                    5.2165438741819973e-03
425                                    7.2792955031239920e-03
426                                    2.6243995225200472e-02
427                                    1.6787055740360777e-03
428                                    4.9539802069841717e-02
429                                    5.7354084601118557e-03
430                                   -4.1418456351791045e-03
431                                    8.5788991779420787e-03
432                                    6.6930773797153919e-04
433                                    3.3307503839518620e-03
434                                   -1.0456715367659547e-02
435                                   -3.6397451847212724e-03
436                                   -1.1062037480863230e-02
437                                    3.5345719482708291e-04
438                                   -7.0352658332929465e-03
439                                    6.1745568129365890e-03
440                                   -3.8354795453334179e-03
441                                   -1.8502422145928040e-03
442                                   -4.0863036163090363e-03
443                                    1.4617536685412862e-02
444                                   -2.2306713126920242e-03
445                                   -5.3113958658243237e-03
446                                   -5.9783334445319214e-03
447                                   -2.8693703347552084e-03
448                                   -2.4317901761117120e-02
449                                    9.6948927270179425e-03
450                                    2.7409600525382192e-02
451                                    9.8737444887188660e-03
452                                    2.0210816242120376e-03
453                                    1.4764562582204342e-02
454                                   -4.8105585866109581e-03
455                                    1.3018123386095474e-03
456                                   -2.5653296472973954e-02
457                                    1.6286441084502456e-03
458                                   -1.3054286784068994e-02
459                                   -9.4316933253204525e-03
460                                    1.8878629927050059e-02
461                                   -1.2611650259616056e-02
462                                   -7.6485052609019579e-04
463                                    1.0119627589513120e-02
464                                    1.5795510715354684e-02
465                                    5.5840730922424482e-03
466                                   -8.9142036498341855e-03
467                                   -2.4909575236852317e-03
468                                    2.0104515257352343e-04
469                                   -4.5823166085825926e-03
470                                   -2.2476646007052528e-03
471                                   -2.6366445585800972e-03
472                                   -1.4239878742027348e-04
473                                   -8.6034965119951359e-03
474                                   -7.6619522661323372e-03
475                                    4.9235698052173833e-03
476                                    7.8572206792770390e-03
   &Method [&Type "String"] "SCF"
   &Level [&Type "String"] "Relaxed density"
   &Mult [&Type "Integer"] 1
   &State [&Type "Integer"] 0
   &Irrep [&Type "Integer"] 0
$End
$Geometry
   &GeometryIndex 6
   &NAtoms [&Type "Integer"] 159
   &NCorelessECP [&Type "Integer"] 0
   &NGhostAtoms [&Type "Integer"] 0
   &CartesianCoordinates [&Type "Coordinates", &Dim(159,4), &Units "Bohr"] 
              C     78.232863349590  -50.431429339764    2.315988849283
              C     76.586998138151  -52.447387285189    1.094838629791
              C     74.706604972300  -51.436318777273   -0.726465153798
              N     75.598572346791  -49.627716193527   -2.312176344276
              C     78.218584028668  -48.866968771509   -2.193784209799
              C     78.836890956083  -48.192551275735    0.524722522752
              C     73.866297392901  -48.377752913219   -3.988520700362
              C     72.065047607711  -49.683379614262   -5.387575497055
              C     70.364728801665  -48.370947440158   -6.852125198150
              C     70.204143602742  -45.711247135000   -6.844236655672
              C     71.864151098775  -44.450301285870   -5.212330777852
              C     73.658995767524  -45.780979209401   -3.849839303604
              N     68.359311127178  -44.448888530521   -8.276488118792
              C     65.700624856463  -45.129853346230   -7.988118790423
              C     64.167916828132  -43.064167780112   -6.568224043969
              C     64.432971646318  -40.718661724226   -8.070731301141
              C     66.413853138785  -40.596651780736   -9.788705613594
              C     68.701510485948  -42.203287017148   -9.649112213368
              O     72.414948533605  -51.904936602048   -0.546812596777
              O     70.700950041931  -41.536406781292  -10.591864421319
              C     63.170918097468  -38.367012034794   -8.327617999768
              N     64.267393685665  -37.008708530391  -10.161616205475
              N     66.196967067917  -38.340743383797  -11.044921725682
              C     66.978961576602  -37.684898708650  -13.510004440114
              C     60.798199549472  -37.483125189106   -6.964097653147
              N     60.000832602444  -35.163434557387   -7.686347320742
              O     59.621624119182  -38.877434676448   -5.517653633076
              C     67.408619985331  -35.174167998275  -14.163982762760
              C     67.829648724148  -34.543483060379  -16.660824727779
              C     67.943563926078  -36.408517337386  -18.527467286177
              C     67.317157069457  -38.901884798986  -17.869764548146
              C     66.921018670204  -39.528524356802  -15.369875035370
              O     68.690981009831  -35.579636116379  -20.873908619496
              C     70.133627944928  -37.372218620786  -22.299590665709
              H     77.237157083203  -49.550701163554    3.895401115295
              H     79.947880373627  -51.302582930077    3.156291451923
              H     77.679026924023  -53.889972600197    0.071085989567
              H     75.682069487735  -53.555204958744    2.583792065426
              H     79.451933717095  -50.441791950795   -2.755858927103
              H     78.670619827299  -47.301429093039   -3.420714829455
              H     80.811917406773  -47.657055986981    0.734750219185
              H     77.784558770986  -46.458626471953    1.022745801670
              H     71.937520322360  -51.719557882147   -5.214543345201
              H     69.014272652807  -49.409606757086   -7.997365508792
              H     71.925573414114  -42.382387618183   -4.954295175587
              H     74.964885361959  -44.704273684667   -2.714545443915
              H     64.879912016249  -45.415266358312   -9.870490803134
              H     65.482715497606  -46.957881784634   -7.051565436260
              H     62.218233166376  -43.558861974655   -6.257129153910
              H     64.971420941125  -42.967568234886   -4.661369932696
              H     61.103267036542  -34.240436758515   -8.988973146422
              H     58.785986465839  -33.929335090489   -6.774035719373
              H     67.336289213237  -33.725495043288  -12.718202747096
              H     68.096301873113  -32.555740266794  -17.146493745902
              H     67.340680729099  -40.400608320009  -19.310071028072
              H     66.464779810040  -41.418028166336  -14.761174694307
              H     71.558479429418  -38.257834015480  -21.098079793160
              H     68.994735373191  -38.884122885667  -23.052946372451
              H     71.007936846057  -36.321842975733  -23.843286570382
              C     57.515455675989  -46.490679497125   -6.273696329501
              S     57.733130714552  -45.083226270278   -9.496559288175
              C     54.586906929233  -43.726777082297   -9.753999481646
              O     57.812940263638  -47.236921029111  -11.372934803119
              H     58.296677033743  -45.054648386851   -5.009189421983
              H     55.617784578240  -46.966102962667   -5.638970793069
              H     58.808780915687  -48.121897273829   -6.415775733240
              H     54.183764473517  -42.850498612403   -7.907887752131
              H     54.781732399746  -42.240553737452  -11.150788669232
              H     53.225497018959  -45.222288906883  -10.196808537480
              C     62.754480303349  -54.893424310207   -4.948207940669
              S     61.997617066267  -57.375599469475   -7.360153099626
              C     59.791484618218  -55.243567545495   -9.159464684356
              O     60.432027125881  -59.304391573388   -5.977579418838
              H     63.178434502293  -53.117635431003   -5.913721647619
              H     61.200660541373  -54.788548135228   -3.574966283724
              H     64.457851902504  -55.524780686301   -3.960002747288
              H     58.133541074486  -56.353133477940   -9.694543127331
              H     59.381976168945  -53.737656230230   -7.866656447540
              H     60.780118758929  -54.629451603274  -10.845119539981
              C     67.918014978907  -51.833655878421    2.140147533333
              S     67.773598791277  -49.139791665039   -0.154109180966
              C     69.927862921985  -47.225625143224    1.701877372008
              O     65.168552734002  -48.027890680372    0.164789830232
              H     69.269617601184  -53.371221855705    1.794280584880
              H     68.057099670333  -51.123572664402    4.059642681649
              H     66.077314718462  -52.767627925932    2.088073947521
              H     69.073200588696  -46.980483973358    3.551938161732
              H     71.613443852494  -48.342668613973    1.585769247661
              H     70.247267134247  -45.378629326066    0.885666724279
              C     58.307047554642  -45.852628137414  -17.033320262593
              S     59.743163100696  -42.629203062102  -16.766497225611
              C     62.022687646373  -42.921335142354  -19.347668296110
              O     61.256653744526  -42.533768070594  -14.344831213983
              H     57.203796470217  -45.755070291128  -18.813517359250
              H     59.721751338603  -47.319958312055  -17.427313545795
              H     57.095788701521  -46.335242918020  -15.401618975589
              H     63.006244997117  -44.761132172984  -19.347198510859
              H     61.056735286601  -42.590217571493  -21.150866204905
              H     63.383770294176  -41.367803066358  -19.243515851712
              C     69.666329015794  -32.704025927747   -1.521283115385
              S     67.870302714108  -29.901154001975   -0.337202975323
              C     68.163241078681  -27.836016972966   -3.242296370245
              O     69.611976308464  -28.746715920809    1.583622820892
              H     69.619266829725  -32.828688707102   -3.586182471492
              H     71.588371603586  -32.453625037031   -0.835561208956
              H     68.938966918246  -34.467445252368   -0.766754101868
              H     70.054025018756  -27.904826528599   -4.019895341051
              H     66.780538873403  -28.459808436127   -4.614715732694
              H     67.679991935875  -25.982794920561   -2.553575521513
              C     65.073610497824  -30.709714359673    7.534166398013
              S     64.048546787568  -30.451472429896    4.301184087249
              C     60.697701892450  -30.521624076774    5.139322209621
              O     64.282029943221  -33.114241845988    3.293860698972
              H     64.384461533114  -29.064968924336    8.519170915320
              H     64.462244013136  -32.368383749742    8.581343161484
              H     67.144070997030  -30.665703372444    7.565289629740
              H     59.902579604108  -28.732626523248    5.808622436951
              H     59.599939259058  -31.292719414250    3.590058289904
              H     60.427979269010  -31.800965953474    6.709295394418
              C     63.500119817221  -42.538663973014    1.228489734700
              S     66.534042355563  -40.817042427711    0.504401840394
              C     65.245302953206  -37.892269860739   -1.126780931576
              O     67.887735227261  -42.139164056190   -1.604595510401
              H     62.966251469572  -41.854992202160    3.082204614910
              H     61.982787165917  -42.095890084514   -0.129305343360
              H     63.852042755990  -44.531170433451    1.302522170848
              H     66.876811333158  -37.306695604538   -2.292326894568
              H     63.771353710660  -38.554960397023   -2.389390713159
              H     64.685969224837  -36.321806647169    0.081554295726
              C     56.894689123722  -41.128248454584    6.708305785044
              S     57.533734214666  -39.082469453733    3.849503972643
              C     59.944667942198  -37.140516951036    5.548222798335
              O     55.273626770676  -37.380316962213    3.723218759950
              H     55.480326744221  -42.490519565918    6.179144736188
              H     58.644929762774  -42.180297716584    7.181302606419
              H     56.235937623496  -39.932965357806    8.251062029210
              H     61.083970808261  -35.959366829048    4.265257017227
              H     59.073026364156  -36.065944728141    7.069573409881
              H     61.231397308784  -38.396681218528    6.547468966373
              C     59.566788621169  -34.465914002823   -0.885427003879
              S     57.588597231740  -31.760096656601   -1.827530544737
              C     54.812916031729  -32.432088386674    0.189397127476
              O     56.947621710464  -32.211359155610   -4.542295064621
              H     61.500984275088  -34.275389752375   -1.583449398071
              H     59.718022643023  -34.328429330148    1.150303125632
              H     58.699216213996  -36.273888354163   -1.472875050763
              H     53.602480745028  -33.785700427804   -0.817014312773
              H     55.208777283848  -33.093033081214    2.137942673776
              H     53.721355357480  -30.678693596683    0.170084762169
              C     56.191143223195  -31.443644760882  -11.746336521841
              S     58.935042783130  -30.039303584541  -13.605753958635
              C     59.069522467981  -32.754378594977  -15.856946322564
              O     61.057999835064  -30.094039247735  -11.721391505720
              H     56.791944149989  -33.314298187918  -11.273767600485
              H     55.884793387738  -30.242147192948  -10.048863372500
              H     54.547694348201  -31.654650385381  -12.977388084660
              H     60.290930651427  -32.362993560834  -17.474146882365
              H     59.575043392477  -34.570170785474  -15.021222570485
              H     57.072390241626  -32.807348720424  -16.444243519313
$End
$SCF_Energy
   &GeometryIndex 6
   &Method [&Type "String"] "SCF"
   &totalEnergy [&Type "ArrayOfDoubles", &Dim (1,1)] "Total energy of each state"
                                                         0

0                                     -7.0735364106175330e+03
   &Mult [&Type "ArrayOfIntegers", &Dim (1,1)] "Multiplicity of each state"
                                                         0

0                                                        1
$End
$DFT_Energy
   &GeometryIndex 6
   &nAlphaEl [&Type "Integer"] 331
   &nBetaEl [&Type "Integer"] 331
   &nTotalEl [&Type "Integer"] 662
   &finalEn [&Type "Double"]      -7.0735364106175330e+03  "No Van der Waals correction"
   &eExchange [&Type "Double"]      -6.6396027332306858e+02
   &eCorr [&Type "Double"]      -2.2425357548364495e+01
   &eXC [&Type "Double"]      -6.8638563087143302e+02
   &eCNL [&Type "Double"]       0.0000000000000000e+00
$End
$SCF_Timings
   &GeometryIndex 6
   &TOTAL [&Type "Double"]       4.1709200000000004e+02
   &PREP [&Type "Double"]       1.2420000000000000e+00
   &FOCK [&Type "Double"]       3.2308399999999983e+02
   &DENS [&Type "Double"]       2.6189999999999145e+00
   &ETOT [&Type "Double"]       8.9500000000014523e-01
   &TRAFO [&Type "Double"]       7.2580000000000240e+00
   &DIIS [&Type "Double"]       3.0486999999999966e+01
   &SOSCF [&Type "Double"]       1.9822000000000031e+01
   &XC [&Type "Double"]       1.7173199999999994e+02
   &FOCKSTART [&Type "Double"]       8.9299999999994140e-01
   &INT_BF [&Type "Double"]       2.9597000000005096e+01
   &INT_DENS [&Type "Double"]       6.9092999999994788e+01
   &INT_DENSIO [&Type "Double"]       8.1605663029999994e+06
   &INT_FUNC [&Type "Double"]       6.4890000000015817e+00
   &INT_POT [&Type "Double"]       5.1639999999999716e+01
   &INT_POTIO [&Type "Double"]       1.2340000000006448e+00
   &INT_SUM [&Type "Double"]       8.0000000000168825e-03
   &SPLITRIJ [&Type "Double"]       1.6845199999999997e+02
$End
$VdW_Correction
   &GeometryIndex 6
   &vdW [&Type "Double"]      -8.4480460790787720e-02
$End
$gCP_Energy
   &GeometryIndex 6
   &gCP_Energy [&Type "Double"]       1.5823903680000001e-01
$End
$Single_Point_Data
   &GeometryIndex 6
   &FinalEnergy [&Type "Double"]      -7.0734626520415231e+03  "Final single point energy"
   &Converged [&Type "Boolean"] true
$End
$SCF_Nuc_Gradient
   &GeometryIndex 6
   &NAtoms [&Type "Integer"] 159
   &gradNorm [&Type "Double"]       1.9385192154975631e-01
   &grad [&Type "ArrayOfDoubles", &Dim (477,1)] 
                                                         0

0                                     -8.5490719976427897e-03
1                                     -1.6149654752882405e-02
2                                     -6.4086483182942532e-03
3                                     -9.8898276705524091e-03
4                                      2.1781200698114216e-02
5                                     -4.0970068700162555e-03
6                                      2.6955340172391557e-02
7                                     -1.4741411727060805e-02
8                                     -1.6459522623502504e-02
9                                      1.2822399989829798e-02
10                                     1.2074187439883454e-03
11                                     2.3499838364796820e-02
12                                    -1.7774885007493243e-02
13                                     9.8374559017113186e-03
14                                    -1.3613225775981910e-02
15                                    -6.0912149534755530e-03
16                                    -3.6378563447551559e-03
17                                    -5.7700997169896082e-03
18                                     7.2483160135492341e-03
19                                     2.1024568072100422e-03
20                                    -1.3219557536836820e-02
21                                    -7.1429386595975031e-03
22                                     6.6504429479676379e-03
23                                    -2.4755859028642215e-03
24                                     1.4882588484302902e-02
25                                    -9.6243448966107439e-03
26                                     9.0619055496600938e-03
27                                    -1.5994899882098977e-02
28                                     5.3034216190076264e-03
29                                    -9.7465166182343788e-03
30                                    -6.2673589858732604e-03
31                                    -1.7004435283071544e-02
32                                     6.0942317358101961e-03
33                                    -5.4359313406206027e-03
34                                    -7.9987897572218053e-03
35                                     8.0319046341384495e-03
36                                     1.3928300378497065e-02
37                                    -1.5210415142220823e-02
38                                     4.9569573232121121e-03
39                                     2.6671711810230102e-02
40                                     8.8128682209648885e-03
41                                    -2.4982371064953320e-03
42                                    -1.5941278360946231e-02
43                                     9.0288960495008234e-03
44                                    -3.3075437652509763e-03
45                                    -6.3621171538934167e-03
46                                    -6.3560137856783086e-03
47                                    -3.4109164093269588e-04
48                                     1.9724572152279413e-03
49                                     9.1996812626248693e-03
50                                    -5.2031158024043768e-03
51                                    -8.2353247906454558e-03
52                                     1.6247689630992264e-03
53                                     4.0444658405298485e-03
54                                    -1.8727121713101393e-02
55                                     1.1663304503155995e-02
56                                     8.0386089824633737e-03
57                                    -4.8410747332479024e-03
58                                     8.9791386814418498e-04
59                                    -4.3540366358576499e-03
60                                     6.0656220138127475e-03
61                                     8.9789988582327507e-03
62                                    -9.5611195576701564e-03
63                                     1.7801495999284208e-02
64                                    -9.6532362336734685e-03
65                                    -6.2640347093485191e-03
66                                    -1.3852014673793444e-03
67                                    -5.0604817107675329e-04
68                                    -4.9837377485851949e-03
69                                    -5.6253107068674315e-03
70                                    -1.2703506116007377e-03
71                                     1.0435786995422837e-02
72                                     2.3159760975550651e-03
73                                    -2.6867701446425139e-03
74                                     1.6121155718964601e-02
75                                    -1.4609490208539274e-02
76                                    -2.3604683449501604e-02
77                                     1.6848412033983347e-02
78                                    -8.1013451709737432e-03
79                                     4.2428028902205331e-03
80                                    -7.5086679541369770e-03
81                                     5.3118569847603794e-03
82                                     1.2613948962977141e-03
83                                    -4.4914993364375587e-03
84                                    -1.7857756692529903e-03
85                                    -7.4671002714991773e-03
86                                    -7.7209082738258759e-04
87                                     2.1432551433833622e-03
88                                    -5.7280482138768636e-03
89                                    -5.8567160795591948e-03
90                                    -1.7362046126998144e-02
91                                     2.6899781605074936e-03
92                                     1.9815603808052286e-02
93                                     2.2494986640887275e-03
94                                    -1.0323073210022843e-03
95                                    -9.2485972146679613e-03
96                                     3.5174547376393161e-03
97                                     9.4763648607862124e-03
98                                    -1.7679226339703186e-03
99                                    -2.6718484083652870e-03
100                                   -6.0155788264633341e-03
101                                   -4.3935506460014134e-03
102                                    4.3878280355400387e-03
103                                    7.1323552899476891e-03
104                                   -4.6596112540820134e-03
105                                    5.9095325060841775e-03
106                                   -4.6559710983501328e-03
107                                    7.9384060500441306e-03
108                                   -8.3513702482816091e-03
109                                   -4.3185023415094927e-03
110                                    8.8276246802596026e-04
111                                    8.5675888910102457e-03
112                                   -2.1864641792364286e-03
113                                    2.9678182554023587e-03
114                                   -5.6873461854018391e-06
115                                    1.2146839102288188e-03
116                                    4.0392025118754834e-03
117                                    6.7496788748741630e-03
118                                   -5.6744043935920288e-03
119                                    9.1592505347006664e-03
120                                   -6.3664335760901629e-03
121                                    2.1074102148138955e-04
122                                    3.7152035229134576e-03
123                                    2.1279224693982230e-03
124                                    7.8453382139879839e-03
125                                   -1.3756256949625303e-03
126                                   -2.0452617008494974e-03
127                                    5.8158852809650767e-04
128                                    5.3850478610190629e-03
129                                   -5.6806327161691543e-04
130                                    1.5383234087782761e-03
131                                    4.0472259737032784e-04
132                                    9.2956994676039011e-03
133                                    1.1378415804336713e-02
134                                    7.1308509739989772e-03
135                                   -2.6804282743240790e-03
136                                   -1.9492621073449283e-03
137                                   -6.2271360565342923e-03
138                                    1.7665217479096915e-03
139                                   -2.9107420233356286e-03
140                                    2.2979009667036922e-03
141                                   -6.3832307139470206e-03
142                                   -1.6774329743216121e-03
143                                   -5.7820449120918214e-03
144                                    1.0717174082901380e-02
145                                    5.4467411634790469e-03
146                                    6.1353178499875842e-03
147                                   -3.2309653328590183e-03
148                                   -8.0825514175279240e-03
149                                   -1.4620466226728168e-03
150                                    2.5744975705490206e-03
151                                    5.6033891833394333e-03
152                                   -6.8196898527032824e-03
153                                   -1.7968144032868415e-03
154                                    2.2239807973664691e-02
155                                   -5.1799421465117141e-03
156                                    5.2252291726607081e-04
157                                   -9.9087980671716210e-04
158                                   -2.3931494140975505e-04
159                                   -3.2049129064119631e-03
160                                    5.4603682524676563e-03
161                                    2.2389431998779612e-03
162                                   -8.6092441811841012e-04
163                                   -6.6670542689960350e-03
164                                   -6.5113772638876995e-03
165                                    2.4047614127032349e-03
166                                    6.7451325352363371e-03
167                                    4.5694180502846562e-03
168                                   -5.5482958833378464e-03
169                                   -1.7298959917462818e-03
170                                   -1.5876818805825752e-03
171                                    1.0488162950184845e-02
172                                    6.7295410962844538e-03
173                                    7.3958548556446501e-03
174                                   -4.2683036941601200e-04
175                                    2.4211907503575989e-04
176                                   -1.9272805152109585e-04
177                                   -8.5753048156067425e-03
178                                   -3.8492165274517146e-03
179                                    5.3060532603377859e-03
180                                   -9.8529973180092843e-03
181                                   -3.6102634206562957e-03
182                                   -5.8970927389575926e-03
183                                   -1.4019659453635691e-03
184                                   -4.3484473615391641e-03
185                                   -1.9251731573349168e-02
186                                    1.0227110474260990e-03
187                                    1.2307722718942694e-02
188                                    4.9204740969820511e-03
189                                   -1.2439176468403900e-03
190                                    9.8700744057776050e-04
191                                   -2.4591275610184593e-03
192                                    2.8087224745145752e-03
193                                    5.9742650836449480e-03
194                                    4.3969560093696132e-03
195                                    7.1076729175889213e-03
196                                   -3.7622220046635239e-03
197                                   -5.3623529770805197e-03
198                                    3.1357049061420212e-03
199                                   -5.0632816748436894e-05
200                                    5.0723754873348067e-03
201                                    7.0205867176098358e-03
202                                   -9.8501572056166665e-04
203                                    7.4432423681010966e-03
204                                   -1.1356035793254156e-03
205                                   -2.9573160845673381e-03
206                                    2.5760189864529022e-03
207                                   -1.0414756167268630e-02
208                                    8.2161570326450602e-03
209                                    1.2862202778162457e-03
210                                   -2.0131124649093624e-03
211                                   -1.4010279130240551e-02
212                                   -9.3430610957057568e-04
213                                   -6.5730901245679343e-03
214                                    1.7442041161281154e-02
215                                   -1.5257633073318528e-03
216                                    7.1594380051068669e-03
217                                    9.9057049473135587e-03
218                                   -3.9395740449605938e-03
219                                    2.2720870338105111e-03
220                                   -2.2690200877763939e-03
221                                   -2.4608964902765422e-03
222                                    9.3643229482572282e-04
223                                   -2.0017086790868697e-03
224                                    7.0002416850073641e-03
225                                    2.4367210450633534e-04
226                                    1.3697638672581318e-04
227                                   -5.2788829913488137e-04
228                                   -4.3237177932321292e-04
229                                   -4.3462121002039132e-04
230                                   -2.8889358520935177e-03
231                                    1.0527045949228967e-02
232                                   -1.1893346975286084e-02
233                                    3.2076744187352498e-05
234                                   -1.9042314868765123e-03
235                                   -6.5556990896937983e-03
236                                    3.6971800253592095e-03
237                                    1.5967469207064135e-02
238                                    1.7197261111621766e-02
239                                   -3.9479272075645475e-03
240                                   -7.4879726411422563e-03
241                                    1.5238096742907303e-02
242                                    3.6123900079962747e-03
243                                    4.4557989083937087e-03
244                                   -6.6898270487532373e-03
245                                    2.7265808708138361e-03
246                                    1.7849658930177956e-02
247                                   -4.1729333371711844e-03
248                                   -2.7568053655249187e-03
249                                   -4.0305586700385178e-03
250                                   -1.4601764524804399e-02
251                                    3.6557306073539460e-03
252                                   -5.9138905395316743e-03
253                                   -4.9352212544505267e-03
254                                   -4.3691680050065140e-03
255                                    6.8175504968742843e-03
256                                   -4.7543034551980941e-03
257                                    6.6307836026118974e-03
258                                   -3.4915503069435213e-03
259                                    3.5399664068569525e-03
260                                   -7.6319566644183767e-03
261                                   -1.4735668091968513e-02
262                                    2.7641757391179324e-03
263                                   -1.2452578088279700e-02
264                                    2.8705850420459641e-03
265                                   -4.5022325544101186e-03
266                                    1.0330416169328433e-02
267                                    4.1929379580403839e-03
268                                    1.6238934780834786e-06
269                                    2.5250266817770779e-02
270                                    6.7977766511725761e-03
271                                    7.4202924116087612e-03
272                                   -7.2424107083419141e-03
273                                   -3.8620906848168294e-03
274                                    2.8825590046797469e-03
275                                    1.5241451174601170e-02
276                                   -5.1850248842755901e-03
277                                   -1.1554991713810317e-03
278                                   -6.9747829815459302e-03
279                                    2.5960470509780323e-03
280                                   -1.1681643571835730e-03
281                                   -7.6235251473487321e-03
282                                   -3.0857088327098030e-03
283                                   -3.5946137373225372e-03
284                                   -1.0923484105950789e-02
285                                   -9.6991928761874773e-03
286                                   -6.7422934505821080e-03
287                                    4.6539498952723407e-03
288                                    3.3052458684542348e-03
289                                   -5.7752881328750390e-03
290                                   -1.8062723619072943e-03
291                                    3.8978702109659768e-03
292                                    6.8197567234751771e-03
293                                    2.4684894885457242e-04
294                                    1.9873248796064935e-03
295                                    1.1883203954936809e-03
296                                   -9.7047534187323613e-03
297                                    1.6367292926667489e-03
298                                   -1.2288608870562852e-03
299                                    8.2318799920565299e-03
300                                   -7.2409937786785568e-05
301                                    5.8669233868363872e-03
302                                    2.5992279810690078e-02
303                                    2.5446995987047187e-03
304                                    1.6738499917468591e-02
305                                   -1.1388201651132350e-02
306                                   -6.8605510926866365e-03
307                                   -7.9860208920053861e-03
308                                   -1.8565734698003870e-02
309                                   -8.9301527889648109e-05
310                                   -2.0148369770831053e-03
311                                   -1.9548503115651272e-04
312                                   -3.7333474579431705e-03
313                                   -4.2530836553717945e-03
314                                    8.7304554884677459e-04
315                                    4.9243046912144442e-03
316                                   -2.1605980082759473e-03
317                                   -6.5491991022158993e-03
318                                   -7.0062709068898534e-03
319                                   -4.0313653596902167e-04
320                                   -2.0174780400269564e-04
321                                    5.0402764684699579e-03
322                                    2.5983341450157176e-03
323                                    5.8731903398088342e-03
324                                    7.6146238725995660e-04
325                                   -1.0151201461692034e-02
326                                   -2.0444990101042742e-03
327                                   -2.1568053206762944e-02
328                                   -1.0561703839225162e-02
329                                   -1.2738684929684538e-02
330                                    1.9603253743303545e-02
331                                    1.0465282387386773e-02
332                                   -9.1600031084556575e-03
333                                    1.5775253915573485e-02
334                                   -1.3270439174437201e-02
335                                   -1.3633634643435409e-02
336                                   -1.3728965378045794e-02
337                                    1.7231398589118631e-02
338                                    1.7415059579512102e-02
339                                    1.6702847574548074e-03
340                                   -1.1933336487712928e-02
341                                   -7.0357933320351670e-03
342                                    7.3596669443573223e-03
343                                    8.1384322953551615e-03
344                                    8.8387768540996239e-03
345                                    6.3001011612547585e-04
346                                   -1.1906123251239442e-03
347                                    2.1782089925377972e-03
348                                   -2.5758772568720157e-03
349                                   -5.4284434455621668e-03
350                                    7.3459711323920927e-03
351                                   -1.5091938927638048e-03
352                                   -5.7960110379864319e-03
353                                    8.2326091981807775e-03
354                                   -4.7284056793282219e-03
355                                    8.7173380741454257e-03
356                                   -5.3718305756679059e-03
357                                    4.3044540233756669e-03
358                                   -2.6199007139805490e-02
359                                    9.4977645914612070e-03
360                                    1.7873223807551790e-02
361                                   -1.7970255340547109e-02
362                                   -1.6349660477974561e-02
363                                   -1.3259591554568885e-02
364                                    1.1801575818917401e-02
365                                    4.5371330933644460e-03
366                                   -1.1336959580558199e-02
367                                    1.4552024486535697e-02
368                                    1.6961990190209445e-02
369                                    3.5270261009363243e-03
370                                   -3.3851330010315635e-03
371                                   -7.8085554391061846e-03
372                                   -6.3758615419760830e-03
373                                    6.4454275913820034e-04
374                                   -5.7444023838582698e-04
375                                   -8.7537845797348839e-03
376                                    1.4215147999400610e-02
377                                    2.3179192583375027e-03
378                                    6.0410755945579687e-03
379                                    3.9406198481865082e-03
380                                   -3.9727108758880374e-03
381                                    7.1736981560993974e-03
382                                   -1.3561086023649342e-03
383                                    2.5115090594701470e-03
384                                    1.9325784320947707e-03
385                                    3.8345267977947933e-03
386                                   -7.3337161520632115e-03
387                                   -2.1098709033940597e-02
388                                    3.2047715829889301e-03
389                                    9.1246923091262699e-03
390                                   -1.4022486410112259e-02
391                                    2.1766354981946770e-03
392                                   -2.9985827577257651e-02
393                                   -1.3705028865108354e-02
394                                    1.0286039538976019e-02
395                                    2.2065915325135185e-04
396                                    1.9684869161731802e-02
397                                   -1.2070734429679885e-02
398                                    1.0458879232439907e-02
399                                    1.0056773876287055e-02
400                                    4.9193118952236201e-03
401                                    3.6187768142035229e-03
402                                    7.1624401817291542e-03
403                                   -6.1166159040866898e-03
404                                   -5.8688402620161745e-04
405                                   -9.1341962491657406e-04
406                                   -2.3204031083538549e-03
407                                    6.9281487661234124e-05
408                                    6.7380145802929323e-03
409                                    3.3204218971385480e-03
410                                   -3.8794228397538832e-03
411                                    1.0881097649109854e-02
412                                   -5.4004215546083895e-03
413                                    4.4365229646436645e-03
414                                   -6.6902898636097240e-03
415                                    6.3785293239364679e-03
416                                    3.2279845015449659e-03
417                                    5.7295657518836576e-03
418                                    3.3708975144673098e-03
419                                   -4.4871317395111443e-03
420                                   -2.4736194617212617e-02
421                                   -8.2907689442642376e-04
422                                   -3.0694480294761413e-02
423                                    1.3765146087844972e-02
424                                    2.1969923170098403e-03
425                                    8.1679148506560387e-03
426                                    1.9853071187499554e-02
427                                   -1.4576460156580909e-03
428                                    2.6125534250418393e-02
429                                    4.9036398377515465e-03
430                                   -3.7750836336575256e-03
431                                    7.9143697059478792e-03
432                                    9.5819664410072244e-04
433                                    3.5266852628695893e-03
434                                   -5.9822165563745621e-03
435                                   -2.2866723028621867e-03
436                                   -7.5477323583510846e-03
437                                    7.0366437357985748e-04
438                                   -6.3405572356439906e-03
439                                    5.7488196015926208e-03
440                                   -3.2857531123468803e-03
441                                   -2.9524416990682348e-03
442                                   -2.7494154237360673e-03
443                                    1.2144380655483799e-02
444                                   -2.1673709639609363e-03
445                                   -3.7525139675537661e-03
446                                   -5.0146111505485090e-03
447                                   -4.1533602347130546e-03
448                                   -1.7047338572152460e-02
449                                    1.0456652251770782e-02
450                                    1.9726733243580492e-02
451                                    8.7981251377783690e-03
452                                   -4.2221468417010972e-03
453                                    1.2427899574897025e-02
454                                   -3.2231789739934303e-03
455                                    9.7109910706804411e-04
456                                   -1.6934712382189600e-02
457                                    2.0535878905902352e-03
458                                   -5.7173726321535744e-03
459                                   -6.9401503432340609e-03
460                                    1.3615687586208595e-02
461                                   -1.0791642789287325e-02
462                                   -7.6450146550127273e-04
463                                    7.7755586780493104e-03
464                                    1.2421704493845347e-02
465                                    4.2855017844907889e-03
466                                   -8.0212455292509779e-03
467                                   -2.2648849352761768e-03
468                                   -6.8834007967279762e-04
469                                   -4.0458224144071910e-03
470                                   -2.2599255681538103e-03
471                                   -2.4454208736896564e-03
472                                   -1.3511872345366117e-03
473                                   -7.5576284326873263e-03
474                                   -5.6009313067101035e-03
475                                    4.0807883167551821e-03
476                                    6.5562007770589101e-03
   &Method [&Type "String"] "SCF"
   &Level [&Type "String"] "Relaxed density"
   &Mult [&Type "Integer"] 1
   &State [&Type "Integer"] 0
   &Irrep [&Type "Integer"] 0
$End
$Geometry
   &GeometryIndex 7
   &NAtoms [&Type "Integer"] 159
   &NCorelessECP [&Type "Integer"] 0
   &NGhostAtoms [&Type "Integer"] 0
   &CartesianCoordinates [&Type "Coordinates", &Dim(159,4), &Units "Bohr"] 
              C     78.382942648434  -50.409850746640    2.114944105043
              C     76.685646724981  -52.440931263413    0.948486394578
              C     74.719136664725  -51.427817806633   -0.818936690369
              N     75.567357927460  -49.623904744783   -2.455827676881
              C     78.215079089842  -48.878868002816   -2.408746594462
              C     78.935620063659  -48.186378923887    0.292175069127
              C     73.808641366862  -48.355469621109   -4.084789870991
              C     71.984977361799  -49.666453096896   -5.458140892320
              C     70.249876187259  -48.347698027011   -6.895603713943
              C     70.108440551089  -45.698702645535   -6.866025649321
              C     71.798423503278  -44.417012234288   -5.293308164968
              C     73.627284034805  -45.738745567629   -3.956374605683
              N     68.225933563525  -44.442206019640   -8.265192006118
              C     65.555656817711  -45.129567414120   -7.940278539608
              C     64.072579887184  -43.066391674538   -6.512951352389
              C     64.352469305664  -40.725768599494   -8.022398926443
              C     66.336783433767  -40.603705562773   -9.732765806896
              C     68.614565259016  -42.210932350073   -9.612027354951
              O     72.444702106367  -51.899852474500   -0.585299331660
              O     70.640832941623  -41.565087122825  -10.519515133990
              C     63.090136406733  -38.383854644103   -8.283495509343
              N     64.182729223832  -37.011117137963  -10.110172557978
              N     66.132533358295  -38.345094844430  -10.985287093430
              C     66.989561698545  -37.708717250009  -13.446230785871
              C     60.736475763317  -37.490093009312   -6.946110007593
              N     59.949252190273  -35.167873751969   -7.672040354005
              O     59.573079352535  -38.882362752599   -5.472520766754
              C     67.433429263687  -35.198176861588  -14.099546846552
              C     67.941277475747  -34.583593507500  -16.591287323925
              C     68.117827879245  -36.468896159757  -18.434252923033
              C     67.495215788980  -38.955406032696  -17.786346951967
              C     67.012075535161  -39.574151913493  -15.291157733292
              O     68.890659707236  -35.684879574020  -20.780500592964
              C     70.339164384744  -37.474000521103  -22.199992944524
              H     77.438626792673  -49.566265746899    3.750671758542
              H     80.125542744875  -51.278615915909    2.847023482718
              H     77.772368354478  -53.874211462908   -0.098311518299
              H     75.783730482739  -53.531880559868    2.452491740824
              H     79.416890655164  -50.462287931878   -3.023388141712
              H     78.584792183009  -47.312886568384   -3.685252684327
              H     80.927819137146  -47.651491034761    0.415705294126
              H     77.882025289190  -46.476772736105    0.829137150280
              H     71.878374667425  -51.706260044707   -5.316843464548
              H     68.880918171044  -49.388589153662   -8.017002737264
              H     71.831872484083  -42.370076903702   -5.065068729772
              H     74.965848927230  -44.661252295340   -2.841907414077
              H     64.703440215189  -45.409398969844   -9.813915831719
              H     65.374801240560  -46.945650020555   -6.980848752648
              H     62.107555923721  -43.560041846909   -6.205930946508
              H     64.903511113249  -42.957550525234   -4.615205761232
              H     61.040433506173  -34.249077176681   -8.960704599509
              H     58.742131820167  -33.949824966681   -6.753096510408
              H     67.310267320379  -33.738300711441  -12.666561739004
              H     68.233767249792  -32.613275232603  -17.099963687778
              H     67.565587665713  -40.453778634351  -19.202579312457
              H     66.546771417023  -41.479624616442  -14.710554569720
              H     71.777568511793  -38.353148702682  -20.998097907079
              H     69.179047360591  -38.991614950324  -22.971278983616
              H     71.211941656450  -36.419304042586  -23.741403130208
              C     57.438467187987  -46.458347364608   -6.293352772811
              S     57.761256647192  -45.063674832627   -9.507745449837
              C     54.591815815563  -43.727411726797   -9.838960617003
              O     57.914963131671  -47.246986806448  -11.377734436543
              H     58.169848752495  -45.024158580258   -5.000231906772
              H     55.515800342852  -46.963149857305   -5.748767977133
              H     58.726787585331  -48.076731331656   -6.389368605209
              H     54.112205963268  -42.836032597976   -8.027075845136
              H     54.760917759099  -42.256354546965  -11.266063082863
              H     53.265304002024  -45.242054349658  -10.304356185586
              C     62.660997708366  -54.877071698233   -4.887200158503
              S     61.883044360054  -57.352574558055   -7.281452554555
              C     59.696596826826  -55.222487260373   -9.095437452023
              O     60.296605361129  -59.292802051283   -5.897743566880
              H     63.078380024554  -53.100075952054   -5.850308892571
              H     61.099939734055  -54.757174747790   -3.533747662276
              H     64.364196879885  -55.510595753841   -3.902600212086
              H     58.036365868513  -56.324022612176   -9.630641726713
              H     59.279038466215  -53.689412162295   -7.815629338236
              H     60.691677969341  -54.592398219733  -10.783829093678
              C     67.907550399828  -51.829270250475    2.171888059343
              S     67.751531939279  -49.150044463826   -0.124049716751
              C     69.961726832916  -47.216273695498    1.685410698498
              O     65.129438443502  -48.014551770354    0.211228327272
              H     69.284578481864  -53.340456737751    1.795984174206
              H     68.086221814844  -51.109442610145    4.095684215736
              H     66.052806520792  -52.752092090452    2.122941343870
              H     69.154309316835  -46.966231776443    3.565342152651
              H     71.675556043023  -48.329471595155    1.557399638214
              H     70.241110099478  -45.365851622128    0.831861708413
              C     58.561096732448  -45.898922497999  -17.059618423735
              S     59.944489769623  -42.664890103305  -16.784124454203
              C     62.250478799946  -43.011528029969  -19.345850488051
              O     61.444691261395  -42.523359375396  -14.340261809757
              H     57.478676338369  -45.841020347445  -18.842520166407
              H     60.028674102221  -47.327462181117  -17.367518862973
              H     57.333647557096  -46.377668172014  -15.445309973504
              H     63.229002800072  -44.839101510217  -19.288430820675
              H     61.290180791824  -42.742111964642  -21.163648601257
              H     63.603143674504  -41.449349542033  -19.223920298748
              C     69.620311206783  -32.669184293362   -1.561347569637
              S     67.788399383804  -29.886540040758   -0.441250307314
              C     68.235284802000  -27.882927074503   -3.333761668302
              O     69.415842805012  -28.710576943198    1.608847613594
              H     69.633382340683  -32.787838507085   -3.625876054752
              H     71.525695581738  -32.384097523375   -0.823751780289
              H     68.877894475790  -34.426903967652   -0.782644187092
              H     70.179496930573  -27.974849808414   -3.998066337517
              H     66.918806548089  -28.525355457851   -4.781238435827
              H     67.731219246673  -25.994952623122   -2.706645748533
              C     65.114235595655  -30.649913454958    7.547499734113
              S     63.971411539065  -30.449068844537    4.338858614480
              C     60.622794686828  -30.497198650318    5.214399287974
              O     64.235114208537  -33.119296775986    3.312682625927
              H     64.441800011657  -28.992839925704    8.545210128168
              H     64.496738661012  -32.331286105548    8.569103238288
              H     67.182683104305  -30.613270474751    7.507107841002
              H     59.843900966958  -28.689352950523    5.856350284483
              H     59.531571465712  -31.281993350795    3.654810571619
              H     60.373267894511  -31.787590840239    6.796730699372
              C     63.505119684309  -42.463756057601    1.252321634584
              S     66.524393209370  -40.768371494661    0.517767383350
              C     65.207588886210  -37.876740377187   -1.105150834575
              O     67.861043780479  -42.118791004149   -1.629111910823
              H     62.967210726028  -41.789745498925    3.120391065751
              H     62.007653095240  -42.015703459968   -0.111124769278
              H     63.856775336908  -44.487180287234    1.317638997734
              H     66.820353875036  -37.295354788846   -2.277328979378
              H     63.720170302213  -38.545485514303   -2.359660539472
              H     64.640054247677  -36.308759282328    0.108507781492
              C     56.859947695332  -41.129735817577    6.779799924421
              S     57.504173934557  -39.066595203611    3.970159183896
              C     59.920788538095  -37.135624340104    5.648218123034
              O     55.212317870699  -37.356249116081    3.787017837785
              H     55.430615746221  -42.491037236014    6.217938551048
              H     58.591400828667  -42.177286068028    7.257518379181
              H     56.195176229283  -39.939354461395    8.326410623408
              H     61.047594381421  -35.956493893125    4.358066577756
              H     59.034939716460  -36.055802375162    7.167092316263
              H     61.234205448273  -38.393690699605    6.628443254928
              C     59.514229045997  -34.473742978198   -0.817658681493
              S     57.561145935708  -31.770228477988   -1.775221468263
              C     54.765212721546  -32.441318229660    0.208401792394
              O     56.893732730383  -32.227034702197   -4.525663320463
              H     61.436990746665  -34.273856417395   -1.540016386580
              H     59.668125103307  -34.335110252614    1.230800235154
              H     58.643138797775  -36.259436727269   -1.420363093322
              H     53.574859231734  -33.807015800660   -0.798648900951
              H     55.147738615775  -33.090753299224    2.152628127794
              H     53.687485102688  -30.675385256593    0.203045694698
              C     56.130101104954  -31.433942673182  -11.715492389246
              S     58.860729725171  -30.035794762481  -13.563747938212
              C     59.012674385605  -32.726416850374  -15.830248557359
              O     61.012350753253  -30.100375311202  -11.678736439095
              H     56.735879306225  -33.325066131366  -11.242353499438
              H     55.828799921981  -30.253284485384  -10.024251230088
              H     54.465624519294  -31.608018853139  -12.927598906268
              H     60.251677960235  -32.297359514062  -17.423235950028
              H     59.531152062171  -34.540431854581  -14.989298385082
              H     57.044120823507  -32.815489759601  -16.484333949748
$End
$SCF_Energy
   &GeometryIndex 7
   &Method [&Type "String"] "SCF"
   &totalEnergy [&Type "ArrayOfDoubles", &Dim (1,1)] "Total energy of each state"
                                                         0

0                                     -7.0735751455165046e+03
   &Mult [&Type "ArrayOfIntegers", &Dim (1,1)] "Multiplicity of each state"
                                                         0

0                                                        1
$End
$DFT_Energy
   &GeometryIndex 7
   &nAlphaEl [&Type "Integer"] 331
   &nBetaEl [&Type "Integer"] 331
   &nTotalEl [&Type "Integer"] 662
   &finalEn [&Type "Double"]      -7.0735751455165046e+03  "No Van der Waals correction"
   &eExchange [&Type "Double"]      -6.6384070933610838e+02
   &eCorr [&Type "Double"]      -2.2418745556134247e+01
   &eXC [&Type "Double"]      -6.8625945489224262e+02
   &eCNL [&Type "Double"]       0.0000000000000000e+00
$End
$SCF_Timings
   &GeometryIndex 7
   &TOTAL [&Type "Double"]       4.0175099999999998e+02
   &PREP [&Type "Double"]       1.2170000000000001e+00
   &FOCK [&Type "Double"]       3.2528600000000006e+02
   &DENS [&Type "Double"]       2.7019999999999982e+00
   &ETOT [&Type "Double"]       8.7899999999999068e-01
   &TRAFO [&Type "Double"]       7.3410000000000082e+00
   &DIIS [&Type "Double"]       2.5649000000000008e+01
   &SOSCF [&Type "Double"]       1.8184999999999945e+01
   &XC [&Type "Double"]       1.7257399999999996e+02
   &FOCKSTART [&Type "Double"]       5.4900000000012872e-01
   &INT_BF [&Type "Double"]       2.9858000000003567e+01
   &INT_DENS [&Type "Double"]       7.1655999999993568e+01
   &INT_DENSIO [&Type "Double"]       7.8093995040000007e+06
   &INT_FUNC [&Type "Double"]       6.3000000000019369e+00
   &INT_POT [&Type "Double"]       5.5421000000001257e+01
   &INT_POTIO [&Type "Double"]       9.7700000000076059e-01
   &INT_SUM [&Type "Double"]       9.0000000000429736e-03
   &SPLITRIJ [&Type "Double"]       1.7198199999999997e+02
$End
$VdW_Correction
   &GeometryIndex 7
   &vdW [&Type "Double"]      -8.4425977995030377e-02
$End
$gCP_Energy
   &GeometryIndex 7
   &gCP_Energy [&Type "Double"]       1.5852570590000001e-01
$End
$Single_Point_Data
   &GeometryIndex 7
   &FinalEnergy [&Type "Double"]      -7.0735010457886001e+03  "Final single point energy"
   &Converged [&Type "Boolean"] true
$End
$SCF_Nuc_Gradient
   &GeometryIndex 7
   &NAtoms [&Type "Integer"] 159
   &gradNorm [&Type "Double"]       1.2740416561396722e-01
   &grad [&Type "ArrayOfDoubles", &Dim (477,1)] 
                                                         0

0                                     -2.1971212778104650e-03
1                                     -1.2574143615433343e-02
2                                     -2.9727531720777291e-03
3                                     -6.1427381112715224e-03
4                                      1.6413429418593643e-02
5                                     -8.8394652702986640e-04
6                                      1.4474850632448735e-02
7                                     -1.7198735635364074e-02
8                                     -1.1887963712509412e-02
9                                      6.3808992955753001e-03
10                                     2.8187798641192089e-03
11                                     1.5574642782305735e-02
12                                    -1.2171048793918393e-02
13                                     6.0201779995894527e-03
14                                    -9.0006037954518236e-03
15                                    -5.0778685287375539e-03
16                                    -1.3564265874318334e-03
17                                    -2.4747549023130273e-03
18                                     8.0921942465252538e-03
19                                    -9.4654014582412876e-04
20                                    -1.1835188950486420e-02
21                                    -5.7432926914641183e-03
22                                     2.3143071333277883e-03
23                                    -7.7428051319342831e-04
24                                     9.1475493352578159e-03
25                                    -4.0684502162475619e-03
26                                     3.5698421654161237e-03
27                                    -8.8900909306227800e-03
28                                     5.3257085364036569e-03
29                                    -4.7960533198875607e-03
30                                    -9.0685627720986321e-03
31                                    -7.2885359122584993e-03
32                                     3.3052424799425218e-03
33                                    -4.2223671459586925e-03
34                                    -3.4530081194763581e-03
35                                     7.6456790815068610e-03
36                                     1.1044891601994249e-02
37                                    -9.7601086793710906e-03
38                                     1.8354940064368337e-03
39                                     1.8414811029323755e-02
40                                     7.5284104995678499e-03
41                                     9.9363527369604519e-05
42                                    -9.7420836409242602e-03
43                                     7.1883731064321006e-03
44                                    -4.9962789810687426e-03
45                                    -5.5282097375550553e-03
46                                    -4.2650399528738241e-03
47                                    -1.0562241422852046e-03
48                                     1.1840890928755843e-03
49                                     3.8320273808814939e-03
50                                    -1.7762588381615345e-03
51                                    -5.6836516565620249e-03
52                                     1.3057635448796359e-03
53                                     3.8139914881067023e-03
54                                    -1.2797249162759304e-02
55                                     1.2914149250263681e-02
56                                     5.4328266949156268e-03
57                                    -2.4763665428608503e-03
58                                     4.8627482859912733e-05
59                                    -3.9976530188843302e-03
60                                     3.8803046278207067e-03
61                                     6.0674385513253175e-03
62                                    -5.5174943247123060e-03
63                                     1.0065453117435822e-02
64                                    -6.2955140281873564e-03
65                                    -1.2500840389026364e-03
66                                     1.3087613274639831e-03
67                                    -1.4396771772790470e-03
68                                    -2.3405845745896976e-03
69                                    -2.3748341875184835e-03
70                                    -7.9988723614577881e-04
71                                     5.3731055058574284e-03
72                                     5.6169268281421984e-03
73                                    -1.1437922302163904e-04
74                                     9.1934800643223933e-03
75                                    -1.1256698814672290e-02
76                                    -1.5927560140517723e-02
77                                     1.2340678421674127e-02
78                                    -8.3453300410051851e-03
79                                    -1.3794099790840220e-04
80                                    -3.8632067339941156e-03
81                                     4.7653835547572581e-03
82                                     1.3021897762347989e-03
83                                    -1.1638888569698732e-03
84                                    -1.7297212906339943e-03
85                                    -3.6714397219931743e-03
86                                    -2.0603474141868859e-03
87                                     2.3560697132181925e-03
88                                    -4.7619898005445398e-03
89                                    -4.1305429250728300e-03
90                                    -1.5196570636802898e-02
91                                     2.9986439639841335e-03
92                                     9.0688231845631358e-03
93                                     2.5983782684186290e-03
94                                    -6.4912025084834729e-04
95                                    -6.9291496142686714e-03
96                                     1.8399687288870406e-03
97                                     4.3534515177164508e-03
98                                    -3.7763728564290994e-04
99                                     1.0295525883787205e-03
100                                   -2.3611783335940610e-04
101                                   -3.5131696592798642e-03
102                                    2.0502129087876272e-03
103                                    5.3871835766130327e-03
104                                   -2.6136527452044148e-03
105                                    2.2871869597881765e-03
106                                   -1.6951535314785563e-03
107                                    4.0778099587469334e-03
108                                   -5.3956718977235503e-03
109                                   -4.3587533263367943e-03
110                                    8.8708763841163123e-04
111                                    5.7603484837309375e-03
112                                   -1.8206497655953340e-03
113                                    1.9765812901325402e-03
114                                    7.0145834623382250e-04
115                                    1.1065701568862977e-04
116                                    2.9962661982909232e-03
117                                    5.0590858485758030e-03
118                                   -2.0108457812151011e-03
119                                    4.4113088575904831e-03
120                                   -2.4946044630396427e-03
121                                    6.9732590412051657e-04
122                                    3.2442909369636993e-03
123                                    1.8608908976203698e-03
124                                    4.1270745041726798e-03
125                                   -8.9602265890582444e-04
126                                   -1.9922830954333102e-03
127                                    4.3787607593333831e-04
128                                    4.1548106713602435e-03
129                                   -6.6043854757710709e-04
130                                    7.7841675181296484e-04
131                                    5.1035504917700913e-04
132                                    7.8008985296760666e-03
133                                    3.6047022239717782e-03
134                                    5.2604139930647496e-03
135                                   -2.6701517558157083e-04
136                                   -1.8420457204105850e-06
137                                   -3.8630102385554042e-03
138                                    3.6077150815176141e-04
139                                   -2.0509791997157332e-03
140                                    1.1039258714248155e-03
141                                   -5.6738485633503321e-03
142                                   -3.4229275488909612e-04
143                                   -5.0929935137860316e-03
144                                    5.6386615642374013e-03
145                                    2.8838626123400919e-03
146                                    5.2313101268581406e-03
147                                   -1.6810504434757046e-03
148                                   -7.0699839587304936e-03
149                                   -8.3761852958010518e-04
150                                   -1.7800154062054558e-03
151                                    2.4997437363800438e-03
152                                   -1.6370470797289899e-03
153                                    1.1725957250108923e-03
154                                    1.8735550358288576e-02
155                                   -7.1916288363464724e-03
156                                    6.0130753397820251e-04
157                                   -4.8264086787752083e-04
158                                    9.2837510047391738e-05
159                                   -2.9466441413375363e-03
160                                    2.6525534429575792e-03
161                                    1.7126560379133661e-03
162                                   -9.9254640293232809e-04
163                                   -3.1771805946039572e-03
164                                   -2.7741564342844117e-03
165                                    1.5331431277805399e-03
166                                    2.8214574944883425e-03
167                                    3.9048106360128178e-03
168                                   -3.0342363866776383e-03
169                                   -1.7576289590207688e-03
170                                   -3.1064243703453391e-04
171                                    4.9086359692004740e-03
172                                    1.6974761989204672e-03
173                                    3.9546703868628477e-03
174                                   -3.1935145684469863e-04
175                                    1.8980368576642916e-04
176                                   -1.8995121288090848e-05
177                                   -4.5992083127391553e-03
178                                   -5.1152532631921098e-03
179                                    5.3589660892132702e-03
180                                   -6.7316060208251396e-03
181                                    6.8376984935416380e-04
182                                   -2.2506030161850059e-04
183                                   -2.2668347261000730e-03
184                                   -4.5986186198510711e-03
185                                   -1.2902948887463871e-02
186                                    2.2520764902884444e-03
187                                    4.2547872766032554e-03
188                                   -1.5413287244944055e-03
189                                   -4.6460399571772465e-04
190                                    4.8768054152396748e-04
191                                   -2.9328111805952510e-03
192                                    1.0503598716960485e-03
193                                    4.3648775654073898e-03
194                                    4.1189974163114559e-03
195                                    3.5104911524743462e-03
196                                    1.3869071378165305e-04
197                                   -4.9255297310219449e-03
198                                    1.7997095315904186e-03
199                                   -2.7689555462788364e-04
200                                    2.6312142418862886e-03
201                                    4.9582227936495749e-03
202                                    1.0107113620599906e-03
203                                    5.1803473036585316e-03
204                                   -4.0256038945319750e-04
205                                   -1.3144899694061928e-03
206                                    2.2643893020344425e-03
207                                   -9.6688918149030554e-03
208                                    7.5735466249202982e-03
209                                    1.6864412144460303e-03
210                                    1.4737552681657121e-03
211                                   -6.2101464414635330e-03
212                                   -2.2910711664435807e-03
213                                   -6.9128789227770656e-03
214                                    1.0764716711721909e-02
215                                   -2.2991596480968724e-03
216                                    2.1865666033652055e-03
217                                    2.1243259992463842e-03
218                                   -1.8733233097298027e-05
219                                    1.5765221210163613e-03
220                                   -2.2497662721509592e-03
221                                   -1.5672871738241676e-03
222                                    1.7224740604934639e-03
223                                   -1.8056869019399933e-03
224                                    4.3425793453707980e-03
225                                    4.5231385262856777e-04
226                                    1.5538248493733451e-04
227                                   -1.1054312591730836e-03
228                                    8.3424216373276846e-05
229                                   -1.6275735971416110e-05
230                                   -2.3411710868441915e-03
231                                    9.4582971215398624e-03
232                                   -7.6426982480155151e-03
233                                    2.3118542908304833e-03
234                                   -5.7805175387172947e-04
235                                   -4.2020169307830655e-03
236                                    1.0497062491155323e-03
237                                    1.5242659023984953e-02
238                                    1.5265696690355999e-02
239                                   -6.1320885457732252e-03
240                                   -2.5959245520422187e-04
241                                    8.3083705644377732e-03
242                                    1.8306743477493471e-03
243                                    1.7161271925175679e-03
244                                   -4.7789426543669820e-03
245                                    3.0438447108311218e-03
246                                    5.9148635677382022e-03
247                                    1.7158308453873983e-04
248                                   -2.5826171746395530e-03
249                                   -1.9217719401034431e-03
250                                   -1.3871900653999120e-02
251                                    3.2524305719715545e-03
252                                   -4.5501008623654365e-03
253                                   -3.1573559951124089e-03
254                                   -9.7593886131451036e-04
255                                    3.1599907571179323e-03
256                                   -4.6383542382160544e-03
257                                    5.3302612080559772e-03
258                                   -4.0351120430359416e-03
259                                    3.1829856631639076e-03
260                                   -4.3851618633956061e-03
261                                   -7.0866862792472981e-03
262                                   -1.3463015053419719e-03
263                                   -1.0768273121886057e-02
264                                    3.1929472964210507e-03
265                                   -6.0656557942721507e-04
266                                    7.7210304816009356e-03
267                                    3.4821023274315640e-03
268                                   -3.9766090904777275e-04
269                                    1.8572931703783421e-02
270                                    2.6114568343755355e-03
271                                    6.9449907620472359e-03
272                                   -9.1927585131136406e-03
273                                   -2.0441910741009813e-03
274                                   -2.1822887557954663e-03
275                                    1.2549151523519214e-02
276                                   -1.3117950761829371e-03
277                                    8.3730422427440507e-05
278                                   -1.4653035928441510e-03
279                                    2.4487402728365871e-03
280                                   -7.4566164977388021e-04
281                                   -4.4812265230222597e-03
282                                   -2.2769102346482700e-03
283                                   -2.2227693843636593e-03
284                                   -8.8379801137441552e-03
285                                   -8.3222866038161879e-03
286                                   -5.9505723744027565e-03
287                                    3.1513616045495160e-03
288                                    1.3322528351334610e-03
289                                   -2.4385977658942207e-03
290                                   -2.1187201213994436e-03
291                                    2.6217326133423781e-03
292                                    5.2738636272300632e-03
293                                   -4.7898021583880012e-04
294                                    2.4919381610091500e-03
295                                    1.7531534456805883e-03
296                                   -6.8650416595613471e-03
297                                   -1.6671348955877962e-03
298                                    6.3903412567448679e-04
299                                    2.4743828161267549e-03
300                                   -2.8607556559741920e-03
301                                    1.0404944690972980e-03
302                                    1.3117898725046196e-02
303                                    2.3065565722094920e-03
304                                    8.6755334281612886e-03
305                                   -8.9070633585766820e-03
306                                    6.7346825494608029e-04
307                                   -1.1062824082119500e-03
308                                   -5.8254450587901067e-03
309                                    6.9623084038720746e-04
310                                   -6.2400183409663389e-04
311                                   -3.9815901777221852e-04
312                                   -2.1610487290706342e-03
313                                   -2.6475968613028072e-03
314                                    1.7529755764735121e-03
315                                    2.8324149115272882e-03
316                                   -4.3201255201552897e-03
317                                   -3.4913412102835048e-03
318                                   -3.1572335240955835e-03
319                                   -8.9464096414914468e-04
320                                   -8.0787947182647888e-04
321                                    1.5401956816148655e-03
322                                    1.3133521068854626e-03
323                                    2.4420319234400847e-03
324                                   -3.2639045370728460e-04
325                                   -4.6899891755614528e-03
326                                    5.5713438496977398e-04
327                                   -1.3608458168915186e-02
328                                   -7.1582222237566977e-03
329                                   -1.0523323958247819e-02
330                                    1.4107069631614276e-02
331                                    9.7271640964876512e-03
332                                   -2.5910424550376074e-03
333                                    1.2894779527787673e-02
334                                   -6.0775262535005571e-03
335                                   -1.4132256080335160e-02
336                                   -1.0161892691970062e-02
337                                    9.8623306524801418e-03
338                                    1.1014986032070288e-02
339                                    5.6151123337918696e-04
340                                   -8.0435535691126079e-03
341                                   -5.0750419828581158e-03
342                                    4.7951622409139532e-03
343                                    4.5972418635031181e-03
344                                    6.8290424093342683e-03
345                                    7.2107579295772645e-04
346                                   -8.5950316959720744e-04
347                                    2.2633037170288295e-03
348                                   -3.0183063315835697e-03
349                                   -3.7565011365854536e-03
350                                    6.7322281027016630e-03
351                                   -2.3067157194986984e-03
352                                   -6.7060953545880365e-03
353                                    4.8757890486236270e-03
354                                   -3.6104806980030162e-03
355                                    4.6289313264669101e-03
356                                   -2.2274753489597075e-03
357                                    1.6145521003788229e-03
358                                   -1.3663098836656028e-02
359                                    3.8036332726910501e-03
360                                    1.0024872604911738e-02
361                                   -1.0159885332450673e-02
362                                   -4.9099445915580494e-03
363                                   -9.1992824149662346e-03
364                                    1.1080072313844632e-02
365                                    4.0943639993733594e-03
366                                   -4.1124273371726545e-03
367                                    6.9866513263868524e-03
368                                    5.1721527656497157e-03
369                                    2.6585500493304728e-03
370                                   -2.2194760428654895e-03
371                                   -4.1063042195843731e-03
372                                   -3.5762481916204419e-03
373                                    1.7258563208600913e-04
374                                    6.5536198934471274e-04
375                                   -6.4938452093560688e-03
376                                    3.8990490884251335e-03
377                                    2.3549428360802203e-03
378                                    3.4289248878964919e-03
379                                    1.7120158012415101e-03
380                                   -1.6552063269471699e-03
381                                    5.3088903979221841e-03
382                                   -1.6038323538199359e-03
383                                    1.0633129986617066e-03
384                                    1.0538544838568989e-03
385                                    4.3588429405656999e-03
386                                   -6.5022643389600109e-03
387                                   -1.0183416053690369e-02
388                                    2.6932667027058594e-03
389                                    8.7419311039164706e-03
390                                   -3.5791942089566636e-03
391                                   -4.4218425897169997e-03
392                                   -1.9722398829439887e-02
393                                   -1.1680861615082482e-02
394                                    9.4777266627105224e-03
395                                   -3.7777834808071487e-03
396                                    5.0160534190788466e-03
397                                   -2.5447264056943303e-03
398                                    5.7881101049376436e-03
399                                    5.2442484367673367e-03
400                                    5.1279175498490171e-04
401                                    1.2919017017269385e-03
402                                    2.6830964374029852e-03
403                                   -3.4203608258222178e-03
404                                   -1.1277397537033319e-03
405                                   -3.7337534714111052e-04
406                                   -8.9649649985677608e-04
407                                   -2.8519365646353045e-04
408                                    6.4182398786783237e-03
409                                    2.1822900903388149e-03
410                                   -2.8661087138690867e-03
411                                    7.9445792401007936e-03
412                                   -4.0072143361073852e-03
413                                    5.1174676434701319e-03
414                                   -3.4801850087472323e-03
415                                    4.5619495818200479e-03
416                                    3.6413013891102202e-03
417                                    3.2701253259118084e-03
418                                    4.9599441568395561e-05
419                                   -6.4650906877260885e-03
420                                   -1.5768494785865859e-02
421                                    9.5246656169885010e-04
422                                   -1.2012365194453690e-02
423                                    1.2771649722843441e-02
424                                   -1.4229126596070924e-03
425                                    8.0625827934894100e-03
426                                    1.3268310400775663e-02
427                                   -3.9855853789268932e-03
428                                    6.6465241462372315e-03
429                                    3.9058382381082679e-03
430                                   -2.9773126939548252e-03
431                                    6.5778474732048941e-03
432                                    1.0864620257258462e-03
433                                    3.7282174259743468e-03
434                                   -1.0212703095460831e-03
435                                   -7.6017474876592032e-04
436                                   -3.3226026043970897e-03
437                                    9.5178063032223131e-04
438                                   -5.3032623851700751e-03
439                                    4.9957234754102282e-03
440                                   -2.4072597287074617e-03
441                                   -3.9851581905974136e-03
442                                   -1.1796034366932644e-03
443                                    8.9535490963757163e-03
444                                   -1.6985345109523456e-03
445                                   -1.8429012063752687e-03
446                                   -3.5557480910464161e-03
447                                   -5.5413587186441491e-03
448                                   -7.4049738207041544e-03
449                                    1.1160150527560555e-02
450                                    1.2193570710163833e-02
451                                    6.5690382579700144e-03
452                                   -9.1942483980269468e-03
453                                    9.4576242825799746e-03
454                                   -1.5869340288810164e-03
455                                    1.1394649103276143e-03
456                                   -8.3945244729492739e-03
457                                    2.7001181522103481e-03
458                                    1.0433274676265526e-03
459                                   -3.4132582704926254e-03
460                                    6.8703929745500608e-03
461                                   -8.2772721321418639e-03
462                                   -8.1512472601441999e-04
463                                    4.4239722786890640e-03
464                                    7.4412082090356130e-03
465                                    2.5740305797628325e-03
466                                   -6.4334622266122342e-03
467                                   -1.7553295235107351e-03
468                                   -1.7979613302864829e-03
469                                   -3.1100192126589754e-03
470                                   -2.3641512772801286e-03
471                                   -2.2732709249888607e-03
472                                   -2.3173389340310699e-03
473                                   -6.2895900963707996e-03
474                                   -3.1032744345349701e-03
475                                    2.8771258273079655e-03
476                                    4.6135789309309869e-03
   &Method [&Type "String"] "SCF"
   &Level [&Type "String"] "Relaxed density"
   &Mult [&Type "Integer"] 1
   &State [&Type "Integer"] 0
   &Irrep [&Type "Integer"] 0
$End
$Geometry
   &GeometryIndex 8
   &NAtoms [&Type "Integer"] 159
   &NCorelessECP [&Type "Integer"] 0
   &NGhostAtoms [&Type "Integer"] 0
   &CartesianCoordinates [&Type "Coordinates", &Dim(159,4), &Units "Bohr"] 
              C     78.579742815938  -50.363825472161    1.780158990520
              C     76.809478721104  -52.416249671492    0.722326760630
              C     74.728601157931  -51.408991686921   -0.951665659534
              N     75.508348809359  -49.642998197116   -2.678409534319
              C     78.181869803040  -48.926849073203   -2.759185892118
              C     79.052935126851  -48.182961590618   -0.108847744336
              C     73.705609442990  -48.361187154958   -4.237472084785
              C     71.856795027069  -49.684176728673   -5.567903991037
              C     70.074889426048  -48.368242680766   -6.966186929345
              C     69.959420352036  -45.729718756830   -6.926255186311
              C     71.705214093499  -44.417961936066   -5.451435627159
              C     73.572988518511  -45.726810250374   -4.152019280003
              N     68.030109808499  -44.470263054483   -8.272153639582
              C     65.352936929784  -45.154311318947   -7.874997776108
              C     63.949220710332  -43.071748526860   -6.438538981706
              C     64.244921482605  -40.742312701009   -7.971189723301
              C     66.222092805033  -40.623760070945   -9.683352172878
              C     68.477587832238  -42.249583853227   -9.590672738664
              O     72.476449598820  -51.891478847830   -0.625958225785
              O     70.539825387835  -41.623794125788  -10.434892988555
              C     62.980973658366  -38.411984749114   -8.243002171987
              N     64.058904073662  -37.026387162506  -10.073256373078
              N     66.027097752771  -38.362849360133  -10.933699344445
              C     66.991432437050  -37.744543431452  -13.370857383936
              C     60.658152952058  -37.503767461371   -6.921644056965
              N     59.895713039942  -35.175458311581   -7.639130283636
              O     59.521116388893  -38.880181878269   -5.404241067073
              C     67.442670941072  -35.234578936775  -14.024964294139
              C     68.095723595141  -34.641641037973  -16.493207646468
              C     68.384877481672  -36.552101831647  -18.296163893646
              C     67.791407641645  -39.040394283711  -17.653281377854
              C     67.166486079157  -39.640646220872  -15.178173911645
              O     69.179485899687  -35.809924733966  -20.643511615237
              C     70.618021041109  -37.599396635116  -22.066702415238
              H     77.727952246822  -49.549919371970    3.482862523385
              H     80.357862368687  -51.236980615578    2.372650133537
              H     77.873563877571  -53.838584703411   -0.361527077955
              H     75.932550512361  -53.477285324460    2.262357882860
              H     79.328732250729  -50.527993335486   -3.433938471931
              H     78.436222970285  -47.380389620462   -4.102837324564
              H     81.057241403212  -47.656701689579   -0.124183289475
              H     78.011154543244  -46.486533171365    0.463776259176
              H     71.794024449407  -51.728863562042   -5.476704990576
              H     68.674675409120  -49.409040457489   -8.046497177886
              H     71.697472546237  -42.379446601124   -5.268548762348
              H     74.954229235390  -44.651564249753   -3.075782191183
              H     64.448754753196  -45.441250432717   -9.725837246665
              H     65.229959658709  -46.947397121768   -6.865971108111
              H     61.968698401085  -43.544806843629   -6.130395419210
              H     64.822186280219  -42.937027623947   -4.560106772887
              H     60.985199961766  -34.252381092794   -8.910374828572
              H     58.692646838147  -33.986125714965   -6.697112639984
              H     67.226409908577  -33.759481530139  -12.617579068486
              H     68.424149603043  -32.688935396171  -17.026484476241
              H     67.945430081179  -40.548319660513  -19.034793622749
              H     66.705328717330  -41.562749399777  -14.631444164723
              H     72.070215059516  -38.481964856054  -20.875951308390
              H     69.426813406603  -39.104416566873  -22.861344055107
              H     71.491050377777  -36.538421956490  -23.603870412546
              C     57.342032803877  -46.352117148165   -6.308788261055
              S     57.841527358179  -45.005418475129   -9.513172254723
              C     54.671854125915  -43.657542585322   -9.972969768027
              O     58.054625836857  -47.244425319333  -11.331964360396
              H     58.001351614282  -44.917748355236   -4.978765848328
              H     55.389037282141  -46.884332870479   -5.906144044749
              H     58.620780397069  -47.969381545026   -6.319020128726
              H     54.111975931868  -42.702854877779   -8.224239196603
              H     54.835505337311  -42.252318573400  -11.473973128924
              H     53.367715312928  -45.190939696429  -10.432638198063
              C     62.496813610225  -54.845199581970   -4.743154415209
              S     61.652413435581  -57.303272092952   -7.107765299178
              C     59.504643143184  -55.155908131208   -8.930374146485
              O     60.023575762321  -59.220105718769   -5.714339332622
              H     62.911648003722  -53.071583940754   -5.711857806626
              H     60.928303762132  -54.685374904302   -3.408968084983
              H     64.197304703974  -55.491045521352   -3.765316839303
              H     57.827477454218  -56.233207182498   -9.455317003925
              H     59.091148933007  -53.582085287681   -7.679351571651
              H     60.503989308650  -54.521320554915  -10.623854024922
              C     67.867440776244  -51.804851179808    2.242982964078
              S     67.710202420305  -49.161489149887   -0.071750919280
              C     70.004519551560  -47.192357601877    1.643900177365
              O     65.089344814827  -47.983785145206    0.289730483810
              H     69.279833214394  -53.273011549050    1.830896587080
              H     68.104010977656  -51.059685656223    4.158742012009
              H     65.998088272363  -52.705118358733    2.203405598409
              H     69.280333942330  -46.926604125949    3.562142656449
              H     71.749585302770  -48.287424722285    1.504320890903
              H     70.223510794357  -45.348372497504    0.735010765577
              C     58.958529774656  -46.026835346212  -17.057564225313
              S     60.299493820753  -42.792295359705  -16.785102495442
              C     62.649265638923  -43.193525015828  -19.313973876443
              O     61.769337875590  -42.606742917536  -14.315626877076
              H     57.912761095928  -46.029370274224  -18.852701154674
              H     60.475293619323  -47.421225568095  -17.220594627567
              H     57.698654602439  -46.460956111844  -15.465204159768
              H     63.635019339817  -45.002793846231  -19.170260858475
              H     61.699291228969  -43.021121716102  -21.148638787853
              H     63.975768959742  -41.610440805284  -19.174034052710
              C     69.521538788345  -32.574339076220   -1.626446673925
              S     67.579089084224  -29.852338134108   -0.606187874644
              C     68.230533505711  -27.863416200666   -3.425025602869
              O     68.991148943880  -28.659417087032    1.616079816204
              H     69.619410657445  -32.695148559728   -3.686514974673
              H     71.393004964616  -32.212858431132   -0.822084031321
              H     68.779480164137  -34.323419721072   -0.817468049453
              H     70.238714485911  -27.923215737160   -3.903092135778
              H     67.058841029346  -28.541978906492   -4.990930390996
              H     67.647872327006  -25.960443664577   -2.874251326464
              C     65.134473172774  -30.544681355450    7.543860039612
              S     63.828537050053  -30.454989031783    4.373337380059
              C     60.493786078303  -30.499859873401    5.325854599593
              O     64.156655181168  -33.131180067202    3.334393991667
              H     64.480740212277  -28.870911991047    8.556206811452
              H     64.542926243952  -32.247301245856    8.557173251016
              H     67.194208472756  -30.495814311180    7.388002978441
              H     59.731332466369  -28.670181383941    5.921399360481
              H     59.417722571253  -31.300429071916    3.754499803183
              H     60.287029612650  -31.802094189813    6.919718075430
              C     63.540080921328  -42.350887798994    1.260679074268
              S     66.539513869475  -40.691262104459    0.501525277488
              C     65.171363244052  -37.850984179123   -1.099515651279
              O     67.834610414389  -42.080224855623   -1.683689748650
              H     62.995395986244  -41.693668045670    3.143240604018
              H     62.063272933746  -41.898104345364   -0.113082941761
              H     63.888207528207  -44.399050713751    1.318556353762
              H     66.756111814590  -37.256435953354   -2.288302620751
              H     63.662688218095  -38.531134231038   -2.332736680125
              H     64.588267790502  -36.293463182812    0.131488425774
              C     56.841346304835  -41.178047976412    6.860222719630
              S     57.509096074774  -39.092095195534    4.119550545108
              C     59.913534318906  -37.170804054876    5.787143730052
              O     55.186398563026  -37.394689736963    3.857920656210
              H     55.400533789678  -42.527322054531    6.251649033518
              H     58.555283857657  -42.222725508695    7.356716534326
              H     56.158095209853  -40.001463233095    8.412373550600
              H     61.012432575423  -35.983589375142    4.487701484373
              H     58.998217165997  -36.087924985787    7.294800528829
              H     61.263693014226  -38.426162817601    6.733132143002
              C     59.437667923591  -34.507050596178   -0.722251573057
              S     57.501553639067  -31.810963829637   -1.691136164029
              C     54.679296395649  -32.516922484712    0.229330976586
              O     56.811655593440  -32.264118984031   -4.468717446370
              H     61.342351607789  -34.281993468595   -1.485228717641
              H     59.597715438990  -34.376084768099    1.335625001112
              H     58.566022575202  -36.274077464746   -1.348482820831
              H     53.545081811241  -33.919940887059   -0.783906838211
              H     55.058829456019  -33.155499774718    2.168179117330
              H     53.589192346413  -30.756431575974    0.241572215318
              C     56.085364618377  -31.392353351858  -11.643643510769
              S     58.799028967661  -29.986396801684  -13.447391076081
              C     58.987708057406  -32.616007108249  -15.760758867071
              O     60.984184032342  -30.089807730059  -11.577831990235
              H     56.689967530239  -33.307928816481  -11.181375967392
              H     55.783062087774  -30.247690404231   -9.947632723634
              H     54.401493420396  -31.501029700841  -12.839134798752
              H     60.266361401727  -32.118537154465  -17.301646576562
              H     59.524838848356  -34.430083760839  -14.926238015030
              H     57.062067854146  -32.745387889209  -16.515035864189
$End
$SCF_Energy
   &GeometryIndex 8
   &Method [&Type "String"] "SCF"
   &totalEnergy [&Type "ArrayOfDoubles", &Dim (1,1)] "Total energy of each state"
                                                         0

0                                     -7.0736088964250521e+03
   &Mult [&Type "ArrayOfIntegers", &Dim (1,1)] "Multiplicity of each state"
                                                         0

0                                                        1
$End
$DFT_Energy
   &GeometryIndex 8
   &nAlphaEl [&Type "Integer"] 331
   &nBetaEl [&Type "Integer"] 331
   &nTotalEl [&Type "Integer"] 662
   &finalEn [&Type "Double"]      -7.0736088964250521e+03  "No Van der Waals correction"
   &eExchange [&Type "Double"]      -6.6377847149140916e+02
   &eCorr [&Type "Double"]      -2.2416181236880092e+01
   &eXC [&Type "Double"]      -6.8619465272828927e+02
   &eCNL [&Type "Double"]       0.0000000000000000e+00
$End
$SCF_Timings
   &GeometryIndex 8
   &TOTAL [&Type "Double"]       4.3729300000000001e+02
   &PREP [&Type "Double"]       1.2769999999999999e+00
   &FOCK [&Type "Double"]       3.5876000000000005e+02
   &DENS [&Type "Double"]       2.9669999999999277e+00
   &ETOT [&Type "Double"]       9.8399999999997334e-01
   &TRAFO [&Type "Double"]       7.2950000000000017e+00
   &DIIS [&Type "Double"]       2.5948000000000000e+01
   &SOSCF [&Type "Double"]       2.0227999999999980e+01
   &XC [&Type "Double"]       1.8793599999999995e+02
   &FOCKSTART [&Type "Double"]       5.5700000000002547e-01
   &INT_BF [&Type "Double"]       3.3708000000003707e+01
   &INT_DENS [&Type "Double"]       7.8896000000000242e+01
   &INT_DENSIO [&Type "Double"]       9.2743223709999975e+06
   &INT_FUNC [&Type "Double"]       7.2540000000017848e+00
   &INT_POT [&Type "Double"]       5.9520999999993812e+01
   &INT_POTIO [&Type "Double"]       1.1159999999999677e+00
   &INT_SUM [&Type "Double"]       9.0000000000358682e-03
   &SPLITRIJ [&Type "Double"]       1.8912400000000002e+02
$End
$VdW_Correction
   &GeometryIndex 8
   &vdW [&Type "Double"]      -8.4542676576471229e-02
$End
$gCP_Energy
   &GeometryIndex 8
   &gCP_Energy [&Type "Double"]       1.5913744210000000e-01
$End
$Single_Point_Data
   &GeometryIndex 8
   &FinalEnergy [&Type "Double"]      -7.0735343016595289e+03  "Final single point energy"
   &Converged [&Type "Boolean"] true
$End
$SCF_Nuc_Gradient
   &GeometryIndex 8
   &NAtoms [&Type "Integer"] 159
   &gradNorm [&Type "Double"]       8.2491632023889552e-02
   &grad [&Type "ArrayOfDoubles", &Dim (477,1)] 
                                                         0

0                                      1.8890720006910374e-03
1                                     -7.0217273807069670e-03
2                                     -4.6111577800800340e-04
3                                     -1.8977526054501734e-03
4                                      1.0358195299712469e-02
5                                      1.1243246012020848e-03
6                                      4.1680386945202579e-03
7                                     -1.6835682372483615e-02
8                                     -5.3031625529172313e-03
9                                      5.7450508349330732e-04
10                                     4.2031372540188225e-03
11                                     7.3439361894206343e-03
12                                    -5.3923713588481317e-03
13                                     2.2118662295341133e-03
14                                    -4.0790581844820208e-03
15                                    -2.7518108073114403e-03
16                                     3.5640015202013958e-04
17                                    -6.2063347173378809e-05
18                                     7.2021972495422198e-03
19                                    -2.4430503648528372e-03
20                                    -8.7434544471012652e-03
21                                    -4.2393135040936503e-03
22                                    -6.5800399199827497e-04
23                                     1.2431650568400945e-03
24                                     4.1145328425068479e-03
25                                     1.3634995084290692e-04
26                                    -1.1794470714887051e-03
27                                    -2.0327928596646531e-03
28                                     4.0382572169625841e-03
29                                    -2.6258642131466819e-04
30                                    -9.6946161432528623e-03
31                                    -8.0546430176707323e-04
32                                     6.4330201514836943e-04
33                                    -2.2223245192965970e-03
34                                    -1.5256693549922895e-04
35                                     5.7740280368752291e-03
36                                     6.0553068074010322e-03
37                                    -4.4809126458415461e-03
38                                    -2.2437464569576915e-04
39                                     9.5147024933186219e-03
40                                     5.5814143355514701e-03
41                                     1.8274967912632900e-03
42                                    -4.0667744418878592e-03
43                                     4.1158186034778660e-03
44                                    -4.5902145656932193e-03
45                                    -3.9500950941797393e-03
46                                    -1.9625816541333557e-03
47                                    -1.5708983133397927e-03
48                                     3.5250837486446057e-04
49                                    -8.3401873162863350e-04
50                                     1.6451413386315210e-03
51                                    -2.5239987303410038e-03
52                                     4.8243321367949434e-04
53                                     9.2245198793325009e-04
54                                    -7.9859569541458758e-03
55                                     1.2655582512852788e-02
56                                     2.2823792529141846e-03
57                                    -5.1374190256478535e-04
58                                    -3.0638322640938746e-04
59                                    -2.1295915788095074e-03
60                                     1.7550187419855961e-03
61                                     3.0933313816157984e-03
62                                    -8.8937061082754415e-04
63                                     2.5388616616852291e-03
64                                    -2.0727265436544118e-03
65                                     1.6986069131032747e-03
66                                     2.5836798067903084e-03
67                                    -6.6761344294155155e-04
68                                     4.7623019121628598e-04
69                                     4.2713530537253085e-04
70                                    -5.9860036998790720e-04
71                                     5.3208809798925962e-04
72                                     6.2989260394239466e-03
73                                     1.2974738413975664e-03
74                                     2.0384258654428970e-03
75                                    -7.0835628619678468e-03
76                                    -1.1596204181299351e-02
77                                     8.8397667129122247e-03
78                                    -6.3288066245170103e-03
79                                    -2.2216844510347215e-03
80                                    -1.3574846686331577e-03
81                                     3.4506201660641717e-03
82                                     9.6689805014784280e-04
83                                     1.2350282321058404e-03
84                                    -1.7895729846916161e-03
85                                    -5.9741802012768549e-04
86                                    -2.1863187180351210e-03
87                                     3.5634776385036569e-03
88                                    -2.5623078361562018e-03
89                                    -1.1630405639410657e-03
90                                    -1.1898660708154176e-02
91                                     2.2192614244010683e-03
92                                    -1.8258665698626638e-04
93                                     2.3563675457717453e-03
94                                    -3.3601417939067878e-04
95                                    -3.1118162613858096e-03
96                                    -4.5956156059170808e-04
97                                    -4.0971060366323288e-04
98                                    -1.3533105364287989e-04
99                                     3.5334816969836511e-03
100                                    2.9496890625314376e-03
101                                   -2.3403161313013507e-03
102                                    5.7941939376656803e-05
103                                    2.6130597542655147e-03
104                                   -8.0760688416814689e-04
105                                   -2.7282298348525437e-04
106                                    4.1875680291888524e-04
107                                    8.2876347879320034e-04
108                                   -2.3323496070707240e-03
109                                   -3.3889690450516104e-03
110                                    1.0819423239062181e-03
111                                    2.3980826430398793e-03
112                                   -1.0855184125235142e-03
113                                    7.4673982974325550e-04
114                                    8.2433946368774521e-04
115                                   -5.2247763443485581e-04
116                                    1.7082689740439817e-03
117                                    2.0369636178992605e-03
118                                    3.2992961694894600e-04
119                                    5.9462924200042822e-04
120                                    2.1784001779064311e-04
121                                    7.3914346651798293e-04
122                                    1.8379560290693333e-03
123                                    1.1218333088069098e-03
124                                    8.1257488328425275e-04
125                                   -2.3875758249614610e-04
126                                   -1.4398976203237441e-03
127                                    2.5293937539663260e-04
128                                    2.1416606311894918e-03
129                                   -6.2254085555546663e-04
130                                    5.3023510246995927e-04
131                                    8.5447463535709748e-04
132                                    5.3870550517972401e-03
133                                   -3.4011052134346598e-04
134                                    3.6109116402688836e-03
135                                    1.3059820837718209e-03
136                                    1.0888303556951726e-03
137                                   -2.1400797464849954e-03
138                                   -5.2752111253078263e-04
139                                   -8.7108394698024545e-04
140                                    1.3992699574629929e-04
141                                   -4.1850511255487350e-03
142                                    2.4529598723006005e-04
143                                   -3.5049658389270082e-03
144                                    1.7013835197981712e-03
145                                    7.0177113301977251e-04
146                                    3.3075795845821203e-03
147                                   -2.4279957751938207e-04
148                                   -5.4939457318459953e-03
149                                   -6.0584028953271710e-04
150                                   -3.9701658142885007e-03
151                                    5.3829820002623406e-04
152                                    1.6004059575138781e-03
153                                    3.3018830410771619e-03
154                                    1.5009869903786756e-02
155                                   -7.9400444875642514e-03
156                                    6.7817584959379987e-04
157                                   -1.1153119280623224e-04
158                                    2.3205700648057677e-04
159                                   -2.0339316878993730e-03
160                                    5.1604001654039985e-04
161                                    9.3399880148010007e-04
162                                   -1.4635720693925870e-03
163                                   -5.8889534681283223e-04
164                                    1.9175403764306497e-04
165                                    8.5672745320423916e-04
166                                   -6.4652459231622351e-05
167                                    2.6385490922572574e-03
168                                   -9.1094982982178690e-04
169                                   -1.2518473807218685e-03
170                                    4.8928129719246730e-04
171                                    6.0617907322773777e-04
172                                   -1.3861061231229177e-03
173                                    9.9627977249781667e-04
174                                   -2.4888227109078173e-04
175                                    1.5417953689670293e-04
176                                    1.4797641643329276e-04
177                                   -3.0549118559634113e-03
178                                   -4.7892725631411082e-03
179                                    5.4244639279299248e-03
180                                   -3.2108242539781616e-03
181                                    3.0126963833113939e-03
182                                    2.8055286971771613e-03
183                                   -2.2300930525210837e-03
184                                   -3.8510059617903598e-03
185                                   -6.5585615575349393e-03
186                                    3.2325317788514081e-03
187                                   -1.2316910754185981e-03
188                                   -4.4772501446388533e-03
189                                    9.4119264386925651e-04
190                                    6.0879450018050613e-05
191                                   -3.0529420971517115e-03
192                                   -1.6112245741406906e-04
193                                    2.4804565075687581e-03
194                                    3.1022937148410521e-03
195                                    1.1061660934449107e-03
196                                    2.3386164168796228e-03
197                                   -4.6540128905307992e-03
198                                    4.1192418815397594e-04
199                                   -6.0039409262226573e-04
200                                    6.3039236117320616e-04
201                                    2.4918480889343023e-03
202                                    2.0269187564969614e-03
203                                    2.7983063915880614e-03
204                                   -4.3853303377919305e-05
205                                    5.0066798772159938e-05
206                                    1.5116686821823795e-03
207                                   -7.4787877314751380e-03
208                                    5.4692069344451011e-03
209                                    1.8057768091738181e-03
210                                    3.4070986615587599e-03
211                                   -4.1572720877172242e-04
212                                   -1.7478667629244912e-03
213                                   -6.4862940452336927e-03
214                                    4.2119620198687131e-03
215                                   -2.6473675732401176e-03
216                                   -9.7792531799745534e-04
217                                   -2.5946085976345959e-03
218                                    1.9929898326565398e-03
219                                    3.6636836385814191e-04
220                                   -2.0582404537988902e-03
221                                   -8.0772986503566742e-04
222                                    1.6450282995610160e-03
223                                   -1.3611291791845394e-03
224                                    1.7703997192499705e-03
225                                    6.7480918810230799e-04
226                                    2.5859229045833428e-04
227                                   -1.6392294627582858e-03
228                                    2.7221093089077500e-04
229                                    4.3991253388848213e-04
230                                   -1.6397031688196980e-03
231                                    8.0763356353753223e-03
232                                   -3.6825562739393617e-03
233                                    3.2800192271197136e-03
234                                    2.7128843242536690e-04
235                                   -1.8482665070730141e-03
236                                   -5.4150628110661127e-04
237                                    1.1508211127707384e-02
238                                    1.1092174695373019e-02
239                                   -7.0419543709083522e-03
240                                    2.9174486666815793e-03
241                                    1.8065423188669968e-03
242                                    9.2503923599646098e-04
243                                    2.1999648656169732e-04
244                                   -2.5058435348275466e-03
245                                    2.7608707741336009e-03
246                                   -1.7867730849019806e-03
247                                    2.6123008794227513e-03
248                                   -2.4855577056261315e-03
249                                    2.6594601935531550e-04
250                                   -1.1300674985588094e-02
251                                    2.6011376543175519e-03
252                                   -2.6781287047781240e-03
253                                   -1.5192545619449524e-03
254                                    1.1525607663385468e-03
255                                    2.2153763069322589e-04
256                                   -3.2843536288311875e-03
257                                    3.9010422252584620e-03
258                                   -3.4310094751916907e-03
259                                    2.3310324075518120e-03
260                                   -1.6351546596477052e-03
261                                   -8.7432365203475668e-04
262                                   -3.8301770478242508e-03
263                                   -8.0821501097381870e-03
264                                    3.3396872209250526e-03
265                                    2.5294562450681197e-03
266                                    5.2088734292997738e-03
267                                    2.2778728143821037e-03
268                                   -8.6435827751843463e-04
269                                    1.1430762638243424e-02
270                                   -5.7329090704912337e-05
271                                    4.9957744077409084e-03
272                                   -8.4577794871336948e-03
273                                    2.3451638497229009e-04
274                                   -4.9268583458068685e-03
275                                    8.7005896656109742e-03
276                                    9.5815472785388525e-04
277                                    1.4147495416841416e-03
278                                    1.6248834754428419e-03
279                                    1.5473700695153932e-03
280                                   -5.7815002408671259e-06
281                                   -1.5410615701938132e-03
282                                   -1.0901576773193649e-03
283                                   -6.9832051313473273e-04
284                                   -5.9044759323286468e-03
285                                   -6.1037241657400914e-03
286                                   -4.4224167877179900e-03
287                                    1.1949731393010726e-03
288                                   -3.0639870425761614e-04
289                                   -2.0689893438168537e-04
290                                   -2.4009707830755459e-03
291                                    1.2588491415516192e-03
292                                    3.2293030134462959e-03
293                                   -7.6680563638589121e-04
294                                    2.4372075200373351e-03
295                                    1.9761186916447278e-03
296                                   -3.5360899813531872e-03
297                                   -4.3141862410536269e-03
298                                    5.8989274503966349e-04
299                                   -2.9812932902615846e-03
300                                   -1.2999367042729486e-03
301                                   -1.6979551569529820e-03
302                                    2.4652654837005270e-03
303                                    1.4238149520899941e-03
304                                    1.7633363649284263e-03
305                                   -5.0166803333452177e-03
306                                    3.0432604427877282e-03
307                                    3.1405064611418651e-03
308                                    3.0643442475432846e-03
309                                    1.6432637235312510e-03
310                                    1.0517846642836030e-03
311                                   -2.2061858134508525e-04
312                                   -9.0915392264662533e-04
313                                   -1.0965329880174739e-03
314                                    2.2442727264929741e-03
315                                    8.4128400224903915e-04
316                                   -4.2739113387341432e-03
317                                   -6.7873413760546485e-04
318                                   -2.9839057074196079e-04
319                                   -1.2158858354099369e-03
320                                   -6.8759405939574714e-04
321                                   -8.1767745361508999e-04
322                                    1.0891995070304877e-04
323                                   -2.4091925796866924e-04
324                                   -9.5233602798383413e-04
325                                   -5.2381579369698266e-04
326                                    1.7044754663373017e-03
327                                   -5.1298022775105043e-03
328                                   -4.3397739542779916e-03
329                                   -7.3674160262141098e-03
330                                    7.5203120218170598e-03
331                                    6.0839116106053519e-03
332                                    3.7492718857465752e-03
333                                    8.1445385492421845e-03
334                                    1.8448934603004961e-03
335                                   -1.2495264795916308e-02
336                                   -5.8483882716460203e-03
337                                    2.8252884979265975e-03
338                                    3.6638191256309354e-03
339                                   -5.5475180070967427e-04
340                                   -3.0433434642961107e-03
341                                   -1.8456817756796389e-03
342                                    2.0554170989223338e-03
343                                    1.6626855532206786e-03
344                                    3.8974698801603688e-03
345                                    4.6114493504351758e-04
346                                   -4.1503744756498653e-04
347                                    1.8999091971950480e-03
348                                   -3.1421133744362470e-03
349                                   -2.3062693304119067e-03
350                                    5.1249689071172378e-03
351                                   -1.6576446694973460e-03
352                                   -6.7900335435592315e-03
353                                    1.6694342539988194e-03
354                                   -1.6718977038356177e-03
355                                    6.2404208350239727e-04
356                                    1.1390040827101943e-04
357                                    4.3578095518237832e-04
358                                   -2.6610778193890037e-03
359                                   -1.2354645448484480e-03
360                                    4.0187281722459632e-03
361                                   -3.1194380279267872e-03
362                                    3.0544253583824738e-03
363                                   -5.7282559482457274e-03
364                                    7.8139851250267969e-03
365                                    3.8399658163822685e-03
366                                    5.9134417400223986e-04
367                                    9.4341669682094652e-04
368                                   -3.6129251826446519e-03
369                                    1.8425360608987633e-03
370                                   -1.7152557311333034e-03
371                                   -7.0922132025154198e-04
372                                   -1.1254457973394003e-03
373                                   -2.2471610400188764e-05
374                                    1.0635223652634396e-03
375                                   -4.6695921057036379e-03
376                                   -3.3122749822125522e-03
377                                    2.2925895152184142e-03
378                                    1.8707377949126781e-03
379                                   -5.4829680959471623e-04
380                                    3.0268702861975072e-04
381                                    3.2624691411993314e-03
382                                   -1.8153391626687656e-03
383                                    2.6119028228847874e-05
384                                   -3.4944413079178807e-04
385                                    5.3613472779005392e-03
386                                   -4.8594494329157207e-03
387                                   -1.7905544650936706e-03
388                                    1.6999247622530114e-03
389                                    6.1864832250250702e-03
390                                    2.6291844066176745e-03
391                                   -6.6130651932759521e-03
392                                   -7.3288451752330898e-03
393                                   -8.9362398604277572e-03
394                                    7.4318120494940281e-03
395                                   -6.6046014155573636e-03
396                                   -4.6411141514747173e-03
397                                    2.6738407212665021e-03
398                                    1.0913363644285356e-03
399                                    1.5334961296198739e-03
400                                   -2.0405892093544277e-03
401                                   -5.6411434978316446e-04
402                                   -3.3299375464185667e-04
403                                   -1.1123752193085105e-03
404                                   -1.2586915221185252e-03
405                                    1.0302315620940982e-04
406                                    4.0553997496332281e-04
407                                   -6.7773477605001129e-04
408                                    5.5648629563787985e-03
409                                    7.7228532887804009e-04
410                                   -1.6828316430144853e-03
411                                    4.4249291721213321e-03
412                                   -2.3701427345522437e-03
413                                    4.8955787718575330e-03
414                                   -5.7130475725660455e-04
415                                    2.9094463232016885e-03
416                                    2.9129590588830587e-03
417                                    8.6824609579062124e-04
418                                   -2.0859922436895027e-03
419                                   -5.8765916605811874e-03
420                                   -6.8731120274795800e-03
421                                    1.5609945532568913e-03
422                                    2.4109268637290777e-04
423                                    1.0341607161334563e-02
424                                   -4.0022471487298778e-03
425                                    6.1013225528432653e-03
426                                    7.1916579946295009e-03
427                                   -5.3249154185722935e-03
428                                   -5.0584079603972635e-03
429                                    3.1428068678147460e-03
430                                   -1.6761539556924396e-03
431                                    4.3768238825891616e-03
432                                    8.3939260777082445e-04
433                                    3.6851367647194244e-03
434                                    2.7225634329851758e-03
435                                    1.5922592194284757e-04
436                                   -2.5036336930274699e-04
437                                    7.8477603579401244e-04
438                                   -4.0185493293784912e-03
439                                    3.7854077599122796e-03
440                                   -1.3374960309022281e-03
441                                   -4.2732894307205309e-03
442                                   -2.1075933912581801e-05
443                                    5.6836378607167956e-03
444                                   -8.4894163519372659e-04
445                                   -1.5100804105275950e-04
446                                   -1.7874857469878291e-03
447                                   -5.9280136234548782e-03
448                                    1.2150072758480655e-03
449                                    1.0287103560452376e-02
450                                    5.8280277732699164e-03
451                                    3.0946448191815847e-03
452                                   -1.0441383016795747e-02
453                                    6.3503288472564669e-03
454                                   -3.8597064780418521e-04
455                                    2.2310980868657467e-03
456                                   -2.0209798776236552e-03
457                                    3.2137801907351445e-03
458                                    4.8973141051775644e-03
459                                    3.3387579469009273e-04
460                                    1.0270734052539644e-03
461                                   -5.7164621560686331e-03
462                                   -9.9657821357374346e-04
463                                    1.2943238303994959e-03
464                                    2.2834377523906855e-03
465                                    9.0123238444161382e-04
466                                   -4.1572336791424009e-03
467                                   -9.0071860380984197e-04
468                                   -2.5754293746673498e-03
469                                   -1.8237197803182669e-03
470                                   -2.4694406867503075e-03
471                                   -1.9375889786195741e-03
472                                   -2.5698747854264589e-03
473                                   -5.0463153719302861e-03
474                                   -1.0553881842744733e-03
475                                    1.6100590967199802e-03
476                                    2.3260118650228574e-03
   &Method [&Type "String"] "SCF"
   &Level [&Type "String"] "Relaxed density"
   &Mult [&Type "Integer"] 1
   &State [&Type "Integer"] 0
   &Irrep [&Type "Integer"] 0
$End
$Geometry
   &GeometryIndex 9
   &NAtoms [&Type "Integer"] 159
   &NCorelessECP [&Type "Integer"] 0
   &NGhostAtoms [&Type "Integer"] 0
   &CartesianCoordinates [&Type "Coordinates", &Dim(159,4), &Units "Bohr"] 
              C     78.587856679025  -50.343785481626    1.776184166212
              C     76.839766100198  -52.414077090157    0.715357580535
              C     74.740919352074  -51.386059731204   -0.928534977700
              N     75.505511042185  -49.656246796069   -2.698944480175
              C     78.185793963538  -48.936876152072   -2.764640435919
              C     79.059623725197  -48.180810259377   -0.123608556773
              C     73.682664585276  -48.349534689058   -4.219057252962
              C     71.868126250982  -49.677399297688   -5.585511834667
              C     70.066436935391  -48.367862050538   -6.976913889545
              C     69.965939264793  -45.732895621787   -6.945557505452
              C     71.741823751974  -44.404214871116   -5.501435627159
              C     73.596875384575  -45.705000556255   -4.194562651199
              N     68.001114729850  -44.460007806401   -8.265512604960
              C     65.321971017241  -45.169261341539   -7.853097535602
              C     63.952683738925  -43.072320035158   -6.417870197874
              C     64.259793464794  -40.740352639976   -7.961645846776
              C     66.217177333536  -40.622366984571   -9.693613926724
              C     68.477615151891  -42.243216099278   -9.583377948799
              O     72.511567365901  -51.913247163656   -0.606250682254
              O     70.557174200616  -41.626325263119  -10.393974612267
              C     62.965988546905  -38.431387466906   -8.258062725517
              N     64.016524845474  -37.036385690892  -10.098168405533
              N     65.992479321910  -38.366215496286  -10.957943521396
              C     66.972246208579  -37.747215834143  -13.386754291166
              C     60.670124489314  -37.504046834337   -6.939600914858
              N     59.923273059794  -35.174489957637   -7.664766656840
              O     59.571116388893  -38.853345854287   -5.364349949360
              C     67.409841952001  -35.231906515056  -14.030118346553
              C     68.116426476572  -34.628636975778  -16.478168951580
              C     68.411194363297  -36.531983392173  -18.274535478779
              C     67.841407641645  -39.033901762443  -17.641457914597
              C     67.182193467631  -39.641085363107  -15.182521914971
              O     69.199568332598  -35.798763876051  -20.621582181130
              C     70.602448275309  -37.599871746833  -22.059372617641
              H     77.734634726221  -49.570973165747    3.489851073097
              H     80.358285868202  -51.221134774068    2.338928102857
              H     77.923563877571  -53.794905270705   -0.387852457248
              H     75.936064634534  -53.481072228680    2.234622394545
              H     79.323837114371  -50.531660610879   -3.455781361730
              H     78.394952569301  -47.388014669314   -4.112665611433
              H     81.056371113261  -47.657918858235   -0.161152208903
              H     78.004979675372  -46.496650974710    0.450544048918
              H     71.842424547981  -51.727957556882   -5.526704990576
              H     68.677065551977  -49.414392311474   -8.061257164866
              H     71.667559109566  -42.370501170180   -5.318548762348
              H     74.942511826526  -44.640403725300   -3.068964055487
              H     64.414157690124  -45.459274328799   -9.700858715273
              H     65.255715743893  -46.949914022944   -6.815971108111
              H     61.958633152260  -43.534101342102   -6.125047426330
              H     64.833985427778  -42.924523967849   -4.545210493014
              H     61.006639836156  -34.258691537565   -8.943101514457
              H     58.719478915085  -34.017231817256   -6.691557424123
              H     67.186994757572  -33.762450553086  -12.624358390999
              H     68.471037990303  -32.684426441897  -17.015330243023
              H     67.995430081179  -40.531128724541  -19.023807624558
              H     66.700231032425  -41.570659605319  -14.672560557542
              H     72.071232494005  -38.486865225247  -20.888845441946
              H     69.382409652242  -39.086887929944  -22.862901597883
              H     71.473522308389  -36.540773983020  -23.600790637277
              C     57.341990738805  -46.337985441788   -6.333382206675
              S     57.869365235854  -44.990984048179   -9.517673769442
              C     54.697398663292  -43.624677630625   -9.946927402246
              O     58.018279624244  -47.245608171257  -11.313674843602
              H     57.958362229725  -44.913515299544   -4.966439676147
              H     55.388685900159  -46.919538597539   -5.956144044749
              H     58.624883707170  -47.947051527657   -6.310684090330
              H     54.135361455703  -42.652854877779   -8.222819067416
              H     54.815765454396  -42.259072018765  -11.497732658682
              H     53.396408342339  -45.169249134046  -10.390742322380
              C     62.528451152221  -54.860792083427   -4.749044522563
              S     61.646631852450  -57.289742354962   -7.112430884450
              C     59.506102661789  -55.142219635602   -8.919032417831
              O     60.004550598342  -59.203947029320   -5.725331500483
              H     62.940364636694  -53.076485304244   -5.703542970684
              H     60.933544846571  -54.674624032765   -3.445940407137
              H     64.209536434003  -55.514416715763   -3.750010815128
              H     57.826117116676  -56.217556976157   -9.439485394776
              H     59.077379510244  -53.543745808442   -7.687047374534
              H     60.498237779358  -54.489010365362  -10.614590013384
              C     67.817440776244  -51.822286764582    2.259178684037
              S     67.675720173441  -49.191337010299   -0.052177790824
              C     69.988535607572  -47.194288832199    1.636476171181
              O     65.060160464558  -47.992707435818    0.320686744470
              H     69.254460644145  -53.232937159656    1.826059683008
              H     68.060565274570  -51.067131281803    4.169301412847
              H     65.948088272363  -52.713906981926    2.181106486858
              H     69.302409848216  -46.934957047328    3.571068945580
              H     71.757178013378  -48.260527395175    1.529506899839
              H     70.173510794357  -45.358604197782    0.691506716573
              C     58.964970752452  -46.014270229416  -17.098312625650
              S     60.310526788886  -42.805880348876  -16.766214310862
              C     62.638496324424  -43.190917695989  -19.326993374310
              O     61.799058433836  -42.656742917536  -14.309068711485
              H     57.905163442570  -46.021653017588  -18.872569484770
              H     60.496247537776  -47.394256436785  -17.180556151353
              H     57.730529945271  -46.422497298485  -15.495270491934
              H     63.624662448871  -44.992150344979  -19.159798015292
              H     61.664249110201  -43.063825825767  -21.147988062029
              H     63.966648496928  -41.615767537834  -19.175971925316
              C     69.546914059811  -32.559690531719   -1.641715833396
              S     67.583270221424  -29.861426534019   -0.644046137774
              C     68.235016753824  -27.871107869512   -3.407790478699
              O     68.947470561208  -28.671685999181    1.583388837555
              H     69.631174721175  -32.690453590650   -3.693853839287
              H     71.418034341602  -32.173378384192   -0.860087327980
              H     68.802382630446  -34.300006300625   -0.823386237474
              H     70.231801884263  -27.913223261734   -3.864431422493
              H     67.088040625544  -28.557485359777   -4.974160769134
              H     67.658470085106  -25.956558929874   -2.883332873340
              C     65.157221102652  -30.510741498217    7.543288013596
              S     63.787254425111  -30.497652148685    4.376923552230
              C     60.461044160518  -30.496753153711    5.375069403427
              O     64.161132506138  -33.178149738673    3.334616029340
              H     64.518598321320  -28.821590728372    8.560663128062
              H     64.547660504166  -32.229007916846    8.530940981025
              H     67.208096063725  -30.479431196299    7.338002978441
              H     59.743308829300  -28.631453744158    5.911970520316
              H     59.397622321580  -31.273598720570    3.783653523624
              H     60.270421043796  -31.805468355782    6.967659953892
              C     63.546102330983  -42.300887798994    1.250074726716
              S     66.533629167980  -40.666527818878    0.481440659635
              C     65.174990401373  -37.866090792266   -1.115238612455
              O     67.825532000572  -42.082561430699   -1.701367611532
              H     62.995348584868  -41.646848052278    3.139955818795
              H     62.086781187875  -41.849117543355   -0.138338952019
              H     63.901156797679  -44.354099384726    1.293645266477
              H     66.746287365876  -37.267855739565   -2.306772133150
              H     63.651491627947  -38.530041731480   -2.344831725740
              H     64.600078714031  -36.319013740362    0.136599547188
              C     56.842797587646  -41.177466462694    6.844794594675
              S     57.536169131856  -39.078224988200    4.153732356301
              C     59.935282633462  -37.206704094868    5.832265219112
              O     55.218129738084  -37.371754104175    3.847311435435
              H     55.379290501694  -42.502487351167    6.220305828600
              H     58.543848404278  -42.228643667638    7.356828252345
              H     56.161140145909  -40.008717451582    8.407181127614
              H     61.017778877532  -36.017706391357    4.535476018460
              H     58.983916805720  -36.104362071135    7.309184596571
              H     61.285594296020  -38.476162817601    6.752904083637
              C     59.413452663006  -34.500918302016   -0.711033805843
              S     57.502600615157  -31.792206645668   -1.678509140610
              C     54.658713414174  -32.505894442767    0.192396852094
              O     56.772541058031  -32.251873631849   -4.457300391593
              H     61.304627984982  -34.265579030703   -1.500842894995
              H     59.581426907017  -34.393176379695    1.342869288719
              H     58.537595415257  -36.253098904367   -1.365444400731
              H     53.575809146957  -33.956000262071   -0.807189633546
              H     55.056977607642  -33.138727527871    2.118242588830
              H     53.559249765478  -30.752913742208    0.224832957650
              C     56.099571479296  -31.400346014385  -11.646774218928
              S     58.775573566723  -30.002583305913  -13.423344894115
              C     58.969437876311  -32.603059282595  -15.747363222699
              O     61.014552441494  -30.139807730059  -11.607268057427
              H     56.700187316697  -33.326263712948  -11.172093115265
              H     55.802438172093  -30.263953061605   -9.955521604132
              H     54.397613908927  -31.460802515469  -12.824342488444
              H     60.287009529434  -32.078576697234  -17.251646576562
              H     59.537242401635  -34.398194093878  -14.882925316269
              H     57.072886011493  -32.772261061428  -16.565035864189
$End
$SCF_Energy
   &GeometryIndex 9
   &Method [&Type "String"] "SCF"
   &totalEnergy [&Type "ArrayOfDoubles", &Dim (1,1)] "Total energy of each state"
                                                         0

0                                     -7.0736266876697409e+03
   &Mult [&Type "ArrayOfIntegers", &Dim (1,1)] "Multiplicity of each state"
                                                         0

0                                                        1
$End
$DFT_Energy
   &GeometryIndex 9
   &nAlphaEl [&Type "Integer"] 331
   &nBetaEl [&Type "Integer"] 331
   &nTotalEl [&Type "Integer"] 662
   &finalEn [&Type "Double"]      -7.0736266876697409e+03  "No Van der Waals correction"
   &eExchange [&Type "Double"]      -6.6383274702928509e+02
   &eCorr [&Type "Double"]      -2.2418765471104351e+01
   &eXC [&Type "Double"]      -6.8625151250038948e+02
   &eCNL [&Type "Double"]       0.0000000000000000e+00
$End
$SCF_Timings
   &GeometryIndex 9
   &TOTAL [&Type "Double"]       4.1162500000000000e+02
   &PREP [&Type "Double"]       6.4020000000000001e+00
   &FOCK [&Type "Double"]       3.3479099999999988e+02
   &DENS [&Type "Double"]       2.6389999999999532e+00
   &ETOT [&Type "Double"]       8.8399999999992929e-01
   &TRAFO [&Type "Double"]       7.3729999999999620e+00
   &DIIS [&Type "Double"]       2.5859999999999999e+01
   &SOSCF [&Type "Double"]       1.8176000000000073e+01
   &XC [&Type "Double"]       1.7034900000000010e+02
   &FOCKSTART [&Type "Double"]       1.6849999999999596e+00
   &INT_BF [&Type "Double"]       2.9912000000001662e+01
   &INT_DENS [&Type "Double"]       7.0409000000000702e+01
   &INT_DENSIO [&Type "Double"]       8.3913277460000031e+06
   &INT_FUNC [&Type "Double"]       6.4250000000003666e+00
   &INT_POT [&Type "Double"]       5.2467999999997083e+01
   &INT_POTIO [&Type "Double"]       1.0320000000000178e+00
   &INT_SUM [&Type "Double"]       7.9999999999671445e-03
   &SPLITRIJ [&Type "Double"]       1.7035799999999995e+02
$End
$VdW_Correction
   &GeometryIndex 9
   &vdW [&Type "Double"]      -8.4527152400392963e-02
$End
$gCP_Energy
   &GeometryIndex 9
   &gCP_Energy [&Type "Double"]       1.5991525560000000e-01
$End
$Single_Point_Data
   &GeometryIndex 9
   &FinalEnergy [&Type "Double"]      -7.0735512995665413e+03  "Final single point energy"
   &Converged [&Type "Boolean"] true
$End
$SCF_Nuc_Gradient
   &GeometryIndex 9
   &NAtoms [&Type "Integer"] 159
   &gradNorm [&Type "Double"]       5.8368692435329189e-02
   &grad [&Type "ArrayOfDoubles", &Dim (477,1)] 
                                                         0

0                                      2.7506076939213826e-03
1                                     -2.2653811579838468e-03
2                                      1.0378640950353402e-03
3                                      1.6131876799252978e-03
4                                      4.0806001539679592e-03
5                                      1.1133837925620610e-03
6                                     -3.3726991517568070e-03
7                                     -1.0781780196719933e-02
8                                      1.1292812942420806e-03
9                                      1.0482644855509945e-05
10                                     1.3274626338478177e-03
11                                     1.8849330638336286e-03
12                                     2.7691384219612371e-04
13                                    -4.7535274870816763e-04
14                                    -5.1755834657116792e-04
15                                     1.0308924264011208e-03
16                                     7.9447915991165462e-04
17                                    -4.7969620483218322e-04
18                                     1.6519467792508384e-03
19                                    -2.1836266007830450e-03
20                                    -2.5321675360924448e-03
21                                    -1.4387602216111542e-03
22                                    -4.1101353999180594e-04
23                                     6.8606383876731796e-04
24                                     3.7944910066572865e-04
25                                     4.2351715051361800e-04
26                                    -1.9088353194962409e-03
27                                     1.4426952880592773e-03
28                                    -3.2524182247826452e-05
29                                     6.4108953567391469e-04
30                                    -8.9111462512377927e-04
31                                     1.8889727108171053e-03
32                                     3.3538694795003190e-03
33                                    -1.2278449643450906e-03
34                                     4.0919498520900991e-03
35                                    -1.6820070084264948e-04
36                                    -1.8421168567193797e-03
37                                    -7.3901038850004497e-04
38                                    -1.6970020112454316e-03
39                                     1.9838731609218034e-03
40                                     1.7535228112205250e-03
41                                     1.5146673726883332e-03
42                                     2.5202708728714175e-04
43                                     2.2391257922825675e-03
44                                    -3.0162037025917771e-03
45                                    -6.3359219974600087e-04
46                                     3.2408593008524764e-04
47                                    -8.6539821823616273e-04
48                                    -3.4751995001026980e-04
49                                    -3.2952891396871792e-03
50                                     1.9068433056253845e-03
51                                    -2.9038058038490867e-04
52                                     1.7875539281301943e-03
53                                     4.1872103358059061e-04
54                                     2.1659108178820104e-03
55                                     1.1415987991957893e-02
56                                    -5.0723920684868178e-04
57                                     1.2936237776789031e-03
58                                    -5.4771235899210883e-04
59                                    -1.6729139653933721e-03
60                                     2.5960811513423118e-04
61                                     9.8592440160206823e-04
62                                     5.4527400973281893e-04
63                                    -6.4978901316675199e-04
64                                     2.3477403714419602e-03
65                                     2.4485410822456186e-03
66                                     1.6891141605706646e-03
67                                     8.2948394922361876e-04
68                                     3.4097882363053251e-05
69                                     1.6909905906521664e-03
70                                    -2.9491391974828334e-03
71                                    -3.0576978718471204e-03
72                                     5.3966536227216593e-03
73                                     2.6331685279694450e-03
74                                    -3.5526172036292802e-03
75                                    -3.3818366985683157e-03
76                                    -8.4448399074813982e-03
77                                     5.2947332703288134e-03
78                                    -4.5014273707051381e-03
79                                    -4.0554882537396156e-03
80                                     1.1262289330055712e-03
81                                     8.1441582928071677e-04
82                                     1.3977399521212150e-03
83                                     8.1614180140200090e-04
84                                    -2.7015144207118440e-04
85                                    -7.2055440769724921e-04
86                                    -2.0280286798637684e-03
87                                     2.6065732269434753e-03
88                                     3.8022830648809965e-03
89                                     1.0252366908613066e-03
90                                    -1.0187106504669427e-02
91                                    -2.1582356443849101e-03
92                                    -5.5438255017201536e-05
93                                     2.7143131085189389e-03
94                                     2.5870480128142286e-03
95                                    -1.0934314154146772e-03
96                                    -1.1557713811298292e-03
97                                    -1.9271682150803213e-03
98                                     9.4554308972944422e-04
99                                     2.9267930235881466e-03
100                                    2.9755259615294391e-03
101                                   -1.8771263380990504e-04
102                                    1.5809621579683953e-04
103                                   -1.7154430655765953e-04
104                                   -1.5726525933438882e-03
105                                   -4.5247610961277936e-03
106                                    1.4589126912785693e-03
107                                   -1.7415349748276159e-03
108                                   -1.9270385811314312e-03
109                                   -1.0976486392778105e-03
110                                    1.8787332071191947e-03
111                                    9.6064342236837320e-06
112                                   -1.7168035864091027e-04
113                                   -5.8745376918656030e-05
114                                   -2.7982278728413642e-04
115                                    1.1549006936307084e-04
116                                    1.6083119105608577e-03
117                                   -6.0099382059867405e-04
118                                    1.2046351698879413e-04
119                                    4.6106040864902120e-04
120                                   -2.0204213904430886e-03
121                                   -3.7013967094371363e-04
122                                    8.1453281145811584e-04
123                                    6.2953994325030906e-04
124                                   -9.5271513387509246e-04
125                                    2.4766022306896681e-04
126                                   -7.5106781058194186e-04
127                                   -1.1497306071897137e-03
128                                    1.3233832970783615e-03
129                                    6.4451278204646003e-05
130                                    6.7159924682021221e-04
131                                    1.1750153046982813e-03
132                                    2.5042848988662773e-03
133                                   -1.3937629031755107e-03
134                                    3.2087859246412221e-03
135                                   -2.1358823711883345e-04
136                                    2.3412091410629466e-04
137                                   -1.2481846187001218e-03
138                                   -1.3375644391028273e-04
139                                    1.9556985184632713e-04
140                                   -3.5058491588588973e-04
141                                   -2.0536205657621428e-03
142                                    1.4213566538324356e-04
143                                   -2.3908592435931283e-03
144                                   -9.7036137947435839e-04
145                                   -8.1668101153994899e-04
146                                    2.2814503211700901e-03
147                                    2.4244496775251660e-04
148                                   -4.3775332893051565e-03
149                                   -6.7241213546549348e-04
150                                   -3.5761888556340537e-03
151                                   -5.3940922836031874e-04
152                                    2.0809280398338586e-03
153                                    3.5346488979702499e-03
154                                    1.1790324543469739e-02
155                                   -6.6231874616266891e-03
156                                    1.3069721683313384e-03
157                                   -8.5099788637927514e-04
158                                   -1.2030643471659811e-03
159                                   -1.3754504590857545e-03
160                                   -7.2558942909748975e-04
161                                    2.8056325224031637e-04
162                                   -1.9059265226095820e-03
163                                    9.9505439886100455e-04
164                                    2.0340077049847533e-03
165                                    1.0680760053857692e-04
166                                   -1.1516975693819317e-03
167                                    1.0516992944048431e-03
168                                    4.5253572247102366e-04
169                                   -4.3958190664902894e-04
170                                    7.9858919546120142e-04
171                                   -1.1801773789642095e-03
172                                   -2.4384990159865656e-03
173                                   -7.7327305612936916e-04
174                                    5.7036931141706709e-05
175                                    2.5603789824741311e-04
176                                    1.2688259303764529e-04
177                                   -5.4913277515833761e-04
178                                   -4.3452926757687497e-03
179                                    4.7204136738203091e-04
180                                    3.3908088883965190e-04
181                                    2.2516526892915759e-03
182                                    1.1729677320353456e-03
183                                   -1.6544026700775895e-03
184                                   -2.3158463814466207e-03
185                                    1.5446047696875760e-03
186                                    1.7483665570595104e-03
187                                   -1.6544220506947726e-05
188                                   -1.1505499146420007e-03
189                                    1.3743263061301492e-03
190                                    4.7817275958875031e-04
191                                   -1.7858050141210374e-03
192                                   -2.2658881922881504e-03
193                                    4.3284855262337593e-04
194                                    4.2583168260671251e-03
195                                   -6.9302865378131863e-04
196                                    2.8995808179750728e-03
197                                   -3.8465821168723316e-03
198                                    6.0955459682546524e-04
199                                   -2.5636048657448384e-03
200                                   -2.7153460689403486e-03
201                                    1.1250690945521146e-03
202                                    2.4544294286946633e-03
203                                   -6.0012565661439585e-05
204                                   -5.9422480004547667e-04
205                                    1.1654044453270128e-04
206                                    1.5023545207605972e-04
207                                   -2.6898788896546752e-03
208                                    1.7706066286271444e-03
209                                    1.1353392405853667e-03
210                                    2.7617185099244662e-03
211                                    2.5074385579187120e-03
212                                   -7.1187048765413981e-04
213                                   -5.5270104221192065e-03
214                                   -1.3130396788799568e-03
215                                   -2.6998277200374408e-03
216                                   -1.7856410978295593e-03
217                                   -3.6497234698049980e-03
218                                    1.9184895135069520e-03
219                                   -8.7301838912787763e-04
220                                   -9.7787581771229589e-04
221                                   -3.6966968731415957e-04
222                                    2.3338760898481206e-04
223                                   -6.6950732869802752e-04
224                                    7.8760647101250888e-04
225                                    7.9042245835918117e-05
226                                    8.1959269091182770e-04
227                                   -1.5848117200912295e-03
228                                    3.4430394042610831e-05
229                                    5.5447719636627269e-04
230                                   -1.2913566654908345e-03
231                                    6.8234429920527497e-03
232                                   -2.7284046741701319e-04
233                                    3.7835448701366366e-03
234                                    7.2151449642819134e-04
235                                   -3.7096783168528947e-04
236                                   -1.1328867282281386e-03
237                                    1.1908813638558283e-02
238                                    4.4282086873324864e-03
239                                   -6.0630340309465224e-03
240                                    2.7425314516809265e-03
241                                   -2.2889754224397281e-03
242                                    1.4503707448805568e-04
243                                   -6.1775105756405014e-04
244                                   -1.0029354001857003e-03
245                                    2.5519014021835977e-03
246                                   -3.2446615367553947e-03
247                                    3.0211390687983988e-03
248                                   -1.9022711174418994e-03
249                                   -2.7042807491293483e-03
250                                   -5.0448945857113816e-03
251                                    2.7535356824458356e-03
252                                   -1.3715626384215207e-03
253                                   -7.1714249178938725e-04
254                                    6.6249899473625807e-04
255                                   -3.0611889188244157e-04
256                                   -1.7074406218921799e-03
257                                    2.3079610158461988e-03
258                                   -1.6305053257172318e-03
259                                    8.7630567160724775e-04
260                                   -3.1357410625174314e-04
261                                    6.7693746669006362e-04
262                                   -3.6888783549008336e-03
263                                   -5.3192363984615977e-03
264                                    3.2912738331609174e-03
265                                    3.8192681154586502e-03
266                                    3.0763973948189343e-03
267                                   -8.5038014645741464e-04
268                                   -1.3766490772033498e-03
269                                    3.6459466683849652e-03
270                                    3.4198242088122062e-04
271                                    7.4220888649431053e-04
272                                   -3.2264911669376561e-03
273                                    1.0201009628976964e-03
274                                   -4.1310622493761747e-03
275                                    4.3962252322408404e-03
276                                    3.1248368691930161e-04
277                                    2.7784592891831423e-03
278                                    5.8851027554146702e-04
279                                    1.0504212913774633e-03
280                                    6.4265671283473766e-04
281                                    1.4925525711482548e-03
282                                   -7.3516788821014400e-04
283                                    9.7934033234271410e-04
284                                   -2.2237088311348745e-03
285                                   -1.7608576797089452e-03
286                                   -2.4450667934889409e-03
287                                   -1.4739938204919292e-03
288                                   -1.3486873991695938e-03
289                                    1.5431018246577595e-03
290                                   -2.0672674650074451e-03
291                                    8.4361548582373316e-04
292                                    1.4111929817728092e-03
293                                    1.4559502902576952e-04
294                                    1.9996066352777403e-03
295                                    2.9800678810782387e-04
296                                   -1.4442995226955544e-03
297                                   -2.9347229861156122e-03
298                                    3.6589014594185420e-04
299                                   -2.7267962073658876e-03
300                                    6.1328817824167093e-03
301                                    2.5846407413919444e-03
302                                    2.3424021375594191e-03
303                                    2.6555086838049701e-03
304                                   -2.7286254377874015e-03
305                                   -3.4262976290450452e-03
306                                   -1.5969893270556994e-03
307                                   -7.3725561136321529e-04
308                                   -4.9350928356149404e-03
309                                    1.3785506194244532e-03
310                                    1.6883466575738724e-03
311                                    2.7206506374779474e-03
312                                   -2.0601834363007327e-03
313                                   -6.6170449827479376e-04
314                                    1.0211731087208858e-03
315                                    3.9722091266609935e-05
316                                   -2.9289288371019302e-03
317                                   -1.2607128377675298e-03
318                                   -6.2279304249592332e-03
319                                   -6.9199302134005419e-04
320                                    1.3520654977085783e-03
321                                    1.0969230590578086e-03
322                                    4.9563422002271121e-04
323                                    3.3695997107074617e-03
324                                    2.8698006269833778e-04
325                                    7.8671111379053065e-04
326                                    8.7034238417871106e-04
327                                    9.6055200564009878e-04
328                                   -9.8536820659377695e-04
329                                   -4.7640007210640860e-03
330                                    1.9740214321302247e-03
331                                    2.4692360408632517e-03
332                                    6.4739460114827787e-03
333                                    3.7151652507027557e-03
334                                    4.8851241166422456e-03
335                                   -7.8241278023440785e-03
336                                   -2.1051576179265275e-03
337                                   -1.9720552845765016e-03
338                                   -1.9847536458843600e-03
339                                   -1.0688694474755402e-03
340                                    5.0361374493162190e-04
341                                    6.5737480478199935e-04
342                                   -3.1273919554363258e-04
343                                   -9.9743570088729684e-04
344                                    1.7285690720955024e-03
345                                   -8.4315376237837779e-04
346                                   -2.4449681910353069e-04
347                                    1.4072196965082225e-03
348                                   -3.2486525072899118e-03
349                                   -6.9619576213987935e-04
350                                    2.6635035852684199e-03
351                                    1.0815399507559933e-04
352                                   -5.1118627902358299e-03
353                                    3.5102962027872784e-04
354                                    8.3621295238489981e-04
355                                   -1.4072895567176186e-03
356                                    1.6340026899229780e-04
357                                    6.3905450191527498e-04
358                                    1.0237312252135648e-03
359                                   -3.0236499835908834e-03
360                                   -1.0461756889784254e-03
361                                    3.2195323051493357e-04
362                                    3.9271230412557577e-03
363                                   -1.8653605411867269e-03
364                                    4.4583579423678387e-03
365                                    3.6296709320131648e-03
366                                    1.9304406497284066e-03
367                                   -3.8294028357683499e-04
368                                   -5.9956904343987779e-03
369                                    1.3153728993257931e-03
370                                   -7.1730424596898703e-04
371                                    1.9007617122495247e-03
372                                    3.7977055415983106e-04
373                                   -1.3897395159321189e-04
374                                    8.1701687222318945e-04
375                                   -3.5556820625773219e-03
376                                   -4.6801122066284983e-03
377                                    1.3605885599588632e-03
378                                   -1.2172090022943469e-04
379                                   -2.0690366671972573e-03
380                                    1.8024810903456202e-03
381                                    2.3779814563602173e-03
382                                   -1.9677665011395636e-03
383                                   -6.4259314431753872e-04
384                                   -3.2963240327958410e-04
385                                    5.0451542358061797e-03
386                                   -3.5159438591046200e-03
387                                    2.7419214576747436e-03
388                                    1.1810867586662258e-03
389                                    2.6599864496885273e-03
390                                    4.6502901282406053e-03
391                                   -4.0749732792127718e-03
392                                    1.1937613261539396e-03
393                                   -4.9540064669488255e-03
394                                    3.6453636796405439e-03
395                                   -7.6555231272469959e-03
396                                   -7.2958857242936539e-03
397                                    3.4220577024101956e-03
398                                   -1.5034009245757573e-03
399                                   -4.4089735995788738e-04
400                                   -2.4004896837995001e-03
401                                   -1.1597224227283417e-03
402                                   -1.0122351552390334e-03
403                                    2.1189691805832515e-04
404                                   -6.4586934639882106e-04
405                                    2.6398587692277913e-04
406                                    1.0125087576026378e-03
407                                   -5.5650659497929328e-04
408                                    3.0749547389890735e-03
409                                   -1.1606567403258110e-03
410                                    2.8503867219933205e-04
411                                    1.1871483443207712e-03
412                                   -6.5215765652940863e-04
413                                    3.6744596037650776e-03
414                                   -7.2962154957023108e-05
415                                    2.1800320936145646e-03
416                                    9.1632035348869630e-04
417                                    1.3566945803767511e-04
418                                   -2.4330009838030397e-03
419                                   -2.3682854256596403e-03
420                                   -3.2431617135495090e-04
421                                    2.5722714423135314e-03
422                                    5.7586888683340233e-03
423                                    6.8178891877984874e-03
424                                   -3.9507211769963585e-03
425                                    3.6982221976847853e-03
426                                    2.2638769167899783e-03
427                                   -5.6598272545707092e-03
428                                   -7.2315412951752412e-03
429                                    1.8321695329973067e-03
430                                   -8.7834243235116274e-04
431                                    3.2100450756260327e-03
432                                    5.3397899100986190e-04
433                                    3.2461663354214120e-03
434                                    1.2981465331683309e-03
435                                    6.0787132780357840e-04
436                                    5.1431759749670232e-04
437                                    4.0255797590062474e-04
438                                   -2.8294751450465335e-03
439                                    1.8920952509343669e-03
440                                   -9.1827185959145028e-05
441                                   -3.8864415460883039e-03
442                                    6.4696245400823558e-04
443                                    1.4127571733445359e-03
444                                    1.4003318655264304e-04
445                                    6.9208714439889993e-04
446                                   -8.2152361348636013e-05
447                                   -3.7321598032722092e-03
448                                    5.7647527750670970e-03
449                                    6.9159517594799972e-03
450                                   -3.2630264270662327e-04
451                                   -1.5756208220427332e-04
452                                   -7.3919132428419687e-03
453                                    2.5894447328862055e-03
454                                    6.5054392297635762e-04
455                                    3.9593600611380160e-03
456                                    1.9766087848136589e-03
457                                    3.1978005579509456e-03
458                                    5.4574026840071271e-03
459                                    2.8932473568673671e-03
460                                   -1.8959571802951904e-03
461                                   -3.9593649173765549e-03
462                                   -6.5593308967814884e-04
463                                   -2.3270205438979448e-04
464                                   -1.3562399705364474e-03
465                                   -5.8743449545786003e-04
466                                   -2.1669012735006750e-03
467                                   -5.6852029785600926e-04
468                                   -1.5697034061742015e-03
469                                   -7.0617665039387567e-04
470                                   -2.9452317809340496e-03
471                                   -7.9173906455020011e-04
472                                   -2.9776074654477378e-03
473                                   -3.4294816872931281e-03
474                                   -8.8863215817216220e-04
475                                    1.0495904156646038e-03
476                                    7.1743275202345246e-04
   &Method [&Type "String"] "SCF"
   &Level [&Type "String"] "Relaxed density"
   &Mult [&Type "Integer"] 1
   &State [&Type "Integer"] 0
   &Irrep [&Type "Integer"] 0
$End
$Geometry
   &GeometryIndex 10
   &NAtoms [&Type "Integer"] 159
   &NCorelessECP [&Type "Integer"] 0
   &NGhostAtoms [&Type "Integer"] 0
   &CartesianCoordinates [&Type "Coordinates", &Dim(159,4), &Units "Bohr"] 
              C     78.596726687486  -50.332488276964    1.761401417667
              C     76.844810900927  -52.407676706110    0.709247376674
              C     74.738062052009  -51.385529961401   -0.930813767141
              N     75.499057439268  -49.661430771537   -2.708870410430
              C     78.179452650015  -48.941072749251   -2.784742225833
              C     79.061169979134  -48.175214415992   -0.148320206298
              C     73.675430337223  -48.358529621610   -4.228071034714
              C     71.859526794292  -49.687316099496   -5.590658153610
              C     70.056797159180  -48.379351341957   -6.980992111651
              C     69.959395206944  -45.744579645381   -6.952492897052
              C     71.737750795254  -44.415916123659   -5.515965158329
              C     73.593806073421  -45.716579655389   -4.208310715071
              N     67.997458794420  -44.469778451156   -8.268918081468
              C     65.318967327179  -45.174938310786   -7.851094825551
              C     63.954984523634  -43.073365210121   -6.417042779209
              C     64.261923511461  -40.745867671253   -7.963027925158
              C     66.217193664740  -40.628733537628   -9.696840111680
              C     68.475420738062  -42.253232816708   -9.586882981820
              O     72.505663102233  -51.915349867390   -0.599535066014
              O     70.554901824198  -41.636999435064  -10.395474756069
              C     62.966715511567  -38.439063319564   -8.258152226063
              N     64.015520212264  -37.045775088849  -10.101001425199
              N     65.991088020915  -38.374011834175  -10.960788697377
              C     66.973670388717  -37.752545929862  -13.386490058998
              C     60.671177802632  -37.512195452487   -6.935572132449
              N     59.925900615353  -35.183725284092   -7.658909910430
              O     59.574096829701  -38.857718024317   -5.359994241313
              C     67.407851281301  -35.236501716647  -14.026930777725
              C     68.118996742842  -34.629859458817  -16.473462588910
              C     68.421101926322  -36.532113919203  -18.272755878555
              C     67.858679637258  -39.035018203251  -17.642610864313
              C     67.193836727898  -39.645974183357  -15.183934306917
              O     69.203286377975  -35.793647446871  -20.621074888234
              C     70.597798381944  -37.593909574594  -22.066449120467
              H     77.747252127961  -49.555033911030    3.476515364164
              H     80.373470475723  -51.207305899345    2.326451755138
              H     77.929099694685  -53.787672732767   -0.396872558466
              H     75.948362047435  -53.474242310542    2.233047987932
              H     79.315998597952  -50.537789369265   -3.476185892425
              H     78.385000285642  -47.396897554817   -4.139090843845
              H     81.059467636845  -47.651092667597   -0.195662537504
              H     78.006936967217  -46.488273150505    0.422028787508
              H     71.834797177210  -51.736728403511   -5.531835192219
              H     68.663294071277  -49.424441146818   -8.062652859971
              H     71.662897005768  -42.380240199008   -5.338463688993
              H     74.942776790332  -44.652413770718   -3.085058370729
              H     64.407285395706  -45.468048121801   -9.696080840070
              H     65.253890952839  -46.951920894651   -6.807385241968
              H     61.962195332782  -43.526890540214   -6.126226959069
              H     64.838580164555  -42.921971274146   -4.547814094020
              H     61.010720429075  -34.267026807319   -8.936070073026
              H     58.720335995592  -34.030312786321   -6.682493014283
              H     67.176987161827  -33.768033341909  -12.619320602371
              H     68.472504929114  -32.683890733797  -17.008660291634
              H     68.018745347294  -40.531832779760  -19.026992795730
              H     66.716539510196  -41.576310871770  -14.676167415185
              H     72.068191502639  -38.486638947607  -20.904003995341
              H     69.372419877636  -39.073603166493  -22.868379227179
              H     71.465701464409  -36.533810348855  -23.608887344157
              C     57.337957514529  -46.315057618695   -6.337009493649
              S     57.876735392857  -44.978405236364   -9.523779250189
              C     54.712094448849  -43.596956297429   -9.961068810201
              O     58.021629777319  -47.239180644221  -11.312012676368
              H     57.954908014973  -44.889938296004   -4.971002412821
              H     55.383270157065  -46.888817497699   -5.970161156852
              H     58.616476796121  -47.930272665194   -6.305015416930
              H     54.152585464770  -42.612895061466   -8.238844518281
              H     54.835232308418  -42.241914508932  -11.518495999573
              H     53.405299955336  -45.138489662930  -10.397168379156
              C     62.507805106948  -54.852511847261   -4.729086304271
              S     61.614272104445  -57.281542034556   -7.086924345791
              C     59.478981530687  -55.129826753140   -8.891344712240
              O     59.966876084907  -59.183559395056   -5.695058031142
              H     62.923461173288  -53.069953017666   -5.687037234869
              H     60.914144874796  -54.658018315459   -3.426070340586
              H     64.186825016465  -55.510896289879   -3.728878306885
              H     57.795214308157  -56.201309790131   -9.407475440942
              H     59.052795586471  -53.529699262191   -7.664581673432
              H     60.469179893815  -54.480029981205  -10.587961766149
              C     67.801559983435  -51.817051842175    2.274616768273
              S     67.665564164863  -49.192528278652   -0.043655156841
              C     69.985131463281  -47.192812732878    1.633063592202
              O     65.056204473887  -47.988709936757    0.330047720868
              H     69.244215642112  -53.227079358050    1.839462220197
              H     68.048083482372  -51.057773196215    4.182468165808
              H     65.931605693288  -52.704628538690    2.196231909457
              H     69.305034433061  -46.927905731085    3.568655080490
              H     71.754863686566  -48.255520276116    1.528167713772
              H     70.167133771340  -45.360687499596    0.684057126973
              C     58.990270589609  -46.032632603608  -17.104048549613
              S     60.332357781686  -42.822631036269  -16.777176798290
              C     62.664772215467  -43.201945604002  -19.336231858072
              O     61.817764929832  -42.673817950208  -14.319132658519
              H     57.931348914092  -46.047338466545  -18.880861467255
              H     60.522495759314  -47.413796032121  -17.175310540271
              H     57.751430756551  -46.432208429841  -15.499055677650
              H     63.655748408103  -45.002510628105  -19.164419743895
              H     61.691051348999  -43.081130710312  -21.158423174506
              H     63.989428301599  -41.623582351680  -19.183575621429
              C     69.537779159851  -32.539180310200   -1.641661794687
              S     67.552955400328  -29.855022651052   -0.641931196973
              C     68.223213777941  -27.842251499047   -3.389253034712
              O     68.891669001619  -28.674843965036    1.609844916553
              H     69.633239824663  -32.662683026803   -3.696356998466
              H     71.404733311442  -32.145880892607   -0.849491674733
              H     68.796657289465  -34.282018411612   -0.826273178495
              H     70.230603802164  -27.870442223959   -3.827675214461
              H     67.095259115688  -28.523893551837   -4.975852562316
              H     67.630180349162  -25.934844521813   -2.860521855491
              C     65.160438967427  -30.502065677097    7.533246371964
              S     63.776106710551  -30.498074762535    4.370792206132
              C     60.452309804416  -30.506197583443    5.381146739158
              O     64.156831092029  -33.177352296714    3.331931260560
              H     64.523766249425  -28.815350162096    8.554035797042
              H     64.561340762425  -32.221237167478    8.522136249269
              H     67.210761505678  -30.464904254075    7.314256070048
              H     59.735739074570  -28.640820079568    5.914833172540
              H     59.389039569970  -31.284139465141    3.789814009202
              H     60.266574717036  -31.813994251828    6.973819354662
              C     63.556654468070  -42.291911751766    1.246308739154
              S     66.544290947161  -40.659527293655    0.472479160447
              C     65.179272258692  -37.862223608222   -1.122133472587
              O     67.830844745344  -42.078217462707   -1.708808914909
              H     63.006458466753  -41.639486990790    3.134544160492
              H     62.095309719309  -41.840921585527   -0.141001826711
              H     63.909058564288  -44.342676998335    1.290083695478
              H     66.749491234355  -37.257589614520   -2.316641614484
              H     63.654454082959  -38.528414950334   -2.348082910895
              H     64.602327955403  -36.317192272923    0.132028294579
              C     56.847991891751  -41.196802458325    6.844408154006
              S     57.550350843563  -39.093860008597    4.158463040220
              C     59.944146071843  -37.218322136233    5.841620512389
              O     55.234880421581  -37.392939019522    3.849055601191
              H     55.387354611281  -42.518755179613    6.213864899886
              H     58.548284541946  -42.248922716818    7.361338042882
              H     56.160439216716  -40.032779281916    8.407656040850
              H     61.022951283800  -36.025449625089    4.542125806700
              H     58.989829665815  -36.116597306462    7.315799078247
              H     61.297587120861  -38.486059836560    6.759849151980
              C     59.408891321948  -34.511218736144   -0.707845199901
              S     57.492799681014  -31.806652371946   -1.675161055614
              C     54.650147305724  -32.528790811862    0.192541198228
              O     56.766302634394  -32.266588164358   -4.449574828020
              H     61.299262703585  -34.269745025805   -1.501877700765
              H     59.578420724213  -34.404265422504    1.346849066859
              H     58.535436234557  -36.265224729383   -1.363106103139
              H     53.577098299445  -33.985151547846   -0.808174599420
              H     55.053683958511  -33.160790377307    2.120285527453
              H     53.541722833038  -30.782033653621    0.223843602793
              C     56.104403480941  -31.409938947612  -11.639519426097
              S     58.780726287456  -30.006986053999  -13.409482203452
              C     58.986817597118  -32.599995988586  -15.739866438487
              O     61.017287945521  -30.147651504722  -11.595160373028
              H     56.704552122873  -33.334551732840  -11.165665810049
              H     55.804296309697  -30.275046534780   -9.946056317155
              H     54.404208385891  -31.466553421350  -12.818327081613
              H     60.309878542684  -32.066678548290  -17.234902097624
              H     59.556346968225  -34.393305068554  -14.876278766806
              H     57.095873736830  -32.774695338455  -16.568198857322
$End
$SCF_Energy
   &GeometryIndex 10
   &Method [&Type "String"] "SCF"
   &totalEnergy [&Type "ArrayOfDoubles", &Dim (1,1)] "Total energy of each state"
                                                         0

0                                     -7.0736286285084279e+03
   &Mult [&Type "ArrayOfIntegers", &Dim (1,1)] "Multiplicity of each state"
                                                         0

0                                                        1
$End
$DFT_Energy
   &GeometryIndex 10
   &nAlphaEl [&Type "Integer"] 331
   &nBetaEl [&Type "Integer"] 331
   &nTotalEl [&Type "Integer"] 662
   &finalEn [&Type "Double"]      -7.0736286285084279e+03  "No Van der Waals correction"
   &eExchange [&Type "Double"]      -6.6383635099574076e+02
   &eCorr [&Type "Double"]      -2.2419169948199023e+01
   &eXC [&Type "Double"]      -6.8625552094393981e+02
   &eCNL [&Type "Double"]       0.0000000000000000e+00
$End
$SCF_Timings
   &GeometryIndex 10
   &TOTAL [&Type "Double"]       3.0250999999999999e+02
   &PREP [&Type "Double"]       1.1289000000000000e+01
   &FOCK [&Type "Double"]       2.3668699999999998e+02
   &DENS [&Type "Double"]       1.9590000000000032e+00
   &ETOT [&Type "Double"]       6.4700000000000557e-01
   &TRAFO [&Type "Double"]       1.1890000000000015e+01
   &DIIS [&Type "Double"]       1.3098000000000006e+01
   &SOSCF [&Type "Double"]       1.7798999999999921e+01
   &XC [&Type "Double"]       1.3194100000000000e+02
   &FOCKSTART [&Type "Double"]       4.0899999999993675e-01
   &INT_BF [&Type "Double"]       2.2326999999995852e+01
   &INT_DENS [&Type "Double"]       5.4486000000001596e+01
   &INT_DENSIO [&Type "Double"]       4.7849200999999968e+06
   &INT_FUNC [&Type "Double"]       4.9730000000006953e+00
   &INT_POT [&Type "Double"]       4.0742000000002193e+01
   &INT_POTIO [&Type "Double"]       9.2400000000006699e-01
   &INT_SUM [&Type "Double"]       3.9999999999835723e-03
   &SPLITRIJ [&Type "Double"]       1.2467099999999999e+02
$End
$VdW_Correction
   &GeometryIndex 10
   &vdW [&Type "Double"]      -8.4555269693786128e-02
$End
$gCP_Energy
   &GeometryIndex 10
   &gCP_Energy [&Type "Double"]       1.5986599120000000e-01
$End
$Single_Point_Data
   &GeometryIndex 10
   &FinalEnergy [&Type "Double"]      -7.0735533177869220e+03  "Final single point energy"
   &Converged [&Type "Boolean"] true
$End
$SCF_Nuc_Gradient
   &GeometryIndex 10
   &NAtoms [&Type "Integer"] 159
   &gradNorm [&Type "Double"]       5.2086390454703556e-02
   &grad [&Type "ArrayOfDoubles", &Dim (477,1)] 
                                                         0

0                                      2.0782928277522385e-03
1                                     -1.7404797036461932e-03
2                                      6.2037408246635810e-04
3                                      1.2886352730600774e-03
4                                      3.9778373431520846e-03
5                                      1.1452058815390987e-03
6                                     -1.0279674291181257e-03
7                                     -1.0023862965371546e-02
8                                      6.4483781668235205e-04
9                                     -5.7918620218065826e-06
10                                     1.8762928419372080e-03
11                                     1.3976505865226671e-03
12                                     1.4986040455140651e-04
13                                    -1.7942563453074320e-04
14                                    -6.0645478569488673e-04
15                                     5.5104728718116105e-04
16                                     6.8045156768019614e-04
17                                    -4.8603782511635863e-04
18                                     1.6730506469400433e-03
19                                    -1.7463890556857471e-03
20                                    -2.4283310828158789e-03
21                                    -1.2059244827406857e-03
22                                    -3.4447401777547542e-04
23                                     8.6633863961132498e-04
24                                     6.5520482336155076e-04
25                                     6.0155346015026306e-04
26                                    -1.7101557564767273e-03
27                                     1.2370294188767724e-03
28                                     2.0912717712400061e-04
29                                     7.2678842291389371e-04
30                                    -1.7077421117180946e-03
31                                     1.1301230191178334e-03
32                                     2.5260160570367007e-03
33                                    -9.5949047177036053e-04
34                                     2.7079564276368774e-03
35                                    -1.1239611439307223e-04
36                                    -1.1020512765497184e-03
37                                    -1.1251022450291866e-03
38                                    -1.1300569250384650e-03
39                                     2.1429683795726488e-03
40                                     1.7463829322681428e-03
41                                     1.2345467492956581e-03
42                                    -3.3922823564998760e-04
43                                     2.3875711761405351e-03
44                                    -2.3990716835830066e-03
45                                    -7.6644122257343308e-04
46                                     1.6761701115569042e-04
47                                    -7.6446176268157395e-04
48                                    -4.3401724046965642e-04
49                                    -2.5899124546686532e-03
50                                     1.6073610723152530e-03
51                                     2.1915496839826920e-04
52                                     1.5879416012268984e-03
53                                     1.7023177229977572e-04
54                                    -1.4352528389183123e-03
55                                     1.0326089936974089e-02
56                                     8.5972069060112822e-05
57                                     6.0175600540573484e-04
58                                    -6.2004982113666649e-04
59                                    -1.2924864694744108e-03
60                                     3.3841181890413536e-04
61                                     8.1830732824361263e-04
62                                     6.8134096548622299e-04
63                                    -1.5389759542485575e-04
64                                     1.7008537565659273e-03
65                                     2.2096741373775633e-03
66                                     1.6152335357129876e-03
67                                     9.3432235124068065e-04
68                                     1.4766438133741470e-04
69                                     1.4886048613495146e-03
70                                    -2.2604114649216541e-03
71                                    -2.1772269989434687e-03
72                                     4.0101124497654668e-03
73                                     2.1917416854622734e-03
74                                    -2.3476526911334569e-03
75                                    -3.0845468420403997e-03
76                                    -9.4367333418694417e-03
77                                     5.4573049983794499e-03
78                                    -3.7007021328616073e-03
79                                    -2.6450903486186913e-03
80                                    -8.2853899194317341e-05
81                                     7.0358173145412036e-04
82                                     7.6362288519788845e-04
83                                     9.6223875329258621e-04
84                                    -4.3148537509345565e-04
85                                    -5.1727416696201243e-04
86                                    -1.6327498499795743e-03
87                                     2.8155324813008754e-03
88                                     2.7554698323330649e-03
89                                     8.3348265119583323e-04
90                                    -9.7552872256003592e-03
91                                    -1.2491978892979739e-03
92                                    -6.7415446222783700e-04
93                                     2.4274872549413270e-03
94                                     1.6269986739175508e-03
95                                    -8.3018591713296603e-04
96                                    -1.1750815842283976e-03
97                                    -2.0138838932671306e-03
98                                     2.9342601710760034e-04
99                                     2.5986611130918457e-03
100                                    2.3827779152578131e-03
101                                   -5.7367434480737956e-05
102                                    5.0335669396611965e-05
103                                   -7.2113348777113993e-05
104                                   -1.1134193155772293e-03
105                                   -3.0015928092788579e-03
106                                    8.8274781323255218e-04
107                                   -1.0501425001538767e-03
108                                   -1.6072226989363341e-03
109                                   -1.2997752548449416e-03
110                                    1.6502187301077845e-03
111                                   -1.9815873999357627e-05
112                                   -1.8487256690758629e-04
113                                   -7.4741250661778411e-05
114                                   -1.5094569738247684e-04
115                                   -2.4883575726868806e-05
116                                    1.3757683131143336e-03
117                                   -4.7240836834214379e-04
118                                    1.5561812977402090e-04
119                                    3.4223666567017458e-04
120                                   -1.3523516680924077e-03
121                                   -2.1043716736291607e-04
122                                    7.3708844990620843e-04
123                                    4.3257484933816861e-04
124                                   -6.3840996812438702e-04
125                                    2.5397165181357449e-04
126                                   -7.1815009579778212e-04
127                                   -7.1628711174084631e-04
128                                    1.1990895270786270e-03
129                                   -1.6394413126884317e-04
130                                    6.7490387595679465e-04
131                                    1.0234199345262437e-03
132                                    2.3016440342344649e-03
133                                   -8.1503079769400060e-04
134                                    3.1221791351400997e-03
135                                    4.0065271851619005e-06
136                                    2.6244645046648573e-04
137                                   -1.0712062613614118e-03
138                                   -6.2153893435402930e-05
139                                    2.5895246455896645e-04
140                                   -2.8940485681595222e-04
141                                   -1.9646920352243279e-03
142                                    1.7707313925545355e-04
143                                   -2.2312131812125780e-03
144                                    2.5698017660274634e-05
145                                   -2.9623932653079894e-04
146                                    1.8325393509964240e-03
147                                    1.1278398850645739e-04
148                                   -4.2496896644304474e-03
149                                   -1.2504586240771039e-03
150                                   -3.3034715668600369e-03
151                                   -5.8085422111003502e-04
152                                    1.9211851254162093e-03
153                                    3.3428473723406517e-03
154                                    1.1686456527001295e-02
155                                   -6.2677780250846114e-03
156                                    1.1919505162998765e-03
157                                   -5.1919063311369417e-04
158                                   -7.9404675604097491e-04
159                                   -1.2197776239497461e-03
160                                   -4.0777445360247336e-04
161                                    1.9164995150264144e-04
162                                   -1.8446924135998482e-03
163                                    6.1930909207149785e-04
164                                    1.5761752438483892e-03
165                                    1.8042245871359059e-04
166                                   -8.6037438381119811e-04
167                                    1.0071759520047417e-03
168                                    2.3346488176659698e-04
169                                   -3.3337901605953193e-04
170                                    6.0703461775268061e-04
171                                   -7.3167087084361870e-04
172                                   -1.7472105569874290e-03
173                                   -4.4094657037387335e-04
174                                    1.0345026161190114e-05
175                                    2.1255761443171351e-04
176                                    1.3084238541293046e-04
177                                   -1.7071747636199215e-03
178                                   -3.9817489606188009e-03
179                                    7.6555065367987080e-04
180                                   -1.5547158490639146e-04
181                                    1.9452196400631704e-03
182                                    9.5293665024920619e-04
183                                   -1.2714353435310088e-03
184                                   -2.1594668602760493e-03
185                                    2.2798281348141008e-04
186                                    1.9854328848945861e-03
187                                   -9.9457171593226234e-06
188                                   -1.0172238798913519e-03
189                                    1.4846078376568961e-03
190                                    4.2349645019359701e-04
191                                   -1.7459702057915309e-03
192                                   -1.4714555780660846e-03
193                                    6.9563970952010756e-04
194                                    3.8468185004552199e-03
195                                   -2.0233943320398283e-04
196                                    2.2671552843222488e-03
197                                   -3.7156540659730526e-03
198                                    2.0435899998768963e-04
199                                   -1.9877266633542834e-03
200                                   -1.6766046038081441e-03
201                                    9.7419042662836609e-04
202                                    2.0347527514899305e-03
203                                    2.8399641094691637e-04
204                                   -4.0105114828529196e-04
205                                    1.4209133156753981e-04
206                                    1.4071990719305763e-04
207                                   -2.8653128131197205e-03
208                                    1.4620535322324981e-03
209                                    1.1946861594660297e-03
210                                    2.2216763445292611e-03
211                                    1.7055064160462641e-03
212                                   -3.1674823345733728e-04
213                                   -5.2854560715482248e-03
214                                   -8.0098916660951329e-04
215                                   -2.2537097579521485e-03
216                                   -1.1625922864708139e-03
217                                   -2.6550666227189799e-03
218                                    1.3351138181817677e-03
219                                   -9.6035167300012624e-04
220                                   -7.0683955153344642e-04
221                                   -5.1558896188410685e-04
222                                    3.0342243915948777e-04
223                                   -6.3325773508000969e-04
224                                    6.9687339402955896e-04
225                                    1.5268540190626072e-04
226                                    6.9744285320861134e-04
227                                   -1.4712317095250281e-03
228                                   -4.3959942810645192e-06
229                                    6.1356774661897582e-04
230                                   -1.1661253380912799e-03
231                                    6.8224828602010661e-03
232                                   -8.5942837422194941e-04
233                                    3.1006089997202189e-03
234                                    5.5151899423614944e-04
235                                   -4.2530191276950093e-04
236                                   -7.6321980805787396e-04
237                                    1.0043079984529777e-02
238                                    4.8122717538077809e-03
239                                   -5.4166306262175825e-03
240                                    1.5693556929451576e-03
241                                   -1.8158193396126837e-03
242                                    3.0308790447081905e-04
243                                   -4.3278305727919723e-04
244                                   -7.2533674964536394e-04
245                                    2.1159941481723658e-03
246                                   -1.9437340557891107e-03
247                                    2.3104637290008176e-03
248                                   -1.9614779977815515e-03
249                                   -1.5550870677335377e-03
250                                   -5.6319231562920501e-03
251                                    2.2820259453627000e-03
252                                   -1.2942293240744336e-03
253                                   -7.0699112410489554e-04
254                                    5.9920825165082773e-04
255                                   -1.4759316641449536e-04
256                                   -1.3597889527032885e-03
257                                    2.2608934982387024e-03
258                                   -1.4816283493359061e-03
259                                    8.2754050110662048e-04
260                                   -4.3239987898064823e-04
261                                    5.0932626818229131e-04
262                                   -3.3788901289559738e-03
263                                   -5.0922215210542450e-03
264                                    3.2744004691559565e-03
265                                    3.3629023602687793e-03
266                                    3.3512785522120678e-03
267                                   -2.8117577762509782e-04
268                                   -1.1865070752666680e-03
269                                    3.5243770394329244e-03
270                                    4.3390629879886826e-04
271                                    7.7615132740002299e-04
272                                   -2.9022392041995557e-03
273                                    9.1493553984791742e-04
274                                   -3.2855712289400645e-03
275                                    4.2151850190155103e-03
276                                    4.9766910003569268e-05
277                                    2.6054475921975543e-03
278                                    2.1403835269058263e-04
279                                    6.6456170765481315e-04
280                                    7.0740681760498908e-04
281                                    9.9084527074224456e-04
282                                   -4.7210771505822090e-04
283                                    6.8658935793101711e-04
284                                   -2.1289495269243494e-03
285                                   -2.2370595449555308e-03
286                                   -2.4783148049157557e-03
287                                   -8.2426939734937788e-04
288                                   -1.0392495257997942e-03
289                                    9.1920484603945623e-04
290                                   -1.9512562021394156e-03
291                                    6.8690628245421706e-04
292                                    1.3384773395707377e-03
293                                    2.4458031024481583e-05
294                                    2.1374839847770268e-03
295                                    3.6521127244563208e-04
296                                   -1.3709877272340065e-03
297                                   -3.3083296889335431e-03
298                                   -1.3418532384978015e-04
299                                   -2.5754572610470405e-03
300                                    5.1683855354461667e-03
301                                    1.9640916210049487e-03
302                                    2.1913029290633263e-03
303                                    1.3041928880460406e-03
304                                   -1.9815405313479170e-03
305                                   -2.4147554198674071e-03
306                                   -1.0750730692908456e-03
307                                   -1.4875033558886774e-04
308                                   -3.6720029884627341e-03
309                                    1.5657338580939600e-03
310                                    1.7217808050908937e-03
311                                    1.7642575948314037e-03
312                                   -1.5721530713011240e-03
313                                   -6.3687231316710273e-04
314                                    1.2018474606614988e-03
315                                   -6.6451247556284233e-06
316                                   -2.6663810837344992e-03
317                                   -9.7526433595226448e-04
318                                   -4.1093050120988095e-03
319                                   -7.2529025970375987e-04
320                                    7.4017494323378960e-04
321                                    4.4872280316073164e-04
322                                    2.8769790758223967e-04
323                                    2.3492211391817367e-03
324                                    2.5897031324060318e-04
325                                    5.0483659483386688e-04
326                                    7.2953335978364980e-04
327                                    4.3594735300360265e-04
328                                   -1.1207035590171189e-03
329                                   -3.9532982380608107e-03
330                                    2.1626724735139841e-03
331                                    1.7658191567072475e-03
332                                    5.7653566333277003e-03
333                                    3.2392067584722756e-03
334                                    4.9651739317074003e-03
335                                   -7.0980666783610194e-03
336                                   -2.1539238891216759e-03
337                                   -1.3499407968375016e-03
338                                   -1.7333847099502845e-03
339                                   -9.0098081765145155e-04
340                                    2.6125404560031621e-04
341                                    6.3599748182271835e-04
342                                   -1.8651892526078438e-04
343                                   -5.5196667622441043e-04
344                                    1.4104815257675513e-03
345                                   -5.1833098155714351e-04
346                                   -2.1830539243108276e-04
347                                    1.2938002058092437e-03
348                                   -2.9846733862032709e-03
349                                   -9.4703758513343624e-04
350                                    2.4398456408608734e-03
351                                    2.2387396596296985e-04
352                                   -5.0650418383086510e-03
353                                    1.7852121464899916e-04
354                                    8.2860325673153644e-04
355                                   -1.2665727085680455e-03
356                                   -7.5758247213949387e-05
357                                    8.2413200263857099e-04
358                                    5.2354260904443131e-04
359                                   -2.3538385710894466e-03
360                                   -4.6771521001329284e-04
361                                    7.3417162224465949e-05
362                                    3.1781793062888837e-03
363                                   -2.6337072473047360e-03
364                                    3.8527731337405164e-03
365                                    3.9605270543542417e-03
366                                    1.4973244381626140e-03
367                                   -3.2476007761389979e-05
368                                   -5.3100684796679298e-03
369                                    1.4052647569906306e-03
370                                   -1.0442393895182219e-03
371                                    1.2684689369765697e-03
372                                    2.1651145640245095e-04
373                                   -1.5453979440733248e-04
374                                    7.2768748907805678e-04
375                                   -3.7678184640335091e-03
376                                   -3.7852581164269797e-03
377                                    1.3568330137936524e-03
378                                    6.2283234141016178e-04
379                                   -1.7616016074142916e-03
380                                    1.3174950477074651e-03
381                                    2.3950995737620088e-03
382                                   -1.9366860014250124e-03
383                                   -4.7032878458827217e-04
384                                   -3.9996817097324267e-04
385                                    5.1115680107658660e-03
386                                   -3.4300827979257134e-03
387                                    1.6923793568451467e-03
388                                    9.2078082820468816e-04
389                                    2.2213586204124407e-03
390                                    3.2441565788516296e-03
391                                   -2.9612013975321401e-03
392                                    8.0837243183350983e-04
393                                   -5.2719054116363599e-03
394                                    3.5430108422267650e-03
395                                   -6.7951420709241464e-03
396                                   -5.5257336839537310e-03
397                                    2.0814386722036106e-03
398                                   -1.0773582033416777e-03
399                                   -6.3940195914611100e-06
400                                   -1.8770017825549758e-03
401                                   -8.5989977316266552e-04
402                                   -6.8962631837608780e-04
403                                    9.6707592655638996e-05
404                                   -5.5788550121278475e-04
405                                    2.0901648036296806e-04
406                                    8.4652961771261115e-04
407                                   -5.0888088400708690e-04
408                                    3.2941123374828091e-03
409                                   -7.3949554097294846e-04
410                                   -1.5944556665105581e-04
411                                    1.2897991885542132e-03
412                                   -6.5786537540542581e-04
413                                    3.3618415690560288e-03
414                                   -8.5537571100164234e-05
415                                    2.0715013921650534e-03
416                                    7.9293432727629452e-04
417                                   -2.2957716043957012e-04
418                                   -2.3235366227959907e-03
419                                   -2.3034671831952316e-03
420                                   -7.6914145928273282e-04
421                                    2.0644503542215117e-03
422                                    3.8794660695801492e-03
423                                    6.3847052220126098e-03
424                                   -3.3855097275339858e-03
425                                    2.7860340842807024e-03
426                                    2.6821705344361379e-03
427                                   -5.3307790188941899e-03
428                                   -5.1083330734100320e-03
429                                    2.2634776923403945e-03
430                                   -6.9644432317479438e-04
431                                    2.8769139022228629e-03
432                                    4.8846075080607890e-04
433                                    3.2498026941797193e-03
434                                    1.6238008238868566e-03
435                                    4.4852467642116599e-04
436                                    3.0613970546387067e-04
437                                    2.9145434791982540e-04
438                                   -2.6942878453327214e-03
439                                    1.9295519576762053e-03
440                                   -1.5451509190963789e-04
441                                   -3.4918983917522871e-03
442                                    3.1785030593510727e-04
443                                    2.1683524349435978e-03
444                                    1.5272221756889811e-04
445                                    5.5375993130509621e-04
446                                   -1.0845093264427513e-04
447                                   -3.6634658301371451e-03
448                                    4.9925676473588695e-03
449                                    6.4320217246711187e-03
450                                    4.6326463470284119e-04
451                                   -3.4720656393848410e-04
452                                   -6.5156150784214488e-03
453                                    2.8347839574117892e-03
454                                    3.6062948640776444e-04
455                                    3.8557197308209681e-03
456                                    1.0029422705709768e-03
457                                    3.1497116840281027e-03
458                                    4.5548544760886734e-03
459                                    2.7925566226099387e-03
460                                   -1.3852138784426363e-03
461                                   -3.9820469361000503e-03
462                                   -7.5100016382029081e-04
463                                    2.4525184618791568e-05
464                                   -9.8688611242750066e-04
465                                   -3.7087379139898028e-04
466                                   -2.0277215183732251e-03
467                                   -3.8296415959664516e-04
468                                   -1.7585895664676762e-03
469                                   -7.0473879504834747e-04
470                                   -2.6867602327117993e-03
471                                   -9.2425027846549409e-04
472                                   -2.5079424471099922e-03
473                                   -3.5668543844119549e-03
474                                   -7.1843787236669954e-04
475                                    9.6715971192547418e-04
476                                    6.8395641233590738e-04
   &Method [&Type "String"] "SCF"
   &Level [&Type "String"] "Relaxed density"
   &Mult [&Type "Integer"] 1
   &State [&Type "Integer"] 0
   &Irrep [&Type "Integer"] 0
$End
$Geometry
   &GeometryIndex 11
   &NAtoms [&Type "Integer"] 159
   &NCorelessECP [&Type "Integer"] 0
   &NGhostAtoms [&Type "Integer"] 0
   &CartesianCoordinates [&Type "Coordinates", &Dim(159,4), &Units "Bohr"] 
              C     78.605682437474  -50.322406212327    1.747631739065
              C     76.850004395683  -52.401726799419    0.704024968552
              C     74.736070974738  -51.384957663848   -0.932107411243
              N     75.493011285330  -49.667061276785   -2.717269842658
              C     78.173528395344  -48.946313533235   -2.803121055903
              C     79.063191298897  -48.171102975869   -0.171492250021
              C     73.668425979846  -48.367456108491   -4.235968087506
              C     71.850940912455  -49.697509869434   -5.594751434063
              C     70.047227353170  -48.391273747847   -6.984354602393
              C     69.952969677323  -45.756214645880   -6.959150920167
              C     71.733989792929  -44.427316258457   -5.529938490091
              C     73.590903643399  -45.727634452244   -4.221182883491
              N     67.993490142490  -44.479254573651   -8.272469710312
              C     65.315526933345  -45.180692359253   -7.849126774506
              C     63.957128263071  -43.074405842739   -6.416264244472
              C     64.263956206565  -40.751207833984   -7.964975122965
              C     66.216905268277  -40.634837838031   -9.700839307606
              C     68.472949560652  -42.263003163049   -9.590913072089
              O     72.501865958613  -51.916893855038   -0.592257422379
              O     70.552484141107  -41.647730344874  -10.398279599616
              C     62.967152598879  -38.446481076017   -8.258715370403
              N     64.013731530525  -37.054528386118  -10.104423542609
              N     65.988908446717  -38.381387411898  -10.964486828331
              C     66.974353918118  -37.757523471722  -13.387116600902
              C     60.671986545768  -37.520315229618   -6.931674832032
              N     59.928232644174  -35.192182575240   -7.653210953545
              O     59.576637857997  -38.862737634394   -5.355394747739
              C     67.405091097461  -35.240594203209  -14.024923616246
              C     68.120997982360  -34.630792889903  -16.469543375930
              C     68.430600122695  -36.532041756831  -18.271063296724
              C     67.875713252833  -39.035974102595  -17.643523582467
              C     67.205050191687  -39.650482174434  -15.185504963795
              O     69.207681051414  -35.788211590162  -20.620122997965
              C     70.594644164239  -37.587303050419  -22.073067899108
              H     77.760212883679  -49.540508097693    3.463933605351
              H     80.387370618443  -51.194574848776    2.314622720092
              H     77.934500478022  -53.780645336287   -0.404908166902
              H     75.960596964222  -53.467697435250    2.232268874358
              H     79.308105250827  -50.544978971947   -3.494933820918
              H     78.375654864963  -47.406848647768   -4.163549553927
              H     81.062532630915  -47.646282666289   -0.228630564558
              H     78.009819295978  -46.481520784503    0.395103756936
              H     71.826999880550  -51.746155933823   -5.535326500036
              H     68.649790326572  -49.434775614609   -8.063386108091
              H     71.658372252436  -42.390175279855   -5.358358605053
              H     74.942900944231  -44.663871290880   -3.100372734395
              H     64.399669132459  -45.477002485671   -9.691224117349
              H     65.251965733244  -46.953850686023   -6.798660442841
              H     61.964828708115  -43.519885055422   -6.127464681138
              H     64.843470814770  -42.919025873715   -4.550396296276
              H     61.014482158604  -34.274490573552   -8.928894611390
              H     58.720927749338  -34.043281141968   -6.673209561767
              H     67.166240338839  -33.773427270692  -12.615729705529
              H     68.473030455469  -32.683435992382  -17.003177228677
              H     68.041958112424  -40.532246533884  -19.029503684842
              H     66.732557923909  -41.581756056575  -14.679616647518
              H     72.066528534118  -38.485972699571  -20.918333943082
              H     69.363951404097  -39.060106140801  -22.874526094122
              H     71.459959862518  -36.525761974521  -23.615971199453
              C     57.333303077336  -46.292410086652   -6.341050598231
              S     57.883915196049  -44.966180417270   -9.530221033423
              C     54.726630918141  -43.570022423918   -9.975614026665
              O     58.024814458684  -47.232901193090  -11.310688774683
              H     57.950472220459  -44.866567409551   -4.975816794414
              H     55.376413091918  -46.858673597071   -5.985568097339
              H     58.607028079466  -47.913446138249   -6.299426367155
              H     54.170176505399  -42.574468027952   -8.256043682030
              H     54.854404716534  -42.225172393675  -11.539835907668
              H     53.413866057404  -45.108522252368  -10.404038249124
              C     62.486873925807  -54.843937705949   -4.709620503935
              S     61.580751038285  -57.273095598364   -7.061713798157
              C     59.450604059451  -55.117725194842   -8.863999812192
              O     59.928626503230  -59.163222492086   -5.664885765488
              H     62.906176193175  -53.063258239234   -5.670883331140
              H     60.894589244165  -54.640956424892   -3.406426227381
              H     64.163859640312  -55.507217647666   -3.708564825007
              H     57.763098081083  -56.185644291113   -9.375473162591
              H     59.026745531250  -53.515482510973   -7.642054886519
              H     60.438525116725  -54.471021046843  -10.562180086881
              C     67.787173043535  -51.812298980441    2.289627976055
              S     67.656534719022  -49.193869069189   -0.035226456309
              C     69.982236388585  -47.191452101749    1.630019847862
              O     65.053289064072  -47.984892049231    0.339033694202
              H     69.235255788548  -53.220164822762    1.852266648337
              H     68.037017466845  -51.049180832174    4.195346809345
              H     65.916525680687  -52.696030352821    2.210450683989
              H     69.307816403611  -46.921188505961    3.566688333449
              H     71.753551243523  -48.250453876769    1.527791093370
              H     70.160620066451  -45.362394779552    0.676727449844
              C     59.015989679031  -46.051104221805  -17.109570959480
              S     60.354014128172  -42.839183873162  -16.787902797736
              C     62.690983583283  -43.212911248663  -19.345077280676
              O     61.836243013367  -42.690695888034  -14.328837012759
              H     57.958076782504  -46.073781471080  -18.888330532079
              H     60.549244983440  -47.432794160398  -17.169600318188
              H     57.773161923879  -46.442007834508  -15.502987399360
              H     63.686358188006  -45.012303475465  -19.168021183235
              H     61.717999739627  -43.098900783417  -21.168392677067
              H     64.012046467364  -41.631378368177  -19.190846489515
              C     69.528777312480  -32.518505030390   -1.643847236399
              S     67.524318014508  -29.847863544859   -0.642236087637
              C     68.212320960675  -27.813232409405   -3.372968494845
              O     68.840157019985  -28.677894489500    1.632114490403
              H     69.634530412527  -32.634946740664   -3.700251037943
              H     71.391587711090  -32.118976383826   -0.842143843467
              H     68.790796924262  -34.263694528531   -0.830943030420
              H     70.228007317858  -27.828715393790   -3.793581907273
              H     67.103135300673  -28.489481367671   -4.978082734829
              H     67.603980487341  -25.912412461386   -2.840265847408
              C     65.163277325704  -30.492976829392    7.522357505512
              S     63.763426162818  -30.498054255051    4.364321203491
              C     60.442353784694  -30.516143391202    5.387870006033
              O     64.151768716524  -33.176076235989    3.329099910133
              H     64.528903762600  -28.809002226912    8.547614517301
              H     64.575252525927  -32.213932357117    8.512168931224
              H     67.212474665340  -30.449561774496    7.288072577776
              H     59.727136585102  -28.650222963724    5.918155168813
              H     59.379304608712  -31.295215402654    3.796604484028
              H     60.261742384825  -31.822907755896    6.980805018460
              C     63.567918684014  -42.282211840183    1.242401391975
              S     66.555324746497  -40.651768412729    0.463147758613
              C     65.183420175691  -37.857808727388   -1.129267438270
              O     67.836610927938  -42.073145239347   -1.716241105518
              H     63.018095332508  -41.631285617643    3.129450806591
              H     62.104477091062  -41.832121136313   -0.143577788459
              H     63.918161025266  -44.331241772416    1.285821473621
              H     66.751470038708  -37.246748167982   -2.326747438664
              H     63.657159084036  -38.526418555831   -2.351401809298
              H     64.604481504671  -36.314976784766    0.127438897282
              C     56.854935167435  -41.216708699490    6.844391139892
              S     57.565298753526  -39.110061180758    4.163498374782
              C     59.953451572801  -37.230252963579    5.851713410374
              O     55.252403250855  -37.414911804223    3.850694767671
              H     55.396983823219  -42.536236203129    6.207587589065
              H     58.554427073055  -42.269272418520    7.366240357312
              H     56.161321802812  -40.057583705817    8.408592258427
              H     61.028133811812  -36.033408708490    4.549541338173
              H     58.995668732008  -36.129284696379    7.323102875523
              H     61.310078771186  -38.496081972455    6.767659876407
              C     59.403924268419  -34.522019561728   -0.704005350095
              S     57.482184551243  -31.821804286490   -1.671487966562
              C     54.640809199809  -32.553113709385    0.193307949506
              O     56.759391954616  -32.281756741084   -4.441595373673
              H     61.293022421119  -34.274010190667   -1.502480778933
              H     59.574952834540  -34.415874574689    1.351271006997
              H     58.533228091578  -36.277763993742   -1.360041142080
              H     53.578331016976  -34.016151620993   -0.808730131373
              H     55.049756793148  -33.183923172854    2.122267556907
              H     53.522709362414  -30.813031701270    0.223634965311
              C     56.108736661266  -31.418535371449  -11.631741554679
              S     58.785201489432  -30.009695226601  -13.394621927577
              C     59.003987134760  -32.594450474172  -15.732079758093
              O     61.019375359876  -30.154255998793  -11.582185543175
              H     56.708542585436  -33.342063654061  -11.158937167207
              H     55.805500848813  -30.285768018986   -9.935979634295
              H     54.410103545063  -31.470832805303  -12.811946723894
              H     60.332944408137  -32.051182872945  -17.217363560259
              H     59.575552548372  -34.386249925917  -14.869325330697
              H     57.119015159655  -32.775135908099  -16.571871801036
$End
$SCF_Mulliken_Population_Analysis
   &GeometryIndex 11
   &NAtoms [&Type "Integer"] 159
   &ATNO [&Type "ArrayOfIntegers", &Dim (159,1)] 
                                                         0

0                                                        6
1                                                        6
2                                                        6
3                                                        7
4                                                        6
5                                                        6
6                                                        6
7                                                        6
8                                                        6
9                                                        6
10                                                       6
11                                                       6
12                                                       7
13                                                       6
14                                                       6
15                                                       6
16                                                       6
17                                                       6
18                                                       8
19                                                       8
20                                                       6
21                                                       7
22                                                       7
23                                                       6
24                                                       6
25                                                       7
26                                                       8
27                                                       6
28                                                       6
29                                                       6
30                                                       6
31                                                       6
32                                                       8
33                                                       6
34                                                       1
35                                                       1
36                                                       1
37                                                       1
38                                                       1
39                                                       1
40                                                       1
41                                                       1
42                                                       1
43                                                       1
44                                                       1
45                                                       1
46                                                       1
47                                                       1
48                                                       1
49                                                       1
50                                                       1
51                                                       1
52                                                       1
53                                                       1
54                                                       1
55                                                       1
56                                                       1
57                                                       1
58                                                       1
59                                                       6
60                                                      16
61                                                       6
62                                                       8
63                                                       1
64                                                       1
65                                                       1
66                                                       1
67                                                       1
68                                                       1
69                                                       6
70                                                      16
71                                                       6
72                                                       8
73                                                       1
74                                                       1
75                                                       1
76                                                       1
77                                                       1
78                                                       1
79                                                       6
80                                                      16
81                                                       6
82                                                       8
83                                                       1
84                                                       1
85                                                       1
86                                                       1
87                                                       1
88                                                       1
89                                                       6
90                                                      16
91                                                       6
92                                                       8
93                                                       1
94                                                       1
95                                                       1
96                                                       1
97                                                       1
98                                                       1
99                                                       6
100                                                     16
101                                                      6
102                                                      8
103                                                      1
104                                                      1
105                                                      1
106                                                      1
107                                                      1
108                                                      1
109                                                      6
110                                                     16
111                                                      6
112                                                      8
113                                                      1
114                                                      1
115                                                      1
116                                                      1
117                                                      1
118                                                      1
119                                                      6
120                                                     16
121                                                      6
122                                                      8
123                                                      1
124                                                      1
125                                                      1
126                                                      1
127                                                      1
128                                                      1
129                                                      6
130                                                     16
131                                                      6
132                                                      8
133                                                      1
134                                                      1
135                                                      1
136                                                      1
137                                                      1
138                                                      1
139                                                      6
140                                                     16
141                                                      6
142                                                      8
143                                                      1
144                                                      1
145                                                      1
146                                                      1
147                                                      1
148                                                      1
149                                                      6
150                                                     16
151                                                      6
152                                                      8
153                                                      1
154                                                      1
155                                                      1
156                                                      1
157                                                      1
158                                                      1
   &AtomicCharges [&Type "ArrayOfDoubles", &Dim (159,1)] 
                                                         0

0                                     -3.3635181751187115e-01
1                                     -3.0079021708998077e-01
2                                      1.9039797103015932e-01
3                                      2.9814719025086323e-01
4                                     -3.2603982753469207e-01
5                                     -2.3927980316130970e-01
6                                      1.1509508535958446e-02
7                                     -2.0745552096675901e-01
8                                     -3.3723487071664948e-01
9                                      5.0352568222628236e-02
10                                    -1.9465343588548034e-01
11                                    -3.0202732045525593e-01
12                                     3.1260925594502176e-01
13                                    -3.1999893078177966e-01
14                                    -4.2959866784145184e-01
15                                     7.4333310930907892e-02
16                                    -1.5044539821657299e-01
17                                     3.8072982340756845e-02
18                                    -4.4478213754553764e-01
19                                    -4.1310129468037360e-01
20                                     2.3969024552632323e-01
21                                    -4.5427283008791441e-01
22                                     8.0381810906227802e-01
23                                     6.5376566259808477e-02
24                                    -6.1930130697014363e-02
25                                    -3.8848259816379116e-01
26                                    -4.6532810668181490e-01
27                                    -2.8636759611348861e-01
28                                    -2.9579459509075257e-01
29                                     3.3429439697608565e-01
30                                    -3.6741251489372484e-01
31                                    -7.6007690722576626e-02
32                                    -2.0124825525110168e-01
33                                    -3.2069627515131316e-01
34                                     1.5643719942548640e-01
35                                     1.5681357011867569e-01
36                                     1.7513762169972413e-01
37                                     1.8123184442813012e-01
38                                     1.6179657948480042e-01
39                                     1.7930463630287674e-01
40                                     1.5845690274477164e-01
41                                     1.5679401384471436e-01
42                                     1.5896884038549985e-01
43                                     1.4451587118995901e-01
44                                     1.6507804191070674e-01
45                                     1.4870854780028409e-01
46                                     2.0742282053677386e-01
47                                     1.4484625823161612e-01
48                                     1.7465335731702369e-01
49                                     2.3272180175016266e-01
50                                     3.1383047037762002e-01
51                                     3.0861776471932556e-01
52                                     1.6712916259997501e-01
53                                     1.6202409809837315e-01
54                                     1.3980421323427439e-01
55                                     1.7163931811665800e-01
56                                     1.6719442034023912e-01
57                                     1.4002809444461584e-01
58                                     1.5394805308641168e-01
59                                    -4.5973053530681351e-01
60                                     4.5910189015884129e-01
61                                    -4.6376178085590603e-01
62                                    -5.7313190656547697e-01
63                                     1.9125243655500590e-01
64                                     1.6640513109713406e-01
65                                     1.7194667434155320e-01
66                                     1.7166325934517246e-01
67                                     1.6938818660368837e-01
68                                     1.8086697123288487e-01
69                                    -4.5983730202650186e-01
70                                     4.2262599217241181e-01
71                                    -4.5205572264668703e-01
72                                    -5.5369439237730056e-01
73                                     1.5717394845567045e-01
74                                     1.9008203396532908e-01
75                                     1.7033184472478347e-01
76                                     1.8363218711402496e-01
77                                     1.6670803127268097e-01
78                                     1.7142937060046171e-01
79                                    -4.7861144478565087e-01
80                                     4.5088943413496807e-01
81                                    -4.5091857156059234e-01
82                                    -5.8260053357713026e-01
83                                     2.0210834932867139e-01
84                                     1.5413185665374152e-01
85                                     1.6490272179372356e-01
86                                     1.5530625823372901e-01
87                                     1.6797457934280957e-01
88                                     2.0951933096279407e-01
89                                    -4.3673075516939619e-01
90                                     3.8429109224333580e-01
91                                    -4.4848959074160710e-01
92                                    -5.1361339644998694e-01
93                                     1.4403518037855312e-01
94                                     1.6306117000508868e-01
95                                     2.1524877209153481e-01
96                                     1.6977335473072719e-01
97                                     1.5640704233608738e-01
98                                     1.7527057040165595e-01
99                                    -4.6373286815369408e-01
100                                    4.7791470631906208e-01
101                                   -4.7384689389773982e-01
102                                   -5.8187918966243224e-01
103                                    1.6499873355641825e-01
104                                    1.8926188130011634e-01
105                                    1.7326122238586950e-01
106                                    1.7192483498359401e-01
107                                    1.7994244057757403e-01
108                                    1.7361317157638001e-01
109                                   -4.5300342318168774e-01
110                                    4.8432690817172741e-01
111                                   -4.5892719827278050e-01
112                                   -5.7342659762013781e-01
113                                    1.5732540072866352e-01
114                                    1.7117487588886893e-01
115                                    1.9766624590025061e-01
116                                    1.7522410941705235e-01
117                                    1.6049842153194027e-01
118                                    1.6636965599912978e-01
119                                   -4.7676723725076098e-01
120                                    3.8784384420132945e-01
121                                   -4.6192836995895625e-01
122                                   -5.4464883936748265e-01
123                                    1.3063810588101787e-01
124                                    1.8076553366029224e-01
125                                    2.4329023856772158e-01
126                                    1.5552859674055031e-01
127                                    2.0270490514744188e-01
128                                    1.9675168084455019e-01
129                                   -4.4177694950819379e-01
130                                    4.1515338528504486e-01
131                                   -4.7147113334641588e-01
132                                   -5.4223831665895439e-01
133                                    1.7660686756166033e-01
134                                    1.6111673475245947e-01
135                                    1.7352007769962530e-01
136                                    2.0943304543338981e-01
137                                    1.6581863840479372e-01
138                                    1.5536710251103325e-01
139                                   -4.2372827622589782e-01
140                                    3.5625950091730019e-01
141                                   -4.4757373898061115e-01
142                                   -5.4157891447435169e-01
143                                    1.7598076403475238e-01
144                                    1.2298896211437005e-01
145                                    2.2943732930651595e-01
146                                    1.9006526031105353e-01
147                                    1.7863391356016223e-01
148                                    1.5919175569500377e-01
149                                   -4.4318307592537742e-01
150                                    4.0455438531298427e-01
151                                   -4.4667734389710745e-01
152                                   -5.4961681864240575e-01
153                                    1.8857557152927718e-01
154                                    1.9057548752603570e-01
155                                    1.4790194649124733e-01
156                                    1.6968831998582612e-01
157                                    1.9897246000268032e-01
158                                    1.4638065296805247e-01
   &Method [&Type "String"] "SCF"
   &Level [&Type "String"] "Relaxed density"
   &Mult [&Type "Integer"] 1
   &State [&Type "Integer"] -1
   &Irrep [&Type "Integer"] 0
$End
$SCF_Loewdin_Population_Analysis
   &GeometryIndex 11
   &NAtoms [&Type "Integer"] 159
   &ATNO [&Type "ArrayOfIntegers", &Dim (159,1)] 
                                                         0

0                                                        6
1                                                        6
2                                                        6
3                                                        7
4                                                        6
5                                                        6
6                                                        6
7                                                        6
8                                                        6
9                                                        6
10                                                       6
11                                                       6
12                                                       7
13                                                       6
14                                                       6
15                                                       6
16                                                       6
17                                                       6
18                                                       8
19                                                       8
20                                                       6
21                                                       7
22                                                       7
23                                                       6
24                                                       6
25                                                       7
26                                                       8
27                                                       6
28                                                       6
29                                                       6
30                                                       6
31                                                       6
32                                                       8
33                                                       6
34                                                       1
35                                                       1
36                                                       1
37                                                       1
38                                                       1
39                                                       1
40                                                       1
41                                                       1
42                                                       1
43                                                       1
44                                                       1
45                                                       1
46                                                       1
47                                                       1
48                                                       1
49                                                       1
50                                                       1
51                                                       1
52                                                       1
53                                                       1
54                                                       1
55                                                       1
56                                                       1
57                                                       1
58                                                       1
59                                                       6
60                                                      16
61                                                       6
62                                                       8
63                                                       1
64                                                       1
65                                                       1
66                                                       1
67                                                       1
68                                                       1
69                                                       6
70                                                      16
71                                                       6
72                                                       8
73                                                       1
74                                                       1
75                                                       1
76                                                       1
77                                                       1
78                                                       1
79                                                       6
80                                                      16
81                                                       6
82                                                       8
83                                                       1
84                                                       1
85                                                       1
86                                                       1
87                                                       1
88                                                       1
89                                                       6
90                                                      16
91                                                       6
92                                                       8
93                                                       1
94                                                       1
95                                                       1
96                                                       1
97                                                       1
98                                                       1
99                                                       6
100                                                     16
101                                                      6
102                                                      8
103                                                      1
104                                                      1
105                                                      1
106                                                      1
107                                                      1
108                                                      1
109                                                      6
110                                                     16
111                                                      6
112                                                      8
113                                                      1
114                                                      1
115                                                      1
116                                                      1
117                                                      1
118                                                      1
119                                                      6
120                                                     16
121                                                      6
122                                                      8
123                                                      1
124                                                      1
125                                                      1
126                                                      1
127                                                      1
128                                                      1
129                                                      6
130                                                     16
131                                                      6
132                                                      8
133                                                      1
134                                                      1
135                                                      1
136                                                      1
137                                                      1
138                                                      1
139                                                      6
140                                                     16
141                                                      6
142                                                      8
143                                                      1
144                                                      1
145                                                      1
146                                                      1
147                                                      1
148                                                      1
149                                                      6
150                                                     16
151                                                      6
152                                                      8
153                                                      1
154                                                      1
155                                                      1
156                                                      1
157                                                      1
158                                                      1
   &AtomicCharges [&Type "ArrayOfDoubles", &Dim (159,1)] 
                                                         0

0                                     -2.8545607996895939e-01
1                                     -2.3256197530095157e-01
2                                      3.4660771588265682e-01
3                                     -7.4916037196249086e-01
4                                     -1.4345893585677949e-02
5                                     -2.7037385753750609e-01
6                                      1.3268546410056103e-01
7                                     -1.0451190304980695e-01
8                                     -1.2680099364985775e-01
9                                      1.5762347704025181e-01
10                                    -8.4728219000957061e-02
11                                    -1.3123994836808350e-01
12                                    -7.3601114092183817e-01
13                                    -3.2198334383934935e-03
14                                    -2.3804216201033235e-01
15                                     3.9307562710142463e-02
16                                     2.3763782371975672e-01
17                                     3.8811761409561196e-01
18                                    -5.2700983087099118e-01
19                                    -4.2915658784320954e-01
20                                     2.1562093290418360e-01
21                                    -3.3313082226771140e-01
22                                    -5.6317169470727535e-01
23                                     1.7814500587525828e-01
24                                     3.3811745622925127e-01
25                                    -4.7388593186425609e-01
26                                    -5.1757494942877535e-01
27                                    -9.1609856312889093e-02
28                                    -1.2842081175323372e-01
29                                     1.8331696011937826e-01
30                                    -1.7837628810816497e-01
31                                    -8.0417449072033520e-02
32                                    -6.8397039913452140e-01
33                                    -5.8355495601696283e-02
34                                     1.6273428058174155e-01
35                                     1.6076412205412627e-01
36                                     1.7732851170116248e-01
37                                     1.8229528601469203e-01
38                                     1.7918909420931306e-01
39                                     1.9747217913518578e-01
40                                     1.6261340640994004e-01
41                                     1.6196222770622692e-01
42                                     1.8632535531615768e-01
43                                     1.7737310467481326e-01
44                                     1.9381956207525786e-01
45                                     1.7616873357392793e-01
46                                     1.9309787541403989e-01
47                                     1.9117259955383703e-01
48                                     1.8067408746904934e-01
49                                     2.0762510112582311e-01
50                                     2.7872790926647673e-01
51                                     2.8450611324984321e-01
52                                     1.8993195285633180e-01
53                                     1.8378236717887719e-01
54                                     1.7483873384887083e-01
55                                     1.9835295884450632e-01
56                                     1.7243500293964020e-01
57                                     1.5674848667242958e-01
58                                     1.7778789462713696e-01
59                                    -4.4923676395007917e-01
60                                     6.2553989512791652e-01
61                                    -4.4447827288007602e-01
62                                    -7.6396447235950404e-01
63                                     1.7567308725922903e-01
64                                     1.6600805773954097e-01
65                                     1.7696820308822647e-01
66                                     1.7403335155593935e-01
67                                     1.7018600450182286e-01
68                                     1.7285011193037603e-01
69                                    -4.5029114589717967e-01
70                                     5.9521947894219274e-01
71                                    -4.4424635593574990e-01
72                                    -7.2891356195560597e-01
73                                     1.6652021221051383e-01
74                                     1.7700953423251753e-01
75                                     1.6824846361321977e-01
76                                     1.7764504217340260e-01
77                                     1.6861195303667365e-01
78                                     1.6855514893288226e-01
79                                    -4.4625862940008165e-01
80                                     6.4714197722936895e-01
81                                    -4.4224189656852975e-01
82                                    -7.8344685364291955e-01
83                                     1.8833676456924686e-01
84                                     1.6249592382297173e-01
85                                     1.6897147264438250e-01
86                                     1.6167893588529236e-01
87                                     1.8822907731428606e-01
88                                     1.8922215085112915e-01
89                                    -4.4196530314022819e-01
90                                     5.9711314400384730e-01
91                                    -4.4819706132606818e-01
92                                    -7.2832445915340571e-01
93                                     1.6226311831521845e-01
94                                     1.6769449106499956e-01
95                                     1.9804174274559894e-01
96                                     1.6667335757221258e-01
97                                     1.6584555274096036e-01
98                                     1.8068505667322277e-01
99                                    -4.4444650742168434e-01
100                                    6.0271037063612987e-01
101                                   -4.4216290026321126e-01
102                                   -7.4511329991598885e-01
103                                    1.7077109806461155e-01
104                                    1.7999174899616310e-01
105                                    1.7229400563743869e-01
106                                    1.6772823488218602e-01
107                                    1.7298635428885512e-01
108                                    1.7523069654121359e-01
109                                   -4.3396957831245153e-01
110                                    6.3427128888528550e-01
111                                   -4.4390055065837242e-01
112                                   -7.8845084894610906e-01
113                                    1.7038100855465010e-01
114                                    1.6889216876257740e-01
115                                    1.8361609352723174e-01
116                                    1.6846454130886490e-01
117                                    1.7524665471962098e-01
118                                    1.6726390590143936e-01
119                                   -4.5261707035152110e-01
120                                    6.0655342179395966e-01
121                                   -4.5523321705491959e-01
122                                   -7.7150980323558294e-01
123                                    1.5816606479097417e-01
124                                    1.7218763293910733e-01
125                                    2.1568261077811735e-01
126                                    1.7664509798334205e-01
127                                    1.8650212768609253e-01
128                                    1.8575233605240116e-01
129                                   -4.3871717282989309e-01
130                                    6.0376218420463701e-01
131                                   -4.6757157453336085e-01
132                                   -7.4591207257000214e-01
133                                    1.7424130843114216e-01
134                                    1.6758124332104429e-01
135                                    1.7232491356920554e-01
136                                    1.9112828533018555e-01
137                                    1.6901754079435505e-01
138                                    1.6821529270406588e-01
139                                   -4.4445455370158715e-01
140                                    6.0698600766137822e-01
141                                   -4.4061363645078178e-01
142                                   -7.7474107396025005e-01
143                                    1.7946872789801172e-01
144                                    1.6837194113689224e-01
145                                    1.9499323560023574e-01
146                                    1.8351926018428633e-01
147                                    1.8567854571146158e-01
148                                    1.6487391449338296e-01
149                                   -4.4188437741475006e-01
150                                    5.9504698543132761e-01
151                                   -4.4692347534574406e-01
152                                   -7.3613597995294988e-01
153                                    1.8097964265342825e-01
154                                    1.8207185362232114e-01
155                                    1.6133464212534532e-01
156                                    1.6953735782035495e-01
157                                    1.7739218841847615e-01
158                                    1.6722416209269675e-01
   &Method [&Type "String"] "SCF"
   &Level [&Type "String"] "Relaxed density"
   &Mult [&Type "Integer"] 1
   &State [&Type "Integer"] -1
   &Irrep [&Type "Integer"] 0
$End
$SCF_Mayer_Population_Analysis
   &GeometryIndex 11
   &NAtoms [&Type "Integer"] 159 "Total number of atoms"
   &NBondOrdersPrint [&Type "Integer"] 158 "The number of bond orders larger than threshold"
   &bondThresh [&Type "Double"]       1.0000000000000001e-01  "The threshold for printing"
   &components [&Type "ArrayOfIntegers", &Dim (158,4)] "The indices and atomic numbers of the bonding atoms"
                                                         0                           1                           2                           3

0                                                        0                           6                           1                           6
1                                                        0                           6                           5                           6
2                                                        0                           6                          34                           1
3                                                        0                           6                          35                           1
4                                                        1                           6                           2                           6
5                                                        1                           6                          36                           1
6                                                        1                           6                          37                           1
7                                                        2                           6                           3                           7
8                                                        2                           6                          18                           8
9                                                        3                           7                           4                           6
10                                                       3                           7                           6                           6
11                                                       4                           6                           5                           6
12                                                       4                           6                          38                           1
13                                                       4                           6                          39                           1
14                                                       5                           6                          40                           1
15                                                       5                           6                          41                           1
16                                                       6                           6                           7                           6
17                                                       6                           6                           9                           6
18                                                       6                           6                          11                           6
19                                                       7                           6                           8                           6
20                                                       7                           6                          42                           1
21                                                       8                           6                           9                           6
22                                                       8                           6                          43                           1
23                                                       9                           6                          10                           6
24                                                       9                           6                          12                           7
25                                                      10                           6                          11                           6
26                                                      10                           6                          44                           1
27                                                      11                           6                          45                           1
28                                                      12                           7                          13                           6
29                                                      12                           7                          17                           6
30                                                      13                           6                          14                           6
31                                                      13                           6                          46                           1
32                                                      13                           6                          47                           1
33                                                      14                           6                          15                           6
34                                                      14                           6                          48                           1
35                                                      14                           6                          49                           1
36                                                      15                           6                          16                           6
37                                                      15                           6                          20                           6
38                                                      15                           6                          21                           7
39                                                      16                           6                          17                           6
40                                                      16                           6                          21                           7
41                                                      16                           6                          22                           7
42                                                      17                           6                          19                           8
43                                                      20                           6                          21                           7
44                                                      20                           6                          24                           6
45                                                      21                           7                          22                           7
46                                                      21                           7                          23                           6
47                                                      22                           7                          23                           6
48                                                      23                           6                          27                           6
49                                                      23                           6                          29                           6
50                                                      23                           6                          31                           6
51                                                      24                           6                          25                           7
52                                                      24                           6                          26                           8
53                                                      25                           7                          50                           1
54                                                      25                           7                          51                           1
55                                                      27                           6                          28                           6
56                                                      27                           6                          52                           1
57                                                      28                           6                          29                           6
58                                                      28                           6                          53                           1
59                                                      29                           6                          30                           6
60                                                      29                           6                          32                           8
61                                                      30                           6                          31                           6
62                                                      30                           6                          54                           1
63                                                      31                           6                          55                           1
64                                                      32                           8                          33                           6
65                                                      33                           6                          56                           1
66                                                      33                           6                          57                           1
67                                                      33                           6                          58                           1
68                                                      59                           6                          60                          16
69                                                      59                           6                          63                           1
70                                                      59                           6                          64                           1
71                                                      59                           6                          65                           1
72                                                      60                          16                          61                           6
73                                                      60                          16                          62                           8
74                                                      61                           6                          66                           1
75                                                      61                           6                          67                           1
76                                                      61                           6                          68                           1
77                                                      69                           6                          70                          16
78                                                      69                           6                          73                           1
79                                                      69                           6                          74                           1
80                                                      69                           6                          75                           1
81                                                      70                          16                          71                           6
82                                                      70                          16                          72                           8
83                                                      71                           6                          76                           1
84                                                      71                           6                          77                           1
85                                                      71                           6                          78                           1
86                                                      79                           6                          80                          16
87                                                      79                           6                          83                           1
88                                                      79                           6                          84                           1
89                                                      79                           6                          85                           1
90                                                      80                          16                          81                           6
91                                                      80                          16                          82                           8
92                                                      81                           6                          86                           1
93                                                      81                           6                          87                           1
94                                                      81                           6                          88                           1
95                                                      89                           6                          90                          16
96                                                      89                           6                          93                           1
97                                                      89                           6                          94                           1
98                                                      89                           6                          95                           1
99                                                      90                          16                          91                           6
100                                                     90                          16                          92                           8
101                                                     91                           6                          96                           1
102                                                     91                           6                          97                           1
103                                                     91                           6                          98                           1
104                                                     99                           6                         100                          16
105                                                     99                           6                         103                           1
106                                                     99                           6                         104                           1
107                                                     99                           6                         105                           1
108                                                    100                          16                         101                           6
109                                                    100                          16                         102                           8
110                                                    101                           6                         106                           1
111                                                    101                           6                         107                           1
112                                                    101                           6                         108                           1
113                                                    109                           6                         110                          16
114                                                    109                           6                         113                           1
115                                                    109                           6                         114                           1
116                                                    109                           6                         115                           1
117                                                    110                          16                         111                           6
118                                                    110                          16                         112                           8
119                                                    111                           6                         116                           1
120                                                    111                           6                         117                           1
121                                                    111                           6                         118                           1
122                                                    119                           6                         120                          16
123                                                    119                           6                         123                           1
124                                                    119                           6                         124                           1
125                                                    119                           6                         125                           1
126                                                    120                          16                         121                           6
127                                                    120                          16                         122                           8
128                                                    121                           6                         126                           1
129                                                    121                           6                         127                           1
130                                                    121                           6                         128                           1
131                                                    129                           6                         130                          16
132                                                    129                           6                         133                           1
133                                                    129                           6                         134                           1
134                                                    129                           6                         135                           1
135                                                    130                          16                         131                           6
136                                                    130                          16                         132                           8
137                                                    131                           6                         136                           1
138                                                    131                           6                         137                           1
139                                                    131                           6                         138                           1
140                                                    139                           6                         140                          16
141                                                    139                           6                         143                           1
142                                                    139                           6                         144                           1
143                                                    139                           6                         145                           1
144                                                    140                          16                         141                           6
145                                                    140                          16                         142                           8
146                                                    141                           6                         146                           1
147                                                    141                           6                         147                           1
148                                                    141                           6                         148                           1
149                                                    149                           6                         150                          16
150                                                    149                           6                         153                           1
151                                                    149                           6                         154                           1
152                                                    149                           6                         155                           1
153                                                    150                          16                         151                           6
154                                                    150                          16                         152                           8
155                                                    151                           6                         156                           1
156                                                    151                           6                         157                           1
157                                                    151                           6                         158                           1
   &BondOrders [&Type "ArrayOfDoubles", &Dim (158,1)] "The bond orders"
                                                         0

0                                      8.8116980255799837e-01
1                                      8.8084051029290422e-01
2                                      9.7535110172125894e-01
3                                      9.6562296445119677e-01
4                                      9.1498224748875567e-01
5                                      9.7023389779495806e-01
6                                      9.7271768309681605e-01
7                                      1.2033039861247961e+00
8                                      1.7550420380635527e+00
9                                      8.3778411718746315e-01
10                                     9.5053432003411020e-01
11                                     9.0173765252524551e-01
12                                     9.4998191963589629e-01
13                                     9.5961429763001282e-01
14                                     9.7762379574181724e-01
15                                     9.9028239569817955e-01
16                                     1.4717660776130215e+00
17                                     1.5314812078916953e-01
18                                     1.3306558595124807e+00
19                                     1.3038851837914440e+00
20                                     9.1633866367901906e-01
21                                     1.3780913419045282e+00
22                                     9.4663924397967358e-01
23                                     1.4820693906161593e+00
24                                     9.3685546459587421e-01
25                                     1.3306563174355834e+00
26                                     8.9310413656422705e-01
27                                     9.2831949254272339e-01
28                                     8.5294155595723908e-01
29                                     1.0908866602550451e+00
30                                     8.2743724067919799e-01
31                                     9.7498818757892025e-01
32                                     9.2621118062289720e-01
33                                     6.8182999961739288e-01
34                                     1.0290690561878650e+00
35                                     9.4210206033464838e-01
36                                     1.2441215505431424e+00
37                                     1.1529685820639179e+00
38                                    -2.0148369221669282e-01
39                                     9.4201794111642556e-01
40                                     3.2675798436889691e-01
41                                     1.2025460640123862e+00
42                                     1.8673621158399198e+00
43                                     1.4543286721193160e+00
44                                     1.0237911193477882e+00
45                                     1.1912283595567565e+00
46                                     1.0002251969850111e-01
47                                     8.4206248604621714e-01
48                                     1.3751655362946513e+00
49                                     1.0007268520566251e-01
50                                     1.4862244739889143e+00
51                                     1.0910319415935839e+00
52                                     1.8208107373939746e+00
53                                     8.7348583403885360e-01
54                                     8.2175949314329710e-01
55                                     1.3245157006569430e+00
56                                     9.3441363772336627e-01
57                                     1.4034760168364735e+00
58                                     9.4719219446779523e-01
59                                     1.3654116566003927e+00
60                                     9.9778180648334625e-01
61                                     1.2928186012432663e+00
62                                     9.1787415077605283e-01
63                                     8.9876185056084423e-01
64                                     8.5415120102167474e-01
65                                     9.6201883036080604e-01
66                                     9.6394215758450497e-01
67                                     9.6844507825452952e-01
68                                     8.7518500125898324e-01
69                                     9.4084528616609842e-01
70                                     9.4244566220758519e-01
71                                     9.4368906247408046e-01
72                                     8.8284615538167821e-01
73                                     1.3329091094248553e+00
74                                     9.3885072050086715e-01
75                                     9.4877619599074048e-01
76                                     9.4245900831518881e-01
77                                     8.8083373572849544e-01
78                                     9.3867412273055262e-01
79                                     9.3994253662484939e-01
80                                     9.4575234182420986e-01
81                                     8.7441580454149970e-01
82                                     1.4595941455686234e+00
83                                     9.4374479745016782e-01
84                                     9.4457131756100976e-01
85                                     9.4476672644584447e-01
86                                     8.8250302655125012e-01
87                                     9.3451712334217418e-01
88                                     9.5044722718853880e-01
89                                     9.4703133495075920e-01
90                                     8.5715348577696271e-01
91                                     1.3323367163875157e+00
92                                     9.4720425998635216e-01
93                                     9.2743997459062766e-01
94                                     9.2333081771260950e-01
95                                     8.9281553307122197e-01
96                                     9.3962926970188643e-01
97                                     9.4835148789389123e-01
98                                     9.1635217003627023e-01
99                                     8.8905549662022665e-01
100                                    1.4348778591908276e+00
101                                    9.4750330410510519e-01
102                                    9.4368896671193714e-01
103                                    9.3441316517764572e-01
104                                    8.7457360065955303e-01
105                                    9.3945590221102959e-01
106                                    9.4230134098090745e-01
107                                    9.3994368913190507e-01
108                                    9.1767414987695806e-01
109                                    1.3410740489598771e+00
110                                    9.4405942219395123e-01
111                                    9.4333724675909514e-01
112                                    9.4254452891720619e-01
113                                    9.1343351326903210e-01
114                                    9.3968988005009590e-01
115                                    9.4452616842961079e-01
116                                    9.3440270843576978e-01
117                                    8.8050648332138137e-01
118                                    1.3085589533290249e+00
119                                    9.4295169759283981e-01
120                                    9.3783517453994314e-01
121                                    9.4171885620925955e-01
122                                    8.9575534650130728e-01
123                                    9.3887259161281345e-01
124                                    9.4017657287675316e-01
125                                    8.9387262665323342e-01
126                                    8.7162779888710196e-01
127                                    1.3809091176311581e+00
128                                    9.3360920808430303e-01
129                                    9.2869708189757572e-01
130                                    9.1564892062402847e-01
131                                    9.0543849322504610e-01
132                                    9.4210913981064337e-01
133                                    9.4454081119218491e-01
134                                    9.4167822529400069e-01
135                                    8.7702492319092840e-01
136                                    1.3679369965019963e+00
137                                    9.1663037583551821e-01
138                                    9.3981446972302873e-01
139                                    9.3751362795138893e-01
140                                    8.9257353872263023e-01
141                                    9.3038193722835538e-01
142                                    9.1980498841474145e-01
143                                    9.1300003899180204e-01
144                                    9.0980290736009772e-01
145                                    1.3861392565540926e+00
146                                    9.4041212184702760e-01
147                                    9.2484872185006650e-01
148                                    9.4346320625247893e-01
149                                    8.9147552893390447e-01
150                                    9.3390405778768848e-01
151                                    9.3474489854297493e-01
152                                    9.4054687229989309e-01
153                                    8.9187728586535409e-01
154                                    1.4562979996412282e+00
155                                    9.4410212313214525e-01
156                                    9.3666428822518588e-01
157                                    9.3942434593834712e-01
   &ATNO [&Type "ArrayOfIntegers", &Dim (159,1)] "Atomic number of the elements"
                                                         0

0                                                        6
1                                                        6
2                                                        6
3                                                        7
4                                                        6
5                                                        6
6                                                        6
7                                                        6
8                                                        6
9                                                        6
10                                                       6
11                                                       6
12                                                       7
13                                                       6
14                                                       6
15                                                       6
16                                                       6
17                                                       6
18                                                       8
19                                                       8
20                                                       6
21                                                       7
22                                                       7
23                                                       6
24                                                       6
25                                                       7
26                                                       8
27                                                       6
28                                                       6
29                                                       6
30                                                       6
31                                                       6
32                                                       8
33                                                       6
34                                                       1
35                                                       1
36                                                       1
37                                                       1
38                                                       1
39                                                       1
40                                                       1
41                                                       1
42                                                       1
43                                                       1
44                                                       1
45                                                       1
46                                                       1
47                                                       1
48                                                       1
49                                                       1
50                                                       1
51                                                       1
52                                                       1
53                                                       1
54                                                       1
55                                                       1
56                                                       1
57                                                       1
58                                                       1
59                                                       6
60                                                      16
61                                                       6
62                                                       8
63                                                       1
64                                                       1
65                                                       1
66                                                       1
67                                                       1
68                                                       1
69                                                       6
70                                                      16
71                                                       6
72                                                       8
73                                                       1
74                                                       1
75                                                       1
76                                                       1
77                                                       1
78                                                       1
79                                                       6
80                                                      16
81                                                       6
82                                                       8
83                                                       1
84                                                       1
85                                                       1
86                                                       1
87                                                       1
88                                                       1
89                                                       6
90                                                      16
91                                                       6
92                                                       8
93                                                       1
94                                                       1
95                                                       1
96                                                       1
97                                                       1
98                                                       1
99                                                       6
100                                                     16
101                                                      6
102                                                      8
103                                                      1
104                                                      1
105                                                      1
106                                                      1
107                                                      1
108                                                      1
109                                                      6
110                                                     16
111                                                      6
112                                                      8
113                                                      1
114                                                      1
115                                                      1
116                                                      1
117                                                      1
118                                                      1
119                                                      6
120                                                     16
121                                                      6
122                                                      8
123                                                      1
124                                                      1
125                                                      1
126                                                      1
127                                                      1
128                                                      1
129                                                      6
130                                                     16
131                                                      6
132                                                      8
133                                                      1
134                                                      1
135                                                      1
136                                                      1
137                                                      1
138                                                      1
139                                                      6
140                                                     16
141                                                      6
142                                                      8
143                                                      1
144                                                      1
145                                                      1
146                                                      1
147                                                      1
148                                                      1
149                                                      6
150                                                     16
151                                                      6
152                                                      8
153                                                      1
154                                                      1
155                                                      1
156                                                      1
157                                                      1
158                                                      1
   &NA [&Type "ArrayOfDoubles", &Dim (159,1)] "Mulliken gross atomic population"
                                                         0

0                                      6.3363518175118667e+00
1                                      6.3007902170899843e+00
2                                      5.8096020289698398e+00
3                                      6.7018528097491377e+00
4                                      6.3260398275346965e+00
5                                      6.2392798031613115e+00
6                                      5.9884904914640398e+00
7                                      6.2074555209667679e+00
8                                      6.3372348707166539e+00
9                                      5.9496474317773789e+00
10                                     6.1946534358854848e+00
11                                     6.3020273204552577e+00
12                                     6.6873907440549836e+00
13                                     6.3199989307817841e+00
14                                     6.4295986678414447e+00
15                                     5.9256666890690930e+00
16                                     6.1504453982165801e+00
17                                     5.9619270176592458e+00
18                                     8.4447821375455376e+00
19                                     8.4131012946803541e+00
20                                     5.7603097544736777e+00
21                                     7.4542728300879233e+00
22                                     6.1961818909377211e+00
23                                     5.9346234337401942e+00
24                                     6.0619301306970090e+00
25                                     7.3884825981637885e+00
26                                     8.4653281066817900e+00
27                                     6.2863675961134895e+00
28                                     6.2957945950907508e+00
29                                     5.6657056030239197e+00
30                                     6.3674125148937275e+00
31                                     6.0760076907225731e+00
32                                     8.2012482552510910e+00
33                                     6.3206962751513149e+00
34                                     8.4356280057451438e-01
35                                     8.4318642988132408e-01
36                                     8.2486237830027576e-01
37                                     8.1876815557187033e-01
38                                     8.3820342051519992e-01
39                                     8.2069536369712337e-01
40                                     8.4154309725522825e-01
41                                     8.4320598615528575e-01
42                                     8.4103115961449970e-01
43                                     8.5548412881004054e-01
44                                     8.3492195808929237e-01
45                                     8.5129145219971603e-01
46                                     7.9257717946322614e-01
47                                     8.5515374176838377e-01
48                                     8.2534664268297575e-01
49                                     7.6727819824983690e-01
50                                     6.8616952962237987e-01
51                                     6.9138223528067422e-01
52                                     8.3287083740002466e-01
53                                     8.3797590190162685e-01
54                                     8.6019578676572639e-01
55                                     8.2836068188334155e-01
56                                     8.3280557965976099e-01
57                                     8.5997190555538428e-01
58                                     8.4605194691358854e-01
59                                     6.4597305353068109e+00
60                                     1.5540898109841168e+01
61                                     6.4637617808559096e+00
62                                     8.5731319065654539e+00
63                                     8.0874756344499232e-01
64                                     8.3359486890286549e-01
65                                     8.2805332565844669e-01
66                                     8.2833674065482787e-01
67                                     8.3061181339631096e-01
68                                     8.1913302876711547e-01
69                                     6.4598373020265036e+00
70                                     1.5577374007827579e+01
71                                     6.4520557226466888e+00
72                                     8.5536943923772970e+00
73                                     8.4282605154432877e-01
74                                     8.0991796603467114e-01
75                                     8.2966815527521642e-01
76                                     8.1636781288597504e-01
77                                     8.3329196872731881e-01
78                                     8.2857062939953841e-01
79                                     6.4786114447856527e+00
80                                     1.5549110565865025e+01
81                                     6.4509185715605941e+00
82                                     8.5826005335771427e+00
83                                     7.9789165067132883e-01
84                                     8.4586814334625882e-01
85                                     8.3509727820627644e-01
86                                     8.4469374176627166e-01
87                                     8.3202542065718976e-01
88                                     7.9048066903720626e-01
89                                     6.4367307551693997e+00
90                                     1.5615708907756630e+01
91                                     6.4484895907416053e+00
92                                     8.5136133964500100e+00
93                                     8.5596481962144755e-01
94                                     8.3693882999491098e-01
95                                     7.8475122790846541e-01
96                                     8.3022664526927303e-01
97                                     8.4359295766391251e-01
98                                     8.2472942959834383e-01
99                                     6.4637328681536967e+00
100                                    1.5522085293680949e+01
101                                    6.4738468938977283e+00
102                                    8.5818791896624234e+00
103                                    8.3500126644358164e-01
104                                    8.1073811869988288e-01
105                                    8.2673877761412995e-01
106                                    8.2807516501640599e-01
107                                    8.2005755942242586e-01
108                                    8.2638682842362010e-01
109                                    6.4530034231816913e+00
110                                    1.5515673091828292e+01
111                                    6.4589271982727787e+00
112                                    8.5734265976201485e+00
113                                    8.4267459927133703e-01
114                                    8.2882512411113096e-01
115                                    8.0233375409974927e-01
116                                    8.2477589058294820e-01
117                                    8.3950157846805928e-01
118                                    8.3363034400087022e-01
119                                    6.4767672372507530e+00
120                                    1.5612156155798628e+01
121                                    6.4619283699589651e+00
122                                    8.5446488393674702e+00
123                                    8.6936189411898179e-01
124                                    8.1923446633970676e-01
125                                    7.5670976143227831e-01
126                                    8.4447140325944903e-01
127                                    7.9729509485255845e-01
128                                    8.0324831915545014e-01
129                                    6.4417769495081885e+00
130                                    1.5584846614714966e+01
131                                    6.4714711333464159e+00
132                                    8.5422383166589615e+00
133                                    8.2339313243833967e-01
134                                    8.3888326524754075e-01
135                                    8.2647992230037437e-01
136                                    7.9056695456660941e-01
137                                    8.3418136159520617e-01
138                                    8.4463289748896642e-01
139                                    6.4237282762259067e+00
140                                    1.5643740499082698e+01
141                                    6.4475737389806111e+00
142                                    8.5415789144743606e+00
143                                    8.2401923596524818e-01
144                                    8.7701103788563017e-01
145                                    7.7056267069348372e-01
146                                    8.0993473968894647e-01
147                                    8.2136608643983788e-01
148                                    8.4080824430499601e-01
149                                    6.4431830759253810e+00
150                                    1.5595445614687033e+01
151                                    6.4466773438971012e+00
152                                    8.5496168186424200e+00
153                                    8.1142442847072271e-01
154                                    8.0942451247396419e-01
155                                    8.5209805350875290e-01
156                                    8.3031168001417410e-01
157                                    8.0102753999731979e-01
158                                    8.5361934703194753e-01
   &ZA [&Type "ArrayOfDoubles", &Dim (159,1)] "Total nuclear charge"
                                                         0

0                                      6.0000000000000000e+00
1                                      6.0000000000000000e+00
2                                      6.0000000000000000e+00
3                                      7.0000000000000000e+00
4                                      6.0000000000000000e+00
5                                      6.0000000000000000e+00
6                                      6.0000000000000000e+00
7                                      6.0000000000000000e+00
8                                      6.0000000000000000e+00
9                                      6.0000000000000000e+00
10                                     6.0000000000000000e+00
11                                     6.0000000000000000e+00
12                                     7.0000000000000000e+00
13                                     6.0000000000000000e+00
14                                     6.0000000000000000e+00
15                                     6.0000000000000000e+00
16                                     6.0000000000000000e+00
17                                     6.0000000000000000e+00
18                                     8.0000000000000000e+00
19                                     8.0000000000000000e+00
20                                     6.0000000000000000e+00
21                                     7.0000000000000000e+00
22                                     7.0000000000000000e+00
23                                     6.0000000000000000e+00
24                                     6.0000000000000000e+00
25                                     7.0000000000000000e+00
26                                     8.0000000000000000e+00
27                                     6.0000000000000000e+00
28                                     6.0000000000000000e+00
29                                     6.0000000000000000e+00
30                                     6.0000000000000000e+00
31                                     6.0000000000000000e+00
32                                     8.0000000000000000e+00
33                                     6.0000000000000000e+00
34                                     1.0000000000000000e+00
35                                     1.0000000000000000e+00
36                                     1.0000000000000000e+00
37                                     1.0000000000000000e+00
38                                     1.0000000000000000e+00
39                                     1.0000000000000000e+00
40                                     1.0000000000000000e+00
41                                     1.0000000000000000e+00
42                                     1.0000000000000000e+00
43                                     1.0000000000000000e+00
44                                     1.0000000000000000e+00
45                                     1.0000000000000000e+00
46                                     1.0000000000000000e+00
47                                     1.0000000000000000e+00
48                                     1.0000000000000000e+00
49                                     1.0000000000000000e+00
50                                     1.0000000000000000e+00
51                                     1.0000000000000000e+00
52                                     1.0000000000000000e+00
53                                     1.0000000000000000e+00
54                                     1.0000000000000000e+00
55                                     1.0000000000000000e+00
56                                     1.0000000000000000e+00
57                                     1.0000000000000000e+00
58                                     1.0000000000000000e+00
59                                     6.0000000000000000e+00
60                                     1.6000000000000000e+01
61                                     6.0000000000000000e+00
62                                     8.0000000000000000e+00
63                                     1.0000000000000000e+00
64                                     1.0000000000000000e+00
65                                     1.0000000000000000e+00
66                                     1.0000000000000000e+00
67                                     1.0000000000000000e+00
68                                     1.0000000000000000e+00
69                                     6.0000000000000000e+00
70                                     1.6000000000000000e+01
71                                     6.0000000000000000e+00
72                                     8.0000000000000000e+00
73                                     1.0000000000000000e+00
74                                     1.0000000000000000e+00
75                                     1.0000000000000000e+00
76                                     1.0000000000000000e+00
77                                     1.0000000000000000e+00
78                                     1.0000000000000000e+00
79                                     6.0000000000000000e+00
80                                     1.6000000000000000e+01
81                                     6.0000000000000000e+00
82                                     8.0000000000000000e+00
83                                     1.0000000000000000e+00
84                                     1.0000000000000000e+00
85                                     1.0000000000000000e+00
86                                     1.0000000000000000e+00
87                                     1.0000000000000000e+00
88                                     1.0000000000000000e+00
89                                     6.0000000000000000e+00
90                                     1.6000000000000000e+01
91                                     6.0000000000000000e+00
92                                     8.0000000000000000e+00
93                                     1.0000000000000000e+00
94                                     1.0000000000000000e+00
95                                     1.0000000000000000e+00
96                                     1.0000000000000000e+00
97                                     1.0000000000000000e+00
98                                     1.0000000000000000e+00
99                                     6.0000000000000000e+00
100                                    1.6000000000000000e+01
101                                    6.0000000000000000e+00
102                                    8.0000000000000000e+00
103                                    1.0000000000000000e+00
104                                    1.0000000000000000e+00
105                                    1.0000000000000000e+00
106                                    1.0000000000000000e+00
107                                    1.0000000000000000e+00
108                                    1.0000000000000000e+00
109                                    6.0000000000000000e+00
110                                    1.6000000000000000e+01
111                                    6.0000000000000000e+00
112                                    8.0000000000000000e+00
113                                    1.0000000000000000e+00
114                                    1.0000000000000000e+00
115                                    1.0000000000000000e+00
116                                    1.0000000000000000e+00
117                                    1.0000000000000000e+00
118                                    1.0000000000000000e+00
119                                    6.0000000000000000e+00
120                                    1.6000000000000000e+01
121                                    6.0000000000000000e+00
122                                    8.0000000000000000e+00
123                                    1.0000000000000000e+00
124                                    1.0000000000000000e+00
125                                    1.0000000000000000e+00
126                                    1.0000000000000000e+00
127                                    1.0000000000000000e+00
128                                    1.0000000000000000e+00
129                                    6.0000000000000000e+00
130                                    1.6000000000000000e+01
131                                    6.0000000000000000e+00
132                                    8.0000000000000000e+00
133                                    1.0000000000000000e+00
134                                    1.0000000000000000e+00
135                                    1.0000000000000000e+00
136                                    1.0000000000000000e+00
137                                    1.0000000000000000e+00
138                                    1.0000000000000000e+00
139                                    6.0000000000000000e+00
140                                    1.6000000000000000e+01
141                                    6.0000000000000000e+00
142                                    8.0000000000000000e+00
143                                    1.0000000000000000e+00
144                                    1.0000000000000000e+00
145                                    1.0000000000000000e+00
146                                    1.0000000000000000e+00
147                                    1.0000000000000000e+00
148                                    1.0000000000000000e+00
149                                    6.0000000000000000e+00
150                                    1.6000000000000000e+01
151                                    6.0000000000000000e+00
152                                    8.0000000000000000e+00
153                                    1.0000000000000000e+00
154                                    1.0000000000000000e+00
155                                    1.0000000000000000e+00
156                                    1.0000000000000000e+00
157                                    1.0000000000000000e+00
158                                    1.0000000000000000e+00
   &QA [&Type "ArrayOfDoubles", &Dim (159,1)] "Mulliken gross atomic charge"
                                                         0

0                                     -3.3635181751186671e-01
1                                     -3.0079021708998432e-01
2                                      1.9039797103016021e-01
3                                      2.9814719025086234e-01
4                                     -3.2603982753469651e-01
5                                     -2.3927980316131148e-01
6                                      1.1509508535960222e-02
7                                     -2.0745552096676789e-01
8                                     -3.3723487071665392e-01
9                                      5.0352568222621130e-02
10                                    -1.9465343588548478e-01
11                                    -3.0202732045525771e-01
12                                     3.1260925594501643e-01
13                                    -3.1999893078178410e-01
14                                    -4.2959866784144474e-01
15                                     7.4333310930907004e-02
16                                    -1.5044539821658010e-01
17                                     3.8072982340754180e-02
18                                    -4.4478213754553764e-01
19                                    -4.1310129468035406e-01
20                                     2.3969024552632234e-01
21                                    -4.5427283008792330e-01
22                                     8.0381810906227891e-01
23                                     6.5376566259805813e-02
24                                    -6.1930130697009034e-02
25                                    -3.8848259816378850e-01
26                                    -4.6532810668179003e-01
27                                    -2.8636759611348950e-01
28                                    -2.9579459509075079e-01
29                                     3.3429439697608032e-01
30                                    -3.6741251489372750e-01
31                                    -7.6007690722573074e-02
32                                    -2.0124825525109102e-01
33                                    -3.2069627515131494e-01
34                                     1.5643719942548562e-01
35                                     1.5681357011867592e-01
36                                     1.7513762169972424e-01
37                                     1.8123184442812967e-01
38                                     1.6179657948480008e-01
39                                     1.7930463630287663e-01
40                                     1.5845690274477175e-01
41                                     1.5679401384471425e-01
42                                     1.5896884038550030e-01
43                                     1.4451587118995946e-01
44                                     1.6507804191070763e-01
45                                     1.4870854780028397e-01
46                                     2.0742282053677386e-01
47                                     1.4484625823161623e-01
48                                     1.7465335731702425e-01
49                                     2.3272180175016310e-01
50                                     3.1383047037762013e-01
51                                     3.0861776471932578e-01
52                                     1.6712916259997534e-01
53                                     1.6202409809837315e-01
54                                     1.3980421323427361e-01
55                                     1.7163931811665845e-01
56                                     1.6719442034023901e-01
57                                     1.4002809444461572e-01
58                                     1.5394805308641146e-01
59                                    -4.5973053530681085e-01
60                                     4.5910189015883240e-01
61                                    -4.6376178085590958e-01
62                                    -5.7313190656545387e-01
63                                     1.9125243655500768e-01
64                                     1.6640513109713451e-01
65                                     1.7194667434155331e-01
66                                     1.7166325934517213e-01
67                                     1.6938818660368904e-01
68                                     1.8086697123288453e-01
69                                    -4.5983730202650364e-01
70                                     4.2262599217242069e-01
71                                    -4.5205572264668881e-01
72                                    -5.5369439237729701e-01
73                                     1.5717394845567123e-01
74                                     1.9008203396532886e-01
75                                     1.7033184472478358e-01
76                                     1.8363218711402496e-01
77                                     1.6670803127268119e-01
78                                     1.7142937060046159e-01
79                                    -4.7861144478565265e-01
80                                     4.5088943413497518e-01
81                                    -4.5091857156059412e-01
82                                    -5.8260053357714270e-01
83                                     2.0210834932867117e-01
84                                     1.5413185665374118e-01
85                                     1.6490272179372356e-01
86                                     1.5530625823372834e-01
87                                     1.6797457934281024e-01
88                                     2.0951933096279374e-01
89                                    -4.3673075516939974e-01
90                                     3.8429109224336955e-01
91                                    -4.4848959074160533e-01
92                                    -5.1361339645001003e-01
93                                     1.4403518037855245e-01
94                                     1.6306117000508902e-01
95                                     2.1524877209153459e-01
96                                     1.6977335473072697e-01
97                                     1.5640704233608749e-01
98                                     1.7527057040165617e-01
99                                    -4.6373286815369674e-01
100                                    4.7791470631905142e-01
101                                   -4.7384689389772827e-01
102                                   -5.8187918966242336e-01
103                                    1.6499873355641836e-01
104                                    1.8926188130011712e-01
105                                    1.7326122238587005e-01
106                                    1.7192483498359401e-01
107                                    1.7994244057757414e-01
108                                    1.7361317157637990e-01
109                                   -4.5300342318169129e-01
110                                    4.8432690817170787e-01
111                                   -4.5892719827277872e-01
112                                   -5.7342659762014847e-01
113                                    1.5732540072866297e-01
114                                    1.7117487588886904e-01
115                                    1.9766624590025073e-01
116                                    1.7522410941705180e-01
117                                    1.6049842153194072e-01
118                                    1.6636965599912978e-01
119                                   -4.7676723725075298e-01
120                                    3.8784384420137208e-01
121                                   -4.6192836995896513e-01
122                                   -5.4464883936747022e-01
123                                    1.3063810588101821e-01
124                                    1.8076553366029324e-01
125                                    2.4329023856772169e-01
126                                    1.5552859674055097e-01
127                                    2.0270490514744155e-01
128                                    1.9675168084454986e-01
129                                   -4.4177694950818847e-01
130                                    4.1515338528503420e-01
131                                   -4.7147113334641588e-01
132                                   -5.4223831665896149e-01
133                                    1.7660686756166033e-01
134                                    1.6111673475245925e-01
135                                    1.7352007769962563e-01
136                                    2.0943304543339059e-01
137                                    1.6581863840479383e-01
138                                    1.5536710251103358e-01
139                                   -4.2372827622590670e-01
140                                    3.5625950091730196e-01
141                                   -4.4757373898061115e-01
142                                   -5.4157891447436057e-01
143                                    1.7598076403475182e-01
144                                    1.2298896211436983e-01
145                                    2.2943732930651628e-01
146                                    1.9006526031105353e-01
147                                    1.7863391356016212e-01
148                                    1.5919175569500399e-01
149                                   -4.4318307592538098e-01
150                                    4.0455438531296650e-01
151                                   -4.4667734389710123e-01
152                                   -5.4961681864241996e-01
153                                    1.8857557152927729e-01
154                                    1.9057548752603581e-01
155                                    1.4790194649124710e-01
156                                    1.6968831998582590e-01
157                                    1.9897246000268021e-01
158                                    1.4638065296805247e-01
   &VA [&Type "ArrayOfDoubles", &Dim (159,1)] "Mayer's total valence"
                                                         0

0                                      3.6774024249297086e+00
1                                      3.6872023462828341e+00
2                                      3.8933995563228798e+00
3                                      3.0831147766217564e+00
4                                      3.6835502476806163e+00
5                                      3.6091128944518642e+00
6                                      3.8254584543145427e+00
7                                      3.7677936524778737e+00
8                                      3.7089230891319969e+00
9                                      3.9353622025219201e+00
10                                     3.9028940931555605e+00
11                                     3.6521540549888414e+00
12                                     2.9943672388178237e+00
13                                     3.7354720044163643e+00
14                                     3.3758271583736681e+00
15                                     2.9877776389051922e+00
16                                     3.7919271410070365e+00
17                                     4.0000155246281954e+00
18                                     1.9514626443036605e+00
19                                     2.0395218979433096e+00
20                                     3.7146524460043233e+00
21                                     3.1507428341169685e+00
22                                     3.3612012661649153e+00
23                                     4.0221869245952924e+00
24                                     4.1094536794555099e+00
25                                     2.8901684194008439e+00
26                                     1.9309043349662351e+00
27                                     3.6796101540806889e+00
28                                     3.7881000736520569e+00
29                                     3.7972163001770403e+00
30                                     3.6693149026741478e+00
31                                     3.7863994731054915e+00
32                                     1.9426216368214071e+00
33                                     3.7664701617003793e+00
34                                     9.5985739689132943e-01
35                                     9.5907875881639615e-01
36                                     9.5836861706708498e-01
37                                     9.5772269001803800e-01
38                                     9.5076777316854910e-01
39                                     9.5348882054349660e-01
40                                     9.6020757434943371e-01
41                                     9.6461978953344363e-01
42                                     9.6648542186886577e-01
43                                     9.7298248622969363e-01
44                                     9.5636323576814852e-01
45                                     9.6965594692924251e-01
46                                     9.2583442527493121e-01
47                                     9.6530147829769886e-01
48                                     9.6049854947358659e-01
49                                     9.3773636859765974e-01
50                                     9.0967711390666461e-01
51                                     9.1866929914957485e-01
52                                     9.6486015168125494e-01
53                                     9.6765050829420951e-01
54                                     9.7188648832372782e-01
55                                     9.5617343689856193e-01
56                                     9.5234939070037938e-01
57                                     9.5438565622787519e-01
58                                     9.5816598334083125e-01
59                                     3.7929680119430866e+00
60                                     3.1969174690815603e+00
61                                     3.7963930616814743e+00
62                                     1.5364382502960314e+00
63                                     9.5432660335289832e-01
64                                     9.6214322662064733e-01
65                                     9.6065047851471141e-01
66                                     9.5885449195366734e-01
67                                     9.5933728044622057e-01
68                                     9.5511420735373187e-01
69                                     3.7900402828544095e+00
70                                     3.2696707284545692e+00
71                                     3.7976254580642137e+00
72                                     1.6273605651472325e+00
73                                     9.6078016611343531e-01
74                                     9.5416889185436649e-01
75                                     9.5816130259091492e-01
76                                     9.5804330561628626e-01
77                                     9.6231258516026308e-01
78                                     9.5836642870519251e-01
79                                     3.7999944620276302e+00
80                                     3.1952812121796548e+00
81                                     3.7202365468758249e+00
82                                     1.5354924045640637e+00
83                                     9.5185626686585523e-01
84                                     9.6720231498485165e-01
85                                     9.5921144043285722e-01
86                                     9.6373171413860781e-01
87                                     9.6718506612801236e-01
88                                     9.5369232885150490e-01
89                                     3.7623296040234067e+00
90                                     3.3102570586133790e+00
91                                     3.7688331979722500e+00
92                                     1.6458083414618763e+00
93                                     9.6290143972667408e-01
94                                     9.6459060340042169e-01
95                                     9.5463414288004644e-01
96                                     9.6187823278977114e-01
97                                     9.6362398028209495e-01
98                                     9.6419619941608048e-01
99                                     3.7870567501634591e+00
100                                    3.2302163875590484e+00
101                                    3.8350950495945599e+00
102                                    1.5515659144696574e+00
103                                    9.6007864815880917e-01
104                                    9.5600566933138997e-01
105                                    9.6107851981490144e-01
106                                    9.5785553161953507e-01
107                                    9.5513235245255612e-01
108                                    9.5738304022496590e-01
109                                    3.7889074284521405e+00
110                                    3.2346580417390562e+00
111                                    3.7688829841135547e+00
112                                    1.5276658884970722e+00
113                                    9.6158127034522134e-01
114                                    9.5962179192088204e-01
115                                    9.5111705497808696e-01
116                                    9.5798226360626526e-01
117                                    9.6675019804132911e-01
118                                    9.5970569108216208e-01
119                                    3.7391751568103180e+00
120                                    3.2522733760796338e+00
121                                    3.7205557077657843e+00
122                                    1.6020431353483380e+00
123                                    9.6603899598530596e-01
124                                    9.6038390416135322e-01
125                                    9.4771750444969560e-01
126                                    9.6423080077949441e-01
127                                    9.5789802309001604e-01
128                                    9.5305328990958571e-01
129                                    3.7941872256055258e+00
130                                    3.2630527689140294e+00
131                                    3.7749198951915890e+00
132                                    1.5611470671288643e+00
133                                    9.5612564421764068e-01
134                                    9.6197897673803834e-01
135                                    9.5930573299981969e-01
136                                    9.5278823597366102e-01
137                                    9.5990789998220771e-01
138                                    9.6302454194955289e-01
139                                    3.7575015355407562e+00
140                                    3.3112428434763910e+00
141                                    3.7949470067425506e+00
142                                    1.5826488617311441e+00
143                                    9.5499538917875904e-01
144                                    9.7250348892639893e-01
145                                    9.4237423891240857e-01
146                                    9.5646492863639909e-01
147                                    9.6525161605940235e-01
148                                    9.5556103608672349e-01
149                                    3.7526382399249423e+00
150                                    3.3216544985900054e+00
151                                    3.7678092400254859e+00
152                                    1.6243908714032305e+00
153                                    9.5830830305321546e-01
154                                    9.5412684530566427e-01
155                                    9.6289983379163135e-01
156                                    9.5863690461204754e-01
157                                    9.5392530717509061e-01
158                                    9.6395604342509411e-01
   &BVA [&Type "ArrayOfDoubles", &Dim (159,1)] "Mayer's bonded valence"
                                                         0

0                                      3.6774024249296855e+00
1                                      3.6872023462829451e+00
2                                      3.8933995563229313e+00
3                                      3.0831147766217217e+00
4                                      3.6835502476806758e+00
5                                      3.6091128944518842e+00
6                                      3.8254584543145693e+00
7                                      3.7677936524778937e+00
8                                      3.7089230891319649e+00
9                                      3.9353622025220067e+00
10                                     3.9028940931555143e+00
11                                     3.6521540549888196e+00
12                                     2.9943672388178122e+00
13                                     3.7354720044162533e+00
14                                     3.3758271583736144e+00
15                                     2.9877776389051505e+00
16                                     3.7919271410070809e+00
17                                     4.0000155246281821e+00
18                                     1.9514626443036258e+00
19                                     2.0395218979433141e+00
20                                     3.7146524460043393e+00
21                                     3.1507428341168655e+00
22                                     3.3612012661648984e+00
23                                     4.0221869245952639e+00
24                                     4.1094536794555063e+00
25                                     2.8901684194008377e+00
26                                     1.9309043349663284e+00
27                                     3.6796101540805521e+00
28                                     3.7881000736519610e+00
29                                     3.7972163001770114e+00
30                                     3.6693149026742415e+00
31                                     3.7863994731055746e+00
32                                     1.9426216368214506e+00
33                                     3.7664701617004037e+00
34                                     9.5985739689132421e-01
35                                     9.5907875881638649e-01
36                                     9.5836861706711174e-01
37                                     9.5772269001805699e-01
38                                     9.5076777316854799e-01
39                                     9.5348882054350825e-01
40                                     9.6020757434944193e-01
41                                     9.6461978953344152e-01
42                                     9.6648542186888908e-01
43                                     9.7298248622969663e-01
44                                     9.5636323576814697e-01
45                                     9.6965594692923673e-01
46                                     9.2583442527491788e-01
47                                     9.6530147829768997e-01
48                                     9.6049854947357782e-01
49                                     9.3773636859763543e-01
50                                     9.0967711390665817e-01
51                                     9.1866929914957229e-01
52                                     9.6486015168122741e-01
53                                     9.6765050829418342e-01
54                                     9.7188648832373536e-01
55                                     9.5617343689857004e-01
56                                     9.5234939070038216e-01
57                                     9.5438565622788019e-01
58                                     9.5816598334083047e-01
59                                     3.7929680119430818e+00
60                                     3.1969174690815052e+00
61                                     3.7963930616814880e+00
62                                     1.5364382502961087e+00
63                                     9.5432660335290076e-01
64                                     9.6214322662065166e-01
65                                     9.6065047851471053e-01
66                                     9.5885449195367145e-01
67                                     9.5933728044622146e-01
68                                     9.5511420735373387e-01
69                                     3.7900402828544202e+00
70                                     3.2696707284545461e+00
71                                     3.7976254580642341e+00
72                                     1.6273605651473089e+00
73                                     9.6078016611343675e-01
74                                     9.5416889185436926e-01
75                                     9.5816130259091781e-01
76                                     9.5804330561628970e-01
77                                     9.6231258516027152e-01
78                                     9.5836642870519984e-01
79                                     3.7999944620276143e+00
80                                     3.1952812121796654e+00
81                                     3.7202365468757996e+00
82                                     1.5354924045640326e+00
83                                     9.5185626686585290e-01
84                                     9.6720231498484988e-01
85                                     9.5921144043285655e-01
86                                     9.6373171413861025e-01
87                                     9.6718506612800625e-01
88                                     9.5369232885150401e-01
89                                     3.7623296040234377e+00
90                                     3.3102570586135052e+00
91                                     3.7688331979722873e+00
92                                     1.6458083414618390e+00
93                                     9.6290143972666897e-01
94                                     9.6459060340042324e-01
95                                     9.5463414288004400e-01
96                                     9.6187823278977025e-01
97                                     9.6362398028209628e-01
98                                     9.6419619941608459e-01
99                                     3.7870567501634329e+00
100                                    3.2302163875590715e+00
101                                    3.8350950495945746e+00
102                                    1.5515659144696405e+00
103                                    9.6007864815880584e-01
104                                    9.5600566933139974e-01
105                                    9.6107851981490067e-01
106                                    9.5785553161952952e-01
107                                    9.5513235245255390e-01
108                                    9.5738304022496057e-01
109                                    3.7889074284521613e+00
110                                    3.2346580417390385e+00
111                                    3.7688829841135423e+00
112                                    1.5276658884971175e+00
113                                    9.6158127034522278e-01
114                                    9.5962179192087904e-01
115                                    9.5111705497808874e-01
116                                    9.5798226360626693e-01
117                                    9.6675019804132700e-01
118                                    9.5970569108215287e-01
119                                    3.7391751568103082e+00
120                                    3.2522733760796960e+00
121                                    3.7205557077657496e+00
122                                    1.6020431353482989e+00
123                                    9.6603899598529663e-01
124                                    9.6038390416135566e-01
125                                    9.4771750444969205e-01
126                                    9.6423080077949486e-01
127                                    9.5789802309001537e-01
128                                    9.5305328990958393e-01
129                                    3.7941872256055049e+00
130                                    3.2630527689139974e+00
131                                    3.7749198951915859e+00
132                                    1.5611470671288377e+00
133                                    9.5612564421763657e-01
134                                    9.6197897673803112e-01
135                                    9.5930573299982036e-01
136                                    9.5278823597366258e-01
137                                    9.5990789998220749e-01
138                                    9.6302454194954623e-01
139                                    3.7575015355407224e+00
140                                    3.3112428434764603e+00
141                                    3.7949470067425386e+00
142                                    1.5826488617310721e+00
143                                    9.5499538917875637e-01
144                                    9.7250348892639560e-01
145                                    9.4237423891241145e-01
146                                    9.5646492863639543e-01
147                                    9.6525161605939669e-01
148                                    9.5556103608672882e-01
149                                    3.7526382399249090e+00
150                                    3.3216544985899894e+00
151                                    3.7678092400254872e+00
152                                    1.6243908714032180e+00
153                                    9.5830830305321535e-01
154                                    9.5412684530566128e-01
155                                    9.6289983379162836e-01
156                                    9.5863690461204731e-01
157                                    9.5392530717509072e-01
158                                    9.6395604342509522e-01
   &FA [&Type "ArrayOfDoubles", &Dim (159,1)] "Mayer's free valence"
                                                         0

0                                      0.0000000000000000e+00
1                                      0.0000000000000000e+00
2                                      0.0000000000000000e+00
3                                      0.0000000000000000e+00
4                                      0.0000000000000000e+00
5                                      0.0000000000000000e+00
6                                      0.0000000000000000e+00
7                                      0.0000000000000000e+00
8                                      0.0000000000000000e+00
9                                      0.0000000000000000e+00
10                                     0.0000000000000000e+00
11                                     0.0000000000000000e+00
12                                     0.0000000000000000e+00
13                                     0.0000000000000000e+00
14                                     0.0000000000000000e+00
15                                     0.0000000000000000e+00
16                                     0.0000000000000000e+00
17                                     0.0000000000000000e+00
18                                     0.0000000000000000e+00
19                                     0.0000000000000000e+00
20                                     0.0000000000000000e+00
21                                     0.0000000000000000e+00
22                                     0.0000000000000000e+00
23                                     0.0000000000000000e+00
24                                     0.0000000000000000e+00
25                                     0.0000000000000000e+00
26                                     0.0000000000000000e+00
27                                     0.0000000000000000e+00
28                                     0.0000000000000000e+00
29                                     0.0000000000000000e+00
30                                     0.0000000000000000e+00
31                                     0.0000000000000000e+00
32                                     0.0000000000000000e+00
33                                     0.0000000000000000e+00
34                                     0.0000000000000000e+00
35                                     0.0000000000000000e+00
36                                     0.0000000000000000e+00
37                                     0.0000000000000000e+00
38                                     0.0000000000000000e+00
39                                     0.0000000000000000e+00
40                                     0.0000000000000000e+00
41                                     0.0000000000000000e+00
42                                     0.0000000000000000e+00
43                                     0.0000000000000000e+00
44                                     0.0000000000000000e+00
45                                     0.0000000000000000e+00
46                                     0.0000000000000000e+00
47                                     0.0000000000000000e+00
48                                     0.0000000000000000e+00
49                                     0.0000000000000000e+00
50                                     0.0000000000000000e+00
51                                     0.0000000000000000e+00
52                                     0.0000000000000000e+00
53                                     0.0000000000000000e+00
54                                     0.0000000000000000e+00
55                                     0.0000000000000000e+00
56                                     0.0000000000000000e+00
57                                     0.0000000000000000e+00
58                                     0.0000000000000000e+00
59                                     0.0000000000000000e+00
60                                     0.0000000000000000e+00
61                                     0.0000000000000000e+00
62                                     0.0000000000000000e+00
63                                     0.0000000000000000e+00
64                                     0.0000000000000000e+00
65                                     0.0000000000000000e+00
66                                     0.0000000000000000e+00
67                                     0.0000000000000000e+00
68                                     0.0000000000000000e+00
69                                     0.0000000000000000e+00
70                                     0.0000000000000000e+00
71                                     0.0000000000000000e+00
72                                     0.0000000000000000e+00
73                                     0.0000000000000000e+00
74                                     0.0000000000000000e+00
75                                     0.0000000000000000e+00
76                                     0.0000000000000000e+00
77                                     0.0000000000000000e+00
78                                     0.0000000000000000e+00
79                                     0.0000000000000000e+00
80                                     0.0000000000000000e+00
81                                     0.0000000000000000e+00
82                                     0.0000000000000000e+00
83                                     0.0000000000000000e+00
84                                     0.0000000000000000e+00
85                                     0.0000000000000000e+00
86                                     0.0000000000000000e+00
87                                     0.0000000000000000e+00
88                                     0.0000000000000000e+00
89                                     0.0000000000000000e+00
90                                     0.0000000000000000e+00
91                                     0.0000000000000000e+00
92                                     0.0000000000000000e+00
93                                     0.0000000000000000e+00
94                                     0.0000000000000000e+00
95                                     0.0000000000000000e+00
96                                     0.0000000000000000e+00
97                                     0.0000000000000000e+00
98                                     0.0000000000000000e+00
99                                     0.0000000000000000e+00
100                                    0.0000000000000000e+00
101                                    0.0000000000000000e+00
102                                    0.0000000000000000e+00
103                                    0.0000000000000000e+00
104                                    0.0000000000000000e+00
105                                    0.0000000000000000e+00
106                                    0.0000000000000000e+00
107                                    0.0000000000000000e+00
108                                    0.0000000000000000e+00
109                                    0.0000000000000000e+00
110                                    0.0000000000000000e+00
111                                    0.0000000000000000e+00
112                                    0.0000000000000000e+00
113                                    0.0000000000000000e+00
114                                    0.0000000000000000e+00
115                                    0.0000000000000000e+00
116                                    0.0000000000000000e+00
117                                    0.0000000000000000e+00
118                                    0.0000000000000000e+00
119                                    0.0000000000000000e+00
120                                    0.0000000000000000e+00
121                                    0.0000000000000000e+00
122                                    0.0000000000000000e+00
123                                    0.0000000000000000e+00
124                                    0.0000000000000000e+00
125                                    0.0000000000000000e+00
126                                    0.0000000000000000e+00
127                                    0.0000000000000000e+00
128                                    0.0000000000000000e+00
129                                    0.0000000000000000e+00
130                                    0.0000000000000000e+00
131                                    0.0000000000000000e+00
132                                    0.0000000000000000e+00
133                                    0.0000000000000000e+00
134                                    0.0000000000000000e+00
135                                    0.0000000000000000e+00
136                                    0.0000000000000000e+00
137                                    0.0000000000000000e+00
138                                    0.0000000000000000e+00
139                                    0.0000000000000000e+00
140                                    0.0000000000000000e+00
141                                    0.0000000000000000e+00
142                                    0.0000000000000000e+00
143                                    0.0000000000000000e+00
144                                    0.0000000000000000e+00
145                                    0.0000000000000000e+00
146                                    0.0000000000000000e+00
147                                    0.0000000000000000e+00
148                                    0.0000000000000000e+00
149                                    0.0000000000000000e+00
150                                    0.0000000000000000e+00
151                                    0.0000000000000000e+00
152                                    0.0000000000000000e+00
153                                    0.0000000000000000e+00
154                                    0.0000000000000000e+00
155                                    0.0000000000000000e+00
156                                    0.0000000000000000e+00
157                                    0.0000000000000000e+00
158                                    0.0000000000000000e+00
   &Method [&Type "String"] "SCF"
   &Level [&Type "String"] "Relaxed density"
   &Mult [&Type "Integer"] 1
   &State [&Type "Integer"] -1
   &Irrep [&Type "Integer"] 0
$End
$SCF_Energy
   &GeometryIndex 11
   &Method [&Type "String"] "SCF"
   &totalEnergy [&Type "ArrayOfDoubles", &Dim (1,1)] "Total energy of each state"
                                                         0

0                                     -7.0736303312250238e+03
   &Mult [&Type "ArrayOfIntegers", &Dim (1,1)] "Multiplicity of each state"
                                                         0

0                                                        1
$End
$DFT_Energy
   &GeometryIndex 11
   &nAlphaEl [&Type "Integer"] 331
   &nBetaEl [&Type "Integer"] 331
   &nTotalEl [&Type "Integer"] 662
   &finalEn [&Type "Double"]      -7.0736303312250238e+03  "No Van der Waals correction"
   &eExchange [&Type "Double"]      -6.6384098304707584e+02
   &eCorr [&Type "Double"]      -2.2419586772708641e+01
   &eXC [&Type "Double"]      -6.8626056981978445e+02
   &eCNL [&Type "Double"]       0.0000000000000000e+00
$End
$SCF_Timings
   &GeometryIndex 11
   &TOTAL [&Type "Double"]       2.5043300000000002e+02
   &PREP [&Type "Double"]       1.1960000000000000e+00
   &FOCK [&Type "Double"]       1.8778100000000001e+02
   &DENS [&Type "Double"]       1.4749999999999943e+00
   &ETOT [&Type "Double"]       4.7600000000002041e-01
   &POP [&Type "Double"]       2.6229999999999905e+00
   &TRAFO [&Type "Double"]       7.7940000000000111e+00
   &DIIS [&Type "Double"]       1.2094000000000001e+01
   &SOSCF [&Type "Double"]       1.6305999999999983e+01
   &XC [&Type "Double"]       1.0667300000000000e+02
   &FOCKSTART [&Type "Double"]       3.5300000000002729e-01
   &INT_BF [&Type "Double"]       1.7283000000000008e+01
   &INT_DENS [&Type "Double"]       4.3266000000000602e+01
   &INT_DENSIO [&Type "Double"]       2.9441749990000003e+06
   &INT_FUNC [&Type "Double"]       3.6880000000003541e+00
   &INT_POT [&Type "Double"]       3.5287999999998910e+01
   &INT_POTIO [&Type "Double"]       5.7500000000030482e-01
   &INT_SUM [&Type "Double"]       2.0000000000095497e-03
   &SPLITRIJ [&Type "Double"]       1.0489799999999997e+02
$End
$VdW_Correction
   &GeometryIndex 11
   &vdW [&Type "Double"]      -8.4580527189194996e-02
$End
$gCP_Energy
   &GeometryIndex 11
   &gCP_Energy [&Type "Double"]       1.5982351319999999e-01
$End
$Single_Point_Data
   &GeometryIndex 11
   &FinalEnergy [&Type "Double"]      -7.0735550882390135e+03  "Final single point energy"
   &Converged [&Type "Boolean"] true
$End
$SCF_Dipole_Moment
   &GeometryIndex 11
   &dipoleMagnitude [&Type "Double", &Units "a.u."]       2.0187053938143977e+00
   &dipoleElecContrib [&Type "ArrayOfDoubles", &Dim (3,1)] "Electronic contribution"
                                                         0

0                                      8.9498870495368816e+00
1                                      1.1378311520737567e+01
2                                     -3.2509671993854290e+01
   &dipoleNucContrib [&Type "ArrayOfDoubles", &Dim (3,1)] "Nuclear contribution"
                                                         0

0                                     -8.2622926085417063e+00
1                                     -9.9597910423218181e+00
2                                      3.3770697371887195e+01
   &dipoleTotal [&Type "ArrayOfDoubles", &Dim (3,1)] "Total"
                                                         0

0                                      6.8759444099517530e-01
1                                      1.4185204784157488e+00
2                                      1.2610253780329046e+00
   &doAtomicDipole [&Type "Boolean"] false
   &Method [&Type "String"] "SCF"
   &Level [&Type "String"] "Relaxed density"
   &Mult [&Type "Integer"] 1
   &State [&Type "Integer"] -1
   &Irrep [&Type "Integer"] 0
$End
$Calculation_Info
   &GeometryIndex 11
   &Mult [&Type "Integer"] 1
   &Charge [&Type "Integer"] 0
   &NumOfAtoms [&Type "Integer"] 159
   &NumOfElectrons [&Type "Integer"] 662
   &NumOfBasisFuncts [&Type "Integer"] 2006
   &NumOfAuxCBasisFuncts [&Type "Integer"] 0
   &NumOfAuxJBasisFuncts [&Type "Integer"] 3275
   &NumOfAuxJKBasisFuncts [&Type "Integer"] 0
   &NumOfCABSBasisFuncts [&Type "Integer"] 0
$End
$Calculation_Timings
   &GeometryIndex 11
   &GTOINT [&Type "Double"]       2.6580100000000084e+02
   &SCF [&Type "Double"]       4.4373480000000000e+03
   &SCFGRAD [&Type "Double"]       2.2483140000000003e+03
   &GSTEP [&Type "Double"]       9.1890000000000533e+00
   &PROP [&Type "Double"]       1.4949999999998909e+00
   &SUM [&Type "Double"]       6.9621470000000018e+03
$End
