*************************************************
******************* ORCA 6.1.1 ******************
*************************************************
$Calculation_Status
   &GeometryIndex 0
   &version [&Type "String"] "6.1.1"
   &progName [&Type "String"] "orca"
   &Status [&Type "String"] "NORMAL TERMINATION"
$End
$Geometry
   &GeometryIndex 1
   &NAtoms [&Type "Integer"] 148
   &NCorelessECP [&Type "Integer"] 0
   &NGhostAtoms [&Type "Integer"] 0
   &CartesianCoordinates [&Type "Coordinates", &Dim(148,4), &Units "Bohr"] 
              C     61.239825698669  -26.323337024944    4.700126840289
              C     62.754422297745  -28.412089115290    3.490324169353
              C     58.389438387307  -26.657005968411    4.829894333905
              C     62.521759216137  -24.198321090088    5.340725102427
              C     61.171984530461  -30.785093810700    3.025394848624
              C     64.384462266343  -27.238153446375    1.325094862367
              C     57.108487527429  -29.048813438853    3.925150152768
              C     65.148081699799  -23.731539837749    4.597325738604
              C     61.258137144906  -21.952230401832    6.830471802842
              C     58.694610260674  -30.511234699372    1.968017487650
              C     66.267101927262  -25.401471925033    2.531552718046
              C     66.323850403064  -21.584319620819    5.227662787834
              C     63.040810293341  -20.404582492673    8.594398868028
              C     65.416328324509  -19.731594324600    7.022902615060
              O     66.639245694815  -17.813673476761    7.383859203900
              H     64.220679702316  -28.872501990559    4.995566624066
              C     58.588804494436  -28.989438243726   -0.461508916426
              C     62.469073651523  -32.950549884822    1.503787365591
              C     60.247568300269  -34.911707666605    1.496511919975
              C     57.738068686206  -33.295387109740    1.369956960786
              O     56.713648149007  -33.390383642492   -1.115675412206
              H     60.942968620291  -31.529135681409    5.008530145345
              C     55.669291001095  -34.557327324711    3.239311846984
              C     53.533730394412  -32.934109267457    3.493952443530
              N     51.874494157045  -31.616233158922    4.052498796933
              H     57.522072989099  -25.109433648297    3.882801390107
              H     57.843590993524  -26.420676818102    6.887541532087
              H     63.298833499666  -26.043317406420   -0.086398278843
              H     65.266832090055  -28.700329042497    0.195038634282
              H     55.219592873006  -28.770154423145    3.082748036788
              H     56.852051691055  -30.259579870118    5.606704055776
              H     59.650906170745  -22.652014886485    7.875112409674
              H     60.615120033317  -20.617119990956    5.406355291058
              H     66.806184101486  -24.328693296068    0.907314208680
              H     67.845571269665  -26.432166352997    3.339996455399
              H     68.132412799533  -21.026245698950    4.399754871302
              H     63.577983844169  -21.196642304445   10.504590735980
              H     61.854194562068  -18.778208592775    9.073765696420
              H     56.753483575910  -29.096075489463   -1.432431306774
              H     59.994855224380  -29.859128005079   -1.751700537100
              H     59.194839665584  -27.104190760742   -0.177728742895
              H     63.109615221877  -32.239275865275   -0.412111475286
              H     64.183886734488  -33.836793647108    2.313043685181
              H     60.377581458283  -35.795305812304    3.324708570976
              H     60.121995998670  -36.384749187997    0.244889609695
              H     56.509746699157  -35.163116831462   -1.454238746359
              H     55.098253557947  -36.411205353872    2.633276675835
              H     56.783435735133  -34.586334620867    5.045020756991
              C     58.513007579204  -43.703280559447   -0.455102744832
              S     55.251774909067  -42.426562686109    0.549570154267
              C     55.090940317809  -45.000709831214    2.990038072658
              O     53.749196968202  -43.283761357717   -1.632836763276
              H     58.479767296508  -45.739611646838   -0.776205009508
              H     58.439497232595  -42.899901288133   -2.235923961656
              H     60.139986191465  -43.144960973180    0.585758409732
              H     56.963866786400  -45.213379610325    4.026968596864
              H     53.485240021816  -44.453558526398    4.295101838006
              H     54.768005018783  -46.908520644237    2.257485736844
              C     58.775981868001  -34.693803346103   13.571880812993
              S     58.101727583418  -32.728714933961   10.691749212284
              C     54.711143159413  -32.831818391828   11.111060544139
              O     58.724260063715  -34.372342033462    8.497248047484
              H     58.275998127488  -33.264244423053   14.908200648595
              H     57.566254786110  -36.528651833095   13.643898275957
              H     60.662589953801  -35.032423372040   13.580006635369
              H     54.016914469595  -31.268296783144   10.021841297809
              H     53.790279614354  -34.667781817239   10.778884484319
              H     54.368176763368  -32.236875913085   12.978147758976
              C     72.521471820917  -26.017787206350    0.304680544572
              S     72.967220421386  -27.167931223239    3.604463627841
              C     76.467087707715  -26.429331763796    3.632979595202
              O     73.083627551236  -29.940272845269    3.696077550814
              H     73.037140288341  -24.057819952031    0.298123194887
              H     73.770051672121  -26.970020205233   -1.087669670901
              H     70.607916240447  -26.284030721359   -0.499870356945
              H     77.340405743246  -25.063210947061    2.480737982305
              H     76.845656544124  -25.843195408837    5.619100659215
              H     77.376650690494  -28.286932553440    3.399409445050
              C     68.368042751172  -14.286858695762    4.307536235967
              S     70.828390588492  -16.837781106681    4.099193929702
              C     73.399589760828  -14.409256257456    4.164106022402
              O     70.657464859678  -17.752389658238    1.435360382281
              H     66.673487532362  -15.338604672857    4.099704155758
              H     68.407481335586  -13.280806296585    6.133162859425
              H     68.747688731476  -12.897891090069    2.997030059354
              H     72.895694287217  -12.865217725213    5.459966821477
              H     75.218054322239  -15.381558147881    4.763735021957
              H     73.439500776776  -13.885839912883    2.249832346001
              C     56.939168065829  -43.076893037836    9.579324129028
              S     55.438271981224  -41.612449770354   12.485930792874
              C     52.545271345542  -43.551214297451   12.688698407044
              O     54.701581145176  -39.032520063280   11.678658685724
              H     58.868483962256  -43.518276370936   10.083899904047
              H     56.033082179137  -44.953844623092    9.108801218943
              H     56.808115558442  -41.585313303071    8.110534491438
              H     53.066249943403  -45.348476131639   13.482780225779
              H     51.535326110529  -42.404585171171   14.038964421514
              H     51.619286642659  -43.675501585279   10.796893574375
              C     67.200815610032  -28.569673377598    9.507816892121
              S     64.498223779605  -30.978998609302    9.673999408338
              C     62.430334265778  -28.605691557710   11.165068917047
              O     65.138746452698  -32.491554304154   11.989650915583
              H     67.292013793255  -28.180729944714   11.468351064280
              H     69.168757508637  -29.293155027969    8.917164091702
              H     66.524123578737  -26.874041014892    8.519584610387
              H     60.759967541482  -29.475532497154   12.104602956310
              H     63.441696795391  -27.553681018956   12.676377392650
              H     61.741245631043  -27.293427935793    9.704783047059
              C     49.222263528087  -42.638230910369   -5.493471665832
              S     51.071303858345  -44.081717115026   -8.215338702825
              C     52.728423602442  -46.616217805842   -6.607635297130
              O     52.854827383540  -41.994212243929   -8.863930506510
              H     50.715921961600  -42.583334366179   -4.269703918766
              H     48.573237087392  -40.838682507559   -6.225513775590
              H     47.771048343542  -43.857708979111   -4.815985949560
              H     52.251267753627  -48.521194029664   -7.175781459294
              H     54.697858384692  -46.163552807722   -7.138931799682
              H     52.525013481387  -46.614762716718   -4.613010465515
              C     66.611239953510  -15.317231870283   -2.125450571867
              S     66.716762260828  -18.508317906329   -0.947395299980
              C     69.277567939428  -20.224359311281   -2.751252278376
              O     64.521996534370  -19.642077997636   -2.417658923955
              H     68.426359699664  -14.771441168284   -2.661528081537
              H     65.507998939266  -15.506317867243   -3.783307309156
              H     65.723049773306  -14.009106748598   -0.628674090233
              H     70.027827009117  -18.986116262029   -4.277470693176
              H     70.655461749976  -21.112077059952   -1.598708309297
              H     68.032143930867  -21.587116415497   -3.651215452395
              C     49.454246308287  -37.963615372888    8.800643578285
              S     51.727095518600  -39.527817282980    6.815467377339
              C     50.245531332344  -39.096525087435    3.528534431780
              O     51.559968139316  -42.254654299706    7.307816624271
              H     48.434266627503  -36.344668096697    8.083605894030
              H     48.150883296460  -39.434653784578    9.267160268966
              H     50.491479188674  -37.497571113741   10.634207051506
              H     48.285545180764  -39.903759400063    3.512320581551
              H     50.263880573104  -37.112766181090    2.785739780320
              H     51.462193709147  -40.285125031149    2.366636318339
              C     58.455767774608  -38.093004921278   -6.461559466978
              S     55.564354508879  -39.096676265526   -4.875795781698
              C     53.773933483295  -36.379741413742   -6.316730856075
              O     55.792822398470  -38.224492065676   -2.188094993206
              H     59.083497001774  -36.282949641163   -5.770996845859
              H     59.792578939005  -39.564515764501   -6.245185824644
              H     57.948640869309  -38.156518616639   -8.472927272140
              H     51.786640789079  -36.507638078486   -5.745466645790
              H     54.675597410834  -34.788327447322   -5.661902956148
              H     53.891663421438  -36.430159306995   -8.346863641746
$End
$Single_Point_Data
   &GeometryIndex 1
   &FinalEnergy [&Type "Double"]      -2.1276161989116000e+02  "Final single point energy"
   &Converged [&Type "Boolean"] true
$End
$Geometry
   &GeometryIndex 2
   &NAtoms [&Type "Integer"] 148
   &NCorelessECP [&Type "Integer"] 0
   &NGhostAtoms [&Type "Integer"] 0
   &CartesianCoordinates [&Type "Coordinates", &Dim(148,4), &Units "Bohr"] 
              C     61.232891957858  -26.314329419061    4.690748975579
              C     62.745986716137  -28.411234202719    3.487206110180
              C     58.387780061280  -26.615363027925    4.838026368585
              C     62.518110954663  -24.196869837304    5.328206108982
              C     61.163115246737  -30.780853378091    3.030125847171
              C     64.358768033046  -27.246107903227    1.328081096945
              C     57.079377093913  -29.007894414644    3.930811876537
              C     65.134318509704  -23.745300894277    4.580663968519
              C     61.272147542374  -21.967916224393    6.792058378080
              C     58.638904133366  -30.480960637463    1.959928345359
              C     66.251119854562  -25.405901688148    2.526929453515
              C     66.332987509799  -21.601145009925    5.218934199148
              C     63.059239822475  -20.435063439957    8.539210130894
              C     65.434581861671  -19.756982659051    7.016804665309
              O     66.659395151816  -17.839763228526    7.397237889829
              H     64.196166000652  -28.875677957681    4.976188216292
              C     58.540000910671  -28.951139401429   -0.477345641939
              C     62.420786864146  -32.939731584950    1.510089357695
              C     60.208501943615  -34.873786849994    1.498305081465
              C     57.703640164169  -33.269735173589    1.366089529460
              O     56.681034573041  -33.373747293220   -1.110083569032
              H     60.934955194210  -31.527223974824    4.992314717489
              C     55.677433387691  -34.541868239400    3.239684409868
              C     53.501657246870  -32.979891826956    3.526929551816
              N     51.815381172811  -31.718875975006    4.074872719294
              H     57.532569912867  -25.037529066693    3.884224380098
              H     57.847843150287  -26.381767380194    6.874563379336
              H     63.257373306030  -26.087422106818   -0.061457400816
              H     65.259196468760  -28.713612489359    0.215435595666
              H     55.202158539286  -28.680739295977    3.113068220440
              H     56.811984725730  -30.222908379232    5.598329891242
              H     59.658135805715  -22.655771394962    7.844666897740
              H     60.626831782825  -20.636041953412    5.361582715792
              H     66.807393188193  -24.313791857902    0.906891744515
              H     67.831655717730  -26.438515513209    3.332009392269
              H     68.143165563222  -21.055783165719    4.398535603138
              H     63.583781450416  -21.260474086695   10.408594819892
              H     61.916663744758  -18.786285448015    9.043007008740
              H     56.702049351682  -29.051459816625   -1.416187751531
              H     59.923509319705  -29.796837046885   -1.789272935144
              H     59.124483823665  -27.045027197892   -0.172831981914
              H     63.036753209315  -32.253362785966   -0.392498146831
              H     64.120734820826  -33.816026784036    2.326862444934
              H     60.326797487740  -35.776944011362    3.333727114664
              H     60.109011406877  -36.353124608987    0.178979772711
              H     56.482540217643  -35.162725350506   -1.456130197285
              H     55.129027532535  -36.406714032096    2.622517148425
              H     56.774674481570  -34.579971361821    5.028181653016
              C     58.552161409110  -43.651596209243   -0.415938068251
              S     55.288096258456  -42.423940468528    0.570337892623
              C     55.136473659259  -44.977991758718    3.018474942412
              O     53.792227757178  -43.290908019362   -1.607780823559
              H     58.519134206629  -45.687803653258   -0.707806479757
              H     58.542389818979  -42.849030165166   -2.241144771279
              H     60.150097172815  -43.085314870232    0.685010450951
              H     56.978488521058  -45.150349984058    4.044381154568
              H     53.547471102643  -44.457996175439    4.312279680056
              H     54.821217135136  -46.873427495344    2.270964269054
              C     58.756127887137  -34.701207255376   13.539841701775
              S     58.089886787330  -32.748429760702   10.658508215096
              C     54.681802582186  -32.845333894991   11.071941838271
              O     58.718945784258  -34.376043752633    8.467610455605
              H     58.255134098551  -33.272006005820   14.890272964794
              H     57.569477079354  -36.508771653853   13.619806212953
              H     60.687135652788  -35.046801062454   13.538292480002
              H     53.965696339874  -31.291326401943    9.959683678271
              H     53.778313597957  -34.674399576536   10.744692806219
              H     54.333636290220  -32.253840438658   12.969524667843
              C     72.514400933600  -26.013896324863    0.310845300280
              S     72.947493520662  -27.169417577338    3.601359627374
              C     76.428055294620  -26.416712221307    3.642970820575
              O     73.038469069653  -29.938763484810    3.662576304972
              H     73.032907984631  -24.047912454866    0.316885293129
              H     73.773654756223  -26.967894762140   -1.050025099195
              H     70.610615207125  -26.274220154033   -0.493797128781
              H     77.261390772461  -25.013833067502    2.469245590807
              H     76.812542528971  -25.847651448014    5.617945128248
              H     77.345278827204  -28.252610479440    3.368151695879
              C     68.409108809589  -14.300116415201    4.337344718542
              S     70.847592805989  -16.851813465341    4.132674224821
              C     73.463696410740  -14.461120523244    4.177868426340
              O     70.668435447061  -17.755214771021    1.474058409711
              H     66.690155815235  -15.338928165959    4.121965616483
              H     68.466109998328  -13.319830523248    6.163568781485
              H     68.808636525400  -12.891779828926    2.991960226045
              H     72.995448902453  -12.920606478134    5.466462060819
              H     75.242085792077  -15.438082176033    4.767635949222
              H     73.533790468976  -13.911306740462    2.246839360760
              C     56.943847713323  -43.062428359747    9.596995061386
              S     55.446982393871  -41.602319282085   12.484573083431
              C     52.536740872525  -43.530440786383   12.683030287520
              O     54.703945211059  -39.031015213700   11.665672515303
              H     58.877292271424  -43.502488450161   10.100594740729
              H     56.032829667217  -44.899396155148    9.125460612230
              H     56.817444316086  -41.594833584049    8.133564575131
              H     53.040040424031  -45.338478678370   13.480267435009
              H     51.486444475256  -42.403029091206   14.026997061967
              H     51.623875068205  -43.662238062765   10.808580154793
              C     67.179984349444  -28.584060994328    9.486111967666
              S     64.487533139174  -30.981423512306    9.656147100542
              C     62.414129340261  -28.606139106315   11.143796364196
              O     65.147010935565  -32.501135534255   11.935610614069
              H     67.293959760443  -28.188102810847   11.465194513920
              H     69.090140667297  -29.312052471588    8.882849034288
              H     66.509586029244  -26.896535427676    8.501408812645
              H     60.752196433096  -29.479331613679   12.080206938544
              H     63.426942552747  -27.564882041699   12.636489511761
              H     61.731254722650  -27.293328315409    9.692348565597
              C     49.240445684876  -42.680195157082   -5.492105918951
              S     51.073928746586  -44.076071524069   -8.220347065738
              C     52.766606988685  -46.600661540212   -6.621174063975
              O     52.868819013009  -41.999962594822   -8.822051555959
              H     50.762479445750  -42.614130414814   -4.239765526088
              H     48.573748410379  -40.882576435222   -6.201090235287
              H     47.785105069655  -43.924270550070   -4.834303497703
              H     52.284471821045  -48.496805465300   -7.221313423882
              H     54.727964097223  -46.156668186636   -7.145529951472
              H     52.570788728504  -46.600592908251   -4.610671626876
              C     66.661241672042  -15.298365872843   -2.101440012340
              S     66.726195149232  -18.508010674151   -0.915508470651
              C     69.280966016580  -20.203535396167   -2.735309681402
              O     64.517610203486  -19.615507483444   -2.343493018656
              H     68.510690575929  -14.747022218271   -2.637232911902
              H     65.537285693279  -15.452330104864   -3.773868739851
              H     65.797803028316  -14.021176972349   -0.628895271128
              H     70.031203334396  -18.966564085612   -4.234987292117
              H     70.669546410772  -21.092619978135   -1.579392542178
              H     68.058942757556  -21.579886866405   -3.647558743466
              C     49.485188326424  -37.988811978420    8.787993847663
              S     51.791986862401  -39.543465114262    6.809433943447
              C     50.291749525771  -39.120522633636    3.558685473941
              O     51.584880009460  -42.269419894497    7.307396808949
              H     48.480520819497  -36.372634451202    8.047404453549
              H     48.161589702239  -39.463014034165    9.260711529585
              H     50.492930337685  -37.516027017026   10.595842578260
              H     48.352106714363  -39.910662717874    3.565514486103
              H     50.300338288469  -37.155078636772    2.842971309240
              H     51.482410698420  -40.306486183858    2.370540968122
              C     58.446813040988  -38.065272038751   -6.477354219838
              S     55.567417087641  -39.113581485064   -4.868670025297
              C     53.686360513234  -36.471756359504   -6.292081758430
              O     55.804353765628  -38.235221746418   -2.187923735248
              H     59.042246839301  -36.240640880338   -5.792936283932
              H     59.842274801800  -39.510138667040   -6.257408870671
              H     57.940650301079  -38.119107223858   -8.480814572478
              H     51.723126189531  -36.662102167489   -5.690233145804
              H     54.552633877760  -34.806124382447   -5.644916317543
              H     53.772066673086  -36.552333240105   -8.328474095712
$End
$Single_Point_Data
   &GeometryIndex 2
   &FinalEnergy [&Type "Double"]      -2.1282640492197001e+02  "Final single point energy"
   &Converged [&Type "Boolean"] true
$End
$Geometry
   &GeometryIndex 3
   &NAtoms [&Type "Integer"] 148
   &NCorelessECP [&Type "Integer"] 0
   &NGhostAtoms [&Type "Integer"] 0
   &CartesianCoordinates [&Type "Coordinates", &Dim(148,4), &Units "Bohr"] 
              C     61.227879244880  -26.318834529560    4.676225251094
              C     62.746002818899  -28.420536704924    3.483061576000
              C     58.389778104575  -26.593742072345    4.842963987175
              C     62.510674295822  -24.201574767878    5.310126823346
              C     61.168784657221  -30.790076600765    3.034251880181
              C     64.340918221732  -27.262511600110    1.328786061902
              C     57.063230688524  -28.992264850137    3.934415608240
              C     65.116848169628  -23.762107075607    4.558024094842
              C     61.274404528461  -21.991749246300    6.744083373587
              C     58.601316823892  -30.467235709903    1.952361927221
              C     66.237714713147  -25.414035475741    2.518967824764
              C     66.336932805252  -21.619931901036    5.204223958357
              C     63.062904153073  -20.470602237509    8.473913770998
              C     65.441937801225  -19.785296213308    7.004937525286
              O     66.664818403421  -17.866619824067    7.408060412095
              H     64.179267466128  -28.885691083351    4.958456456538
              C     58.514021589105  -28.931447268676   -0.488696813233
              C     62.388107564299  -32.941049519177    1.510886099256
              C     60.185063508528  -34.850573875539    1.494845530570
              C     57.686968635248  -33.254829453225    1.358040810989
              O     56.661668310006  -33.360909330906   -1.107044556234
              H     60.935674058296  -31.537801305386    4.976073351331
              C     55.702405312061  -34.519213541238    3.238698989760
              C     53.495144780816  -33.005482332413    3.558419996820
              N     51.780802631353  -31.786346741592    4.084971083481
              H     57.546169089580  -24.994011465385    3.880604368735
              H     57.852286551001  -26.359875167701    6.858330212018
              H     63.220398384493  -26.145228220494   -0.042156598122
              H     65.269350416868  -28.734197097151    0.239937256090
              H     55.192882439015  -28.620960321061    3.142898610031
              H     56.792677760701  -30.211929103889    5.589631377248
              H     59.655814233469  -22.669008311864    7.805124850366
              H     60.618326635277  -20.665833250568    5.307124374386
              H     66.812907878300  -24.301591794098    0.906675384398
              H     67.822321491925  -26.444110859045    3.323492060584
              H     68.149158677194  -21.087799420518    4.391185345658
              H     63.573521377044  -21.336016842666   10.304117257895
              H     61.968179437117  -18.797672011051    9.004089813952
              H     56.670871575223  -29.030260007275   -1.396554361027
              H     59.878793483175  -29.748538793468   -1.820189408946
              H     59.066595305714  -27.006849928182   -0.159407956551
              H     62.974910653562  -32.278397268359   -0.383597393295
              H     64.077614576735  -33.802829221336    2.339044847511
              H     60.288470452537  -35.779827826227    3.328046076335
              H     60.121190365449  -36.314977604188    0.110285022470
              H     56.462015036094  -35.161152710878   -1.461259450547
              H     55.168837204367  -36.393315707449    2.611249044748
              H     56.777469321550  -34.574647848555    5.015496190998
              C     58.581313145534  -43.586931864723   -0.381493393575
              S     55.321002381428  -42.415473484742    0.588825230739
              C     55.173633750565  -44.951096455725    3.041358504053
              O     53.825758455313  -43.289006494166   -1.582660525410
              H     58.547804172362  -45.622856923428   -0.646077653859
              H     58.649252105099  -42.789341713884   -2.235921656231
              H     60.140684622255  -43.010214883612    0.782190093800
              H     56.987044964511  -45.085339402819    4.059328032429
              H     53.599205721271  -44.458389696084    4.323738985869
              H     54.860465247976  -46.830839172357    2.267475932744
              C     58.745457214517  -34.708802857522   13.505963754534
              S     58.085272287749  -32.770352887296   10.623161538715
              C     54.659455494091  -32.856970629587   11.030323093862
              O     58.720720100404  -34.384257516698    8.440701428127
              H     58.246000345203  -33.284816191365   14.872995806630
              H     57.581189957524  -36.487847337344   13.595168398328
              H     60.709223925135  -35.061748418852   13.494582906828
              H     53.920831891852  -31.320420174661    9.894503671580
              H     53.772490471971  -34.680831962187   10.709145603274
              H     54.308614863765  -32.270293798931   12.949370554763
              C     72.517610619210  -25.998914069826    0.325897138313
              S     72.932506251370  -27.156592476522    3.609275730607
              C     76.390299318689  -26.380587149896    3.674006828035
              O     72.999139057017  -29.922294248941    3.634166178438
              H     73.032839753263  -24.026301364683    0.345264871058
              H     73.797117542434  -26.956350681887   -0.995176891314
              H     70.625055761032  -26.258705996398   -0.481213142800
              H     77.162249928921  -24.938757504304    2.479237729345
              H     76.779896747203  -25.825334928089    5.637625973607
              H     77.326747105450  -28.188738183224    3.351149672270
              C     68.432358688655  -14.311251927220    4.366798132646
              S     70.851572290115  -16.857097286477    4.167085276644
              C     73.505410345995  -14.500160103014    4.193440144905
              O     70.669501289711  -17.752722875760    1.515535252091
              H     66.692612931008  -15.333876593681    4.142465229329
              H     68.505603182710  -13.358232728259    6.194571655643
              H     68.846604568251  -12.895719723770    2.992903331643
              H     73.065645499431  -12.961668965012    5.476423339611
              H     75.249696352801  -15.478854312853    4.774744894495
              H     73.608671517745  -13.921391620050    2.254040361749
              C     56.942719130037  -43.051676852223    9.616965332841
              S     55.455915675315  -41.592501248259   12.485656889265
              C     52.527295124710  -43.504491921915   12.680934322793
              O     54.709205340991  -39.028956434986   11.654610557437
              H     58.880042618806  -43.492673820809   10.117939696896
              H     56.020028512273  -44.849285169519    9.140264957866
              H     56.824932517464  -41.606076715247    8.154280957744
              H     53.007878902986  -45.324780248603   13.480817085656
              H     51.435326510832  -42.399178612095   14.015976912081
              H     51.626181162328  -43.642413025819   10.820485925978
              C     67.162156063063  -28.595760784893    9.468108581939
              S     64.483669781516  -30.983561179038    9.644339667403
              C     62.401216820024  -28.605519177507   11.124369722941
              O     65.157453042529  -32.513265184041   11.882156499238
              H     67.302779795886  -28.189397447453   11.459536957350
              H     69.015474573387  -29.333444514073    8.848617053050
              H     66.495402530306  -26.917630913266    8.482310293879
              H     60.749338188217  -29.482931213239   12.056387850532
              H     63.418570151532  -27.571242943707   12.598240862894
              H     61.722660191556  -27.295795693497    9.678503614975
              C     49.250166856926  -42.705646949134   -5.469517883733
              S     51.042747474142  -44.050581077264   -8.218945013488
              C     52.776349530370  -46.569145096882   -6.635865234287
              O     52.851752514689  -41.994963617266   -8.789211793304
              H     50.793431210493  -42.629336588950   -4.200798219769
              H     48.562458123111  -40.905339240385   -6.142485161493
              H     47.794307911558  -43.969412245593   -4.825680330937
              H     52.277063925341  -48.452103850760   -7.268534117308
              H     54.730934732813  -46.142826535816   -7.160180725307
              H     52.594721720234  -46.569295625028   -4.611867895586
              C     66.712720434879  -15.295066744821   -2.085438879525
              S     66.732233867084  -18.522278653862   -0.886377282998
              C     69.286956188959  -20.185400887158   -2.719235327929
              O     64.513014185600  -19.603928932671   -2.263887957413
              H     68.587777048178  -14.742317338253   -2.614009990895
              H     65.576330996838  -15.411113043406   -3.770052592279
              H     65.869225319448  -14.044963950563   -0.637693938631
              H     70.038979258250  -18.945562423808   -4.191579331824
              H     70.685873403303  -21.067240192048   -1.556183140163
              H     68.102478456025  -21.585832438953   -3.646285555058
              C     49.518713861210  -38.009320483556    8.773890351382
              S     51.859728034609  -39.555405864922    6.801939248548
              C     50.341705499106  -39.133352795914    3.593126360476
              O     51.607847709003  -42.281097489626    7.304918971956
              H     48.536360918619  -36.394202380125    8.002857702687
              H     48.172951526187  -39.479871280867    9.245878137704
              H     50.497914159224  -37.529586011326   10.559026771416
              H     48.417107949606  -39.903989904311    3.625914299913
              H     50.346048602284  -37.179729533632    2.908084730970
              H     51.500981396250  -40.316767230627    2.372332524870
              C     58.433406334032  -38.043593942766   -6.493665930492
              S     55.568845098102  -39.133729584738   -4.859997342875
              C     53.604107047114  -36.576764485447   -6.272504726838
              O     55.818516509984  -38.242642988734   -2.189855892751
              H     58.994224890018  -36.203182225823   -5.817264553297
              H     59.885659046620  -39.451013727746   -6.264785729057
              H     57.930167433401  -38.086890968500   -8.490373193282
              H     51.666162667443  -36.825146394775   -5.637695916328
              H     54.420520241994  -34.845404073393   -5.645395459449
              H     53.660737273244  -36.697935265894   -8.311400182889
$End
$Single_Point_Data
   &GeometryIndex 3
   &FinalEnergy [&Type "Double"]      -2.1287280662475999e+02  "Final single point energy"
   &Converged [&Type "Boolean"] true
$End
$Geometry
   &GeometryIndex 4
   &NAtoms [&Type "Integer"] 148
   &NCorelessECP [&Type "Integer"] 0
   &NGhostAtoms [&Type "Integer"] 0
   &CartesianCoordinates [&Type "Coordinates", &Dim(148,4), &Units "Bohr"] 
              C     61.218802516109  -26.327839205686    4.646081229853
              C     62.747420604045  -28.436006259407    3.476643231259
              C     58.392728138252  -26.571370219919    4.847908246545
              C     62.493134487442  -24.202625255304    5.271738912173
              C     61.179607263285  -30.807691527919    3.040174577001
              C     64.319072403709  -27.293109425048    1.321632654127
              C     57.052064903096  -28.983439092764    3.947136676125
              C     65.086089124175  -23.779160070656    4.507094126865
              C     61.260568650970  -22.013829249313    6.659177241416
              C     58.559831026243  -30.452877417516    1.947958214753
              C     66.217281940512  -25.428936883957    2.493054804748
              C     66.338805456197  -21.646851346183    5.166898732255
              C     63.051234169940  -20.511003764730    8.370209772610
              C     65.448359049213  -19.825063648580    6.977594070379
              O     66.665698190595  -17.906339244295    7.419353348246
              H     64.158924021993  -28.900177269271    4.937828987050
              C     58.494117695613  -28.904730992279   -0.492010585375
              C     62.349108533665  -32.943997392874    1.497492402243
              C     60.156866030534  -34.828035262948    1.476969774188
              C     57.669079513763  -33.238080767078    1.343818476835
              O     56.626492464883  -33.340743104121   -1.103227085930
              H     60.932382094226  -31.564297438929    4.956946467919
              C     55.743257564336  -34.491711965123    3.234004429036
              C     53.482493799703  -33.063525447855    3.600103267526
              N     51.712939158283  -31.914445574043    4.089590160183
              H     57.564408520366  -24.954533863460    3.866719488681
              H     57.856654218074  -26.327428621351    6.838080736597
              H     63.166775627059  -26.238250206621   -0.032712585926
              H     65.292447393600  -28.771735975318    0.275334123415
              H     55.186137875398  -28.551772032213    3.196744838376
              H     56.788722338265  -30.206497170740    5.591691847040
              H     59.638530414091  -22.676059859560    7.734868413782
              H     60.581829110043  -20.698313953246    5.214572784591
              H     66.827631122302  -24.287091143617    0.899937709578
              H     67.809440358182  -26.451440532069    3.303018669346
              H     68.153860423996  -21.140470581601    4.359066854763
              H     63.541596924390  -21.452790661747   10.145633146856
              H     62.031224284626  -18.805005396406    8.945864369322
              H     56.639010161159  -28.998724482370   -1.359526508350
              H     59.837146532362  -29.679240676739   -1.849530852564
              H     58.998366199312  -26.961069894166   -0.122949204141
              H     62.885213277723  -32.303431912481   -0.394671351969
              H     64.034413135678  -33.781841975531    2.337289834717
              H     60.237653284154  -35.809125766562    3.291986519735
              H     60.149090386054  -36.246221118767    0.000106519395
              H     56.417940203059  -35.149793934623   -1.468336848483
              H     55.238647802626  -36.376355872100    2.584234347442
              H     56.783794862165  -34.579003186254    5.008430976322
              C     58.637301819396  -43.452613020455   -0.340179968288
              S     55.381569161480  -42.396011447228    0.616878521374
              C     55.251273121454  -44.913081417003    3.067126628360
              O     53.882824171429  -43.282889743801   -1.544404358413
              H     58.624769154625  -45.489804987343   -0.568730017010
              H     58.821137196160  -42.656590457998   -2.214736966639
              H     60.125025821383  -42.844278541489    0.911948586779
              H     57.032148505572  -44.982976132057    4.087041887802
              H     53.685120342391  -44.465899478069    4.332772819099
              H     54.951404931155  -46.769101393483    2.243239898889
              C     58.734004374551  -34.706560192833   13.458464741938
              S     58.075830957429  -32.802020600600   10.570791920533
              C     54.626269032738  -32.871382651037   10.960144442279
              O     58.722474723216  -34.404001353382    8.400638272560
              H     58.240906941639  -33.298149652220   14.855204015297
              H     57.599884039681  -36.447403105376   13.558595611674
              H     60.732493439524  -35.070096863914   13.436524858978
              H     53.857457946263  -31.378497314179    9.776676391715
              H     53.765740276088  -34.696715364555   10.648121843199
              H     54.265489187811  -32.282866520874   12.895101900972
              C     72.534240989987  -25.974341670774    0.354630043363
              S     72.905147501713  -27.126758792422    3.635291200378
              C     76.330215316251  -26.316080846069    3.758207434399
              O     72.933329837250  -29.888949716666    3.608758917845
              H     73.036468457673  -23.992039476529    0.390356323938
              H     73.853263167683  -26.942667093126   -0.899000036529
              H     70.658877043496  -26.238783584904   -0.459128132527
              H     76.999191432884  -24.823041066279    2.539281779596
              H     76.720162567126  -25.777726529572    5.710144098836
              H     77.305425888573  -28.079809573271    3.365844759358
              C     68.470306959509  -14.316816688170    4.416901689511
              S     70.857297802076  -16.858086626673    4.225080359187
              C     73.567378925422  -14.560604011493    4.229938824875
              O     70.676416401515  -17.748620073047    1.581898192864
              H     66.700758528107  -15.302180938019    4.173219460790
              H     68.559984715087  -13.410175193280    6.254433040723
              H     68.903547944868  -12.899428918609    3.012035269350
              H     73.168852248593  -13.022130819399    5.512727930481
              H     75.271898957222  -15.554970916699    4.800560002954
              H     73.720204555123  -13.936404839833    2.290178391627
              C     56.940157522101  -43.045505526570    9.658049150112
              S     55.465887648900  -41.579973985158   12.495902727807
              C     52.519425341119  -43.471388639954   12.680051343491
              O     54.715837270507  -39.027808053521   11.640484812604
              H     58.881018050802  -43.488653237042   10.157530724419
              H     55.991280102014  -44.794650767292    9.164532106054
              H     56.843280801463  -41.625653613578    8.187569835403
              H     52.968293865460  -45.306143688037   13.483430187322
              H     51.363450892386  -42.400258562350   13.994195260050
              H     51.637781772404  -43.618914717801   10.828617883048
              C     67.141349943451  -28.596634625262    9.444700268668
              S     64.482080033797  -30.967859212430    9.640833295533
              C     62.382912208688  -28.582685297615   11.101476904651
              O     65.170976458283  -32.526657858630   11.820710289838
              H     67.336094837994  -28.164994356765   11.441995362538
              H     68.921460270969  -29.363992577136    8.782876480369
              H     66.477338109996  -26.934333540039    8.446893095797
              H     60.747432114706  -29.470178786137   12.024901163520
              H     63.410136822937  -27.550664534909   12.550889820068
              H     61.708124999384  -27.281574684510    9.658022553192
              C     49.273206507991  -42.761494568019   -5.407048247514
              S     50.987681468739  -44.002477971855   -8.212499088427
              C     52.802176067038  -46.508523688297   -6.665333413444
              O     52.802136915742  -41.960355244017   -8.753179214746
              H     50.840387229245  -42.658201039386   -4.125439146217
              H     48.532372421037  -40.955778041770   -6.001213010867
              H     47.834064775672  -44.064154304059   -4.778838341922
              H     52.277715578931  -48.370197871898   -7.345526218733
              H     54.746291697480  -46.099694683476   -7.199442111556
              H     52.648285326900  -46.512289576752   -4.625103617567
              C     66.831108182597  -15.311562498710   -2.079961285617
              S     66.751956321010  -18.555777181167   -0.847821408117
              C     69.305128960263  -20.168306189745   -2.697856456829
              O     64.502984206285  -19.595015765595   -2.143787014826
              H     68.741151445539  -14.780232892317   -2.582292034062
              H     65.688681850557  -15.367130710298   -3.780111691905
              H     66.014966721151  -14.073976647543   -0.662421750267
              H     70.070082053862  -18.916956455737   -4.129683480818
              H     70.715851859575  -21.027299319375   -1.516807858095
              H     68.189618468296  -21.610062379070   -3.650197832129
              C     49.568467648654  -38.047949519635    8.729584748568
              S     51.963295533510  -39.583688377219    6.778346305654
              C     50.418717174457  -39.160693807736    3.635806378341
              O     51.647149515688  -42.308339576682    7.286881101732
              H     48.634020492849  -36.432294732799    7.900678358038
              H     48.186804048526  -39.504448338942    9.182984025249
              H     50.506357888672  -37.551502141936   10.495739176949
              H     48.504935204784  -39.903763156923    3.710765203441
              H     50.423973956453  -37.212244959301    2.998465543511
              H     51.528346046676  -40.336691669689    2.363282045994
              C     58.340972193434  -38.006739847901   -6.538161472318
              S     55.531893021115  -39.169123599453   -4.832208513414
              C     53.419836636216  -36.761271868181   -6.213756893850
              O     55.829710813220  -38.246036743245   -2.184474053261
              H     58.842166990336  -36.136883812749   -5.886959866590
              H     59.880116614820  -39.336771624511   -6.295779679557
              H     57.824160618678  -38.048973026205   -8.523223056361
              H     51.530290220590  -37.096899422716   -5.499828238568
              H     54.144103470316  -34.939531442934   -5.643441329871
              H     53.411594637700  -36.956938594830   -8.250558860877
$End
$Single_Point_Data
   &GeometryIndex 4
   &FinalEnergy [&Type "Double"]      -2.1291650907906001e+02  "Final single point energy"
   &Converged [&Type "Boolean"] true
$End
$Geometry
   &GeometryIndex 5
   &NAtoms [&Type "Integer"] 148
   &NCorelessECP [&Type "Integer"] 0
   &NGhostAtoms [&Type "Integer"] 0
   &CartesianCoordinates [&Type "Coordinates", &Dim(148,4), &Units "Bohr"] 
              C     61.208769431787  -26.344402462486    4.590371915587
              C     62.757221217229  -28.464043494354    3.470592198413
              C     58.395089963363  -26.568537095048    4.846048551926
              C     62.464622556382  -24.198717327788    5.194993684282
              C     61.200421778855  -30.840811675737    3.045531630180
              C     64.312245406868  -27.354166413301    1.301123173354
              C     57.060844154572  -29.010884776337    3.982524825651
              C     65.044429167574  -23.788518629235    4.409489512531
              C     61.219333838658  -22.011693507734    6.518502979306
              C     58.537136499553  -30.447850250950    1.952746710807
              C     66.198186689051  -25.463092459596    2.439968560599
              C     66.335519803813  -21.677980054286    5.093450538155
              C     63.009857235371  -20.534761740385    8.227758878797
              C     65.448803105657  -19.869293974712    6.920614626695
              O     66.655581221968  -17.954609435331    7.415063274645
              H     64.149727128526  -28.921111758419    4.929958855539
              C     58.490915285911  -28.870815780071   -0.473385010916
              C     62.324610190412  -32.952206576960    1.455485407250
              C     60.135979086174  -34.819831985793    1.420898121717
              C     57.661025466457  -33.222814628654    1.324639508041
              O     56.569099400089  -33.300963154872   -1.093843942666
              H     60.927183428254  -31.618248414022    4.941935790945
              C     55.797290540892  -34.469257784688    3.230420530815
              C     53.475024016081  -33.149424227265    3.636109027866
              N     51.640038151659  -32.088862411496    4.077913881671
              H     57.572419753388  -24.960232894601    3.825843839851
              H     57.862474575248  -26.290583752209    6.819160973576
              H     63.125045610151  -26.373031050502   -0.056936050062
              H     65.336177306319  -28.844562867350    0.316076456584
              H     55.183401408927  -28.540176037888    3.292050045102
              H     56.843756177423  -30.236215301122    5.626148009544
              H     59.594747604494  -22.653725615076    7.611423737373
              H     60.520389693137  -20.711045329889    5.062851068160
              H     66.865033000857  -24.295750543045    0.878211170990
              H     67.796708048743  -26.469563687064    3.274583920605
              H     68.152921408919  -21.208451977094    4.283774700209
              H     63.473167035177  -21.584473462247    9.941822102574
              H     62.073991479732  -18.801748502550    8.861288613164
              H     56.617728090959  -28.948871656659   -1.300263211594
              H     59.811487170533  -29.600819604225   -1.861730923876
              H     58.955344181516  -26.917314952132   -0.057819952893
              H     62.796781941112  -32.306834327562   -0.439408949447
              H     64.016813813203  -33.770669098262    2.291257037514
              H     60.195859815388  -35.887159882804    3.189716140628
              H     60.178688001855  -36.153123300166   -0.159422284447
              H     56.327930574446  -35.110073164625   -1.467310451713
              H     55.335068116670  -36.361405590624    2.543518440807
              H     56.798349383215  -34.600223566224    5.020812504980
              C     58.731826594465  -43.179236756310   -0.321021689598
              S     55.466085933347  -42.333228988817    0.642370499320
              C     55.397779599483  -44.847204407508    3.075646741992
              O     53.972854709244  -43.261778914657   -1.507778049556
              H     58.809197506656  -45.217220991541   -0.519451546524
              H     59.014218690294  -42.357934044544   -2.190764719066
              H     60.118030602364  -42.497409743330    1.016936634849
              H     57.145685582721  -44.806757461782    4.127172658441
              H     53.808333328312  -44.481481451368    4.315896388410
              H     55.167903095328  -46.681139254944    2.188579413208
              C     58.719923346566  -34.674159074100   13.402715005802
              S     58.055644975241  -32.837068610407   10.501136375034
              C     54.584317872451  -32.895195620922   10.853008297885
              O     58.718792325599  -34.440935695799    8.344878155083
              H     58.236811053312  -33.294397511459   14.840834923162
              H     57.612883759244  -36.388617392492   13.509835936517
              H     60.744086525323  -35.042837237910   13.383430110569
              H     53.789542187410  -31.485903140015    9.584386583387
              H     53.763730623891  -34.738063426656   10.555633260915
              H     54.193566625774  -32.278232462473   12.781945077028
              C     72.583039383050  -25.961690801892    0.419570299725
              S     72.854157919599  -27.082452790212    3.715693126704
              C     76.245655663646  -26.237213529995    3.967382432515
              O     72.838293102609  -29.843536667228    3.654058523369
              H     73.052507044692  -23.966337892092    0.458229516918
              H     73.960995786813  -26.951224052130   -0.738085283498
              H     70.730832526501  -26.246555988520   -0.412029826067
              H     76.812436515138  -24.694608410027    2.743417085291
              H     76.603803230576  -25.720517839414    5.919855951842
              H     77.280132368142  -27.946641051125    3.513681975319
              C     68.530510783517  -14.302717357793    4.466860228262
              S     70.875661975147  -16.852056414781    4.302822960574
              C     73.648404977263  -14.638350666690    4.297804897244
              O     70.709551839891  -17.753381928021    1.667937638448
              H     66.728072928243  -15.227585747900    4.186984520811
              H     68.614238918092  -13.452876136520    6.324033485027
              H     68.985443177662  -12.890487735241    3.039340089688
              H     73.300677355438  -13.103269898944    5.596270761744
              H     75.319264916562  -15.672958579469    4.854001809253
              H     73.853804927592  -13.956936484033    2.371562918301
              C     56.964993952342  -43.058529380656    9.733568959952
              S     55.476100409384  -41.570374704575   12.521132828158
              C     52.532634631575  -43.457534629902   12.673939942530
              O     54.722176979609  -39.036060452809   11.620039696530
              H     58.901066599035  -43.509682646550   10.251252473461
              H     55.979079832983  -44.763518080750    9.203634626094
              H     56.917487676800  -41.660033553473    8.244862255931
              H     52.962190204060  -45.300965374290   13.478410232946
              H     51.297611384642  -42.430930732560   13.954147151714
              H     51.681669126023  -43.616350270918   10.815900199997
              C     67.126929934990  -28.560105315331    9.429529099809
              S     64.482741202493  -30.904231457518    9.665417825467
              C     62.362166593576  -28.502627433607   11.084028955981
              O     65.175956949363  -32.507727500139   11.794531086900
              H     67.407173430049  -28.078480609027   11.413611137519
              H     68.836085686169  -29.383040500683    8.692398820218
              H     66.462820588081  -26.923697246569    8.397442276267
              H     60.747192343146  -29.407570674387   11.990386307989
              H     63.396096786198  -27.458955331674   12.511622729630
              H     61.689349394068  -27.223046771602    9.631161400754
              C     49.352746046817  -42.919499605378   -5.324644049285
              S     50.996684009171  -43.977227000057   -8.214181334721
              C     52.950861048705  -46.437699433236   -6.720171687708
              O     52.760376241962  -41.892469407865   -8.735269945740
              H     50.929544089581  -42.738447368376   -4.029375314062
              H     48.488473166046  -41.130730926196   -5.798678245752
              H     47.982500497156  -44.310398844271   -4.716049447611
              H     52.432188022330  -48.283519228068   -7.451244052419
              H     54.878461146466  -46.003555091574   -7.267028800733
              H     52.820216856497  -46.449977694001   -4.668507668400
              C     67.046574231353  -15.383873910731   -2.110399980541
              S     66.803773455083  -18.622363285743   -0.811565486068
              C     69.346249779406  -20.189811917694   -2.677569761482
              O     64.501286760130  -19.603312610898   -2.015312486769
              H     68.999373128279  -14.914029864882   -2.547280109092
              H     65.926447921083  -15.374913747046   -3.835207529577
              H     66.253685401830  -14.111862271904   -0.728558286024
              H     70.142072119729  -18.919198451852   -4.062592935067
              H     70.765036093454  -20.999951036742   -1.460119169971
              H     68.322472096215  -21.680580769306   -3.659021920309
              C     49.623064374720  -38.104259289819    8.645087457818
              S     52.073555462113  -39.631529497361    6.723737847681
              C     50.497578269658  -39.194330801441    3.652462781238
              O     51.706777414763  -42.357801409941    7.229469118677
              H     48.772179513519  -36.477655041392    7.746447241629
              H     48.192240780456  -39.531753695942    9.047596405146
              H     50.517279148006  -37.586763416457   10.410571643208
              H     48.581931655130  -39.903368525990    3.774688056808
              H     50.517880473465  -37.236306797937    3.076397757416
              H     51.547613493936  -40.353317811524    2.318186780623
              C     57.968062604482  -37.942331375734   -6.660487457843
              S     55.322552429792  -39.189759801283   -4.754169694136
              C     52.998029526256  -36.949379532874   -5.991962103717
              O     55.789913447279  -38.218438271389   -2.154037268691
              H     58.408286904089  -36.033142862758   -6.069906741657
              H     59.608724631703  -39.162845847410   -6.445729797037
              H     57.359921786389  -38.014357560028   -8.613309208057
              H     51.210332017662  -37.355117118656   -5.084462409472
              H     53.639015503396  -35.045855805046   -5.539330617836
              H     52.812643005108  -37.247085875162   -8.008985419164
$End
$Single_Point_Data
   &GeometryIndex 5
   &FinalEnergy [&Type "Double"]      -2.1294620085270000e+02  "Final single point energy"
   &Converged [&Type "Boolean"] true
$End
$Geometry
   &GeometryIndex 6
   &NAtoms [&Type "Integer"] 148
   &NCorelessECP [&Type "Integer"] 0
   &NGhostAtoms [&Type "Integer"] 0
   &CartesianCoordinates [&Type "Coordinates", &Dim(148,4), &Units "Bohr"] 
              C     61.179901464026  -26.342159721458    4.537091008593
              C     62.743160219440  -28.477643947944    3.470912328720
              C     58.370578894009  -26.562809608202    4.838292942126
              C     62.421898891126  -24.175944048551    5.112246197154
              C     61.192240909914  -30.857732033112    3.047751296885
              C     64.303154763269  -27.411191874758    1.284180750732
              C     57.056661695486  -29.037011545312    4.027254270792
              C     64.995032123139  -23.776246952547    4.309893162094
              C     61.162799586015  -21.959162868735    6.371465033907
              C     58.510754032597  -30.435484775471    1.963998407604
              C     66.170728959230  -25.498612610275    2.394010624691
              C     66.319773687036  -21.689744671765    5.006974365613
              C     62.954956535854  -20.484136635207    8.083169229119
              C     65.440602019604  -19.869756417017    6.827739797670
              O     66.654653107225  -17.969688023709    7.358670678077
              H     64.123673347298  -28.929667055619    4.940342706175
              C     58.465406609130  -28.833718612599   -0.446685282256
              C     62.289084976306  -32.943796139232    1.402150459729
              C     60.095758766255  -34.806649243046    1.355083655762
              C     57.629463652081  -33.197836466270    1.317381164959
              O     56.480287450566  -33.249609694839   -1.075172763957
              H     60.899908331068  -31.658579765498    4.934995029832
              C     55.812153854459  -34.450748303645    3.249513899758
              C     53.459449715801  -33.191464028780    3.694472804865
              N     51.586732226441  -32.188346250915    4.125332422783
              H     57.542868276215  -24.980858899522    3.780164436145
              H     57.845183395500  -26.241673314813    6.807546716728
              H     63.101466520145  -26.481709933856   -0.097671335997
              H     65.353680987700  -28.919458283070    0.350610317447
              H     55.155582156325  -28.571754488895    3.394578302201
              H     56.906689541352  -30.259373952065    5.679829919302
              H     59.534148753674  -22.579063416308    7.476779313148
              H     60.460798093003  -20.682676757668    4.895156268116
              H     66.899188126909  -24.330764084669    0.857000730874
              H     67.760848444929  -26.490925964257    3.270503463191
              H     68.142698080862  -21.266165331693    4.188848225452
              H     63.393634322414  -21.576347058137    9.778826775139
              H     62.072135997542  -18.727612226525    8.720401183809
              H     56.568933372835  -28.872238273627   -1.233132073626
              H     59.746431727608  -29.564891813939   -1.868267799253
              H     58.950561113853  -26.889236370675   -0.018967761893
              H     62.708863183365  -32.269791240475   -0.494552849897
              H     63.994078759562  -33.760482148024    2.211592244372
              H     60.156818583006  -35.937533755740    3.080805805307
              H     60.148052880193  -36.080603756908   -0.280508758752
              H     56.205474137314  -35.052453751960   -1.454556316486
              H     55.379756282690  -36.345718413794    2.526370701905
              H     56.808381657556  -34.614617685059    5.044613670693
              C     58.871911001540  -42.911019683500   -0.388309818697
              S     55.585059748596  -42.281599138263    0.628033094681
              C     55.617196248078  -44.810684745222    3.040748973660
              O     54.064245353150  -43.264225104784   -1.486259238300
              H     59.074033041252  -44.943754602866   -0.590291656263
              H     59.152148501303  -42.045069547112   -2.228540823056
              H     60.190519028031  -42.145014661147    0.981049070178
              H     57.345070278818  -44.658097732675    4.127945025189
              H     53.990584060281  -44.531935828429    4.265480473195
              H     55.486369305450  -46.636996293712    2.114061301083
              C     58.684676912449  -34.633806126846   13.353586691679
              S     57.999274725698  -32.862312917635   10.438790146318
              C     54.520162176230  -32.945988686046   10.758952354949
              O     58.681005049291  -34.479972364827    8.294371964593
              H     58.203103010008  -33.287875293272   14.827691536900
              H     57.597867723552  -36.355123357101   13.459360087280
              H     60.715723438938  -34.994978619143   13.344687166943
              H     53.701135761366  -31.625494160538    9.403182932956
              H     53.753199685567  -34.821633013175   10.482718082271
              H     54.091605439973  -32.285822785451   12.662807551537
              C     72.630395751665  -25.995909766925    0.532160729570
              S     72.755912008327  -27.065122563327    3.860244830614
              C     76.135149272281  -26.229085907040    4.278701429815
              O     72.688045612990  -29.827945247381    3.808724036202
              H     73.070255012043  -23.991468793355    0.552341764062
              H     74.061122784277  -27.019307044768   -0.536714315326
              H     70.798166750463  -26.306090338383   -0.328684243846
              H     76.679080137925  -24.656343133831    3.089221043622
              H     76.430414263986  -25.746360175267    6.248336184981
              H     77.206919239608  -27.908484297458    3.797784829137
              C     68.643009080559  -14.276257918478    4.438588125023
              S     70.933963370731  -16.868555760408    4.338052355799
              C     73.760572242705  -14.736823557086    4.331781776593
              O     70.788708020254  -17.801034604056    1.712314823881
              H     66.809801818492  -15.135327065893    4.121956827628
              H     68.702803217227  -13.454647192733    6.308477220412
              H     69.128557311747  -12.884606301013    2.997182089158
              H     73.469668109280  -13.209514582814    5.660730566904
              H     75.407701996345  -15.828337881649    4.860737964780
              H     73.987557104051  -14.008221235633    2.423338619506
              C     57.050397099278  -43.091043935514    9.820149008682
              S     55.518344285290  -41.584247724324   12.562481466019
              C     52.613009972614  -43.506620158378   12.679119539516
              O     54.739885625124  -39.074284616293   11.611095075761
              H     58.967846810884  -43.575983701642   10.374166773584
              H     56.024094200265  -44.754998186515    9.221702989285
              H     57.079339996525  -41.683961646421    8.336482476238
              H     53.063148533328  -45.342307340188   13.483612045051
              H     51.307811350727  -42.521464331751   13.929992837707
              H     51.800128101161  -43.682095116990   10.803374408399
              C     67.085406841478  -28.499829430105    9.429929684052
              S     64.440700674771  -30.815256649954    9.694232329706
              C     62.310482433947  -28.398125728428   11.078973751420
              O     65.127912818677  -32.457202944123   11.800261055744
              H     67.447795716026  -27.972326001342   11.390543372198
              H     68.740588220044  -29.375251372930    8.613163562615
              H     66.424469530115  -26.884173307242    8.362246957114
              H     60.709857486248  -29.325378022023   11.968416882876
              H     63.342583189127  -27.340403733727   12.498007995844
              H     61.642582724002  -27.139014949128    9.609778131554
              C     49.405890648272  -43.105185674071   -5.170198951536
              S     50.981468834656  -43.957523718432   -8.174722824924
              C     53.108962958279  -46.371159257321   -6.788666402583
              O     52.629005456711  -41.777909932417   -8.704822551703
              H     50.995748725086  -42.844937833101   -3.890169010072
              H     48.391611300828  -41.342309911213   -5.514615799740
              H     48.136666724551  -44.602704185176   -4.567170327059
              H     52.625066692863  -48.210623288637   -7.562123520220
              H     55.006447754148  -45.864613396863   -7.373389118308
              H     53.017354078005  -46.414206520589   -4.733091985588
              C     67.258216533388  -15.480256176601   -2.190880595919
              S     66.883433266360  -18.697081571379   -0.817166113719
              C     69.391949124740  -20.282849682290   -2.693370952936
              O     64.515288011310  -19.630996026794   -1.941689690275
              H     69.235602046918  -15.069911139715   -2.576283415887
              H     66.160743441343  -15.443868415063   -3.928726258832
              H     66.488068052487  -14.147861420134   -0.845807822024
              H     70.228328689791  -19.013082797570   -4.054647722043
              H     70.807949491133  -21.048392039158   -1.436679340505
              H     68.420850141884  -21.801729135752   -3.683705881350
              C     49.668703390308  -38.215559168067    8.586801143110
              S     52.158909459382  -39.717503801792    6.677624343391
              C     50.553039357125  -39.274156375307    3.637427773735
              O     51.819631009590  -42.451242901012    7.170221594246
              H     48.882753444064  -36.575412235975    7.645749227173
              H     48.210179526519  -39.625343561088    8.935514833301
              H     50.530954431946  -37.681808000562   10.363825998049
              H     48.641721610019  -39.989711663423    3.781911507930
              H     50.558734460649  -37.300998496948    3.106975676171
              H     51.590803892787  -40.389609870273    2.261347639511
              C     57.589903201700  -37.789580970084   -6.766058091444
              S     55.089335157889  -39.127340347419   -4.718176758151
              C     52.629326008506  -36.935119587719   -5.755825932160
              O     55.726022917571  -38.168885313445   -2.139162796676
              H     57.987360549879  -35.861757751339   -6.196245223413
              H     59.291740819310  -38.937646821320   -6.593161396581
              H     56.903202799548  -37.871407100988   -8.693601260919
              H     50.906897169859  -37.414258488877   -4.736492292075
              H     53.212988451989  -35.022825245556   -5.295030794938
              H     52.355038444083  -37.195564847570   -7.759976687063
$End
$Single_Point_Data
   &GeometryIndex 6
   &FinalEnergy [&Type "Double"]      -2.1296019288170999e+02  "Final single point energy"
   &Converged [&Type "Boolean"] true
$End
$Geometry
   &GeometryIndex 7
   &NAtoms [&Type "Integer"] 148
   &NCorelessECP [&Type "Integer"] 0
   &NGhostAtoms [&Type "Integer"] 0
   &CartesianCoordinates [&Type "Coordinates", &Dim(148,4), &Units "Bohr"] 
              C     61.197309745810  -26.377227933000    4.483000664250
              C     62.781883539326  -28.516485951582    3.463284542199
              C     58.391848828997  -26.612666500277    4.827789916797
              C     62.409831556135  -24.183950705347    5.025276554252
              C     61.241548953089  -30.906502954199    3.032098414130
              C     64.348271143693  -27.475099394422    1.262490062796
              C     57.114507902006  -29.120513799190    4.068139009563
              C     64.974914209129  -23.768698210101    4.213467842569
              C     61.120158374331  -21.950726377418    6.227017294864
              C     58.551287621246  -30.468133725362    1.964095199923
              C     66.180363034403  -25.528065283971    2.346130353831
              C     66.305911907155  -21.694884021221    4.926825620545
              C     62.895151972814  -20.472804216730    7.954182439851
              C     65.410663988483  -19.875603179780    6.739084680766
              O     66.604412692440  -17.974874736909    7.305574342024
              H     64.157062847954  -28.964407844940    4.942645411232
              C     58.482622787870  -28.841057798401   -0.425305555317
              C     62.325300174782  -32.971339097620    1.349086626514
              C     60.125548258666  -34.834056307827    1.279076759649
              C     57.664708998426  -33.218504374192    1.295346768204
              O     56.479221704590  -33.249567648152   -1.079821036441
              H     60.933658912980  -31.727784737501    4.909475998708
              C     55.869049599998  -34.464132994155    3.250146025669
              C     53.524541304623  -33.215641363061    3.719677444786
              N     51.645501295692  -32.232904272525    4.146529513306
              H     57.545838649904  -25.066045773214    3.739654720642
              H     57.880663413725  -26.251437814075    6.797344807467
              H     63.135029501157  -26.594034416450   -0.143008090549
              H     65.423586323961  -28.989206024184    0.370805514167
              H     55.184591822305  -28.688020946510    3.497296951650
              H     57.047166002246  -30.341540963381    5.726385046923
              H     59.490242401429  -22.561524958699    7.334409739033
              H     60.423005394560  -20.698236999525    4.732375929286
              H     66.959774486281  -24.357820531029    0.835793421517
              H     67.764263007140  -26.494050832418    3.265384346972
              H     68.137935674394  -21.305588045179    4.115958650623
              H     63.321512849344  -21.595927378202    9.638782743988
              H     62.031455978122  -18.715409509115    8.592434495743
              H     56.566422305461  -28.848609445709   -1.169275072916
              H     59.723071414896  -29.575977103706   -1.880586720913
              H     58.995067692196  -26.905236279278    0.003177895824
              H     62.716270755952  -32.265204950019   -0.541045538523
              H     64.037384646834  -33.793689268382    2.139038720290
              H     60.187158538960  -36.020398663628    2.961031968548
              H     60.176513860513  -36.053570419386   -0.390494696588
              H     56.156238817157  -35.044383497480   -1.454754804023
              H     55.431155307064  -36.349024265493    2.501654404202
              H     56.862044376651  -34.666174346441    5.049812478866
              C     58.865386135613  -42.805924593665   -0.406692380378
              S     55.601485277910  -42.243957640577    0.626425813064
              C     55.648701800560  -44.787779817508    3.015467065299
              O     54.035409925109  -43.246010417133   -1.452783244520
              H     59.122488037841  -44.827011159479   -0.617698690761
              H     59.169417762581  -41.880072057251   -2.213815260858
              H     60.134203369664  -42.030514616516    1.001654485143
              H     57.356140950578  -44.618721700181    4.109816267263
              H     54.033350301404  -44.525600986513    4.241282509726
              H     55.527044756179  -46.594667985060    2.065529522702
              C     58.709305544016  -34.618450960897   13.277533772535
              S     58.008610021373  -32.900726254524   10.356405272018
              C     54.531421333061  -33.002523511721   10.657579176375
              O     58.697621041401  -34.550400926695    8.229739398068
              H     58.236755684196  -33.317720731110   14.794122380096
              H     57.624884467540  -36.345782940405   13.378490438006
              H     60.737207808786  -34.979104109416   13.280414833522
              H     53.706138990597  -31.777582772112    9.223687163163
              H     53.810938587690  -34.902426917404   10.412661512461
              H     54.069943978183  -32.290395898601   12.525947573869
              C     72.720674654069  -25.958444093245    0.657012467342
              S     72.681329012713  -26.976858922232    4.006524932089
              C     76.036552613518  -26.134776619766    4.589062240989
              O     72.586290498575  -29.741107606164    3.969514585409
              H     73.111279237622  -23.943898726054    0.656513795786
              H     74.200573801324  -26.992925538425   -0.322264376340
              H     70.912958043491  -26.316781402720   -0.235282042559
              H     76.554025926020  -24.504362400121    3.463623794077
              H     76.261146334850  -25.721885774247    6.583003718223
              H     77.165272442593  -27.769379644876    4.063269048356
              C     68.630662546214  -14.212999619423    4.406097780266
              S     70.905411342396  -16.815405042096    4.384925865357
              C     73.727917064822  -14.711507053268    4.400337896960
              O     70.815263749634  -17.788791990188    1.769037945986
              H     66.789761053152  -15.035962521966    4.058218557582
              H     68.644240846077  -13.399948095399    6.280913673440
              H     69.118924326939  -12.847264503039    2.949206313854
              H     73.460758559941  -13.221760908672    5.776056958269
              H     75.372140569028  -15.826012328239    4.887550518646
              H     73.955697402193  -13.923355697424    2.519150130197
              C     57.104524696783  -43.161351868673    9.883424723860
              S     55.554714121610  -41.595301230453   12.580177997912
              C     52.671326699418  -43.523869813077   12.684301104987
              O     54.772869202427  -39.104006622208   11.583233910068
              H     58.990915782386  -43.713908769609   10.473122276321
              H     56.019653265689  -44.769956639343    9.234898451082
              H     57.229167317377  -41.754141046027    8.397736101603
              H     53.139653097486  -45.357335008142   13.476532081144
              H     51.337214363111  -42.570094870073   13.918848950202
              H     51.876793394698  -43.695174292064   10.799019132002
              C     67.107007816872  -28.459893308696    9.411831228313
              S     64.457574558357  -30.749441075398    9.699332038015
              C     62.326040926896  -28.324178173951   11.066731558915
              O     65.133217489732  -32.427259907395   11.790200102519
              H     67.562242579178  -27.899886014711   11.336875571196
              H     68.702512209698  -29.371043785847    8.511840206439
              H     66.441154930328  -26.861706128709    8.318158312044
              H     60.739638270751  -29.275602416030   11.939335081823
              H     63.353997016375  -27.253685838043   12.481013610638
              H     61.657088305216  -27.090792341407    9.579314963080
              C     49.443276596669  -43.086444653819   -5.095180319809
              S     50.935376726337  -43.873934662126   -8.137606793509
              C     53.077076162560  -46.301409338388   -6.805233130821
              O     52.569387820053  -41.682598568984   -8.680410167393
              H     51.020704682817  -42.805442458492   -3.808084209093
              H     48.391743769619  -41.353031052054   -5.357924189202
              H     48.208121644153  -44.602978710981   -4.511253540927
              H     52.541743774572  -48.121388003773   -7.587574107341
              H     54.974233150017  -45.822098054487   -7.412274483077
              H     52.993784182693  -46.335075073276   -4.755367656039
              C     67.333170844707  -15.596866456400   -2.238804567598
              S     66.917579365794  -18.792475484345   -0.828585864527
              C     69.431747293151  -20.353405728877   -2.709672575181
              O     64.542223935621  -19.713776028886   -1.938542001995
              H     69.317348399115  -15.182200810269   -2.532198252433
              H     66.298734034037  -15.562560571461   -4.008588115684
              H     66.515646625530  -14.246248262125   -0.935924735778
              H     70.288294190372  -19.070320284535   -4.048680637187
              H     70.851291801282  -21.041901257703   -1.406934735082
              H     68.541597899837  -21.920061293819   -3.705447176971
              C     49.713303155017  -38.226744547408    8.570568451295
              S     52.188023453399  -39.738268443700    6.644205116571
              C     50.546175154291  -39.259916888650    3.623831105336
              O     51.857693625100  -42.478884861204    7.123218501111
              H     49.021473659940  -36.550932652287    7.614503759819
              H     48.207106902263  -39.591195480155    8.867659164200
              H     50.568815497355  -37.710739334481   10.354477351239
              H     48.621391356967  -39.945889873729    3.791905007012
              H     50.577480592810  -37.275997360336    3.130265928941
              H     51.550752425096  -40.353988808583    2.206568833309
              C     57.312456383975  -37.786886280451   -6.807741896168
              S     54.903073885027  -39.114090962859   -4.679822019743
              C     52.441740900720  -36.906181221337   -5.587384746904
              O     55.686044987540  -38.168546890890   -2.128604108268
              H     57.707080275855  -35.854099765132   -6.259978955856
              H     59.014510111064  -38.908285683953   -6.638469860535
              H     56.588598704922  -37.891845286050   -8.716312213957
              H     50.778661448640  -37.365968760788   -4.497453807620
              H     53.037913640276  -35.006810703313   -5.136368748309
              H     52.098372013649  -37.167773759796   -7.586592715308
$End
$Single_Point_Data
   &GeometryIndex 7
   &FinalEnergy [&Type "Double"]      -2.1296911841484001e+02  "Final single point energy"
   &Converged [&Type "Boolean"] true
$End
$Geometry
   &GeometryIndex 8
   &NAtoms [&Type "Integer"] 148
   &NCorelessECP [&Type "Integer"] 0
   &NGhostAtoms [&Type "Integer"] 0
   &CartesianCoordinates [&Type "Coordinates", &Dim(148,4), &Units "Bohr"] 
              C     61.166220310401  -26.339406268863    4.432617056188
              C     62.737095207522  -28.504409496497    3.455600685587
              C     58.356592459512  -26.557397272840    4.808664464698
              C     62.384282556918  -24.138574352616    4.933222658989
              C     61.177310630827  -30.882092673053    3.007193012867
              C     64.336572964997  -27.514783887369    1.249232953417
              C     57.083221684360  -29.079160895984    4.104756947090
              C     64.956960782297  -23.748391821235    4.123293261012
              C     61.106624393145  -21.864256199957    6.080259424685
              C     58.485128687404  -30.412223598779    1.966759565086
              C     66.164848137162  -25.568393427839    2.312471774050
              C     66.320318313160  -21.699333205132    4.842380399493
              C     62.889332316305  -20.407290085981    7.823275761182
              C     65.437615203663  -19.859195762690    6.633716922373
              O     66.655523999742  -17.984198078607    7.229613245110
              H     64.102497585997  -28.966145571872    4.948436514947
              C     58.404454564387  -28.763698291782   -0.403512163114
              C     62.236889976337  -32.918058714336    1.265751572875
              C     60.023110784489  -34.770804238942    1.142902566686
              C     57.565193357093  -33.153058182580    1.267664517555
              O     56.299245294153  -33.147190066685   -1.073154605851
              H     60.872992523679  -31.733809631147    4.872919282787
              C     55.820685422195  -34.469373024929    3.236433426494
              C     53.432137622796  -33.296035892646    3.727098544378
              N     51.500222647613  -32.389341381516    4.160913497085
              H     57.506989817346  -25.037163014179    3.695187658096
              H     57.864641144614  -26.151435355715    6.777418212243
              H     63.145741850116  -26.650241042490   -0.184238365083
              H     65.400755628039  -29.050815882964    0.391781367474
              H     55.130296006463  -28.668381978717    3.585756752995
              H     57.075782834084  -30.288727335056    5.771461656378
              H     59.457831041597  -22.435606344626    7.180949278704
              H     60.453857903774  -20.623852569922    4.562436039468
              H     67.011767145061  -24.428088675995    0.818812192061
              H     67.715436836973  -26.530913426314    3.289343574535
              H     68.171404760060  -21.369854723528    4.043817482958
              H     63.288728516568  -21.546413378688    9.511120257289
              H     62.049338721573  -18.633241408596    8.449797611789
              H     56.471296182256  -28.710136624480   -1.105527561012
              H     59.584426039140  -29.538710508965   -1.889060239320
              H     58.992549672387  -26.850458516596    0.006920930665
              H     62.621978477008  -32.155467010194   -0.604984274698
              H     63.947896329502  -33.775960355984    2.019749651712
              H     60.103282271814  -36.038703326779    2.762854084094
              H     60.046835412335  -35.916655774147   -0.572114181304
              H     55.936657473906  -34.935614792670   -1.442748818567
              H     55.430982331673  -36.356108300727    2.458252347476
              H     56.820781977270  -34.687121571680    5.034786684719
              C     59.089168148099  -42.377570169841   -0.488035298862
              S     55.784751619997  -42.098938635458    0.610255001750
              C     56.049553715578  -44.648948203106    2.986896026729
              O     54.219353836978  -43.230728888326   -1.418008150874
              H     59.544500681612  -44.366000891560   -0.730018601780
              H     59.303632369370  -41.398660297780   -2.259607569570
              H     60.286460523372  -41.495811475999    0.928863377913
              H     57.741834426463  -44.317372114727    4.115159040875
              H     54.382858817322  -44.532328674985    4.197223689706
              H     56.109024021901  -46.458726481610    2.026696175634
              C     58.641580380105  -34.556083961949   13.202271342530
              S     57.925242839713  -32.886415315957   10.267395798914
              C     54.456012793112  -33.061371199752   10.542869636732
              O     58.640792310691  -34.568869726503    8.165862143654
              H     58.155568514462  -33.300184908621   14.749754760474
              H     57.578819224289  -36.306311691295   13.289065408121
              H     60.660809462538  -34.903311314627   13.224516167737
              H     53.619331052662  -31.937136070883    9.039128279130
              H     53.812757207706  -35.000547427257   10.336608330600
              H     53.943318550520  -32.299253660860   12.368203952083
              C     72.775082852100  -26.070811754431    0.836115867371
              S     72.528919066213  -27.008278635435    4.204940369447
              C     75.869352474941  -26.242626077411    4.949691799849
              O     72.351045334714  -29.771679241221    4.224673056003
              H     73.160465425320  -24.059505460887    0.795427222630
              H     74.281652588099  -27.146367313386   -0.047050489580
              H     70.990447845692  -26.451820791128   -0.096142551746
              H     76.420217562219  -24.590155431344    3.893629085997
              H     76.017532273312  -25.889127840625    6.961868026554
              H     77.009139840137  -27.859577875537    4.422640450169
              C     68.800883300935  -14.202341477027    4.337010335699
              S     71.012879856209  -16.861601739679    4.406600989494
              C     73.873177015514  -14.819559955739    4.451711714520
              O     70.969883148612  -17.889268967202    1.806439536679
              H     66.939575558853  -14.968878508202    3.957632886466
              H     68.784082863361  -13.376943146883    6.208719248060
              H     69.323870081576  -12.873341986333    2.870239330662
              H     73.651493819926  -13.363609477257    5.877148073357
              H     75.500892318741  -15.988961936148    4.894175396315
              H     74.104841117769  -13.977641865202    2.599122657434
              C     57.262559893803  -43.181335015109    9.973606127973
              S     55.628653770637  -41.594441447296   12.613396278787
              C     52.803269915183  -43.592237441267   12.688656513494
              O     54.805950360698  -39.139488808563   11.557157425226
              H     59.108876938609  -43.784813037043   10.629210448534
              H     56.168180174197  -44.748763396016    9.246152873750
              H     57.484631816695  -41.758076140040    8.510664545058
              H     53.319400891721  -45.409362136289   13.486908691561
              H     51.415900760735  -42.676943212487   13.896351715040
              H     52.051817378552  -43.781670002501   10.782890336741
              C     67.044373372183  -28.410245296201    9.401433857582
              S     64.360862325013  -30.645575334382    9.711779106261
              C     62.245623556232  -28.197230332759   11.061336836646
              O     65.010296979525  -32.335170182432   11.808841456698
              H     67.584966012704  -27.827269991620   11.287301015636
              H     68.585598549927  -29.367720582242    8.443169577690
              H     66.397829780675  -26.820823182985    8.281975421964
              H     60.659537711655  -29.170314505027   11.916145079647
              H     63.262420361438  -27.121272006515   12.480707167809
              H     61.594318990890  -26.977934551548    9.551262368040
              C     49.556977680571  -43.424804324470   -4.924846752150
              S     51.024364112997  -43.894362612138   -8.061255059525
              C     53.461427666510  -46.169492507094   -6.905925662901
              O     52.378043304609  -41.507000040624   -8.586407976365
              H     51.124735626560  -42.998503154996   -3.660102709892
              H     48.265707514243  -41.812705523231   -5.049081133981
              H     48.532717179678  -45.121326310015   -4.368919898234
              H     53.065520663337  -48.001323968457   -7.732394105243
              H     55.278203427146  -45.491328383907   -7.566841006289
              H     53.441736400244  -46.268313081772   -4.858644661177
              C     67.548802629562  -15.756843282353   -2.291640771932
              S     67.062819805469  -18.928176543176   -0.855349439343
              C     69.550446724030  -20.539873317610   -2.724835117164
              O     64.662121720088  -19.812309704728   -1.954658701931
              H     69.542413025262  -15.358600801997   -2.484979398358
              H     66.590587605675  -15.727008458681   -4.099971237185
              H     66.687041059659  -14.374424360702   -1.039599430467
              H     70.442192023777  -19.275355263784   -4.061868758908
              H     70.952472190734  -21.177445277211   -1.377442149683
              H     68.695321698701  -22.121795665497   -3.706277145546
              C     49.762415796949  -38.359296254017    8.523049854028
              S     52.252950448692  -39.846303181927    6.590839830063
              C     50.576524302723  -39.391743208624    3.574418998104
              O     52.005886241159  -42.593798505869    7.066150697394
              H     49.119875066583  -36.672388201173    7.555367439802
              H     48.243479776472  -39.705829198987    8.775492607331
              H     50.595167832311  -37.838914561566   10.324972947683
              H     48.665701567345  -40.112244660100    3.752788353780
              H     50.569545695501  -37.398836577208    3.107130652628
              H     51.593120643327  -40.436528884461    2.135540266970
              C     56.716717285942  -37.526514232157   -6.904255021627
              S     54.567508339455  -39.039585851877   -4.598296369254
              C     51.806169586642  -36.982073653890   -5.269669766824
              O     55.548740990086  -38.081909386298   -2.103324205976
              H     56.942858816994  -35.522573400740   -6.442825139287
              H     58.554249809052  -38.484282976769   -6.742729243274
              H     55.918898579239  -37.784122740019   -8.772342127089
              H     50.242911512568  -37.622078925796   -4.045274623364
              H     52.290276377568  -35.015169833929   -4.844643072596
              H     51.313206582588  -37.222605858250   -7.254426445260
$End
$Single_Point_Data
   &GeometryIndex 8
   &FinalEnergy [&Type "Double"]      -2.1297427395990999e+02  "Final single point energy"
   &Converged [&Type "Boolean"] true
$End
$Geometry
   &GeometryIndex 9
   &NAtoms [&Type "Integer"] 148
   &NCorelessECP [&Type "Integer"] 0
   &NGhostAtoms [&Type "Integer"] 0
   &CartesianCoordinates [&Type "Coordinates", &Dim(148,4), &Units "Bohr"] 
              C     61.194878236630  -26.383450933178    4.372867047537
              C     62.789129639325  -28.550282395607    3.437793513750
              C     58.386008218384  -26.625537980304    4.750519774388
              C     62.378696348796  -24.157004382918    4.834366459413
              C     61.248254794980  -30.942386061078    2.981192826051
              C     64.408587980073  -27.575966290241    1.235940222892
              C     57.148805999874  -29.169333787454    4.076837383019
              C     64.953897231462  -23.744560123979    4.046479241149
              C     61.068088174822  -21.873769332579    5.929365607606
              C     58.564947857126  -30.489259423311    1.938860472378
              C     66.197890279695  -25.589296194474    2.285817558605
              C     66.296623202756  -21.686186960515    4.769112564360
              C     62.816934094757  -20.404887111782    7.695148985056
              C     65.380005138874  -19.842310329664    6.534980292138
              O     66.585658382259  -17.967387843428    7.158800907525
              H     64.145574401981  -28.999031091463    4.944118001494
              C     58.474263119440  -28.850730437289   -0.436121171063
              C     62.334055947050  -32.965600778647    1.247583837914
              C     60.133793889532  -34.829384038964    1.092846686003
              C     57.662859762961  -33.233363564997    1.237180427079
              O     56.390773096094  -33.224799407524   -1.097798502103
              H     60.943687776429  -31.796706899148    4.844443430962
              C     55.921208934227  -34.551608723556    3.204608814079
              C     53.543699542752  -33.364778220573    3.674757557001
              N     51.612785898020  -32.458343146951    4.099977569029
              H     57.519658722442  -25.134294900125    3.614051632248
              H     57.896257380988  -26.190692284637    6.714821643896
              H     63.226249383019  -26.747590207577   -0.231858578527
              H     65.496870570989  -29.118144949546    0.415194598352
              H     55.187789694055  -28.803764030917    3.566794916778
              H     57.169937578103  -30.368373882244    5.750823670522
              H     59.402469231545  -22.436134652509    7.006004413705
              H     60.451869406305  -20.648882501068    4.385622983365
              H     67.071333246309  -24.471595540416    0.793928718141
              H     67.737235784740  -26.515973568713    3.313456358462
              H     68.159182191406  -21.367927871209    3.996920798191
              H     63.198372628693  -21.536845534073    9.388909100387
              H     61.953130901005  -18.640020749968    8.304946114312
              H     56.536289869628  -28.773611574269   -1.117871811764
              H     59.620564564020  -29.663675376445   -1.927047963411
              H     59.110404992489  -26.946458759274   -0.057598437404
              H     62.737710093151  -32.187452960652   -0.614446859228
              H     64.041354808587  -33.826074329587    2.010062822781
              H     60.219681457396  -36.122896008861    2.689289775266
              H     60.160314409612  -35.943962290989   -0.634692628438
              H     55.977995812114  -35.004513866623   -1.451643153347
              H     55.522105333154  -36.434592366733    2.431904478030
              H     56.911150433435  -34.771480749771    5.009163973229
              C     59.003504507021  -42.473745057193   -0.545123858288
              S     55.742347566684  -42.141885849057    0.613479734459
              C     56.008480955668  -44.713827084072    2.964846811449
              O     54.107543014073  -43.244110091385   -1.377905687885
              H     59.441631136662  -44.453104839443   -0.832165978682
              H     59.201808975326  -41.435539445844   -2.285512709179
              H     60.218849966150  -41.645030418435    0.873907943086
              H     57.703165127220  -44.404701420984    4.088663496471
              H     54.350147722177  -44.602770158625    4.183660722787
              H     56.063971833883  -46.515670960009    1.990741048162
              C     58.669724310159  -34.529388262000   13.145643943214
              S     57.962877060269  -32.899143311676   10.188909856528
              C     54.501240706184  -33.120183126125   10.442160613578
              O     58.709566661254  -34.624952300227    8.127902826518
              H     58.162135014516  -33.300215987120   14.705983456812
              H     57.615518497010  -36.287882958397   13.224702389183
              H     60.685730260516  -34.866180381826   13.192591615224
              H     53.665620635043  -32.065419667965    8.889331670956
              H     53.907035179377  -35.079174438819   10.279918749944
              H     53.948338088827  -32.312415284022   12.233876879533
              C     72.867455011124  -26.002232924541    0.997540572441
              S     72.472223647512  -26.844483910487    4.377495030847
              C     75.774036159914  -26.039272325029    5.253024680477
              O     72.300891736487  -29.602983041572    4.473872371500
              H     73.203387994709  -23.985089241274    0.909151648601
              H     74.423996337507  -27.078296173490    0.200790184130
              H     71.116900954437  -26.457903214766    0.029282923258
              H     76.306387201246  -24.321015400609    4.286890452500
              H     75.850902367457  -25.771448555597    7.283510896170
              H     76.978345226461  -27.602959859311    4.693976744823
              C     68.772145020048  -14.129937647467    4.287614666995
              S     70.966581363548  -16.801867376761    4.433947022254
              C     73.828809068631  -14.768917810605    4.528239869029
              O     70.983463878482  -17.867261379683    1.846585937081
              H     66.909989376744  -14.884181479885    3.877551712586
              H     68.718459230681  -13.288047414480    6.151942904749
              H     69.318164440122  -12.819016412188    2.817381465764
              H     73.622418147728  -13.368162629240    6.011787447993
              H     75.458758972273  -15.958916642510    4.915236007298
              H     74.049950811004  -13.860600249687    2.706004594570
              C     57.322225742799  -43.244701856416   10.009656365512
              S     55.684901887276  -41.600946726673   12.614769382472
              C     52.865642301271  -43.605731214719   12.689357701972
              O     54.861502499294  -39.163453503832   11.523194535472
              H     59.119909148868  -43.938799369217   10.707447711157
              H     56.172064182562  -44.758007406919    9.247970665002
              H     57.644954179643  -41.826310655988    8.559733521239
              H     53.398067689517  -45.424166986103   13.471598029269
              H     51.475705960049  -42.704767487370   13.901089347074
              H     52.121052832861  -43.783602133727   10.780528000573
              C     67.063358763668  -28.359288821794    9.386238702522
              S     64.370264816804  -30.576898561982    9.717138719472
              C     62.244708306868  -28.123464826643   11.039899369209
              O     64.997547784510  -32.249556843138   11.833851797371
              H     67.656211041952  -27.757200352977   11.245111777941
              H     68.581815595324  -29.329889948719    8.404464432400
              H     66.413760383840  -26.782145365670    8.248916403417
              H     60.662300700243  -29.114757501386   11.880822166486
              H     63.236548617130  -27.027057722434   12.459029214944
              H     61.597855445251  -26.934882050778    9.502415052510
              C     49.463870417425  -43.260049688216   -4.846188747084
              S     50.879923119144  -43.663920089655   -8.008416057831
              C     53.270123525667  -46.015151778372   -6.957345593685
              O     52.277037023240  -41.283629117452   -8.466861517341
              H     51.028817052519  -42.877238809878   -3.577533954433
              H     48.170261165812  -41.650879744589   -4.899016485169
              H     48.451311243359  -44.972779923990   -4.337575236107
              H     52.804676258950  -47.821216802891   -7.814516111881
              H     55.093087771838  -45.371606017993   -7.635966411632
              H     53.270489316514  -46.147714657742   -4.914728166029
              C     67.556999041341  -15.808939075627   -2.295131705040
              S     67.069620285864  -18.972771780066   -0.868958323260
              C     69.561063348054  -20.591893819419   -2.731896059091
              O     64.661047616841  -19.856497381878   -1.960097090307
              H     69.552679648088  -15.380862867222   -2.373202476177
              H     66.699122208529  -15.795483506710   -4.152954233903
              H     66.601668829800  -14.437701327322   -1.096584824012
              H     70.447852202975  -19.331318669381   -4.076135340560
              H     70.963210652453  -21.179567912249   -1.360148279617
              H     68.738819489983  -22.194658950554   -3.696143285979
              C     49.822708011794  -38.345172611640    8.526016750061
              S     52.278869453199  -39.855420352798    6.572934268361
              C     50.570908788608  -39.381360495717    3.569884194817
              O     52.034556369983  -42.604893777069    7.046563232324
              H     49.243770288754  -36.627472228095    7.571711752377
              H     48.264106803607  -39.649489325979    8.751536871834
              H     50.660844203656  -37.863675803252   10.335258030616
              H     48.646674228795  -40.061922243363    3.768604597907
              H     50.602029686661  -37.388160030097    3.107862411509
              H     51.549609901617  -40.439993986565    2.114509121611
              C     56.502065220528  -37.669335356629   -6.903287966310
              S     54.383310282910  -39.068049335566   -4.538992048572
              C     51.782503960053  -36.849499748656   -5.067608564574
              O     55.513990179180  -38.162403224300   -2.084992255339
              H     56.849744526670  -35.713960222961   -6.425574891107
              H     58.257811814464  -38.713477553497   -6.823903576967
              H     55.625323805922  -37.862566793068   -8.743487184169
              H     50.225649958265  -37.402040672983   -3.844345288860
              H     52.380264437535  -34.964450663573   -4.590611596081
              H     51.271706865623  -36.999728981743   -7.033920078748
$End
$Single_Point_Data
   &GeometryIndex 9
   &FinalEnergy [&Type "Double"]      -2.1297970704849001e+02  "Final single point energy"
   &Converged [&Type "Boolean"] true
$End
$Geometry
   &GeometryIndex 10
   &NAtoms [&Type "Integer"] 148
   &NCorelessECP [&Type "Integer"] 0
   &NGhostAtoms [&Type "Integer"] 0
   &CartesianCoordinates [&Type "Coordinates", &Dim(148,4), &Units "Bohr"] 
              C     61.222809774852  -26.445696470976    4.314312320363
              C     62.827858977440  -28.612047025615    3.392873009585
              C     58.414918495529  -26.705344893523    4.701858427354
              C     62.381136024970  -24.202134602586    4.742767079631
              C     61.292277476433  -31.009607788485    2.919633918348
              C     64.466333731276  -27.633873882113    1.204342586440
              C     57.195392720714  -29.256811007500    4.041642797503
              C     64.960794755292  -23.772002404255    3.983096611516
              C     61.049739138752  -21.918009199561    5.809563192732
              C     58.612133222239  -30.558552974314    1.891127916007
              C     66.232484397579  -25.625336438000    2.256240420329
              C     66.280973536089  -21.703100345416    4.714868276574
              C     62.769608763786  -20.452991770978    7.605191978499
              C     65.332757704174  -19.863113669632    6.467505842320
              O     66.519464981172  -17.980653094767    7.103333069739
              H     64.178760082771  -29.064005916723    4.902869981704
              C     58.501683371267  -28.908105884729   -0.475859098635
              C     62.386035559946  -33.022081605516    1.179561092790
              C     60.185105618042  -34.879734941741    0.989605050098
              C     57.711487477716  -33.291536189117    1.177497584730
              O     56.420950804543  -33.257278482955   -1.145101494572
              H     61.005090300886  -31.873759022188    4.781754318755
              C     55.985849346694  -34.611126477899    3.148915187954
              C     53.637584469794  -33.389814430290    3.621944441145
              N     51.733640261733  -32.470182245482    4.065944601880
              H     57.530285410591  -25.228129908355    3.560540114631
              H     57.940178907405  -26.259407760592    6.667058457173
              H     63.297455038946  -26.819530846635   -0.284259881473
              H     65.572003108421  -29.174010260427    0.403445052105
              H     55.224320908588  -28.922506269220    3.543170435051
              H     57.240333515808  -30.462452858091    5.712986956787
              H     59.361514148494  -22.471724546223    6.851134105323
              H     60.478492973495  -20.691631183830    4.248670892096
              H     67.128285133423  -24.530989710185    0.758919199922
              H     67.755566678517  -26.529679706650    3.327963061799
              H     68.154247243754  -21.385412961761    3.974648239413
              H     63.138018382329  -21.586370159449    9.299541907141
              H     61.879093818403  -18.698736828468    8.213817381425
              H     56.556657715972  -28.803991651648   -1.130911650629
              H     59.617667540623  -29.734959400487   -1.988618676599
              H     59.174181716527  -27.009441660460   -0.104546362628
              H     62.817769903531  -32.229879030017   -0.672233547066
              H     64.082217640330  -33.902299348280    1.944611723385
              H     60.278380826890  -36.212669098015    2.555657775945
              H     60.197570161693  -35.949411302701   -0.766076786157
              H     55.962836228439  -35.025519397288   -1.480357057468
              H     55.562891316870  -36.487543229175    2.384629326500
              H     56.980270831427  -34.840553667544    4.950426560168
              C     58.980567311690  -42.442046328651   -0.550483552440
              S     55.747827021649  -42.075104680327    0.638678654684
              C     56.044327716445  -44.641381180519    2.990381442958
              O     54.070249590589  -43.195405048332   -1.306640216662
              H     59.402050245254  -44.409741695536   -0.900989717138
              H     59.174568705548  -41.331551005936   -2.258860138885
              H     60.209143850960  -41.679022443165    0.897244550937
              H     57.745276501974  -44.351309543479    4.081758364411
              H     54.415203273343  -44.525838716312    4.225173617193
              H     56.083914168260  -46.443922137338    2.027823086060
              C     58.716050924824  -34.532483209509   13.076599433691
              S     58.032514701166  -32.924683145074   10.099342796392
              C     54.576265025415  -33.178209564455   10.335491754507
              O     58.800355326109  -34.687102932002    8.076836663045
              H     58.188314169215  -33.318949926593   14.643086801401
              H     57.658671354920  -36.288987039506   13.147696568112
              H     60.731941756947  -34.871253544040   13.140823240624
              H     53.743796667583  -32.177860720772    8.746812848464
              H     54.023661759441  -35.149107673821   10.228046108572
              H     53.990168463527  -32.325947530060   12.098404380062
              C     72.947093049459  -25.966252050087    1.152635352553
              S     72.408031928605  -26.719027728109    4.530924404170
              C     75.668509294114  -25.894619468896    5.521872051612
              O     72.224803892134  -29.471893085922    4.700994675905
              H     73.250019174081  -23.947038970847    1.020931882355
              H     74.545698070652  -27.035365203749    0.439011662901
              H     71.236724791881  -26.487483038909    0.144191530075
              H     76.178063127443  -24.099740923018    4.676904540197
              H     75.693853919652  -25.757310054300    7.568773047982
              H     76.930166262007  -27.394813675501    4.895291853088
              C     68.698198435282  -14.094614480824    4.231586352802
              S     70.890160710682  -16.760029921527    4.473644117952
              C     73.733998214981  -14.709527677537    4.622607883886
              O     70.986659314986  -17.861680385668    1.904139321903
              H     66.847250362182  -14.860642708922    3.798693191888
              H     68.609194679336  -13.213822377663    6.074465110893
              H     69.270689987733  -12.804894574284    2.751032545072
              H     73.516661821104  -13.366874064789    6.152262987597
              H     75.370985096664  -15.895202810169    4.968833580277
              H     73.949109628949  -13.744092769959    2.828780260186
              C     57.358636607129  -43.299657193224   10.049237350360
              S     55.723326799619  -41.596761364077   12.617477262977
              C     52.890126014793  -43.590397442098   12.708006188268
              O     54.910235065871  -39.176311719820   11.488460475459
              H     59.080596712473  -44.116391696003   10.804289306930
              H     56.141351059270  -44.737471029273    9.238204919355
              H     57.818958679200  -41.887586100513    8.630013330847
              H     53.425762843705  -45.415247737412   13.473504532710
              H     51.518106214434  -42.691738762584   13.934299418538
              H     52.138768338812  -43.750804423550   10.802374038045
              C     67.096732693387  -28.384161153448    9.324420710579
              S     64.386734554942  -30.572765173692    9.684548909276
              C     62.271516438761  -28.106814595326   10.997450102499
              O     64.997062108756  -32.226666974281   11.817887412999
              H     67.744065140539  -27.778232670188   11.165148524307
              H     68.597946894464  -29.370581711224    8.323896243555
              H     66.446115786299  -26.805162706780    8.190574462948
              H     60.692868354514  -29.103272062745   11.831369161702
              H     63.251436027226  -26.998284225877   12.413484652232
              H     61.627420129963  -26.941401384957    9.442713776685
              C     49.418615893445  -43.147382297535   -4.772828080207
              S     50.802936256913  -43.535691527653   -7.923336866947
              C     53.195377983554  -45.881205025591   -6.924716716044
              O     52.202629103394  -41.158396794545   -8.371268529855
              H     50.980533428090  -42.770690534943   -3.501627853080
              H     48.118951357963  -41.570028222409   -4.811995035950
              H     48.429930729422  -44.865707846847   -4.284427169716
              H     52.699878731924  -47.683780590979   -7.761906319840
              H     55.005934507377  -45.247523939281   -7.644666904147
              H     53.231947007694  -46.007480462013   -4.883106802462
              C     67.537136481331  -15.897404261116   -2.278961405698
              S     67.070569561756  -19.058766711955   -0.878722647023
              C     69.596786025338  -20.653690903922   -2.721714392968
              O     64.685264849904  -19.959481998459   -1.991944454757
              H     69.525414395361  -15.421549693790   -2.211206387567
              H     66.818555373873  -15.903258285849   -4.195636657386
              H     66.453595914573  -14.563611535688   -1.152983867518
              H     70.457988974433  -19.387076999754   -4.079409782134
              H     71.002128817321  -21.192711495718   -1.331533836330
              H     68.809558580353  -22.288165425558   -3.671189599204
              C     49.879484075929  -38.277716170855    8.537377080593
              S     52.282017568885  -39.832321117713    6.559664892120
              C     50.534971057339  -39.333710330732    3.579744499562
              O     52.006710752821  -42.579455111217    7.047198541369
              H     49.366542959772  -36.523803211213    7.607783995657
              H     48.269962968441  -39.527974644479    8.743967417048
              H     50.728219288571  -37.857534625108   10.353727265556
              H     48.597862300905  -39.970808395631    3.807424166309
              H     50.603075984496  -37.337558663788    3.121241380767
              H     51.467621951559  -40.415681018468    2.103511668421
              C     56.320239758229  -37.651971188393   -6.896563577428
              S     54.272057815819  -39.054488400226   -4.493775279256
              C     51.700902926834  -36.803882798718   -4.925047621389
              O     55.479401598939  -38.167525696007   -2.078106710842
              H     56.600017951960  -35.663050046537   -6.474304236941
              H     58.115889874326  -38.642292953342   -6.805071265396
              H     55.437956480547  -37.940778142053   -8.715480707319
              H     50.200014462389  -37.317636986303   -3.631774740349
              H     52.360012328480  -34.923224597223   -4.504978152121
              H     51.089754506202  -36.978129448832   -6.875377960412
$End
$Single_Point_Data
   &GeometryIndex 10
   &FinalEnergy [&Type "Double"]      -2.1298389041736999e+02  "Final single point energy"
   &Converged [&Type "Boolean"] true
$End
$Geometry
   &GeometryIndex 11
   &NAtoms [&Type "Integer"] 148
   &NCorelessECP [&Type "Integer"] 0
   &NGhostAtoms [&Type "Integer"] 0
   &CartesianCoordinates [&Type "Coordinates", &Dim(148,4), &Units "Bohr"] 
              C     61.219521889157  -26.470109828507    4.245890784435
              C     62.826655156700  -28.647640145614    3.349186613777
              C     58.410175772141  -26.731461561565    4.631350542678
              C     62.365874414271  -24.216076630709    4.635558758014
              C     61.290084456595  -31.043921476216    2.857203554290
              C     64.500573616589  -27.683216556120    1.183693033102
              C     57.193747633255  -29.282501901737    3.983267594455
              C     64.959092943411  -23.792460475116    3.919963097674
              C     61.028062672281  -21.914678113988    5.657463474929
              C     58.613852165523  -30.590831256657    1.837406570413
              C     66.256607712144  -25.669779233264    2.245019614956
              C     66.266984327375  -21.716451829233    4.654868449354
              C     62.719322436383  -20.455125055955    7.485203409551
              C     65.292947165699  -19.863206565980    6.379215830001
              O     66.475633200166  -17.978185666077    7.013342949672
              H     64.161773051759  -29.106458850526    4.871083625431
              C     58.509939766827  -28.934292440936   -0.528179323975
              C     62.394280582193  -33.032281534864    1.096669635952
              C     60.198417862358  -34.887109563945    0.863164029561
              C     57.715586547086  -33.320608979425    1.112101332508
              O     56.394953566625  -33.262089421509   -1.192161531010
              H     61.026150519303  -31.923839603676    4.715674480996
              C     56.031495211188  -34.690378723807    3.085157691162
              C     53.647381660158  -33.512977585736    3.549338234903
              N     51.709177857019  -32.644894087975    3.996915274389
              H     57.518297771147  -25.262669003751    3.481878261334
              H     57.944047514248  -26.273658895348    6.594955065754
              H     63.364038721978  -26.874127885018   -0.330268354114
              H     65.615388598242  -29.229692428285    0.409526856413
              H     55.221528801516  -28.961781041783    3.477980953700
              H     57.235854727122  -30.487573698555    5.655569054370
              H     59.302013071825  -22.440518463697    6.648698226783
              H     60.526153684148  -20.688651939217    4.071117155684
              H     67.191439849282  -24.620921135040    0.737457859968
              H     67.744231355954  -26.558022306765    3.378804563944
              H     68.157560990015  -21.410757636370    3.955158619782
              H     63.056090700981  -21.581934947134    9.188407890808
              H     61.809184681665  -18.701062147081    8.076502423463
              H     56.563178323932  -28.783275439022   -1.162755775674
              H     59.589309088914  -29.788555608447   -2.052824626084
              H     59.237363012597  -27.052241765443   -0.164799457072
              H     62.851417732872  -32.216124199231   -0.739474387433
              H     64.082716654066  -33.930282270597    1.858153765733
              H     60.307494780676  -36.264442463532    2.390520623631
              H     60.196612542014  -35.903123101498   -0.926383513726
              H     55.905456360463  -35.022896368982   -1.510037224885
              H     55.641632362748  -36.577135511711    2.324540872703
              H     57.031523321108  -34.904422251570    4.884282822115
              C     59.032704728783  -42.326673064108   -0.666868524573
              S     55.838468074067  -41.996072871278    0.637001143417
              C     56.259423693277  -44.553455967263    2.983145143889
              O     54.098883815713  -43.155526267103   -1.232437601760
              H     59.465085002121  -44.281343068099   -1.081363583844
              H     59.142601310918  -41.170478713014   -2.345337473775
              H     60.299901528988  -41.584507911442    0.750619152946
              H     57.962481109271  -44.207696161349    4.057396985824
              H     54.634036496550  -44.508813222407    4.227383612230
              H     56.366971631111  -46.357086788260    2.023335819928
              C     58.716593801293  -34.503370085438   13.018065008633
              S     58.056140280707  -32.930368762537   10.010486616378
              C     54.605107757265  -33.256748779039   10.218825481653
              O     58.870410998192  -34.721256247705    8.033677111856
              H     58.144777794459  -33.298228897804   14.576619866853
              H     57.675517666427  -36.271172625883   13.075720620861
              H     60.736189708432  -34.829366077826   13.108638224535
              H     53.764045849169  -32.317848385084    8.597371520791
              H     54.122146657638  -35.247781884452   10.175508688244
              H     53.971327937732  -32.366719355853   11.949919107850
              C     73.012122346831  -25.997328613692    1.393921810930
              S     72.292817746484  -26.610390041693    4.764688977760
              C     75.504025112732  -25.793445609544    5.884414335890
              O     72.060037590764  -29.350701905343    5.044477359038
              H     73.304198881112  -23.982892161430    1.195079479272
              H     74.650503084591  -27.073508655696    0.794174981606
              H     71.355683465880  -26.584691926884    0.333445729655
              H     76.014084597723  -23.957647585697    5.141864263112
              H     75.461493199309  -25.741874237472    7.933328667048
              H     76.804334288218  -27.244587751300    5.251862945544
              C     68.697153491690  -14.082986344721    4.117836913170
              S     70.861166912024  -16.757776579137    4.489082772786
              C     73.710440997373  -14.709992139964    4.685817595930
              O     71.042902753516  -17.918091654967    1.952121128940
              H     66.855096943808  -14.854516633323    3.656669350254
              H     68.576336189048  -13.141607076227    5.927390575435
              H     69.325791709067  -12.827640789878    2.626279122573
              H     73.484928331059  -13.408428894109    6.246268850247
              H     75.342173632230  -15.904979568334    5.010459952965
              H     73.937057102938  -13.705170973809    2.915470335114
              C     57.480368229771  -43.327708976974   10.101707536057
              S     55.812959705139  -41.596727961911   12.629193364653
              C     52.992582255380  -43.620017971110   12.730844878451
              O     54.979650578345  -39.207562643717   11.454836916802
              H     59.104348284332  -44.269694325637   10.925596675007
              H     56.223720286524  -44.675949665376    9.206763962663
              H     58.092713113042  -41.916487387749    8.744750069271
              H     53.548868840769  -45.441306804712   13.491077725965
              H     51.617796749347  -42.732427399194   13.965158476820
              H     52.248565479171  -43.781101340600   10.822613223633
              C     67.062203000548  -28.381957394866    9.282492650532
              S     64.332595147636  -30.533317840636    9.674232576086
              C     62.224482121212  -28.044140582341   10.955270002926
              O     64.919370036591  -32.154562819739   11.835156167764
              H     67.751240574929  -27.768609850425   11.107741518950
              H     68.551304636942  -29.389357603334    8.288763243043
              H     66.425067697042  -26.800025746555    8.146544990406
              H     60.642603705002  -29.044945608703   11.780844221223
              H     63.185922895518  -26.918866171525   12.368803638724
              H     61.595679893995  -26.901088091082    9.377316170491
              C     49.323031008332  -43.127438084809   -4.568209107095
              S     50.626482892394  -43.380538329256   -7.767933514488
              C     53.140799504401  -45.654741177624   -6.924092901288
              O     51.926860353617  -40.950032505479   -8.206245123301
              H     50.906152523776  -42.731207738760   -3.327801760620
              H     47.949975444752  -41.613137829734   -4.525997305365
              H     48.429493495575  -44.904108968638   -4.104711073365
              H     52.670889891590  -47.463142836402   -7.759611440656
              H     54.889500484746  -44.947099597774   -7.723102906378
              H     53.279036760279  -45.810808297997   -4.886946598761
              C     67.614291878498  -16.033913351767   -2.313296134638
              S     67.118941959946  -19.178660541772   -0.906467255543
              C     69.668455431521  -20.791118580465   -2.702032068869
              O     64.749493845720  -20.083249377177   -2.040770370912
              H     69.591247679204  -15.542759513750   -2.100232442028
              H     67.044715234365  -16.071055717056   -4.279788826916
              H     66.429223122751  -14.707952280214   -1.287535559408
              H     70.512187410372  -19.544219508013   -4.088663130702
              H     71.066681447385  -21.291638225697   -1.291252906924
              H     68.892360228169  -22.449728504151   -3.620801782876
              C     49.960619603026  -38.320279244077    8.522106827588
              S     52.343880501507  -39.893544537463    6.534962597585
              C     50.559541171297  -39.419175006384    3.574372870883
              O     52.082567625675  -42.635499543108    7.051760655920
              H     49.482191316656  -36.545675534344    7.616097438985
              H     48.322696790138  -39.537353185635    8.708659124985
              H     50.803177620197  -37.947846005514   10.353263397075
              H     48.629148684674  -40.058744937536    3.826561523521
              H     50.618409937495  -37.426864067428    3.107999853626
              H     51.471881597266  -40.503434217931    2.091809934091
              C     56.075008586773  -37.549816093950   -6.888659833417
              S     54.116744859887  -38.985262809924   -4.440154974443
              C     51.559496713674  -36.690909315174   -4.697429328053
              O     55.422078231242  -38.144624197451   -2.069589583912
              H     56.380783121929  -35.587051922606   -6.429544307632
              H     57.854383448298  -38.551351622193   -6.923231494666
              H     55.110374490090  -37.786036991945   -8.671654679869
              H     50.100799288519  -37.217453131015   -3.371648253841
              H     52.268053776602  -34.829001759059   -4.257646900053
              H     50.860375245762  -36.791890661640   -6.614174635028
$End
$Single_Point_Data
   &GeometryIndex 11
   &FinalEnergy [&Type "Double"]      -2.1298793762471999e+02  "Final single point energy"
   &Converged [&Type "Boolean"] true
$End
$Geometry
   &GeometryIndex 12
   &NAtoms [&Type "Integer"] 148
   &NCorelessECP [&Type "Integer"] 0
   &NGhostAtoms [&Type "Integer"] 0
   &CartesianCoordinates [&Type "Coordinates", &Dim(148,4), &Units "Bohr"] 
              C     61.235292780969  -26.510851094590    4.162177145066
              C     62.852062659275  -28.697374483926    3.295398073454
              C     58.424769398432  -26.773347299965    4.533417903682
              C     62.368742876702  -24.247577124171    4.524609476322
              C     61.318625017452  -31.093999068488    2.782922767315
              C     64.566626264438  -27.743562532142    1.160770833787
              C     57.211481393959  -29.322288746100    3.882096491065
              C     64.976656672867  -23.833128809829    3.866691797783
              C     61.019288616235  -21.930791106339    5.493342758724
              C     58.647938712217  -30.637807744431    1.753190808321
              C     66.308402152745  -25.726573990007    2.244039427673
              C     66.266612499284  -21.748129687248    4.611404343078
              C     62.666247425671  -20.471417748017    7.361033018954
              C     65.258349103075  -19.880602412277    6.303861293314
              O     66.436201046833  -17.991316327689    6.939453926515
              H     64.162366049264  -29.162172399256    4.834933738161
              C     58.577255887406  -28.980148487606   -0.617059148169
              C     62.433159121074  -33.064066986927    1.009084894085
              C     60.239216207716  -34.917335031365    0.742697896479
              C     57.749380012410  -33.364256939936    1.025226579583
              O     56.396617506372  -33.297611602381   -1.263131205208
              H     61.065355402990  -31.986401865113    4.636039304154
              C     56.096439387758  -34.743731852088    3.012663883331
              C     53.706922741333  -33.576220409311    3.468375851652
              N     51.764876758592  -32.727640861076    3.919307541503
              H     57.532442503451  -25.307195865738    3.377231273310
              H     57.955547663622  -26.313689049377    6.495112929046
              H     63.464281991164  -26.940158234003   -0.380477930540
              H     65.699863857626  -29.294217313792    0.419027469764
              H     55.244831555037  -29.007030103930    3.356415211627
              H     57.236856165609  -30.528772426206    5.553342346464
              H     59.250070883103  -22.429612210675    6.418898232067
              H     60.591863125730  -20.706745517003    3.881720725361
              H     67.273823235798  -24.717088077784    0.729123791161
              H     67.762118059128  -26.597800877733    3.433151262342
              H     68.173769725739  -21.443819285838    3.959430446380
              H     62.959858385437  -21.592871487844    9.073761467463
              H     61.737894151849  -18.717876197064    7.926830436837
              H     56.634806071179  -28.779778001811   -1.245452552941
              H     59.631067566769  -29.857076738996   -2.141433802308
              H     59.354030143547  -27.118361113294   -0.251346762551
              H     62.909764168643  -32.235688883244   -0.815102269262
              H     64.115473616645  -33.969413343218    1.776066228359
              H     60.353668413108  -36.319961333692    2.243097283180
              H     60.231855762306  -35.893969537137   -1.068567597214
              H     55.875701700786  -35.058917127032   -1.557897575020
              H     55.717636496315  -36.638135922183    2.264327778390
              H     57.101546657435  -34.943565781289    4.808389382302
              C     59.081700876502  -42.209046914553   -0.788251393126
              S     55.920778370784  -41.935849093116    0.630628709462
              C     56.471337282091  -44.464870753641    2.978804362298
              O     54.145707203851  -43.144534578305   -1.176068118197
              H     59.507915439744  -44.149444542307   -1.277862442246
              H     59.116798087416  -41.006453671244   -2.445893648172
              H     60.398106274578  -41.496933039413    0.606537593050
              H     58.164695629616  -44.032711746647    4.050760750922
              H     54.838485223022  -44.504479554156    4.220535860820
              H     56.668170782286  -46.267438776535    2.022906668047
              C     58.717783459442  -34.474296422638   12.960583877324
              S     58.094088573850  -32.939783408464    9.919953340517
              C     54.642390857539  -33.323658454508   10.094104888294
              O     58.956519578400  -34.746899306679    7.982702745999
              H     58.099483493426  -33.260273410595   14.494528226661
              H     57.686597737734  -36.246737408878   13.009648591325
              H     60.741952392886  -34.790634487209   13.083422107733
              H     53.794997093641  -32.439814435214    8.445509757646
              H     54.217740705470  -35.326820169403   10.120255831336
              H     53.968027520002  -32.398022367678   11.794710502874
              C     73.092769222866  -25.970882614383    1.650108542115
              S     72.214871183784  -26.430982378815    5.003919831249
              C     75.358120795458  -25.555009871296    6.244181532142
              O     71.970635917740  -29.157106182887    5.396208253965
              H     73.358802657390  -23.960319149569    1.374604262219
              H     74.781165793215  -27.030764651499    1.174646796637
              H     71.505876941387  -26.647524424175    0.537592050031
              H     75.820158458645  -23.661878496929    5.604949915831
              H     75.258283442921  -25.597476666960    8.291572249936
              H     76.735005863745  -26.927666803462    5.591375220072
              C     68.721279459675  -14.087382426796    4.047494411012
              S     70.847756096926  -16.778933436390    4.518125315827
              C     73.721474612941  -14.752588736293    4.765241083736
              O     71.091445828094  -17.984701456911    2.009654921534
              H     66.886979567943  -14.858256153277    3.550170782401
              H     68.579370970184  -13.096841190517    5.832889268896
              H     69.418995500178  -12.856695658118    2.561558900312
              H     73.493760216878  -13.483764667663    6.354644909235
              H     75.340307753289  -15.972300419377    5.072227621743
              H     73.970504207057  -13.710313535304    3.018448302647
              C     57.549339673955  -43.350332678896   10.156097499625
              S     55.860698651109  -41.585175412558   12.640305713137
              C     53.044267423529  -43.623208227719   12.747731567101
              O     55.020020737618  -39.224903908550   11.418828489514
              H     59.025723482671  -44.459873078544   11.047916183955
              H     56.240579754315  -44.555639228358    9.138934917584
              H     58.365389132212  -41.953737354837    8.897859786954
              H     53.606385312888  -45.442616653128   13.508816411474
              H     51.668293590089  -42.738745799385   13.985986454521
              H     52.310656892293  -43.786031175800   10.835585234240
              C     67.026221206639  -28.401867802177    9.249505076108
              S     64.282959642764  -30.521334499185    9.666400208939
              C     62.177820731683  -28.002351781688   10.896803343997
              O     64.844331864239  -32.109761078754   11.855827033282
              H     67.734187595625  -27.782393116608   11.068870803275
              H     68.511459638044  -29.427392099352    8.277101458764
              H     66.406861515273  -26.813628567108    8.113756423075
              H     60.587264619208  -28.996050117710   11.715275699072
              H     63.124367571543  -26.858746077276   12.304216831843
              H     61.569577179624  -26.881378355813    9.295688751984
              C     49.237433558053  -43.164295151650   -4.367603794055
              S     50.446110526495  -43.254011970233   -7.617519463636
              C     53.109589702265  -45.410509102082   -6.935342848909
              O     51.608005629115  -40.752160398981   -8.035157119514
              H     50.844894866709  -42.746842668472   -3.158288111403
              H     47.793422522809  -41.713416517591   -4.237960696259
              H     48.440066732939  -45.002127969050   -3.940318899874
              H     52.696651041055  -47.232709548319   -7.775068629636
              H     54.775580596171  -44.600998154400   -7.807898855662
              H     53.362561003220  -45.594354332826   -4.908317797700
              C     67.701133124968  -16.113521566899   -2.327106263152
              S     67.135226279745  -19.242962473069   -0.906842480628
              C     69.684274150127  -20.891760004329   -2.670059141970
              O     64.755106851901  -20.126247964124   -2.045242126131
              H     69.666722490463  -15.638138126376   -2.000253056008
              H     67.254781814981  -16.183942224025   -4.327211121487
              H     66.464330858479  -14.768928126126   -1.394141297479
              H     70.505152511661  -19.673981562800   -4.092154934489
              H     71.082562464174  -21.376717506967   -1.258565125224
              H     68.891300759035  -22.560368710080   -3.548053996318
              C     50.031731215039  -38.338181848810    8.486471717315
              S     52.406860901982  -39.934082049510    6.504534919621
              C     50.604843591384  -39.480693866134    3.558398587518
              O     52.144358974237  -42.668196869258    7.057139972193
              H     49.585455431844  -36.543093206786    7.605935334340
              H     48.366582249747  -39.524046634121    8.647102864783
              H     50.859099167754  -38.020220760304   10.333824733650
              H     48.679828621792  -40.122857285670    3.828406390299
              H     50.656810941154  -37.490461367766    3.082141093162
              H     51.501026679248  -40.575603546028    2.078669848881
              C     55.692804977655  -37.494171298817   -6.920145146880
              S     53.903538121828  -38.965329133372   -4.347526089316
              C     51.302007404036  -36.683440542657   -4.378070542547
              O     55.376894708969  -38.159191494775   -2.060334307644
              H     56.001367139075  -35.530380408990   -6.474641408950
              H     57.480423600976  -38.473795030496   -7.081070513384
              H     54.607868054259  -37.733195888038   -8.639563652279
              H     49.945543150859  -37.244895327005   -2.934736461051
              H     52.050733893508  -34.821072518618   -3.980511507312
              H     50.432476298848  -36.755183143514   -6.233910013955
$End
$Single_Point_Data
   &GeometryIndex 12
   &FinalEnergy [&Type "Double"]      -2.1299126937074001e+02  "Final single point energy"
   &Converged [&Type "Boolean"] true
$End
$Geometry
   &GeometryIndex 13
   &NAtoms [&Type "Integer"] 148
   &NCorelessECP [&Type "Integer"] 0
   &NGhostAtoms [&Type "Integer"] 0
   &CartesianCoordinates [&Type "Coordinates", &Dim(148,4), &Units "Bohr"] 
              C     61.223645740083  -26.540631965398    4.111387546945
              C     62.833891289664  -28.739108779083    3.259594108344
              C     58.412637901582  -26.791529877751    4.492429802762
              C     62.362787144074  -24.277017756917    4.451552511919
              C     61.291022659664  -31.126411994673    2.730356998088
              C     64.575468166960  -27.802193332218    1.142561578442
              C     57.188638026720  -29.335365656750    3.843875850300
              C     64.984029575477  -23.888798626890    3.829865498235
              C     61.024137902880  -21.939452546080    5.379995272554
              C     58.617819800612  -30.649739671369    1.711285240715
              C     66.326564918653  -25.801214455865    2.241365629395
              C     66.273360719024  -21.804628903426    4.581610842599
              C     62.647706630162  -20.491638529245    7.277784665448
              C     65.251689737333  -19.918832913536    6.250515782579
              O     66.430468776638  -18.024395923875    6.869339933040
              H     64.125456318737  -29.220684678904    4.809416349687
              C     58.562998838614  -28.978086645364   -0.651828298443
              C     62.397415204781  -33.072125389302    0.923136867371
              C     60.198364735487  -34.914742896318    0.632912972674
              C     57.713090698692  -33.363837829038    0.973267534252
              O     56.324314139398  -33.265595058965   -1.288211047004
              H     61.052321667620  -32.039702672273    4.574063284491
              C     56.100508501279  -34.767406012803    2.975612454374
              C     53.688858069365  -33.640396037801    3.438646902842
              N     51.726276130171  -32.836864958957    3.893010407358
              H     57.518975597843  -25.322380712101    3.339953850017
              H     57.953126072448  -26.336082557449    6.456623340314
              H     63.497088466712  -26.991920612123   -0.410503210761
              H     65.707581075722  -29.359953727732    0.418387571942
              H     55.220489339286  -29.013369890283    3.322563896230
              H     57.218272606679  -30.545430968210    5.512316286657
              H     59.217764638455  -22.403525037494    6.251034790171
              H     60.661342404964  -20.715762777031    3.751055275150
              H     67.312208974170  -24.822152124132    0.719456111400
              H     67.753278003615  -26.672365580058    3.461263482119
              H     68.191814305977  -21.506840520763    3.960167018026
              H     62.909619490910  -21.620182822108    8.993053701992
              H     61.720746909882  -18.730705958832    7.832906614436
              H     56.618043887116  -28.735094173112   -1.260880865615
              H     59.591627923242  -29.856179203392   -2.191183261511
              H     59.370915306081  -27.133433969997   -0.270748821511
              H     62.874700050810  -32.223335328046   -0.889754787731
              H     64.077971233249  -33.988074750677    1.680226751950
              H     60.320853504041  -36.350725053880    2.099593783805
              H     60.174838647033  -35.845639902607   -1.204153106595
              H     55.814027243065  -35.029291545839   -1.582989098289
              H     55.750136996244  -36.669257076529    2.227372859964
              H     57.120898083831  -34.954578591108    4.762161802957
              C     59.149130700423  -42.091756551185   -0.889824213053
              S     56.020482762268  -41.855468309694    0.608110403438
              C     56.665890608110  -44.348200256580    2.965746711793
              O     54.218422090543  -43.111316033284   -1.139033181459
              H     59.548862721078  -44.023762745034   -1.437657313243
              H     59.130577871160  -40.856779861254   -2.525349420171
              H     60.514428969543  -41.414214191087    0.482826381358
              H     58.334901471133  -43.832382431640    4.043399789902
              H     55.026805785664  -44.458420372591    4.199423311418
              H     56.941502156199  -46.146279839588    2.017911660812
              C     58.722172640187  -34.460618499987   12.932064677676
              S     58.117644584994  -32.955821247046    9.870793806358
              C     54.664096498442  -33.388091572274   10.023428400378
              O     59.010861194387  -34.761362171124    7.950277117616
              H     58.071560352659  -33.232984615369   14.441951868487
              H     57.699152120266  -36.236971080867   12.973340067583
              H     60.749502429958  -34.770311118346   13.075281692968
              H     53.806123907587  -32.550743184340    8.358755116457
              H     54.290148669769  -35.400239513465   10.107517290950
              H     53.964638452480  -32.438598198059   11.702074626910
              C     73.125556078076  -25.973264428235    1.826608035186
              S     72.135181219319  -26.292618177757    5.160137821603
              C     75.221142788953  -25.362039102564    6.477010470716
              O     71.882190444669  -29.008077599103    5.645247208641
              H     73.374335532435  -23.970471244927    1.476147116370
              H     74.848610114466  -27.012857726222    1.458811143306
              H     71.600155088617  -26.727000853866    0.679914313819
              H     75.638530868636  -23.440970682497    5.888289308236
              H     75.081850348036  -25.442958771500    8.520350851347
              H     76.656679772803  -26.674655769271    5.837884683126
              C     68.753360110427  -14.133738469233    3.956425906784
              S     70.844858579507  -16.840110131207    4.506636247264
              C     73.744444884517  -14.843426562679    4.774445287835
              O     71.121939297585  -18.088892043090    2.025359610262
              H     66.924180142799  -14.901197972008    3.440207925172
              H     68.606271053205  -13.094621975729    5.716607402842
              H     69.507689908575  -12.932559264157    2.471921169445
              H     73.521268233701  -13.588959035462    6.378833922011
              H     75.346954329082  -16.088562846165    5.073391473680
              H     74.016235093407  -13.783266190277    3.042630827055
              C     57.585112734501  -43.371850828902   10.200948791891
              S     55.894323506330  -41.587168498538   12.659824597450
              C     53.087518858260  -43.640200965637   12.780062463979
              O     55.040619743936  -39.250419524795   11.404705965707
              H     58.891286478160  -44.652706442959   11.128032176485
              H     56.240087780596  -44.398827324825    9.044549200894
              H     58.605560327977  -42.001641115230    9.073429152510
              H     53.655375029304  -45.457677440114   13.542550781885
              H     51.711072972455  -42.759903864580   14.022184699581
              H     52.359455353297  -43.808178298844   10.866200865700
              C     66.980408261844  -28.457324864160    9.215914344435
              S     64.220262113379  -30.537510561757    9.666730116468
              C     62.137381235130  -27.982089126511   10.859989425012
              O     64.770272340168  -32.107516749304   11.875016219029
              H     67.709089199777  -27.838917712803   11.031664798157
              H     68.453311985756  -29.507499748368    8.247282067507
              H     66.382337923733  -26.856786634223    8.087359562325
              H     60.535470015314  -28.959401477466   11.680435014915
              H     63.089231899040  -26.830871506333   12.257600556033
              H     61.545928128565  -26.871787821127    9.246370210388
              C     49.172588260012  -43.238925223887   -4.161159875965
              S     50.256813413774  -43.253275625752   -7.458274212105
              C     53.069671674197  -45.247621867610   -6.893309858431
              O     51.258013385954  -40.699193862650   -7.936106103903
              H     50.806887300740  -42.778894021367   -2.996694271079
              H     47.675818638954  -41.851108590269   -3.957793509605
              H     48.465477669870  -45.113565458091   -3.729591522959
              H     52.718945742123  -47.101539509293   -7.691893962744
              H     54.641093608362  -44.357636772847   -7.857711794816
              H     53.439693174879  -45.400558575777   -4.881505336553
              C     67.752783378079  -16.214777874446   -2.362054540717
              S     67.111584410554  -19.326959945050   -0.920069970018
              C     69.648981464956  -21.013799516170   -2.665758830580
              O     64.715585186592  -20.181035008260   -2.056278019882
              H     69.705357178173  -15.761706276204   -1.950088546965
              H     67.403859400079  -16.323592964991   -4.381452251731
              H     66.491239387100  -14.841569207288   -1.510013803327
              H     70.438844481996  -19.829716330859   -4.129859193436
              H     71.061243415064  -21.480249899493   -1.265953927428
              H     68.832770641352  -22.697200682727   -3.490847979718
              C     50.081836513786  -38.379510958503    8.468744511322
              S     52.457244209336  -39.986363812700    6.490447147340
              C     50.637686091992  -39.558894666954    3.555442456958
              O     52.198991855008  -42.712100770900    7.078125873076
              H     49.658302187417  -36.566606828655    7.617097734591
              H     48.398558961825  -39.544006235920    8.598528483370
              H     50.891299028051  -38.113172886800   10.333484816578
              H     48.722509031304  -40.222091968526    3.840734102964
              H     50.662680416758  -37.567345965085    3.077945598742
              H     51.531590454382  -40.649420282743    2.071050540750
              C     55.690457010460  -37.199098507003   -6.871011592619
              S     53.940387733451  -38.849279239949   -4.381842527706
              C     51.275699739887  -36.626012447942   -4.284391216417
              O     55.378658714265  -38.100429073319   -2.075185638780
              H     55.888253346866  -35.219771632558   -6.341365834103
              H     57.543763940161  -38.086978322034   -7.081130207248
              H     54.632917162914  -37.423005687023   -8.601319444973
              H     49.967703913513  -37.263268324630   -2.836959167700
              H     52.006653382603  -34.750395946841   -3.837101177024
              H     50.345382166545  -36.641225900829   -6.099252646167
$End
$Single_Point_Data
   &GeometryIndex 13
   &FinalEnergy [&Type "Double"]      -2.1299337451325999e+02  "Final single point energy"
   &Converged [&Type "Boolean"] true
$End
$Geometry
   &GeometryIndex 14
   &NAtoms [&Type "Integer"] 148
   &NCorelessECP [&Type "Integer"] 0
   &NGhostAtoms [&Type "Integer"] 0
   &CartesianCoordinates [&Type "Coordinates", &Dim(148,4), &Units "Bohr"] 
              C     61.266126105500  -26.566053683722    4.042338022780
              C     62.892991106183  -28.767817950918    3.232277926615
              C     58.453484129581  -26.818221213825    4.404552710529
              C     62.397277546289  -24.295861104289    4.379361468648
              C     61.356742395272  -31.157785947077    2.680453989660
              C     64.676287503504  -27.843229991668    1.142447766604
              C     57.240529930788  -29.370551686343    3.756304594157
              C     65.034076845127  -23.917603843508    3.811446105762
              C     61.039781320528  -21.945844811257    5.246184504886
              C     58.685974800133  -30.681471211669    1.635983048119
              C     66.414833339874  -25.843505622085    2.265913748339
              C     66.303424194893  -21.827870271183    4.580410475556
              C     62.610161019657  -20.492886058171    7.182002623719
              C     65.236262094951  -19.929910856977    6.209609389229
              O     66.384507584942  -18.015274537014    6.817734606689
              H     64.150368222371  -29.248154712390    4.812524430462
              C     58.651097667046  -29.009520486244   -0.726682668678
              C     62.476190829550  -33.094644795287    0.869880544219
              C     60.280103478822  -34.939763893175    0.539926926721
              C     57.789771097662  -33.399507285566    0.889800206335
              O     56.389762524108  -33.312485756292   -1.366831737854
              H     61.098183224478  -32.080153155274    4.517187167050
              C     56.189242733572  -34.807518335502    2.905619663703
              C     53.744492465958  -33.730994734638    3.345273943745
              N     51.746732212332  -32.970271122546    3.768044661283
              H     57.566962176259  -25.356109931048    3.239239459112
              H     57.972889410507  -26.361402286136    6.364212502382
              H     63.625177876669  -27.037681594210   -0.430126080416
              H     65.820452967888  -29.405068454101    0.445480935145
              H     55.275190511090  -29.050115070221    3.226817518585
              H     57.271023947665  -30.573131868347    5.429461954386
              H     59.201130798375  -22.389628822372    6.058530006459
              H     60.733442739962  -20.733463754240    3.597265856422
              H     67.427575996228  -24.868681910098    0.755455406644
              H     67.819377287974  -26.711114192422    3.513214398133
              H     68.235700770119  -21.524323487530    4.002546010482
              H     62.832707485446  -21.624846148350    8.901278720415
              H     61.679042308630  -18.729991242075    7.713382953803
              H     56.707762184927  -28.767630523866   -1.344117054195
              H     59.696271264925  -29.873839804399   -2.263231967465
              H     59.444683523628  -27.161737698707   -0.325565823198
              H     62.966938294420  -32.234892215044   -0.930929866416
              H     64.150147931771  -34.008764284601    1.643941094655
              H     60.392265991311  -36.401401782053    1.983946727993
              H     60.273114899496  -35.839502204637   -1.316831363875
              H     55.870022863786  -35.082869454876   -1.653492037678
              H     55.872332493154  -36.723820484566    2.170175791147
              H     57.204546229222  -34.963972379203    4.697289710190
              C     59.104470451828  -42.173386589235   -1.077322597802
              S     56.062592297832  -41.902618696747    0.568180408327
              C     56.790308681039  -44.369496810980    2.924739010239
              O     54.195299395391  -43.148948800455   -1.115805476375
              H     59.427813567594  -44.117639209237   -1.636916730066
              H     59.010801020974  -40.952030401409   -2.710589408023
              H     60.553253164428  -41.517564857292    0.199460129605
              H     58.459243354036  -43.807224024810    3.965817279195
              H     55.181932926400  -44.493298123980    4.192687529769
              H     57.072519892128  -46.167892531522    1.986643564918
              C     58.731929921207  -34.424683039639   12.896439814956
              S     58.145659859851  -32.953381264428    9.818582119896
              C     54.691042000436  -33.424492265503    9.948280052821
              O     59.080932220549  -34.751942106413    7.910197016662
              H     58.049390419648  -33.182132114395   14.378223446528
              H     57.721695611308  -36.207387882736   12.935787037428
              H     60.757736732047  -34.717111049080   13.071472502450
              H     53.825258085139  -32.632188721224    8.266990916373
              H     54.351641238349  -35.441385958824   10.072816110226
              H     53.974811296613  -32.457015563099   11.607948107267
              C     73.237815828507  -25.876223409738    2.037630774491
              S     72.143925777392  -26.098693984650    5.343997497226
              C     75.161173463796  -25.068139335809    6.739110483042
              O     71.930635019798  -28.810887827434    5.889468791766
              H     73.453599703922  -23.879499599595    1.628534285102
              H     75.003977366312  -26.877871943927    1.776936886361
              H     71.782350125230  -26.707116636700    0.853680311813
              H     75.527891616523  -23.144365933719    6.143065189991
              H     74.963543600557  -25.121409562029    8.777380313190
              H     76.658140213579  -26.330902238886    6.167908970289
              C     68.718193042417  -14.139576543168    3.901585498332
              S     70.810340141843  -16.823992901231    4.552232836014
              C     73.690208646040  -14.816427032504    4.850275897685
              O     71.144794951601  -18.108286537564    2.097165960002
              H     66.909425259623  -14.921756973868    3.359513267327
              H     68.528090438460  -13.062555135165    5.630687398166
              H     69.508730992878  -12.966090061295    2.414915306425
              H     73.427551821284  -13.553768609925    6.436868288502
              H     75.285061346324  -16.052009031039    5.195583003659
              H     74.001708939367  -13.767560400988    3.119540759000
              C     57.576821314285  -43.384562363680   10.170999922158
              S     55.925724928156  -41.580662131082   12.636454008266
              C     53.128650239456  -43.635924268251   12.794512024358
              O     55.060134890719  -39.256692633782   11.364248147815
              H     58.710746248411  -44.826137986334   11.087317096620
              H     56.204272660163  -44.206871494335    8.884973356255
              H     58.782523951533  -42.062446643164    9.175518018426
              H     53.702048330888  -45.446377829218   13.567086215703
              H     51.755513803610  -42.751411743834   14.035083401302
              H     52.396786864509  -43.824039800660   10.884842584435
              C     66.936642226797  -28.452161180945    9.252366168739
              S     64.173687641890  -30.520944272859    9.697265897413
              C     62.085462324989  -27.940039245946   10.823021288977
              O     64.702035326523  -32.069957824610   11.928184449673
              H     67.644563642949  -27.824067914344   11.072073163753
              H     68.414142136891  -29.513435458625    8.303537787053
              H     66.362326533801  -26.851308171247    8.111458401883
              H     60.470460873971  -28.899639596511   11.635788917911
              H     63.029771743826  -26.775924027258   12.215470806662
              H     61.521043766703  -26.845844344492    9.188864538736
              C     49.056237165877  -43.183586355226   -3.961444047214
              S     50.018448356531  -43.140777904023   -7.296568921166
              C     52.856482498120  -45.113934439941   -6.838314310043
              O     50.991365293293  -40.567068601237   -7.756870887312
              H     50.724579740653  -42.753441126732   -2.838932597547
              H     47.577745247029  -41.790856025612   -3.685755678962
              H     48.351805004750  -45.061101419288   -3.541679555558
              H     52.480499972764  -46.976253576236   -7.612832346745
              H     54.384761585606  -44.225629056898   -7.872144828638
              H     53.315676379082  -45.253707465827   -4.844250696513
              C     67.804151599050  -16.292821086831   -2.370312274369
              S     67.133189830011  -19.393035315900   -0.906057683217
              C     69.706993007894  -21.069252152460   -2.609189823877
              O     64.769216025173  -20.257346173213   -2.079314723061
              H     69.732589601510  -15.823374145860   -1.878936905995
              H     67.550482598662  -16.437058901786   -4.398586685413
              H     66.497284269825  -14.917731964074   -1.598968717270
              H     70.473815755594  -19.905404937333   -4.102519281471
              H     71.135017085482  -21.483292293561   -1.206144538323
              H     68.914606893110  -22.795051964588   -3.395641180454
              C     50.127169457978  -38.417219830152    8.420352832596
              S     52.517088190519  -40.036329377091    6.467117106850
              C     50.706041561036  -39.645249709763    3.524319005244
              O     52.257769656379  -42.753690781172    7.086560046009
              H     49.727786185633  -36.592756489911    7.580562897397
              H     48.433278325861  -39.568643063451    8.517092868555
              H     50.915775637179  -38.179774824601   10.297767277767
              H     48.792172700312  -40.316010198277    3.815560046502
              H     50.724213841389  -37.661858311515    3.025013334363
              H     51.602969427715  -40.746993520079    2.053005603926
              C     55.352129340180  -37.217428812693   -6.928832153037
              S     53.741651645934  -38.852980262761   -4.323940223310
              C     51.137252324390  -36.595575569406   -4.025471431329
              O     55.376202923811  -38.161923301878   -2.109708097546
              H     55.640617439907  -35.254117027029   -6.392634836094
              H     57.160387906163  -38.137886243959   -7.267695621791
              H     54.162155797377  -37.382092875258   -8.584138290178
              H     49.951272800839  -37.201603895021   -2.452468849194
              H     51.944031937308  -34.747413198846   -3.643815963001
              H     50.049138272747  -36.602876312851   -5.766820084179
$End
$Single_Point_Data
   &GeometryIndex 14
   &FinalEnergy [&Type "Double"]      -2.1299628915692000e+02  "Final single point energy"
   &Converged [&Type "Boolean"] true
$End
$Geometry
   &GeometryIndex 15
   &NAtoms [&Type "Integer"] 148
   &NCorelessECP [&Type "Integer"] 0
   &NGhostAtoms [&Type "Integer"] 0
   &CartesianCoordinates [&Type "Coordinates", &Dim(148,4), &Units "Bohr"] 
              C     61.317672434027  -26.606282525260    3.971999569506
              C     62.950547786239  -28.816710845837    3.205075659417
              C     58.501717523252  -26.846955652070    4.318767290000
              C     62.449223355172  -24.334119388694    4.304974149069
              C     61.415335572691  -31.204623343648    2.633070541620
              C     64.763008400651  -27.911484309315    1.129740318079
              C     57.293965356763  -29.403947880857    3.668784899842
              C     65.097359862752  -23.973463304124    3.776929257996
              C     61.089505082502  -21.965174221900    5.109897279703
              C     58.752520106877  -30.718015925240    1.559919024347
              C     66.494318712123  -25.908884049813    2.257607490842
              C     66.363130715192  -21.890391533194    4.570138240977
              C     62.617241626777  -20.521849682601    7.086312701442
              C     65.273918699870  -19.983145236375    6.173671973708
              O     66.420453925344  -18.076012364577    6.816703997397
              H     64.174430294116  -29.298804387891    4.811262728496
              C     58.747415508017  -29.059688523717   -0.811145180046
              C     62.535601251677  -33.146773123565    0.824505727575
              C     60.332214758385  -34.984976233370    0.470267904283
              C     57.847648241312  -33.437100474270    0.816553325430
              O     56.432373813481  -33.371038074116   -1.434492771987
              H     61.125935380655  -32.136961612334    4.459274711432
              C     56.243982721797  -34.815920647445    2.852146551807
              C     53.807198214202  -33.739793480537    3.279325891780
              N     51.811575385111  -32.981292656162    3.676694579005
              H     57.628427254899  -25.389368319027    3.142431435384
              H     58.004099827407  -26.386852806321    6.274814357951
              H     63.723090616719  -27.114448413329   -0.456399620281
              H     65.906836901001  -29.480404476039    0.453093784320
              H     55.330161911492  -29.077400660236    3.133216890214
              H     57.320329624711  -30.594886705111    5.349194877768
              H     59.221166048821  -22.379461885997    5.868341353465
              H     60.844073355185  -20.764523855333    3.443857333857
              H     67.508493209101  -24.916401130041    0.763959729591
              H     67.902168576823  -26.777084389798    3.499332479045
              H     68.308827282061  -21.597661005189    4.032992681313
              H     62.794507449030  -21.665418614900    8.807008185252
              H     61.696645442058  -18.748151970067    7.597906413910
              H     56.803762365977  -28.787054838482   -1.425177058347
              H     59.768587550137  -29.955817069920   -2.344269557749
              H     59.575652306341  -27.228384502722   -0.427707957540
              H     63.035391946649  -32.282112251162   -0.972992433934
              H     64.200038972486  -34.066977728529    1.611528506416
              H     60.426597450333  -36.464584706558    1.896671194723
              H     60.338910070613  -35.864782561711   -1.390658045523
              H     55.906311219536  -35.146278976980   -1.712208746461
              H     55.925518689091  -36.736911758944    2.133832049039
              H     57.259887419965  -34.953882700056    4.647320147659
              C     59.059664323940  -42.221906693308   -1.122516192659
              S     56.032693036221  -41.969768643445    0.562573781766
              C     56.801237611454  -44.414940478950    2.923755274845
              O     54.169284113318  -43.235423335993   -1.109623361765
              H     59.352306530915  -44.166137778592   -1.707774573619
              H     58.945780817461  -40.991770681820   -2.761243240526
              H     60.553011840013  -41.589062780270    0.140795302717
              H     58.437520955696  -43.782298948029    3.985732622634
              H     55.179828663118  -44.576459391792    4.172386691508
              H     57.140797015962  -46.207445726020    1.994382543068
              C     58.745010631204  -34.389044326550   12.853724446129
              S     58.168762247841  -32.947745650718    9.766537827598
              C     54.717118127478  -33.438683599394    9.882018838922
              O     59.127651726675  -34.743406811529    7.862353620186
              H     58.047741476159  -33.131618589649   14.313709894274
              H     57.735795170735  -36.173783105592   12.901772287851
              H     60.764575947106  -34.668166845827   13.057924163277
              H     53.853644392845  -32.704130809527    8.175545569122
              H     54.395356654278  -35.455875497506   10.047847238057
              H     53.992900661388  -32.440305009112   11.515514494667
              C     73.334133229919  -25.683054989497    2.114611952003
              S     72.171790134568  -25.835909908710    5.399488393940
              C     75.104680249173  -24.624661137286    6.831877989216
              O     72.074207028442  -28.544330073618    6.007932219715
              H     73.473474141653  -23.694496982479    1.638207120914
              H     75.148331374956  -26.613469249148    1.943099248683
              H     71.953421791508  -26.618512896839    0.919832565834
              H     75.349597836097  -22.678109719041    6.227660476463
              H     74.882908094656  -24.687024292493    8.870162261475
              H     76.702421699668  -25.784552187434    6.276876972913
              C     68.836399650392  -14.161847423664    3.994388847269
              S     70.878578659863  -16.892052511233    4.621034024795
              C     73.799413784837  -14.944995539286    4.927608257841
              O     71.169248013661  -18.172901535346    2.157139188869
              H     67.015365031080  -14.898814109028    3.420278675975
              H     68.648899349154  -13.104858730654    5.741850973439
              H     69.660319216684  -12.992836315254    2.529166523502
              H     73.576324667214  -13.700953837339    6.541818309898
              H     75.374217402573  -16.221298228069    5.238147936938
              H     74.119177652455  -13.867709417512    3.217270057865
              C     57.501322204494  -43.420559944684   10.188586263285
              S     55.885419075101  -41.561525688334   12.627414051849
              C     53.093990090557  -43.612985479343   12.807350863413
              O     55.023425396266  -39.244417961933   11.333175164449
              H     58.413282343363  -45.018738843507   11.090070894838
              H     56.126443611103  -44.004748157697    8.788584718291
              H     58.908137404490  -42.200086637722    9.323906863317
              H     53.667421858698  -45.422316122922   13.576088350711
              H     51.719722760234  -42.730857415093   14.046226311733
              H     52.354703682300  -43.810813865637   10.902810177943
              C     66.907960568377  -28.475122790537    9.276476691895
              S     64.127329697296  -30.522102046057    9.720537755550
              C     62.049934469723  -27.908840000098   10.783651375755
              O     64.633032327742  -32.051223747125   11.974876727259
              H     67.603823130282  -27.839266960896   11.095536442696
              H     68.378476378163  -29.551115593881    8.329105903661
              H     66.360719629416  -26.875539170125    8.118745304202
              H     60.417201760351  -28.836710593831   11.593017972484
              H     62.999282341803  -26.739132675352   12.169606485801
              H     61.515058752507  -26.830256950120    9.129473041043
              C     49.012047142946  -43.269160042129   -3.904475963582
              S     49.959649523581  -43.119138863402   -7.233959438823
              C     52.846460513699  -45.022600528908   -6.822052242849
              O     50.855087179128  -40.495718992017   -7.642438468688
              H     50.675036777229  -42.829458405714   -2.780523636342
              H     47.514686169560  -41.908147236849   -3.572069145008
              H     48.341649629068  -45.174635756158   -3.529496860496
              H     52.499695474303  -46.896622538034   -7.580029291810
              H     54.340696731035  -44.105417138159   -7.880038165790
              H     53.336692609797  -45.137967152706   -4.838220707430
              C     67.783390105979  -16.236690444608   -2.264772183007
              S     67.042678497696  -19.337139916771   -0.817565818280
              C     69.544167504670  -21.054022900433   -2.590127973198
              O     64.629702941792  -20.128987935973   -1.964641633828
              H     69.713883714341  -15.806032250612   -1.760052202704
              H     67.535608161008  -16.374328525801   -4.296358808171
              H     66.510065199945  -14.826773132495   -1.492528922473
              H     70.272299138983  -19.913826755854   -4.122723327742
              H     71.014369419616  -21.450397150235   -1.230202327460
              H     68.725508156707  -22.784851256565   -3.317424907163
              C     50.122111343853  -38.395073127098    8.387287403254
              S     52.512682954979  -40.031731432766    6.454123553020
              C     50.712810844340  -39.656414686809    3.499178286749
              O     52.243066936356  -42.744403373199    7.089045753856
              H     49.775290714314  -36.551234151584    7.564994342280
              H     48.409020221652  -39.519971702219    8.436029633299
              H     50.891189374784  -38.197459300684   10.276439177408
              H     48.792990080563  -40.317280948580    3.791823417919
              H     50.743238455948  -37.674396022999    2.988160606324
              H     51.610330145227  -40.774972852800    2.035737689652
              C     55.044983245433  -37.295680457069   -6.933184893372
              S     53.562525014347  -38.906760647431   -4.248745078980
              C     51.013067802584  -36.633698676232   -3.792312131574
              O     55.353409856937  -38.249924564752   -2.124545814922
              H     55.437601265976  -35.360852047815   -6.396024137470
              H     56.791213466102  -38.266017507534   -7.362183298861
              H     53.750269077994  -37.395285586786   -8.516026748454
              H     49.883158603902  -37.267846873402   -2.207026775606
              H     51.847338171455  -34.811723129485   -3.357004867832
              H     49.882336669686  -36.579814565010   -5.483401033112
$End
$Single_Point_Data
   &GeometryIndex 15
   &FinalEnergy [&Type "Double"]      -2.1299887636083000e+02  "Final single point energy"
   &Converged [&Type "Boolean"] true
$End
$Geometry
   &GeometryIndex 16
   &NAtoms [&Type "Integer"] 148
   &NCorelessECP [&Type "Integer"] 0
   &NGhostAtoms [&Type "Integer"] 0
   &CartesianCoordinates [&Type "Coordinates", &Dim(148,4), &Units "Bohr"] 
              C     61.371043618623  -26.671345718824    3.894201121863
              C     63.026955332807  -28.887830023270    3.194223078232
              C     58.552612396650  -26.917499860071    4.197067145343
              C     62.487905026899  -24.390345911121    4.215237025631
              C     61.512556236750  -31.285778976098    2.602960442940
              C     64.880869760426  -28.004106982778    1.147616463401
              C     57.370987482370  -29.488575649018    3.553224184989
              C     65.146636441492  -24.032457318604    3.747747526457
              C     61.107216018703  -22.005913484760    4.937064939666
              C     58.872007341532  -30.808941831750    1.481953583491
              C     66.583406015509  -25.978243408793    2.280528692219
              C     66.389794999820  -21.942869428100    4.552866325206
              C     62.572144961559  -20.544535328137    6.945173415449
              C     65.258962144131  -20.019115991286    6.101565139411
              O     66.394280883774  -18.111762317752    6.768548618709
              H     64.208900463355  -29.348077039042    4.836043541102
              C     58.904601123259  -29.176729240466   -0.905979185381
              C     62.669725943891  -33.232944008809    0.827735889946
              C     60.476238516990  -35.072018685079    0.434033357071
              C     57.985761718921  -33.530715970172    0.749749475918
              O     56.589814872979  -33.478726144246   -1.509498465753
              H     61.186512092060  -32.214366315018    4.423481884850
              C     56.365945703511  -34.882308033011    2.788683771194
              C     53.936039776853  -33.800199980631    3.178017074340
              N     51.943341932137  -33.037214187898    3.539016128610
              H     57.693585060795  -25.476929352517    2.991044577468
              H     58.019159742616  -26.442358296981    6.141004259267
              H     63.863497331106  -27.230190193219   -0.469306524183
              H     66.039099084173  -29.583466271670    0.508493024726
              H     55.417143856979  -29.181842633665    2.987810771976
              H     57.380026455606  -30.658351176163    5.247820157762
              H     59.211456521445  -22.399588445203    5.634497408005
              H     60.928384496584  -20.829069693800    3.245314289001
              H     67.611045457585  -24.982195385327    0.800901955692
              H     67.988083862854  -26.829611951338    3.537359279200
              H     68.348348118761  -21.654894557051    4.067540625467
              H     62.695558615527  -21.666971587019    8.676846968994
              H     61.642852865651  -18.769458021522    7.409331627604
              H     56.974103058556  -28.911997388670   -1.553625849545
              H     59.942895957237  -30.097302973006   -2.409363592739
              H     59.738864256284  -27.342483637902   -0.537591521411
              H     63.204417788874  -32.369554967435   -0.960736288822
              H     64.317406088717  -34.153303540079    1.651211847642
              H     60.551825370413  -36.559276140359    1.850932753770
              H     60.511993620548  -35.942499115304   -1.426803177349
              H     56.068051954118  -35.250450172456   -1.790256659514
              H     56.049659754249  -36.811241243367    2.097938129479
              H     57.365605308682  -34.984492810354    4.596084009319
              C     58.987850371860  -42.436291536788   -1.324450152692
              S     56.072592301583  -42.041539865048    0.493685186003
              C     56.868227414716  -44.475260016579    2.863008109346
              O     54.098255046085  -43.254957472003   -1.088392158859
              H     59.143445888227  -44.390951498875   -1.909171602170
              H     58.840958965530  -41.205675768254   -2.954124911157
              H     60.571335718961  -41.883606593443   -0.162622205876
              H     58.510119924992  -43.829833169842    3.892572914993
              H     55.273137226526  -44.618625604158    4.141820141565
              H     57.195362841338  -46.278467283393    1.953485514515
              C     58.757429840626  -34.357359471308   12.817968111840
              S     58.191838376393  -32.948354933620    9.714776044519
              C     54.749421044462  -33.485256917711    9.810663478538
              O     59.195567245058  -34.743465544442    7.828332173367
              H     58.023877516114  -33.088790094763   14.248617363880
              H     57.770121465641  -36.154871678468   12.874960082444
              H     60.773326564172  -34.600805742759   13.062259210702
              H     53.887445752863  -32.802634641823    8.080563788252
              H     54.453189790208  -35.503445585750   10.009814817419
              H     54.003770307089  -32.463044390452   11.419230763851
              C     73.425101031933  -25.458819420378    2.290793554217
              S     72.137753953308  -25.512277741948    5.537561857599
              C     74.947190645162  -24.078188016007    7.026906280819
              O     72.149460069698  -28.186008946835    6.274136041682
              H     73.490317381080  -23.490037344277    1.725968877114
              H     75.293209587340  -26.311641255366    2.241418525780
              H     72.145543689850  -26.518052854681    1.083370176227
              H     75.091411555589  -22.140854825458    6.362496052787
              H     74.648359357111  -24.077411199713    9.056096918533
              H     76.634398067687  -25.151568169938    6.575849429847
              C     68.892550025922  -14.186923216443    4.018406012807
              S     70.893048906060  -16.944836516145    4.666236180180
              C     73.838675997183  -15.035579222945    4.984695868816
              O     71.176915074853  -18.244432103261    2.209304359866
              H     67.067399392027  -14.895332936234    3.414843564197
              H     68.689867429498  -13.132621471077    5.764946429611
              H     69.751323984794  -13.031990370952    2.563449733312
              H     73.625555338630  -13.788839757978    6.598439885790
              H     75.395692835632  -16.333477684842    5.304290199181
              H     74.182773463749  -13.959292395536    3.278188818811
              C     57.470975788632  -43.457451884247   10.129316650922
              S     55.902468844935  -41.579864818245   12.584521805346
              C     53.114976993912  -43.628071911416   12.823027411080
              O     55.027126838428  -39.269009267399   11.282887356997
              H     58.179234761430  -45.180462801638   10.979516361656
              H     56.126653948775  -43.824513860500    8.621643964038
              H     59.034729819484  -42.335526011003    9.414878748030
              H     53.697270889610  -45.430818380859   13.609441871316
              H     51.750499666766  -42.731673523551   14.062100981632
              H     52.354811769785  -43.848770332455   10.926178712070
              C     66.851197365867  -28.441139864769    9.341529062426
              S     64.065835294944  -30.491254428911    9.769485337706
              C     61.971948384427  -27.858802049010   10.748123140300
              O     64.538502155555  -31.971575229220   12.061323279426
              H     67.510082903499  -27.780287131877   11.162208433856
              H     68.339366468517  -29.511614918972    8.431104075468
              H     66.325776067868  -26.855863858074    8.152014857589
              H     60.319328587259  -28.760857886407   11.546476027796
              H     62.902730097599  -26.671122761003   12.130941781159
              H     61.472300574826  -26.808071655068    9.064070808212
              C     48.786187088636  -43.116187397801   -3.617964867722
              S     49.563961323535  -42.962644293619   -6.997570007266
              C     52.470936151923  -44.862031752085   -6.731938459867
              O     50.413798297371  -40.331738088152   -7.440208027417
              H     50.502498119594  -42.717846754334   -2.564701268774
              H     47.325556472745  -41.732525695080   -3.206213423747
              H     48.102887368724  -45.004237300694   -3.222131302218
              H     52.076224795141  -46.743939979379   -7.447254055927
              H     53.902786350127  -43.966532075865   -7.893633612884
              H     53.076694297945  -44.953344221768   -4.772590471150
              C     67.761666700933  -16.247369176676   -2.217378226140
              S     66.979747696807  -19.340120844608   -0.775251196283
              C     69.444466431710  -21.095866566140   -2.559451376461
              O     64.550624610850  -20.101864468921   -1.913842285408
              H     69.691134765552  -15.832396033467   -1.691953445330
              H     67.535624295823  -16.388623123917   -4.250294144126
              H     66.495791285980  -14.820100856900   -1.462116168966
              H     70.137391117875  -19.998664079034   -4.138972853432
              H     70.945177833421  -21.445604525234   -1.219434947810
              H     68.618433780244  -22.847890001627   -3.219133743821
              C     50.143734300058  -38.427698062635    8.333294426822
              S     52.539683526055  -40.071431421608    6.420992968116
              C     50.763860103328  -39.702468802903    3.447251311992
              O     52.267925034531  -42.781544374677    7.071058696627
              H     49.836674298789  -36.568260294180    7.530318761072
              H     48.417501031145  -39.533514024745    8.337786209587
              H     50.892035220242  -38.266262095358   10.233222566367
              H     48.838607717841  -40.348733295331    3.727355190037
              H     50.815801187195  -37.723451326313    2.924166311589
              H     51.666571911207  -40.835744027725    1.998885552702
              C     54.905754748221  -37.257691832059   -6.954801285909
              S     53.527523066910  -38.886457403041   -4.230555591509
              C     51.065665282045  -36.570567680116   -3.600540045988
              O     55.443277665120  -38.325657191707   -2.179920242830
              H     55.406109395024  -35.367566580632   -6.392277239590
              H     56.580417451169  -38.274006448012   -7.494299991774
              H     53.520237632663  -37.259623521152   -8.463592831777
              H     50.065109133001  -37.200098626440   -1.915872978292
              H     51.960103575145  -34.769981550465   -3.229468703950
              H     49.804922382907  -36.492830795824   -5.224017043635
$End
$Single_Point_Data
   &GeometryIndex 16
   &FinalEnergy [&Type "Double"]      -2.1300103210637999e+02  "Final single point energy"
   &Converged [&Type "Boolean"] true
$End
$Geometry
   &GeometryIndex 17
   &NAtoms [&Type "Integer"] 148
   &NCorelessECP [&Type "Integer"] 0
   &NGhostAtoms [&Type "Integer"] 0
   &CartesianCoordinates [&Type "Coordinates", &Dim(148,4), &Units "Bohr"] 
              C     61.400794883408  -26.702044623123    3.834574524439
              C     63.051943080386  -28.933664932422    3.174670863443
              C     58.577294669701  -26.933770819932    4.114632693450
              C     62.529153242679  -24.426322494346    4.144677711091
              C     61.535238210601  -31.325217910435    2.567968075942
              C     64.939038105365  -28.079547103739    1.146839436947
              C     57.395962944653  -29.508898500545    3.485393470453
              C     65.199666857416  -24.094211161637    3.717196472680
              C     61.164737353188  -22.018559970361    4.816662424061
              C     58.906454536306  -30.841666190464    1.428757718148
              C     66.643224081637  -26.055676276086    2.278947032917
              C     66.447462474418  -22.012422881393    4.532411320062
              C     62.605738438826  -20.568226697025    6.851708260865
              C     65.310083732350  -20.072376492462    6.052072953494
              O     66.453773973199  -18.176957038719    6.734005129588
              H     64.203670110426  -29.386853781124    4.838961330806
              C     58.945378353594  -29.218749029944   -0.963084023090
              C     62.700543084813  -33.280254181275    0.803842423755
              C     60.500999929229  -35.103532507982    0.377724294541
              C     58.014864993726  -33.558342347735    0.705495229783
              O     56.606670996751  -33.499600130821   -1.542748350903
              H     61.189310180224  -32.258329488100    4.382457148604
              C     56.407055685021  -34.908668104904    2.753477533006
              C     53.962011035576  -33.847444183648    3.130648972934
              N     51.955722024979  -33.105399768271    3.472772641369
              H     57.732345105157  -25.501407141913    2.889613650522
              H     58.029867231999  -26.445375023111    6.050542571418
              H     63.942917998808  -27.309939820755   -0.485874646969
              H     66.086596021825  -29.673722352986    0.527255495691
              H     55.442327073902  -29.209803323201    2.910480654197
              H     57.399084466255  -30.662958145879    5.191817310320
              H     59.245876399224  -22.376789992423    5.468547137749
              H     61.052433633248  -20.853857863929    3.110527688133
              H     67.686397541762  -25.059909445388    0.806909555102
              H     68.043254315666  -26.912372899664    3.537388361372
              H     68.414887215405  -21.742655785207    4.072818659383
              H     62.684347287130  -21.683581349308    8.588941668032
              H     61.685396209747  -18.780178816397    7.291877206233
              H     57.020561464515  -28.971033978850   -1.629577116383
              H     60.002545278833  -30.143486672027   -2.456312733306
              H     59.766069936895  -27.373212514491   -0.600700457228
              H     63.267288308466  -32.415727624969   -0.975713994350
              H     64.329356944423  -34.219591629220    1.642067320807
              H     60.567689181496  -36.616006434664    1.770907546654
              H     60.544313823310  -35.950949504310   -1.494475005111
              H     56.096282610146  -35.266662712533   -1.829617856090
              H     56.105507405101  -36.847221907513    2.084137888839
              H     57.409004069068  -34.974330370368    4.560339983775
              C     58.946804867715  -42.486561150210   -1.380937932472
              S     56.042364973175  -42.062558686220    0.456507527075
              C     56.851456221662  -44.506938272819    2.818069563540
              O     54.058171888945  -43.281660756995   -1.095204331612
              H     59.049640164333  -44.434474289602   -2.000611099760
              H     58.801849478507  -41.231552973169   -2.997597415008
              H     60.567492183849  -41.989320403264   -0.231932950298
              H     58.475185750885  -43.843981509807    3.867671391854
              H     55.237954654597  -44.683346661571    4.074987834680
              H     57.220600165975  -46.303462426226    1.908773652535
              C     58.798125868891  -34.327951765800   12.791267718684
              S     58.214602559318  -32.930021998633    9.685960810986
              C     54.785577671699  -33.512208698976    9.790251451298
              O     59.238200805518  -34.712635524927    7.797036324659
              H     58.041217187280  -33.050596595456   14.203722823081
              H     57.835468976663  -36.140264015257   12.862011107132
              H     60.815476971034  -34.535155301765   13.054512644523
              H     53.918259138725  -32.867268668341    8.049628691856
              H     54.509996449275  -35.531355003689   10.012198606471
              H     54.030275826244  -32.474403362105   11.384642053147
              C     73.473403977489  -25.292733726952    2.396162948810
              S     72.065186305337  -25.260538882108    5.596800469543
              C     74.749753204768  -23.631449623959    7.114745899641
              O     72.154794398704  -27.889344520790    6.472130837807
              H     73.484943536455  -23.349119797657    1.746137993139
              H     75.373872147568  -26.070509013211    2.463482353061
              H     72.290519631997  -26.455417021401    1.184110163018
              H     74.834156929046  -21.734863088285    6.352053163314
              H     74.362453196213  -23.536589197447    9.125395617266
              H     76.492388047196  -24.644766009588    6.793720996479
              C     69.012456435860  -14.255822012116    4.053124516316
              S     70.965787458149  -17.044914530114    4.708437194712
              C     73.937014980098  -15.179315028306    5.016750868625
              O     71.227151370541  -18.353768078720    2.252739002717
              H     67.179437084917  -14.930144980605    3.440014112292
              H     68.811778097027  -13.204495546817    5.796764205043
              H     69.894464678599  -13.118336532255    2.597371663426
              H     73.736801376693  -13.917861921889    6.615800986639
              H     75.473586044210  -16.493215112631    5.357714386724
              H     74.305983039097  -14.123721335354    3.302421811540
              C     57.483800774055  -43.475900164636   10.084346292165
              S     55.939520261435  -41.599795469800   12.546817964347
              C     53.164167328198  -43.668384911253   12.812542331175
              O     55.037471106352  -39.290584728953   11.253002328214
              H     58.054197043051  -45.269310944199   10.887727132154
              H     56.163182215990  -43.707039913415    8.546328730464
              H     59.127120440802  -42.429346511621    9.445347138272
              H     53.757196537748  -45.472039182710   13.582937518468
              H     51.806086582914  -42.780832159181   14.065818674070
              H     52.373249437047  -43.892734548832   10.932812466566
              C     66.802464273271  -28.431353221934    9.365341992828
              S     64.001519268317  -30.468775567614    9.791631303320
              C     61.918163137791  -27.812348249177   10.717027585895
              O     64.454734637066  -31.907262637180   12.114070293948
              H     67.439630469433  -27.754564510389   11.188743294321
              H     68.303888901595  -29.506839572754    8.478024817786
              H     66.301711919155  -26.853171914380    8.154760818271
              H     60.242584402800  -28.675594379522   11.519072451231
              H     62.852125239130  -26.620320152768   12.094487736020
              H     61.448212686328  -26.776713375117    9.014508759796
              C     48.718900276493  -43.131682165303   -3.553348051207
              S     49.485258714290  -42.990294910916   -6.924704410263
              C     52.410111728033  -44.847046525320   -6.670131428068
              O     50.306711870994  -40.349182110033   -7.375598954021
              H     50.436341733406  -42.719061214669   -2.515053044061
              H     47.263856481027  -41.757325965513   -3.143472697204
              H     48.045600144584  -45.015810945202   -3.146044053089
              H     52.017577646467  -46.752803372159   -7.313862763187
              H     53.812523897981  -43.976993445509   -7.885363324601
              H     53.040965774162  -44.866465196114   -4.720099122458
              C     67.734865345151  -16.283459672149   -2.151097740687
              S     66.936713210539  -19.371011605382   -0.724599231313
              C     69.362149267030  -21.149342977176   -2.533207233160
              O     64.498615066427  -20.102728294935   -1.849647738308
              H     69.669282938130  -15.882101091556   -1.626564042576
              H     67.507873008050  -16.412259086659   -4.182026815237
              H     66.478880169362  -14.853158766573   -1.388683886190
              H     69.997349089959  -20.092375825592   -4.164155294743
              H     70.912020417410  -21.438816905293   -1.229451285249
              H     68.535190648035  -22.931936527983   -3.117650841722
              C     50.140530606768  -38.451724803281    8.340902685396
              S     52.530666424546  -40.079824332179    6.419155083909
              C     50.743485640043  -39.714832518478    3.448341611803
              O     52.279292180977  -42.791929533760    7.055544257116
              H     49.860891528498  -36.576746313910    7.573152235174
              H     48.407367503218  -39.544394129557    8.309959017738
              H     50.883575330154  -38.334184560821   10.245297636721
              H     48.817510610694  -40.357072683080    3.728895811013
              H     50.800367670504  -37.736923838281    2.923833606311
              H     51.646557197115  -40.852919713128    2.001443739237
              C     54.775260070795  -37.112012678158   -6.916214746327
              S     53.473121590865  -38.832967890681   -4.222400683795
              C     51.038252751649  -36.528855937391   -3.453779274653
              O     55.428487358230  -38.326253327456   -2.204887475973
              H     55.241221346286  -35.205009783433   -6.320992299936
              H     56.484085225402  -38.093494060764   -7.492871228314
              H     53.377275750830  -37.128248222692   -8.405235980961
              H     50.080453658749  -37.204969942048   -1.769538325719
              H     51.940011437764  -34.738018175277   -3.048267595652
              H     49.744043273363  -36.414136699000   -5.035882078408
$End
$Single_Point_Data
   &GeometryIndex 17
   &FinalEnergy [&Type "Double"]      -2.1300329305163001e+02  "Final single point energy"
   &Converged [&Type "Boolean"] true
$End
$Geometry
   &GeometryIndex 18
   &NAtoms [&Type "Integer"] 148
   &NCorelessECP [&Type "Integer"] 0
   &NGhostAtoms [&Type "Integer"] 0
   &CartesianCoordinates [&Type "Coordinates", &Dim(148,4), &Units "Bohr"] 
              C     61.446298358938  -26.731214990207    3.760162995257
              C     63.097068215062  -28.977951269769    3.147230471013
              C     58.617607870326  -26.949515866173    3.994751844949
              C     62.580834950426  -24.459589634616    4.062691876677
              C     61.584308270242  -31.370799898176    2.530028892994
              C     65.018479465171  -28.148442660827    1.138477599193
              C     57.439771071394  -29.525994590156    3.372570074986
              C     65.259407137119  -24.144873602319    3.681984752558
              C     61.227592068278  -22.032581870325    4.687670193988
              C     58.977451788855  -30.887837089968    1.351354978391
              C     66.711613635527  -26.115439964640    2.266755050773
              C     66.505265049898  -22.065364124457    4.508362493623
              C     62.637644671897  -20.590140828267    6.753218760916
              C     65.362539693685  -20.119329526377    6.014321402076
              O     66.519480304965  -18.246527449808    6.738054045096
              H     64.218763434981  -29.415257130472    4.836574979150
              C     59.055621314911  -29.284116069433   -1.054406440499
              C     62.771285492471  -33.342414273857    0.796531740357
              C     60.570561412621  -35.157349146152    0.332348378611
              C     58.082232964251  -33.611719846889    0.643069404603
              O     56.681595771001  -33.573959348599   -1.610983830018
              H     61.211955508037  -32.299485834216    4.343170892927
              C     56.478867404512  -34.960213058793    2.696577398978
              C     54.016908857770  -33.914557277044    3.049987737431
              N     51.997353750976  -33.187166781656    3.368373311617
              H     57.795707153391  -25.526322636958    2.742456094664
              H     58.046378461403  -26.440362623729    5.917104101184
              H     64.045893052928  -27.394525644074   -0.514687940659
              H     66.165654598446  -29.751977230266    0.548192838166
              H     55.493600209676  -29.232511289723    2.761697550270
              H     57.408806048278  -30.662640806738    5.091476610989
              H     59.289477105957  -22.362777725799    5.293336356983
              H     61.181887386453  -20.878627837341    2.971510035316
              H     67.764569255488  -25.121575486771    0.801009004691
              H     68.110818784881  -26.971372540949    3.528794191242
              H     68.476661491505  -21.808653515275    4.070949462262
              H     62.662655390353  -21.700006247538    8.499823706767
              H     61.720652075224  -18.789388671885    7.164414229627
              H     57.140903157572  -29.018540212497   -1.746562430963
              H     60.113174346835  -30.244584912875   -2.528606432791
              H     59.901231001832  -27.446541331079   -0.711158183810
              H     63.384388945379  -32.489780086558   -0.973850425251
              H     64.376934707188  -34.294402060153    1.664094609231
              H     60.620094667164  -36.686334557190    1.710859637137
              H     60.633742858713  -35.991217612335   -1.548579736017
              H     56.175887338098  -35.342464744697   -1.891297165368
              H     56.192827831253  -36.910679066988    2.052192508163
              H     57.472576201006  -34.982808677286    4.509254165414
              C     58.908377065537  -42.641049549914   -1.439217437384
              S     56.033134552604  -42.151736916716    0.434274435321
              C     56.838585686870  -44.601679520986    2.800738257061
              O     54.002420925049  -43.351200782182   -1.068307250392
              H     58.953390847601  -44.586502677513   -2.079304411679
              H     58.771109375036  -41.368990643379   -3.042845269838
              H     60.559800315473  -42.197547349415   -0.310476248152
              H     58.482100566246  -43.971371221078    3.824976665412
              H     55.246319889445  -44.748295494089    4.074543167552
              H     57.177094478313  -46.407257550478    1.906412869711
              C     58.822855986100  -34.277296688129   12.749337733771
              S     58.235167619013  -32.894848153083    9.635657437039
              C     54.816310302586  -33.513015417205    9.729241973789
              O     59.281513632569  -34.674764793498    7.757454307162
              H     58.041029523671  -32.993286302475   14.145039301189
              H     57.888155239679  -36.099922236709   12.838312291876
              H     60.843655063264  -34.447319925696   13.032986802607
              H     53.960137656690  -32.902568304303    7.970158996543
              H     54.551048197015  -35.530940041205    9.974943376088
              H     54.037236837653  -32.455105767170   11.300075277562
              C     73.514631909235  -25.075077619815    2.467717014084
              S     72.003927028334  -25.026603176133    5.618922117659
              C     74.553093679689  -23.209792994148    7.148050608033
              O     72.192290906213  -27.615690268561    6.592614968144
              H     73.464101342580  -23.153559631516    1.759377115302
              H     75.435662393140  -25.763990169504    2.619332183336
              H     72.429180102033  -26.326900071021    1.255871982575
              H     74.542671138976  -21.330370612838    6.326965056285
              H     74.117344698400  -23.102712999607    9.150724501387
              H     76.365496266899  -24.134815806988    6.872771035689
              C     69.163535484861  -14.302567808479    4.190146941489
              S     71.056616672961  -17.139774086506    4.800282614506
              C     74.069524409582  -15.332443765426    5.094936432806
              O     71.272381363637  -18.437207577798    2.332028697947
              H     67.315298388710  -14.925738326678    3.566072777607
              H     68.979774637147  -13.283046682787    5.954869011987
              H     70.062788831199  -13.162143500529    2.745458072826
              H     73.903878247059  -14.068944182189    6.696293592153
              H     75.587515612866  -16.670506020009    5.425367525157
              H     74.445954014920  -14.283395302322    3.376993692533
              C     57.486322932554  -43.463417960412   10.033415457354
              S     55.951454389647  -41.586129365265   12.504576485801
              C     53.172424522043  -43.651531205209   12.810985998325
              O     55.029940417582  -39.283560286510   11.210746685603
              H     57.972692483103  -45.293425481562   10.810001544838
              H     56.184662382897  -43.632198397799    8.463151768622
              H     59.177585769567  -42.461127884913    9.452583485691
              H     53.766102185561  -45.446915070085   13.605224382613
              H     51.824168041338  -42.741509395424   14.056555474434
              H     52.356506283358  -43.896948025669   10.942669971112
              C     66.762731962508  -28.396344137799    9.388079895656
              S     63.948265240253  -30.422267444456    9.801458902524
              C     61.864001284347  -27.747990166609   10.668466274517
              O     64.369047543975  -31.818965534308   12.154531124167
              H     67.373177537966  -27.701511977651   11.215235851998
              H     68.283785369381  -29.481497569652    8.536772647293
              H     66.284342989899  -26.831901090535    8.151939903568
              H     60.165922048746  -28.569774453296   11.468039199166
              H     62.791790472148  -26.545745994858   12.041499899122
              H     61.426310074031  -26.733520144891    8.946873646474
              C     48.568239568825  -43.149018005194   -3.384083657463
              S     49.297794224556  -42.902745770503   -6.766279792767
              C     52.228405523798  -44.763851065731   -6.608140541262
              O     50.125819672068  -40.252994655141   -7.140290384893
              H     50.301244340858  -42.737262679575   -2.369336744222
              H     47.093713189802  -41.807227150586   -2.903192527691
              H     47.934484742642  -45.060851702075   -3.013009396867
              H     51.811149968479  -46.672443203213   -7.233247916829
              H     53.591895450183  -43.899893914893   -7.868738597964
              H     52.910668326183  -44.767772552138   -4.674049312620
              C     67.679038327576  -16.237692169317   -2.005739986161
              S     66.863197066448  -19.322943043226   -0.601655368140
              C     69.217259755134  -21.122501277176   -2.471109036871
              O     64.388329174550  -20.006662038952   -1.676864824647
              H     69.632548289252  -15.868519065141   -1.521218471950
              H     67.403332935201  -16.328524869969   -4.034024884112
              H     66.462770127819  -14.800627902656   -1.194822279955
              H     69.778086063525  -20.096708310400   -4.150395830763
              H     70.819424492531  -21.366144673401   -1.220958507528
              H     68.383063951609  -22.921526582094   -2.983512567412
              C     50.133095001173  -38.461735695169    8.300155929057
              S     52.525283739662  -40.095595792047    6.392443824866
              C     50.742054782977  -39.747622463472    3.418391504179
              O     52.281609986401  -42.807703619387    7.039863328677
              H     49.886568425696  -36.576872830395    7.538461509938
              H     48.388133384612  -39.535060860461    8.243935479983
              H     50.858151250820  -38.362771740501   10.214681807749
              H     48.813479154020  -40.382353735847    3.692639389338
              H     50.808057365144  -37.772987348894    2.887407781260
              H     51.651086835096  -40.893368974446    1.984644947184
              C     54.671638360588  -37.109226858436   -6.895240094376
              S     53.442300291367  -38.883234772809   -4.208233237636
              C     51.021021755206  -36.579339356855   -3.342628175790
              O     55.445231806256  -38.411011300536   -2.240027530862
              H     55.151688842967  -35.202982711539   -6.285871966943
              H     56.371555749496  -38.089058211669   -7.531653172488
              H     53.240756321911  -37.116231767406   -8.348297346106
              H     50.066606530509  -37.296067994243   -1.691062760952
              H     51.928697670643  -34.792484386010   -2.893685351136
              H     49.721209693886  -36.413623585095   -4.902316338038
$End
$Single_Point_Data
   &GeometryIndex 18
   &FinalEnergy [&Type "Double"]      -2.1300484842302001e+02  "Final single point energy"
   &Converged [&Type "Boolean"] true
$End
$Geometry
   &GeometryIndex 19
   &NAtoms [&Type "Integer"] 148
   &NCorelessECP [&Type "Integer"] 0
   &NGhostAtoms [&Type "Integer"] 0
   &CartesianCoordinates [&Type "Coordinates", &Dim(148,4), &Units "Bohr"] 
              C     61.466655182160  -26.742687411027    3.704594949616
              C     63.111973977830  -29.006082580661    3.130256591672
              C     58.633795726579  -26.941326119832    3.894431126796
              C     62.612887972622  -24.478704273966    4.003070504069
              C     61.599805246291  -31.397584368723    2.511378261684
              C     65.059447665862  -28.202748528864    1.133521105952
              C     57.451672510146  -29.514682729369    3.281537565360
              C     65.297501756337  -24.183120035288    3.657482470136
              C     61.272627378609  -22.034592990419    4.589459614421
              C     59.012115454835  -30.912047863372    1.298350361305
              C     66.749106144195  -26.168815157999    2.258608344918
              C     66.540799065675  -22.099127995887    4.476609171100
              C     62.662773044021  -20.588500293164    6.666952606721
              C     65.400548393595  -20.146925145486    5.976140986202
              O     66.575240756272  -18.297059645465    6.728478489591
              H     64.211448498585  -29.424432410552    4.840284022970
              C     59.130235627173  -29.333153750437   -1.123772787672
              C     62.803905205452  -33.382438150194    0.803288406515
              C     60.601681002886  -35.188317301106    0.312361831785
              C     58.112954991738  -33.638780431634    0.609584808591
              O     56.723492285746  -33.613951970895   -1.650635185437
              H     61.211159208058  -32.320141550409    4.325419178306
              C     56.514621664810  -34.982424002837    2.667205564812
              C     54.044925856350  -33.936116800160    3.011322104781
              N     52.023219965984  -33.209746844981    3.322597644825
              H     57.838568417567  -25.524507116374    2.615061480743
              H     58.041711313381  -26.407597332606    5.801455081047
              H     64.108786007449  -27.463828710712   -0.535700983603
              H     66.204754041643  -29.814929758911    0.571640549438
              H     55.515489384436  -29.221858601373    2.631155605411
              H     57.380869421686  -30.635624325413    5.010230447428
              H     59.322237503152  -22.342231571102    5.165221073286
              H     61.275532393204  -20.894328791606    2.863509815163
              H     67.815144084339  -25.192709514252    0.791364459256
              H     68.137292942441  -27.033069945661    3.531678411718
              H     68.507367500551  -21.847458891408    4.035232300943
              H     62.641390622843  -21.680581891428    8.425229218373
              H     61.749621596344  -18.775612979559    7.044938426625
              H     57.226055986976  -29.057087182650   -1.845089358651
              H     60.197173371046  -30.321655726442   -2.574336011841
              H     59.987246141442  -27.500202022643   -0.794137217393
              H     63.455106149429  -32.546328716512   -0.961069208355
              H     64.390272894690  -34.342278392232    1.695735506404
              H     60.638591597240  -36.728090377975    1.681873068956
              H     60.679003189172  -36.014634006320   -1.577904535261
              H     56.232583982151  -35.386937604826   -1.925041830075
              H     56.236004100096  -36.939194719485    2.042826100969
              H     57.503192530511  -34.974658111183    4.481624484346
              C     58.941382751999  -42.651823249973   -1.458372410154
              S     56.051945911627  -42.154216719912    0.415629054711
              C     56.852569569568  -44.622197086953    2.772310133789
              O     54.011239340425  -43.354869239593   -1.063345008525
              H     58.982043745693  -44.595572973853   -2.119150785666
              H     58.820272519618  -41.369369560340   -3.054668537184
              H     60.592048546011  -42.223678396722   -0.316108056411
              H     58.492787077362  -43.996052795931    3.835269468865
              H     55.231030510890  -44.806529997968    4.011730009700
              H     57.229978265228  -46.416352665317    1.862441522452
              C     58.837706586974  -34.229648075156   12.730637014392
              S     58.240899291902  -32.857272676029    9.611082095423
              C     54.827556388881  -33.503991105667    9.693257100732
              O     59.301362144902  -34.629121729955    7.737898603209
              H     58.033119677293  -32.942651156664   14.114702018041
              H     57.937412281665  -36.063837329349   12.838823982721
              H     60.866205776821  -34.358911497532   13.023311379297
              H     53.983454257363  -32.905993349388    7.921512089894
              H     54.564620505258  -35.520944778966    9.950055635773
              H     54.024641231841  -32.437160128591   11.248495686597
              C     73.539184407699  -24.954676774048    2.507440945344
              S     71.989302082644  -24.958714307106    5.630215917339
              C     74.461573894406  -23.055709844117    7.160440767072
              O     72.250471746952  -27.539500138222    6.625797753753
              H     73.454806024153  -23.041274473616    1.781044751296
              H     75.467497027818  -25.587610527961    2.694273440851
              H     72.511748918804  -26.242986712164    1.288746656693
              H     74.442585831186  -21.214706202757    6.266018548438
              H     73.973208307816  -22.897787128422    9.145588800756
              H     76.287060581044  -23.967668526762    6.957983009860
              C     69.292651167368  -14.350556093727    4.299837903564
              S     71.130897148211  -17.229073353773    4.861845592818
              C     74.184795796757  -15.479805599283    5.115034760072
              O     71.297020288293  -18.518348546015    2.384640305866
              H     67.427357314545  -14.927874972482    3.682759495831
              H     69.138408814690  -13.361544225409    6.083898591442
              H     70.197863113585  -13.203690424250    2.859283101044
              H     74.060684045330  -14.199889692700    6.707965443760
              H     75.687582932480  -16.835679012082    5.437365461685
              H     74.557516695263  -14.454075571328    3.381657668451
              C     57.522221134904  -43.436132446155   10.008234819824
              S     55.963039789681  -41.574106928105   12.475529420152
              C     53.192622581316  -43.659991005474   12.774045099638
              O     55.020271060501  -39.279328858334   11.186151581455
              H     58.031551736371  -45.261173188487   10.787004735381
              H     56.195992650283  -43.640625883396    8.468032440917
              H     59.187831653037  -42.414016271825    9.389800297697
              H     53.791356029844  -45.447311699467   13.575898633345
              H     51.838668403740  -42.748724438169   14.017464893075
              H     52.366763710626  -43.916189655528   10.910218016821
              C     66.710911236744  -28.340204867804    9.417428718640
              S     63.893297177510  -30.361770228555    9.816053018576
              C     61.803311671810  -27.676324934765   10.634482864865
              O     64.285942992716  -31.726388693455   12.191981233457
              H     67.287465418648  -27.625477024988   11.250630725002
              H     68.253164000264  -29.434193882942    8.616038768336
              H     66.250647453780  -26.793639064323    8.155086398866
              H     60.087358371365  -28.460362402931   11.433049027088
              H     62.724231141423  -26.462212932003   12.001663277907
              H     61.390935278545  -26.678362715182    8.898431853476
              C     48.509341690094  -43.153007189239   -3.343944399392
              S     49.232444614910  -42.970593001361   -6.723801570689
              C     52.199829968983  -44.786892887856   -6.557395835556
              O     49.996745396741  -40.320630381842   -7.173867303118
              H     50.246146613923  -42.709126818118   -2.340279494558
              H     47.027349493420  -41.809893264849   -2.917024927015
              H     47.880789779151  -45.056933545020   -2.926260191754
              H     51.796475083927  -46.715681390572   -7.107675423812
              H     53.527511929760  -43.949805045548   -7.870752522211
              H     52.904113591385  -44.721049021123   -4.632149538609
              C     67.607593019888  -16.198718199400   -1.889207151658
              S     66.780612161026  -19.274769939473   -0.476892632213
              C     69.061603215143  -21.100244397596   -2.397131445928
              O     64.266033391672  -19.917816736780   -1.480221489273
              H     69.586373610398  -15.862387581028   -1.470478116290
              H     67.260393185736  -16.254411260528   -3.909214467434
              H     66.439721099019  -14.752036933505   -1.027753498553
              H     69.542257296514  -20.110808411641   -4.122603637683
              H     70.717574581211  -21.308939047925   -1.208682782598
              H     68.217690418828  -22.911298532017   -2.837543036942
              C     50.116897452299  -38.487646416924    8.278629225600
              S     52.525960962704  -40.096736016443    6.367585714444
              C     50.734264087928  -39.751501591362    3.403309551948
              O     52.310605388880  -42.816247764832    6.995141685824
              H     49.876030517902  -36.598824063583    7.523609503349
              H     48.370973940314  -39.559243681234    8.209446909188
              H     50.827108093374  -38.395790760767   10.199815526651
              H     48.808213102462  -40.391726723493    3.673326840847
              H     50.794541815462  -37.774011224211    2.880699542350
              H     51.650445548673  -40.891942624504    1.970877633930
              C     54.533833883640  -37.110188382373   -6.863646693339
              S     53.390547828395  -38.886969507304   -4.136686789738
              C     50.991657701903  -36.592059960252   -3.167785822227
              O     55.470182888996  -38.428220745954   -2.251987977046
              H     55.112438218155  -35.243757297860   -6.262901854968
              H     56.148960361937  -38.138650430211   -7.607134779812
              H     53.030245339229  -37.044968366546   -8.242956933780
              H     50.092498384081  -37.322509425173   -1.477019299290
              H     51.899730085461  -34.794996053994   -2.763023263315
              H     49.633665980969  -36.443590785669   -4.689172111079
$End
$Single_Point_Data
   &GeometryIndex 19
   &FinalEnergy [&Type "Double"]      -2.1300606470990999e+02  "Final single point energy"
   &Converged [&Type "Boolean"] true
$End
$Geometry
   &GeometryIndex 20
   &NAtoms [&Type "Integer"] 148
   &NCorelessECP [&Type "Integer"] 0
   &NGhostAtoms [&Type "Integer"] 0
   &CartesianCoordinates [&Type "Coordinates", &Dim(148,4), &Units "Bohr"] 
              C     61.488137395132  -26.751284404138    3.641073150376
              C     63.142755008314  -29.019457193043    3.108667673058
              C     58.653026390634  -26.949705373327    3.793532385241
              C     62.630195490699  -24.484057871470    3.936563573664
              C     61.640317936446  -31.418560011436    2.493166282813
              C     65.117609071658  -28.231262417446    1.130351828135
              C     57.480410234314  -29.531132885900    3.201297692453
              C     65.319988677854  -24.184343749084    3.625460396197
              C     61.274232895328  -22.036323162138    4.475246615858
              C     59.062644728309  -30.948031206187    1.250702005307
              C     66.791083090502  -26.189620730081    2.266157374988
              C     66.540335508054  -22.078946360521    4.426524255124
              C     62.628074487928  -20.561153584970    6.553742188351
              C     65.374858711425  -20.124469856584    5.905734228814
              O     66.538293387670  -18.271803672658    6.668493224655
              H     64.222421800736  -29.411712591308    4.838899611005
              C     59.202242870437  -29.396015999128   -1.185820342395
              C     62.865104908225  -33.405305686686    0.801832231133
              C     60.671734254252  -35.219462216483    0.295397027189
              C     58.171478798080  -33.680779695278    0.576187292465
              O     56.783275279089  -33.664111793883   -1.690468272041
              H     61.243468564561  -32.330921826157    4.310194975911
              C     56.573652626103  -35.008334523497    2.645568877223
              C     54.109657624266  -33.948149225515    2.980287740712
              N     52.096309179247  -33.209178514759    3.292155701289
              H     57.875014998699  -25.550297343971    2.484010731534
              H     58.037347772988  -26.385716656704    5.684805241291
              H     64.191905081145  -27.512617205639   -0.560970652747
              H     66.277124471473  -29.846862817920    0.605084573630
              H     55.552701419668  -29.254528106186    2.524599033884
              H     57.392957684966  -30.636572148929    4.938976425684
              H     59.317127122268  -22.344286275777    5.026962945225
              H     61.302752541779  -20.914453140441    2.737176362644
              H     67.891943718174  -25.245882684461    0.802522841830
              H     68.143798456772  -27.053154099021    3.579039220118
              H     68.507455891360  -21.813719644665    3.991413247228
              H     62.575077633438  -21.626298102746    8.323224259925
              H     61.702744982842  -18.751600773168    6.892479640489
              H     57.307718043984  -29.144473222887   -1.936477017633
              H     60.304839596760  -30.381829161731   -2.608610500931
              H     60.030589285148  -27.549556651488   -0.855954304835
              H     63.531766274408  -32.578514012126   -0.961167323078
              H     64.446763657858  -34.355247832449    1.713997455629
              H     60.706884273648  -36.755558230932    1.664615952707
              H     60.763699993918  -36.047350592809   -1.594076696699
              H     56.289391162947  -35.440958444224   -1.970749873119
              H     56.293419227226  -36.969596103742    2.044102850592
              H     57.554909922214  -34.983509282534    4.463090744932
              C     58.898086309083  -42.764469230384   -1.543532813260
              S     56.056853089876  -42.225791304708    0.384424181945
              C     56.853689513023  -44.707612278484    2.723505269658
              O     53.960736090178  -43.384268646851   -1.055571536505
              H     58.893146422524  -44.694048586310   -2.233109228268
              H     58.798306935668  -41.448105440940   -3.110003925221
              H     60.555642214631  -42.386027369828   -0.402914243380
              H     58.520100158913  -44.112512705639    3.769269683819
              H     55.243509166654  -44.879902814625    3.987906164926
              H     57.198542196737  -46.502577390938    1.793698234206
              C     58.861515420526  -34.183495734980   12.715690201279
              S     58.258343053543  -32.832714795971    9.587623921295
              C     54.846584645959  -33.507211882275    9.663972613842
              O     59.335872144493  -34.602173132172    7.724413970522
              H     58.034648330174  -32.904578798333   14.094758934578
              H     57.993678031653  -36.032807774177   12.836340657871
              H     60.893798238123  -34.276075851764   13.012192697974
              H     54.004122005098  -32.917564727623    7.886780098915
              H     54.593813947042  -35.524377291271    9.932822082192
              H     54.023865232289  -32.440588805430   11.208983144510
              C     73.588717438284  -24.928449137281    2.635258604979
              S     72.007556938486  -25.022816958011    5.736373444589
              C     74.462460788082  -23.140974513511    7.317273043720
              O     72.283655110701  -27.631425867408    6.673864018440
              H     73.501829313778  -23.006258608117    1.927502345994
              H     75.526309268093  -25.546714687546    2.840585128927
              H     72.586226084234  -26.208520561519    1.384851349993
              H     74.504270235578  -21.330236726291    6.390622319429
              H     73.912527163954  -22.931415074993    9.277049370764
              H     76.257762600413  -24.093076179702    7.201506857269
              C     69.278025941678  -14.310285685635    4.329466140841
              S     71.107066667135  -17.186232013094    4.916433822140
              C     74.160366400640  -15.438847137528    5.158994806406
              O     71.292076903357  -18.496809785668    2.451688252577
              H     67.416559715191  -14.885295004880    3.705478066121
              H     69.111885946862  -13.325768854495    6.112964344757
              H     70.188208383674  -13.156690293643    2.896076693016
              H     74.029981455196  -14.136890639870    6.731212532326
              H     75.665286138572  -16.784769205166    5.505257745487
              H     74.538088954824  -14.441835593017    3.410081151517
              C     57.585860474610  -43.396985267144    9.962748519471
              S     56.023915963314  -41.560622266031   12.449664257843
              C     53.271335440545  -43.664583716556   12.756469971778
              O     55.055116437364  -39.274562159384   11.172431857091
              H     58.141973921841  -45.210090984334   10.740621944861
              H     56.244521282983  -43.638435833267    8.426211125533
              H     59.221849533408  -42.339907569054    9.332715802645
              H     53.888137085012  -45.440527528529   13.565908743654
              H     51.918641899064  -42.753459989179   14.004771716589
              H     52.440226146175  -43.932063020107   10.896927628355
              C     66.669167211648  -28.246423239965    9.442275528533
              S     63.864743908077  -30.279349232479    9.822881671414
              C     61.754116521515  -27.593672846407   10.593928938276
              O     64.234946232038  -31.627790382597   12.212249799562
              H     67.213580481235  -27.510540874114   11.276751710766
              H     68.226951337583  -29.342631073596    8.689429457097
              H     66.216903797935  -26.720803617228    8.153872730354
              H     60.032416695609  -28.367623850209   11.388201224793
              H     62.657691173836  -26.357049995494   11.953102775746
              H     61.356800001089  -26.615001831342    8.841352162501
              C     48.399981405713  -43.088143813830   -3.227589613700
              S     49.075102942430  -42.859762425830   -6.627321518270
              C     52.002039266787  -44.747495186452   -6.516923504649
              O     49.909497420915  -40.228016269690   -7.045880398178
              H     50.152199198471  -42.666317649303   -2.242732641085
              H     46.923420798838  -41.744336226138   -2.753873621370
              H     47.774394960046  -44.999661362980   -2.824319033259
              H     51.537524026952  -46.671139803209   -7.049046823166
              H     53.317780102612  -43.947061352301   -7.864023225009
              H     52.749992504410  -44.684148271631   -4.606869341146
              C     67.570871819915  -16.189786991853   -1.867165066525
              S     66.752788028596  -19.242336369450   -0.396667909854
              C     69.025218111602  -21.081570003709   -2.306658172685
              O     64.228533726682  -19.892098271529   -1.354795875080
              H     69.558653339552  -15.859367653418   -1.486540696358
              H     67.190725460466  -16.255832426201   -3.877920026114
              H     66.415304722915  -14.729735766193   -1.008098121611
              H     69.463200212568  -20.124469162398   -4.060623631821
              H     70.707769539831  -21.257841077151   -1.145483579473
              H     68.191512284994  -22.910944109259   -2.701606114564
              C     50.143249697905  -38.526969645341    8.298257206893
              S     52.566660470898  -40.109946143253    6.375953799274
              C     50.761296360653  -39.764239003521    3.423193871099
              O     52.380687692254  -42.834708851395    6.989594738225
              H     49.890431792391  -36.642990516401    7.542467283163
              H     48.402123955548  -39.604173736484    8.235064875435
              H     50.850777549361  -38.427261917468   10.216587282592
              H     48.835968083810  -40.405553626000    3.699801777851
              H     50.816679327161  -37.782992987625    2.904626262987
              H     51.674958993941  -40.903566706915    1.985774430696
              C     54.432379655855  -37.136665860240   -6.894430069289
              S     53.339749850195  -38.900611704666   -4.128945134615
              C     50.995130144675  -36.570660215700   -3.112101573903
              O     55.481035447465  -38.474463517090   -2.303992200833
              H     55.025437041790  -35.264350598315   -6.318917370244
              H     56.025789895559  -38.171597291522   -7.676712910149
              H     52.896014226459  -37.079664562497   -8.242743271949
              H     50.073422005314  -37.286984197695   -1.427537079783
              H     51.939317926785  -34.800089415034   -2.702739645277
              H     49.640595226510  -36.374839670468   -4.624566444830
$End
$Single_Point_Data
   &GeometryIndex 20
   &FinalEnergy [&Type "Double"]      -2.1300722116207999e+02  "Final single point energy"
   &Converged [&Type "Boolean"] true
$End
$Geometry
   &GeometryIndex 21
   &NAtoms [&Type "Integer"] 148
   &NCorelessECP [&Type "Integer"] 0
   &NGhostAtoms [&Type "Integer"] 0
   &CartesianCoordinates [&Type "Coordinates", &Dim(148,4), &Units "Bohr"] 
              C     61.543926456156  -26.793856583774    3.561250649546
              C     63.199413718195  -29.072734037882    3.078776481584
              C     58.706698917216  -26.978090989953    3.674701650574
              C     62.689740563472  -24.528235170057    3.858989859812
              C     61.697907561037  -31.472206798444    2.462564400850
              C     65.209458419797  -28.308621214616    1.128903277645
              C     57.534563472850  -29.562753307983    3.103695650419
              C     65.384171163481  -24.239414972610    3.591795673919
              C     61.329873494258  -22.071607330754    4.339448813949
              C     59.134299437706  -30.999843480900    1.185407345158
              C     66.871701795197  -26.258287662798    2.276514476803
              C     66.588498908628  -22.121084744577    4.384498693653
              C     62.638434145924  -20.574206780840    6.428000272819
              C     65.400865017840  -20.157905388751    5.838906395361
              O     66.553191452170  -18.302952241482    6.617924422936
              H     64.252490951736  -29.442880583605    4.828336460767
              C     59.322994663313  -29.465733765244   -1.260828796857
              C     62.935406205281  -33.465302914518    0.787535859645
              C     60.743170215992  -35.276203977864    0.257253523748
              C     58.241707458343  -33.736524979312    0.520445930406
              O     56.855691206428  -33.729846161032   -1.749090001880
              H     61.283744208719  -32.374057285263    4.280327936325
              C     56.639057451279  -35.041221332655    2.603300295508
              C     54.171810260336  -33.984155412153    2.921553924386
              N     52.152904133893  -33.244837829907    3.224575493581
              H     57.955159410149  -25.595629921956    2.333788834186
              H     58.066052691545  -26.379444458996    5.548968422787
              H     64.312404655248  -27.613616826464   -0.589973897140
              H     66.382069327028  -29.931374655356    0.649151027256
              H     55.616117484495  -29.290625410020    2.404665689990
              H     57.432360566243  -30.649898930694    4.851181814542
              H     59.360297124509  -22.368486605205    4.851522990382
              H     61.399258462229  -20.970268917450    2.589803759698
              H     68.002104932898  -25.336636975227    0.820512243600
              H     68.201360973812  -27.118309588500    3.613733516093
              H     68.572514359357  -21.869769331878    4.004540093356
              H     62.543407621693  -21.621607711270    8.208903815750
              H     61.712936335766  -18.758690738520    6.726398042062
              H     57.439972127845  -29.204105821574   -2.036296215968
              H     60.439535289377  -30.460906335338   -2.661074017159
              H     60.154649136755  -27.619566625308   -0.924368411773
              H     63.622815574068  -32.647229747795   -0.970617841884
              H     64.504775502370  -34.410738613646    1.726693413761
              H     60.762801641164  -36.813461172456    1.622016958460
              H     60.849037340017  -36.098025583667   -1.630493804686
              H     56.362495913768  -35.511637271735   -2.036277421870
              H     56.363699650504  -37.010318692018    2.028969422718
              H     57.613017609211  -34.998361209682    4.425221173505
              C     58.827516818828  -42.904881293626   -1.610336657165
              S     56.041885081055  -42.292910643048    0.356227794134
              C     56.808864380927  -44.777702864923    2.691085111261
              O     53.890382190056  -43.401454719148   -1.043242216751
              H     58.760961318620  -44.828698112852   -2.305387803246
              H     58.760970029029  -41.571798555111   -3.162033459039
              H     60.494746446229  -42.582322958486   -0.474574408538
              H     58.498310209518  -44.228567067514    3.711028451082
              H     55.219323749977  -44.904688661505    3.983881895658
              H     57.084444199666  -46.578306878112    1.752566576451
              C     58.900053220687  -34.142820136040   12.694957340831
              S     58.296668811385  -32.817106184903    9.559612809251
              C     54.882070381830  -33.503575439849    9.632631859880
              O     59.382682962119  -34.584777644498    7.699161924910
              H     58.054030490535  -32.869523836632   14.063805917666
              H     58.059176442300  -36.006308510068   12.825787923588
              H     60.931233511931  -34.202782064591   12.994014555520
              H     54.041199534728  -32.922730038772    7.853411787999
              H     54.633085477682  -35.518205946958    9.919670108862
              H     54.050812205203  -32.433752962887   11.168496245579
              C     73.627309832348  -24.801544493625    2.766249879360
              S     71.993650155490  -24.963707241322    5.844366743586
              C     74.326492361354  -22.957128561546    7.488129932809
              O     72.385295843425  -27.561260909328    6.764881458158
              H     73.481014888766  -22.883878415388    2.061119792583
              H     75.595402849074  -25.354862555888    3.000673488014
              H     72.695435303638  -26.117281538813    1.491750741612
              H     74.308474301227  -21.140380408521    6.547427953868
              H     73.716947532125  -22.753678746844    9.432625169655
              H     76.173700479712  -23.839925680101    7.425344280452
              C     69.332654106913  -14.302554865867    4.414156491888
              S     71.129593907260  -17.203909487729    4.963939639784
              C     74.217747511187  -15.502860996065    5.170971350298
              O     71.266577157950  -18.523110677631    2.502170700473
              H     67.459534038882  -14.851853250975    3.788863403608
              H     69.186906903629  -13.343157361816    6.218634136524
              H     70.249108251610  -13.131987277963    3.003045348634
              H     74.125402407266  -14.182107493545    6.736119274753
              H     75.709839572956  -16.872191281932    5.507883780084
              H     74.587763268535  -14.524404349255    3.410197172335
              C     57.608465735942  -43.356181122301    9.906472603334
              S     56.062019290719  -41.536531422439   12.413676386626
              C     53.328263058686  -43.652781051054   12.744016589732
              O     55.067834540512  -39.255348735680   11.153361187852
              H     58.211136664494  -45.153789620571   10.683779227725
              H     56.255606855843  -43.623340145092    8.385625955064
              H     59.217187231327  -42.272145456267    9.255253268261
              H     53.962058035459  -45.423407713572   13.549442361318
              H     51.989242197949  -42.744732847832   14.007890869032
              H     52.483597584045  -43.925094618230   10.894998677817
              C     66.656462541013  -28.196766126527    9.455187140187
              S     63.850243668841  -30.224331623867    9.826100568629
              C     61.733453393377  -27.524778801658   10.538733316679
              O     64.196577906129  -31.558410057813   12.229614794157
              H     67.171019161707  -27.439052388100   11.289314417726
              H     68.221433483992  -29.310235634500    8.743205334434
              H     66.218366749864  -26.690926459160    8.140506897171
              H     59.999983460389  -28.274580328615   11.329939268731
              H     62.630688238221  -26.266912130540   11.884375505441
              H     61.356447938418  -26.567899885611    8.767692260445
              C     48.283871985178  -42.988804506926   -3.128000941189
              S     48.912139976942  -42.795659311454   -6.537352653538
              C     51.785218470543  -44.753805719510   -6.429510188077
              O     49.816287902504  -40.189785854462   -6.974104209065
              H     50.046405626715  -42.584517748414   -2.160930909043
              H     46.834354183747  -41.622788518142   -2.648250106548
              H     47.637851361634  -44.885789420204   -2.705673436089
              H     51.252155425183  -46.680110802802   -6.890611535339
              H     53.092820070337  -44.029705411812   -7.827940383198
              H     52.575723338338  -44.652813172362   -4.539811179373
              C     67.480977886173  -16.115053592800   -1.786955392351
              S     66.633744138664  -19.137672284236   -0.245959100922
              C     68.815803389150  -21.043227939721   -2.198424535006
              O     64.055165071869  -19.745525907155   -1.108179440561
              H     69.485523710026  -15.833215770598   -1.485768981014
              H     67.021251519213  -16.189077394365   -3.783031617023
              H     66.399211372150  -14.610347477566   -0.899093797299
              H     69.175499037130  -20.141029947075   -3.998395708430
              H     70.530141848250  -21.203908609478   -1.098683527026
              H     67.961584654944  -22.877574850187   -2.497176295179
              C     50.152144291797  -38.530080524812    8.332545979142
              S     52.583000537674  -40.094948115664    6.397934008110
              C     50.769913556803  -39.748431305961    3.450653354096
              O     52.414268994948  -42.823503530867    6.999153181295
              H     49.897015150864  -36.645687827655    7.581197828438
              H     48.410371888721  -39.604974435797    8.269159781729
              H     50.857533765495  -38.433810294036   10.249160571429
              H     48.843442016635  -40.386912256024    3.735639906844
              H     50.826408097690  -37.769132222188    2.927754282067
              H     51.677148357969  -40.890595744952    2.010510791554
              C     54.344027217261  -37.188227101682   -6.949111716832
              S     53.302050571250  -38.922415328032   -4.143288917064
              C     51.030388441807  -36.555670652700   -3.096601226015
              O     55.504934999769  -38.537919361556   -2.378017183846
              H     54.957848088572  -35.310722936323   -6.398135688273
              H     55.910803352615  -38.232056080752   -7.765734913921
              H     52.775085208559  -37.133831459711   -8.262772524315
              H     50.135661808278  -37.229508678030   -1.378745883408
              H     52.014895745510  -34.803339635477   -2.735221752812
              H     49.639473548788  -36.356039707163   -4.586639860743
$End
$Single_Point_Data
   &GeometryIndex 21
   &FinalEnergy [&Type "Double"]      -2.1300855143896999e+02  "Final single point energy"
   &Converged [&Type "Boolean"] true
$End
$Geometry
   &GeometryIndex 22
   &NAtoms [&Type "Integer"] 148
   &NCorelessECP [&Type "Integer"] 0
   &NGhostAtoms [&Type "Integer"] 0
   &CartesianCoordinates [&Type "Coordinates", &Dim(148,4), &Units "Bohr"] 
              C     61.576043040790  -26.822976218186    3.522447519106
              C     63.219988839243  -29.114050079756    3.061825908011
              C     58.736236293215  -26.985291669566    3.620017665955
              C     62.735359151782  -24.563351636241    3.826534482118
              C     61.709212841727  -31.507371723339    2.448268935963
              C     65.247869676858  -28.368636633812    1.124970546549
              C     57.556187944940  -29.570366139303    3.072216479783
              C     65.434791768027  -24.292051002854    3.573116119710
              C     61.384809631906  -22.098456048049    4.279488593603
              C     59.152483189816  -31.021601987111    1.159896788352
              C     66.916955909077  -26.329022535055    2.287381536570
              C     66.642948473669  -22.170952772127    4.352442101573
              C     62.686164385034  -20.593073672773    6.368127004339
              C     65.448393052487  -20.194230492468    5.786640266726
              O     66.590993568231  -18.325454176450    6.542301085194
              H     64.261964459166  -29.475077863773    4.817985634686
              C     59.363387377094  -29.499025826761   -1.291171723337
              C     62.943024761191  -33.508612505218    0.777989055825
              C     60.742210556479  -35.303624568140    0.227212036135
              C     58.251416647245  -33.751455612802    0.498629015146
              O     56.859368863181  -33.737560488626   -1.760091841705
              H     61.287724115913  -32.406328117673    4.264716127428
              C     56.646189127645  -35.038545399931    2.586686303726
              C     54.190307824911  -33.968528486541    2.913388217381
              N     52.180348308294  -33.217516348016    3.227117853992
              H     58.003687058528  -25.615329696487    2.259029319532
              H     58.087411199461  -26.356304868796    5.483007536428
              H     64.366411724128  -27.674030133393   -0.602613173276
              H     66.417183637736  -29.995630703009    0.662239280101
              H     55.636019055768  -29.296474327204    2.373697386035
              H     57.459600272131  -30.645559814773    4.827772270109
              H     59.410151654903  -22.383679591250    4.778710921891
              H     61.472211928364  -21.010790752572    2.522238223392
              H     68.084354914813  -25.433690885656    0.839053754605
              H     68.209982960849  -27.200694454648    3.648168143648
              H     68.635397009216  -21.929644856168    3.985820948587
              H     62.578797010234  -21.630411776981    8.158668659230
              H     61.767555987790  -18.768211898454    6.652001786729
              H     57.478932985608  -29.206292836630   -2.060486123720
              H     60.458129118277  -30.514188358061   -2.694830914365
              H     60.219385956329  -27.668115887670   -0.960040998780
              H     63.648385831731  -32.694333194977   -0.974077284850
              H     64.498026535530  -34.461455478449    1.733348606420
              H     60.748372091251  -36.853265601208    1.579929981578
              H     60.846490692540  -36.108598067543   -1.665558136610
              H     56.378883159198  -35.518181066322   -2.057130448078
              H     56.365571896387  -37.008451208208    2.019845834181
              H     57.624994959907  -35.000000846921    4.408653060184
              C     58.838485509518  -42.903735751695   -1.586938328592
              S     56.034636364126  -42.279034048564    0.352570981598
              C     56.761879140452  -44.767263624230    2.688589196799
              O     53.874632039433  -43.371958806352   -1.047231262230
              H     58.787526589179  -44.833477678057   -2.275928996121
              H     58.810656994275  -41.574546790181   -3.141301025755
              H     60.483135179562  -42.579402649888   -0.411690492100
              H     58.476259908264  -44.275969695821    3.683773050636
              H     55.194924466527  -44.839149847204    4.003715772428
              H     56.954543855799  -46.570660717594    1.744542950408
              C     58.940354559529  -34.133255684895   12.683663952146
              S     58.330461806133  -32.810128780065    9.553604655059
              C     54.910882948781  -33.484311231891    9.627160924156
              O     59.402635946658  -34.575036708651    7.682867124763
              H     58.089111223504  -32.874271607593   14.059868581579
              H     58.120905599947  -36.006408612800   12.815613037779
              H     60.971307047728  -34.170687570992   12.969733586400
              H     54.076850834335  -32.897820329339    7.849422442060
              H     54.653122458279  -35.496322121687    9.920087478768
              H     54.081866181901  -32.413492673597   11.161609886785
              C     73.642605702699  -24.766019979408    2.870740830909
              S     72.013958531487  -25.077334192893    5.942521479770
              C     74.273424476651  -23.041283797372    7.666502627055
              O     72.502644363538  -27.690401312305    6.766534246888
              H     73.441879872584  -22.831071301051    2.210032204549
              H     75.625201679826  -25.271618606148    3.089379578115
              H     72.744528202291  -26.072043216481    1.555554169316
              H     74.222745035457  -21.199678878357    6.760091736496
              H     73.642549445578  -22.895957834136    9.614876491025
              H     76.153742168567  -23.890439029562    7.594389995903
              C     69.331929940482  -14.285620598528    4.425586062077
              S     71.121699422627  -17.190751952136    4.963663128037
              C     74.211977490821  -15.502496443822    5.124417654407
              O     71.225004346257  -18.514831880236    2.503590621357
              H     67.452917800194  -14.830814259562    3.828609939596
              H     69.210150369111  -13.331894782426    6.233641601332
              H     70.227806787810  -13.103773512259    3.015409545440
              H     74.135785616068  -14.153631235780    6.662413492055
              H     75.700423865791  -16.868774264118    5.477943413259
              H     74.572175366744  -14.561685988128    3.340910806823
              C     57.641341961815  -43.306528783287    9.870185427925
              S     56.094477480454  -41.504423862383   12.386887749609
              C     53.390662926528  -43.650224744165   12.728333229259
              O     55.069307161009  -39.227116630058   11.146961575576
              H     58.357956800967  -45.053124485652   10.664631997789
              H     56.256257555013  -43.660876505099    8.407714129588
              H     59.174946807373  -42.162216863374    9.136908447552
              H     54.052453608724  -45.420648102150   13.509921640674
              H     52.064017739381  -42.766028400366   14.018976194235
              H     52.529888002760  -43.916253034086   10.887066823195
              C     66.671519094374  -28.172027823408    9.455765855702
              S     63.855005652377  -30.189524756906    9.825310093910
              C     61.747305581696  -27.477727823887   10.514796004619
              O     64.192973306577  -31.525103585500   12.233209989705
              H     67.171629038849  -27.400855317184   11.288830492376
              H     68.236248827029  -29.309033198911    8.760866401932
              H     66.239468399198  -26.680116158799    8.123530765053
              H     60.005037734128  -28.204287181693   11.308552677577
              H     62.650092622682  -26.209491515963   11.848281917683
              H     61.378316107199  -26.531720876202    8.737026447044
              C     48.224622429036  -42.978255057235   -3.119695554703
              S     48.855591895859  -42.807440989156   -6.529641163033
              C     51.716937820661  -44.785521549708   -6.399985999512
              O     49.771483523409  -40.210703521451   -6.988322816240
              H     49.976434613555  -42.544494261827   -2.149121156074
              H     46.759205249387  -41.621770264981   -2.648563935511
              H     47.598710181569  -44.880365852331   -2.684585209634
              H     51.162573675240  -46.718977954509   -6.803670601085
              H     53.016278428351  -44.104069208761   -7.828037941000
              H     52.525216160141  -44.641787617090   -4.523038634405
              C     67.377424836007  -16.036852776825   -1.778052260955
              S     66.526339490634  -19.022243305730   -0.155285864483
              C     68.636998117572  -20.990786266950   -2.124196099196
              O     63.928377660977  -19.598177383430   -0.954921016434
              H     69.393120701153  -15.788437478419   -1.537123414738
              H     66.858385743546  -16.124823600980   -3.758145388646
              H     66.343638646311  -14.506208705382   -0.881768886142
              H     68.921915952217  -20.143891489906   -3.965470380084
              H     70.391258359451  -21.124454977641   -1.085971832856
              H     67.774406091016  -22.842878999124   -2.324732151568
              C     50.135170590267  -38.516755910569    8.393922550705
              S     52.569324639819  -40.052790028858    6.435842930697
              C     50.745476957092  -39.698082059195    3.493675606944
              O     52.421848107553  -42.790144434236    7.008166593397
              H     49.868413590507  -36.631427049743    7.643620467923
              H     48.395835505510  -39.597602804719    8.336775574647
              H     50.847995249350  -38.416309356641   10.309501090715
              H     48.822752121423  -40.345200931835    3.784472566843
              H     50.790642757253  -37.717476108114    2.975587678861
              H     51.650729786955  -40.831817119299    2.045680050384
              C     54.361902551868  -37.231669505742   -7.002973081389
              S     53.324026627695  -38.935381625747   -4.182184232971
              C     51.056730024315  -36.553584485935   -3.178840477788
              O     55.519485220643  -38.541072729495   -2.421221201319
              H     54.994698367317  -35.362850941658   -6.458113326365
              H     55.902213339343  -38.286771809706   -7.840013766156
              H     52.782540789763  -37.161356683074   -8.302715966233
              H     50.139458378019  -37.198578645050   -1.466173013591
              H     52.045311222316  -34.798013952559   -2.825855183681
              H     49.680039093224  -36.361530415037   -4.682862396793
$End
$Single_Point_Data
   &GeometryIndex 22
   &FinalEnergy [&Type "Double"]      -2.1300984730626001e+02  "Final single point energy"
   &Converged [&Type "Boolean"] true
$End
$Geometry
   &GeometryIndex 23
   &NAtoms [&Type "Integer"] 148
   &NCorelessECP [&Type "Integer"] 0
   &NGhostAtoms [&Type "Integer"] 0
   &CartesianCoordinates [&Type "Coordinates", &Dim(148,4), &Units "Bohr"] 
              C     61.616865262793  -26.865618110237    3.469972291273
              C     63.251455023838  -29.170139564001    3.041653240970
              C     58.775128531416  -27.009189984427    3.544289648973
              C     62.785340321917  -24.609683388603    3.771354209678
              C     61.736995268091  -31.558121877039    2.417346257965
              C     65.309326007157  -28.445236983863    1.129267936632
              C     57.593044429878  -29.596591644808    3.016092656820
              C     65.489960874495  -24.358623345365    3.547685826051
              C     61.445049928595  -22.133708343671    4.182618442675
              C     59.192152851853  -31.056930511325    1.112713731174
              C     66.978397290270  -26.416881692751    2.312962384889
              C     66.700694593635  -22.240393946294    4.325817231266
              C     62.727760686469  -20.614931972769    6.274285800358
              C     65.497097143133  -20.236622002354    5.711904947233
              O     66.638741328678  -18.357497171753    6.446811419931
              H     64.269823269403  -29.526074722703    4.812514145842
              C     59.432931697323  -29.538310436953   -1.339213174939
              C     62.973140118442  -33.562573703954    0.750374346908
              C     60.766696936325  -35.338149219964    0.155864061599
              C     58.282606124345  -33.781207160179    0.446791426632
              O     56.874506274122  -33.759504872310   -1.799351760840
              H     61.302586085860  -32.458032191178    4.229227748909
              C     56.682068875029  -35.061624459193    2.542336975527
              C     54.230151500038  -33.991715150482    2.870558319901
              N     52.222279991443  -33.242046306006    3.188357635650
              H     58.061502760112  -25.653739496816    2.160705227183
              H     58.113432045289  -26.353588032462    5.393406507571
              H     64.455932375407  -27.745177150345   -0.610632770959
              H     66.473135728360  -30.079250935307    0.683782590716
              H     55.672217602328  -29.325386399604    2.317146527756
              H     57.500722005316  -30.658470159500    4.780169949405
              H     59.460176229000  -22.400339256626    4.648555003035
              H     61.568231970436  -21.064160277099    2.415775160837
              H     68.194114570137  -25.548843304814    0.885911313557
              H     68.228981539852  -27.292887210599    3.708941971606
              H     68.691927625752  -22.007709895991    3.973559371657
              H     62.595138093201  -21.630925459942    8.076720342488
              H     61.817833316044  -18.780551090208    6.527718365243
              H     57.552820537974  -29.206562424943   -2.105141078740
              H     60.500771721926  -30.578950006537   -2.746631689327
              H     60.329559861827  -27.725812040503   -1.011960635179
              H     63.709434861332  -32.740160365346   -0.984944320906
              H     64.506096871855  -34.533319790758    1.723060259130
              H     60.759076901553  -36.916510993820    1.477709375452
              H     60.874547788177  -36.103276802909   -1.752212591563
              H     56.398437945080  -35.537452307943   -2.106478200902
              H     56.404789560352  -37.035970290685    1.982992786782
              H     57.664001338730  -35.019899458367    4.364113220431
              C     58.838408483430  -42.906063273336   -1.639817470630
              S     56.057495529375  -42.244418747015    0.320636320232
              C     56.799097129067  -44.719447560120    2.664795903334
              O     53.867216415533  -43.329780350395   -1.047105888227
              H     58.771086497946  -44.840075560226   -2.316637297980
              H     58.816656816141  -41.584632122277   -3.197750061892
              H     60.490420703105  -42.590128399462   -0.472855328543
              H     58.541929919263  -44.248191127645    3.614125083404
              H     55.266204988005  -44.746681262885    4.020881954993
              H     56.926985460370  -46.532760243590    1.731436698558
              C     58.971965924382  -34.123792291214   12.644831051489
              S     58.369756944916  -32.808759282145    9.513165730426
              C     54.950828682413  -33.486694161952    9.573575158561
              O     59.446546449595  -34.576202977330    7.643870029753
              H     58.097837740300  -32.880998842885   14.018294429582
              H     58.178014464079  -36.007202367927   12.771199905276
              H     60.999648430673  -34.132730970512   12.934804830511
              H     54.127388838235  -32.922929894795    7.784140027530
              H     54.699282644448  -35.495735554410    9.893611141493
              H     54.112773689447  -32.399339918027   11.091864707698
              C     73.636332967975  -24.674393778755    3.070887492166
              S     71.943513375950  -25.090768477862    6.099560961914
              C     74.079227880752  -22.998780163696    7.908083942432
              O     72.512193085128  -27.688209999528    6.901910318847
              H     73.366006131958  -22.742809179372    2.427092106452
              H     75.626110010501  -25.100979417064    3.321908707052
              H     72.823838162764  -25.999960394736    1.721932734923
              H     74.027053853903  -21.161979370618    7.001081532212
              H     73.364121495896  -22.851232675739    9.824147224011
              H     75.966224553289  -23.805822795255    7.927864262406
              C     69.388638820985  -14.282551292283    4.411741990559
              S     71.144754845229  -17.208526971909    4.953842044386
              C     74.261012777142  -15.561048898158    5.065780425644
              O     71.207848172653  -18.565118198745    2.511879693498
              H     67.498462532670  -14.812462633622    3.834430566368
              H     69.295798928989  -13.317816773583    6.216794212302
              H     70.287164156906  -13.107091408425    3.000251849233
              H     74.219934660646  -14.187419019236    6.583067920062
              H     75.730428095414  -16.945863104774    5.426126876725
              H     74.617227238633  -14.651919178478    3.264885247365
              C     57.674606374331  -43.252043022787    9.807200725296
              S     56.142364729113  -41.472069835361   12.348811329371
              C     53.473306756525  -43.655025545762   12.727177988069
              O     55.074643835080  -39.205504281873   11.121300991048
              H     58.395495877396  -45.004976926172   10.581780294880
              H     56.282504946343  -43.575570108695    8.331318261648
              H     59.214913029884  -42.099678378040    9.092430795199
              H     54.173976473322  -45.425665523167   13.483590200038
              H     52.160457489634  -42.800474012740   14.050323831468
              H     52.590950922262  -43.921015154446   10.893072804165
              C     66.670327015922  -28.147129790629    9.458734641244
              S     63.835693021991  -30.149291813347    9.829404770756
              C     61.739515626969  -27.420989831514   10.480059249226
              O     64.159970542289  -31.467388285000   12.249463022233
              H     67.158549409256  -27.358395540936   11.286442931339
              H     68.231771451236  -29.301390804762    8.784251134339
              H     66.250569624260  -26.668623084449    8.106806763183
              H     59.982146809156  -28.122767128210   11.267194411203
              H     62.641459767443  -26.144261588075   11.805408937756
              H     61.388986163294  -26.491958714618    8.690425346042
              C     48.157284205313  -42.933127452038   -3.045341864840
              S     48.754739324867  -42.809840198525   -6.457889291333
              C     51.605899732194  -44.796110493439   -6.321049855592
              O     49.669077013990  -40.217813852747   -6.955833787006
              H     49.908742864589  -42.473827624356   -2.086925471939
              H     46.689883230246  -41.581781180042   -2.581830022349
              H     47.546727949679  -44.829790442715   -2.584199102675
              H     51.033455266201  -46.738526696700   -6.639511773004
              H     52.878461589229  -44.173924961356   -7.799892195073
              H     52.452191248438  -44.589748943370   -4.466763806135
              C     67.324579718004  -15.987351859144   -1.785065175788
              S     66.427407537116  -18.906332051921   -0.060275704167
              C     68.418999241686  -20.993223291570   -2.027081739246
              O     63.797174276494  -19.423779626137   -0.791053871856
              H     69.350965672376  -15.798157675504   -1.593663532820
              H     66.755204569867  -16.115355089424   -3.749176584364
              H     66.361338463100  -14.405689332014   -0.902696150518
              H     68.617934436498  -20.237898097890   -3.918927076603
              H     70.206403791912  -21.094989249814   -1.051701004066
              H     67.533564664942  -22.847672191833   -2.081376033297
              C     50.134288617933  -38.516454029263    8.425312603321
              S     52.573904694855  -40.030170420714    6.457887200037
              C     50.747819069071  -39.680538987296    3.513529622432
              O     52.443455579791  -42.773061191059    7.015290398137
              H     49.864431203801  -36.625079448336    7.682843763005
              H     48.395604591251  -39.599396947068    8.358050126903
              H     50.845724731891  -38.426787332172   10.345288637640
              H     48.831728714855  -40.343046315378    3.806909519418
              H     50.777482636426  -37.700030337088    2.994780439315
              H     51.657482234262  -40.806254723411    2.064126743708
              C     54.258951440852  -37.217259974030   -7.032270917962
              S     53.295923337746  -38.931431493987   -4.191345358142
              C     51.059836642769  -36.542672610076   -3.120974375028
              O     55.532397504014  -38.551605435765   -2.479363210244
              H     54.890432180751  -35.346448191830   -6.489017357204
              H     55.785473875197  -38.254092078474   -7.921598700317
              H     52.646628524337  -37.146727266610   -8.287095581881
              H     50.159564075343  -37.201936045960   -1.404242530074
              H     52.065101701050  -34.794697033391   -2.755438529390
              H     49.668470310234  -36.314923717157   -4.596608843674
$End
$Single_Point_Data
   &GeometryIndex 23
   &FinalEnergy [&Type "Double"]      -2.1301116148585999e+02  "Final single point energy"
   &Converged [&Type "Boolean"] true
$End
$Geometry
   &GeometryIndex 24
   &NAtoms [&Type "Integer"] 148
   &NCorelessECP [&Type "Integer"] 0
   &NGhostAtoms [&Type "Integer"] 0
   &CartesianCoordinates [&Type "Coordinates", &Dim(148,4), &Units "Bohr"] 
              C     61.625041755451  -26.886948507260    3.473349760546
              C     63.256971150057  -29.195760162169    3.051521659553
              C     58.784330478791  -27.026518715950    3.535230861411
              C     62.792560920319  -24.630190795973    3.773839780050
              C     61.748229938169  -31.581655543465    2.416214345009
              C     65.329577634805  -28.479603494844    1.153104667790
              C     57.608468819839  -29.618027738064    3.011807514292
              C     65.499624897091  -24.388138066022    3.550926282137
              C     61.451382689466  -22.152681940306    4.185204509330
              C     59.209697511739  -31.074974336736    1.108373279489
              C     66.997108059761  -26.466358919325    2.355877437835
              C     66.718860975163  -22.275007669900    4.324540336625
              C     62.748155569629  -20.615351967480    6.255246463178
              C     65.514189075612  -20.241134420546    5.658488970951
              O     66.665497343497  -18.350626638776    6.347479437880
              H     64.263200811618  -29.556934447663    4.830486452770
              C     59.455684679059  -29.555238485430   -1.342322956616
              C     62.987120513655  -33.586295805249    0.751122455149
              C     60.779103474880  -35.348765797888    0.123031378639
              C     58.297005460132  -33.793945417700    0.431517421405
              O     56.879065321979  -33.761413470273   -1.805025408279
              H     61.302846807089  -32.488417915660    4.221558747639
              C     56.696433444344  -35.085666072453    2.522895124242
              C     54.240948038470  -34.024232021396    2.855177031507
              N     52.228534854030  -33.281128060657    3.180571227391
              H     58.076368552760  -25.678597247210    2.140951302547
              H     58.111833259195  -26.364806984413    5.376617907024
              H     64.494968543807  -27.759033692266   -0.587886199308
              H     66.483998348301  -30.119502105399    0.700557404058
              H     55.686447429280  -29.349408523430    2.318701974206
              H     57.522724786989  -30.673246969986    4.779931149757
              H     59.468625987220  -22.416518327719    4.656550548642
              H     61.559610383815  -21.089419129797    2.412363598266
              H     68.254568644878  -25.626558162471    0.951356501157
              H     68.203840410396  -27.340906130093    3.788538773523
              H     68.699119735937  -22.034407852753    3.945558973609
              H     62.624283553413  -21.601425796176    8.070281797848
              H     61.845191513515  -18.777941268899    6.488152697374
              H     57.578773455058  -29.207120220152   -2.101915970417
              H     60.501637098492  -30.614492998861   -2.754483287329
              H     60.383897843102  -27.753813435159   -1.025086850079
              H     63.745039590692  -32.749422649028   -0.969292914750
              H     64.504236375510  -34.574616907333    1.730414881019
              H     60.763717279186  -36.952607455622    1.416873620223
              H     60.890492752532  -36.078191332589   -1.798389798770
              H     56.407150936182  -35.532733638548   -2.126039794616
              H     56.422803912593  -37.061086613382    1.953805877248
              H     57.679738560448  -35.050441929923    4.344041163984
              C     58.813494983510  -42.918809732553   -1.651507557006
              S     56.028276513785  -42.222589879674    0.293275187953
              C     56.735528479519  -44.717249993754    2.634869301364
              O     53.827923130335  -43.281603470747   -1.077067091925
              H     58.728640486660  -44.849306430303   -2.324021720779
              H     58.819036565551  -41.598242795549   -3.215088540329
              H     60.465907770806  -42.623781293767   -0.479893775043
              H     58.494387696169  -44.264858716339    3.588435064722
              H     55.192220369758  -44.730161305989    3.986242503923
              H     56.834992427090  -46.532711883310    1.693003304043
              C     58.981238836499  -34.156210553024   12.625441716610
              S     58.383235543793  -32.824420769930    9.499924232389
              C     54.967269243280  -33.495944291987    9.546815054940
              O     59.463461223986  -34.592952831484    7.630195707328
              H     58.084401290450  -32.934617278824   14.004217344683
              H     58.207565397518  -36.050902833017   12.730774086406
              H     61.008476216811  -34.144203202251   12.917544098511
              H     54.152202485384  -32.943516838746    7.748356413891
              H     54.719194927347  -35.505580181774    9.875403212644
              H     54.130045452507  -32.397364059577   11.060042617510
              C     73.601080770247  -24.614544287867    3.259205887847
              S     71.879658027693  -25.131038766944    6.258018527636
              C     73.928445667674  -23.027102339909    8.136426378924
              O     72.498193545424  -27.713140911861    7.038904255760
              H     73.273331395193  -22.685469520908    2.641631023019
              H     75.592294168099  -24.979122790294    3.524632305436
              H     72.851177863647  -25.937835278457    1.884641740966
              H     73.861394595971  -21.169234352854    7.282421663007
              H     73.181490414116  -22.938538775212   10.043285346047
              H     75.825474438185  -23.792325292887    8.167799761490
              C     69.419731256120  -14.261414081642    4.321834506088
              S     71.156849417171  -17.199630645645    4.898205751321
              C     74.286143227589  -15.575966795080    4.977762688955
              O     71.211585771754  -18.579587037567    2.471685966274
              H     67.522769517639  -14.790154519593    3.765968092593
              H     69.349071311954  -13.259968123499    6.106037555651
              H     70.325045072785  -13.109570062959    2.892857309153
              H     74.264167314627  -14.178104452423    6.472012522566
              H     75.735325918649  -16.974847920562    5.361328921978
              H     74.649335974629  -14.699052298315    3.161813972310
              C     57.784933826090  -43.210334509601    9.785539710658
              S     56.223894537797  -41.460997275229   12.328814156843
              C     53.612778409313  -43.720160631066   12.716496899192
              O     55.097448859796  -39.211325680767   11.106424096857
              H     58.599301603094  -44.917106482356   10.567468164571
              H     56.372363640348  -43.602281180881    8.366278777799
              H     59.254261563211  -42.007477913951    9.001496868119
              H     54.368273211900  -45.493300980827   13.417757332637
              H     52.298053349600  -42.933040584343   14.082255351964
              H     52.708508115759  -43.972761980608   10.886999579514
              C     66.673529954778  -28.113003048053    9.478698489989
              S     63.830896914898  -30.122587058015    9.854354255506
              C     61.737207519753  -27.394171412313   10.495497046469
              O     64.156778783950  -31.422775058143   12.281332068183
              H     67.148160590751  -27.309688203090   11.300413778189
              H     68.235536157087  -29.260729834207    8.813806199148
              H     66.251535103340  -26.642628652311    8.114609161366
              H     59.970818695028  -28.090045824861   11.271703488256
              H     62.631553617292  -26.116983137303   11.823256904035
              H     61.391498534196  -26.470748080158    8.702799732779
              C     48.082031460284  -42.876473912153   -3.017182647912
              S     48.672737630152  -42.781076491926   -6.429306170047
              C     51.494338565779  -44.802292441898   -6.300565716640
              O     49.610028223740  -40.194187810551   -6.933386096095
              H     49.831646149760  -42.403941182923   -2.065273738884
              H     46.615875351892  -41.521959307372   -2.559104603785
              H     47.475928703370  -44.769370136761   -2.543159801514
              H     50.897625366928  -46.743963743749   -6.577727588039
              H     52.756174365691  -44.222661590220   -7.805618905787
              H     52.369951345019  -44.572350577261   -4.461326643930
              C     67.403605398649  -15.913679096737   -1.927917712972
              S     66.432771224171  -18.754829442565   -0.117273458167
              C     68.329519976673  -20.981791750472   -2.017837024661
              O     63.794037053555  -19.216420712496   -0.847718326461
              H     69.438107005568  -15.781532286886   -1.756750971627
              H     66.812788268025  -16.096892063745   -3.879233624680
              H     66.497219268527  -14.282966227648   -1.080591611268
              H     68.508270809951  -20.328716682149   -3.948062364120
              H     70.131795346527  -21.072832140686   -1.060400721529
              H     67.393742473239  -22.807223926068   -1.957429356521
              C     50.121419167250  -38.560553282151    8.469531887856
              S     52.568943294676  -40.021778399154    6.482029230077
              C     50.735473228651  -39.664203173269    3.536923016190
              O     52.471333982911  -42.772103464618    7.007904214778
              H     49.813152747704  -36.669055312071    7.744385317673
              H     48.403379787565  -39.674963863177    8.397786918124
              H     50.845688109381  -38.471923290959   10.387091553338
              H     48.827914072077  -40.352037653391    3.829021110230
              H     50.742406631510  -37.681033784857    3.028854226607
              H     51.652389891542  -40.769868398457    2.076538531657
              C     54.256356369065  -37.206548205540   -7.078937222908
              S     53.305991156345  -38.921539078580   -4.240353283961
              C     51.085331633736  -36.518976715791   -3.150900059205
              O     55.541089564936  -38.543730702608   -2.528073142574
              H     54.867224464204  -35.327859241769   -6.530328227998
              H     55.800458875585  -38.225259914319   -7.967627959172
              H     52.643429555234  -37.152424008810   -8.327023972277
              H     50.224988239691  -37.177148269618   -1.409787387055
              H     52.100125740768  -34.771202519608   -2.804147815305
              H     49.658670115385  -36.288933102916   -4.602429881201
$End
$Single_Point_Data
   &GeometryIndex 24
   &FinalEnergy [&Type "Double"]      -2.1301237455604999e+02  "Final single point energy"
   &Converged [&Type "Boolean"] true
$End
$Geometry
   &GeometryIndex 25
   &NAtoms [&Type "Integer"] 148
   &NCorelessECP [&Type "Integer"] 0
   &NGhostAtoms [&Type "Integer"] 0
   &CartesianCoordinates [&Type "Coordinates", &Dim(148,4), &Units "Bohr"] 
              C     61.653281747042  -26.908231514331    3.419839747362
              C     63.278599753086  -29.227938359253    3.018165086619
              C     58.811600168763  -27.037058224187    3.459594314764
              C     62.825795772878  -24.651954569317    3.715904412377
              C     61.766548870347  -31.614234081687    2.377101537308
              C     65.379129128902  -28.529404768068    1.138344995788
              C     57.629793190621  -29.629451132149    2.946529918431
              C     65.533955117472  -24.420493848077    3.507584192262
              C     61.494969994258  -22.166215524741    4.116932125026
              C     59.233436019585  -31.106186292606    1.060943252343
              C     67.039310874165  -26.520063776369    2.355793468598
              C     66.761743190722  -22.305110560171    4.269281177984
              C     62.795362623807  -20.624215551169    6.184211455824
              C     65.564618739546  -20.258968743024    5.587394039582
              O     66.731788051925  -18.373106254570    6.269588615321
              H     64.262925982277  -29.588149462873    4.811404957909
              C     59.483710077864  -29.606028260405   -1.400768334778
              C     63.005622484193  -33.626493245856    0.719897988473
              C     60.794419598518  -35.380177282815    0.083547753072
              C     58.311924915074  -33.825822556677    0.398105590213
              O     56.886373198504  -33.795027167810   -1.835781544531
              H     61.310046136924  -32.518489264617    4.181233848177
              C     56.719195281544  -35.118141868701    2.499461306325
              C     54.259083674218  -34.059960225208    2.835657340390
              N     52.245215771592  -33.319862730961    3.165570511320
              H     58.118319895449  -25.697126858225    2.047701209210
              H     58.126418841335  -26.360666217051    5.289713040757
              H     64.572437466483  -27.805849268173   -0.613826636376
              H     66.528805589583  -30.177562071272    0.700689449997
              H     55.711417408591  -29.358363644528    2.243337892974
              H     57.528818971012  -30.671854597615    4.721156893209
              H     59.508801903355  -22.418204371056    4.581502315574
              H     61.611604984433  -21.104294283688    2.342763269170
              H     68.333774673345  -25.704173649127    0.977719860367
              H     68.204321204524  -27.392646690190    3.827746433945
              H     68.747367746766  -22.069670677979    3.892946741139
              H     62.658615310404  -21.596959717787    8.005882786368
              H     61.900932557764  -18.779922136820    6.399001271238
              H     57.610133635691  -29.266638216753   -2.168543867216
              H     60.535293609939  -30.678603127398   -2.799392325549
              H     60.415253305287  -27.799663171521   -1.099414484625
              H     63.776848735287  -32.794934479726   -0.999454843583
              H     64.512848597198  -34.623368236149    1.704704830859
              H     60.777612996634  -36.992325604568    1.361886114756
              H     60.909695337588  -36.094160615756   -1.842101638911
              H     56.418768424417  -35.567066630137   -2.162023017376
              H     56.446534011064  -37.094978187926    1.935843816269
              H     57.705167570614  -35.074690672461    4.316619198494
              C     58.789456015372  -42.961467404306   -1.677278237066
              S     56.013103881452  -42.225909372932    0.276647427528
              C     56.706611598762  -44.729229284529    2.621187622475
              O     53.800225877727  -43.269208435586   -1.086032585072
              H     58.680313860958  -44.894678090874   -2.342933422100
              H     58.801226111837  -41.651652361201   -3.249069607599
              H     60.454986408315  -42.677295261337   -0.518989859694
              H     58.499282179871  -44.321136996234    3.523235285082
              H     55.196725661812  -44.693149244658    4.011819496062
              H     56.736754173288  -46.554632852296    1.691600485273
              C     59.004615564399  -34.152342777502   12.585127216644
              S     58.402462069729  -32.813166019369    9.461184038408
              C     54.987511964382  -33.484233910129    9.507749989362
              O     59.487088762198  -34.586677345103    7.598111917328
              H     58.086246771754  -32.943410835861   13.963730631395
              H     58.256383587628  -36.058297058123   12.679372882544
              H     61.034443524555  -34.115163280828   12.880555001220
              H     54.173943482622  -32.948090383419    7.703522388535
              H     54.740395237133  -35.491431193977    9.850491269308
              H     54.151002204438  -32.372106916737   11.012750781004
              C     73.577116927540  -24.488378588509    3.431924651255
              S     71.819766363333  -25.132627462998    6.377938536408
              C     73.751580650700  -22.995617980610    8.327172082568
              O     72.516474749328  -27.704456635131    7.131891482718
              H     73.170289870296  -22.550002027298    2.842217101668
              H     75.576098241531  -24.765385379021    3.747566898155
              H     72.906755156974  -25.833788277087    2.016139426876
              H     73.610075519369  -21.112022904886    7.536829983060
              H     73.000823869587  -23.020878272417   10.237116155886
              H     75.691289640772  -23.673844822901    8.326839232565
              C     69.497401342685  -14.270865031457    4.329387663699
              S     71.214924573233  -17.222254075809    4.907966319788
              C     74.364630177057  -15.628897417183    4.958612448897
              O     71.245665265471  -18.605139048794    2.479016535418
              H     67.595598572038  -14.789175807639    3.791020378336
              H     69.448168532828  -13.254085548016    6.105926078444
              H     70.401015525409  -13.134223080160    2.882573033479
              H     74.372130998043  -14.227800071849    6.449682872925
              H     75.799189000632  -17.043600906779    5.334384799143
              H     74.723614382009  -14.761909492825    3.137177840500
              C     57.818392282541  -43.124472827067    9.682019533640
              S     56.286633342745  -41.428435387719   12.280851800822
              C     53.705206710748  -43.718616303680   12.713324850370
              O     55.107772844776  -39.189825405198   11.083019463158
              H     58.666356946353  -44.831171565026   10.428156998536
              H     56.392986388942  -43.517475933087    8.261907951292
              H     59.264003270882  -41.891128761874    8.912269876099
              H     54.492990617175  -45.487419442480   13.389299580131
              H     52.405873748975  -42.956353977720   14.104787943953
              H     52.771323290922  -43.973370715412   10.904328533021
              C     66.664140831050  -28.069602144289    9.466523343700
              S     63.818657864133  -30.077279490469    9.845014489856
              C     61.728797641518  -27.342177206628   10.458205214257
              O     64.137845117370  -31.349891072565   12.284796597573
              H     67.120215352592  -27.248859588879   11.285668017685
              H     68.232648416048  -29.219829976717    8.826167787959
              H     66.250963808024  -26.610752982814    8.086801022251
              H     59.952800617183  -28.020933127237   11.228410773060
              H     62.617951663628  -26.060654310477   11.784918889526
              H     61.396804440590  -26.429493998216    8.656110963303
              C     48.010915497465  -42.869118645139   -2.965463338505
              S     48.604815218193  -42.787267849641   -6.377811436176
              C     51.417503446619  -44.821833619854   -6.251838011461
              O     49.545754304928  -40.204918260440   -6.899897312849
              H     49.760560673384  -42.376693136713   -2.017589792355
              H     46.534902186177  -41.519126854649   -2.516708712205
              H     47.415742771227  -44.766265299962   -2.477244057700
              H     50.811080876855  -46.764955942545   -6.484286288354
              H     52.663755348441  -44.279015365065   -7.782433050731
              H     52.316720515877  -44.560139871682   -4.427217765484
              C     67.373634476703  -15.862548815612   -1.897156879501
              S     66.413611160865  -18.654315775887   -0.020923618072
              C     68.224744572261  -20.927806769580   -1.942611333591
              O     63.746100906254  -19.091410367592   -0.668723291312
              H     69.414011477657  -15.755364015572   -1.782561151509
              H     66.733560643923  -16.078319920359   -3.826846104577
              H     66.511421616962  -14.206061865051   -1.057535816261
              H     68.308673975624  -20.320052764771   -3.892995111022
              H     70.075426483280  -20.998191785235   -1.069377292298
              H     67.300876364610  -22.761348362896   -1.773656589550
              C     50.107373566471  -38.582117203462    8.515519079603
              S     52.564552570301  -40.013809742465    6.525074601752
              C     50.725091706697  -39.669586240801    3.584601365342
              O     52.482871063658  -42.765036747561    7.042731338321
              H     49.772684415367  -36.693589240079    7.798785178887
              H     48.404833382576  -39.718538422899    8.444375725136
              H     50.835648710776  -38.491177283927   10.428002697573
              H     48.826337735017  -40.381218342991    3.878067565437
              H     50.707907845061  -37.684283625065    3.081043436391
              H     51.654360510123  -40.764653865777    2.122041630660
              C     54.181264697044  -37.220337986292   -7.095947337382
              S     53.276887509886  -38.936429478411   -4.240890089109
              C     51.091554305520  -36.521250003368   -3.095231821993
              O     55.547428182554  -38.566234104887   -2.572319505539
              H     54.810956275314  -35.346299065948   -6.557199393730
              H     55.704217467634  -38.240964633613   -8.018198369108
              H     52.540718819532  -37.156807049001   -8.308932637262
              H     50.262222937444  -37.188513368550   -1.340743619497
              H     52.124538412726  -34.783301749436   -2.754306012883
              H     49.638808226707  -36.272055905234   -4.514495312247
$End
$Single_Point_Data
   &GeometryIndex 25
   &FinalEnergy [&Type "Double"]      -2.1301333241354001e+02  "Final single point energy"
   &Converged [&Type "Boolean"] true
$End
$Geometry
   &GeometryIndex 26
   &NAtoms [&Type "Integer"] 148
   &NCorelessECP [&Type "Integer"] 0
   &NGhostAtoms [&Type "Integer"] 0
   &CartesianCoordinates [&Type "Coordinates", &Dim(148,4), &Units "Bohr"] 
              C     61.674375688770  -26.906598313557    3.388762872653
              C     63.288041397462  -29.229956015778    2.993340125585
              C     58.831200943237  -27.029825555362    3.414449370320
              C     62.851246926759  -24.652397713779    3.684328005539
              C     61.773123502287  -31.613088712049    2.342707033504
              C     65.402242457449  -28.540243083186    1.128053150331
              C     57.639111269546  -29.618697121404    2.895232068352
              C     65.562258416952  -24.421630022972    3.486898093135
              C     61.512088757832  -22.170435655702    4.087272579685
              C     59.240639415558  -31.108781660364    1.021925934282
              C     67.072625353314  -26.548711019410    2.355591788629
              C     66.772101307743  -22.285836944642    4.235972767231
              C     62.799436611072  -20.616994196668    6.144725121963
              C     65.560545682510  -20.238324154134    5.549347438642
              O     66.707712132369  -18.339111165035    6.222417646443
              H     64.256189587610  -29.601067152600    4.795920443250
              C     59.489584731300  -29.627604576713   -1.449729246905
              C     63.011401356004  -33.627116070634    0.687548678512
              C     60.798832469928  -35.378857278746    0.048193497325
              C     58.312169856841  -33.830488351778    0.368496585628
              O     56.883729353034  -33.804644386006   -1.868726095596
              H     61.309889480912  -32.521324628769    4.145270667440
              C     56.731317150796  -35.131350692062    2.474210948964
              C     54.269078545324  -34.075198402494    2.821957889443
              N     52.256846584672  -33.338347815807    3.158794343284
              H     58.146855645648  -25.686761394645    1.997293880623
              H     58.138005416864  -26.353856148292    5.239621873098
              H     64.614306958153  -27.810807831275   -0.629913439168
              H     66.538112389652  -30.199369731811    0.692472853120
              H     55.725076720672  -29.338702799826    2.181130207426
              H     57.517371801709  -30.660492050074    4.668997408177
              H     59.527351523658  -22.425815436298    4.558512521467
              H     61.616867047675  -21.100401091470    2.316652881000
              H     68.410463113556  -25.764640560757    0.992281423478
              H     68.193970766579  -27.433420224350    3.858050076493
              H     68.764090343168  -22.050133452771    3.903925514664
              H     62.668844570889  -21.585022223540    7.971806602869
              H     61.896735839755  -18.774347418796    6.345997952162
              H     57.615584765161  -29.274913651417   -2.212051550070
              H     60.525960943249  -30.720723842984   -2.842743501796
              H     60.442074096461  -27.835579160335   -1.167374984243
              H     63.787891848219  -32.801021084305   -1.030927499140
              H     64.515860253537  -34.628599273428    1.670843660748
              H     60.786027278445  -36.998943516147    1.312109412535
              H     60.918076728510  -36.077910710007   -1.884877730748
              H     56.418734354212  -35.582420429202   -2.196754188497
              H     56.455595238143  -37.102705380114    1.903555511867
              H     57.720625706127  -35.090570488833    4.287117606649
              C     58.763849673380  -42.995733685987   -1.696085401486
              S     56.000359861147  -42.216858917339    0.262870226326
              C     56.671001474575  -44.726060961305    2.614706392697
              O     53.779856227929  -43.243408267408   -1.098195280730
              H     58.629357465394  -44.938293832762   -2.340916724378
              H     58.768525649864  -41.709122135111   -3.283548211749
              H     60.445906445053  -42.710161408706   -0.565492944113
              H     58.487586245765  -44.357024608303    3.475037145958
              H     55.188776208232  -44.650266408006    4.030214340338
              H     56.650035459192  -46.558604681760    1.701518263342
              C     59.015274322100  -34.159078001854   12.549855300143
              S     58.412161350224  -32.802774541305    9.427679310616
              C     54.994686488957  -33.467409684902    9.473094173294
              O     59.501579737360  -34.579640400468    7.571431443946
              H     58.080040741575  -32.964237039125   13.933003923704
              H     58.285660682637  -36.068723266499   12.624531116183
              H     61.048186942682  -34.110492750390   12.849230099064
              H     54.179463543818  -32.942172311663    7.667275618474
              H     54.745715223712  -35.472747300498    9.822663133640
              H     54.162217588782  -32.345483083543   10.973183159409
              C     73.611484767672  -24.518513362379    3.548441274515
              S     71.839414580823  -25.222691259088    6.466000792445
              C     73.742557184852  -23.119000105602    8.470171109104
              O     72.538369019661  -27.808055685625    7.187788015252
              H     73.210190474203  -22.603801143679    2.987102871556
              H     75.615571122382  -24.782706972553    3.879608738989
              H     72.975473429574  -25.828294054017    2.120514609563
              H     73.576584450786  -21.208858084867    7.748573596751
              H     72.999734717757  -23.228191744967   10.378117414280
              H     75.692534526577  -23.761409195492    8.443933953110
              C     69.447464987268  -14.215302386634    4.307482670094
              S     71.166292451703  -17.153041279342    4.945912105484
              C     74.320788354268  -15.572482272326    4.971408210109
              O     71.221128788959  -18.587426777497    2.558724689096
              H     67.546778136465  -14.749307847418    3.767947913809
              H     69.393864283555  -13.153694451714    6.060150471512
              H     70.360651056632  -13.116347469525    2.833008099274
              H     74.340196343747  -14.154195795315    6.448419313849
              H     75.747899750535  -16.992868647294    5.354302365647
              H     74.679393370199  -14.726719440404    3.141727401120
              C     57.874288986207  -43.033164845240    9.599708345276
              S     56.354463331642  -41.385900655360   12.239083138887
              C     53.809582107200  -43.709590481342   12.707009718495
              O     55.119769870050  -39.168368266195   11.059853812257
              H     58.762901228002  -44.732247892767   10.320355588747
              H     56.437507250478  -43.451554327623    8.187897681976
              H     59.286431562751  -41.767253436366    8.829308773310
              H     54.633911427642  -45.466963917062   13.360308257129
              H     52.518025319350  -42.976033650201   14.117531001957
              H     52.850806344448  -43.966018458966   10.915048776341
              C     66.667147932557  -28.035178916079    9.455708521554
              S     63.823401322538  -30.034142744546    9.840827027639
              C     61.730019682710  -27.296958065679   10.439497805887
              O     64.140297301737  -31.287544151364   12.287032489375
              H     67.117039620832  -27.206881944856   11.275183143687
              H     68.239771886765  -29.191712527244    8.827619793170
              H     66.262450575339  -26.579822070871    8.074339554641
              H     59.953204703812  -27.975574877434   11.201055608589
              H     62.608850783074  -26.013697600404   11.771515391701
              H     61.405267998464  -26.388620155941    8.632447660468
              C     47.964850232049  -42.852028345065   -2.919219821057
              S     48.559665496027  -42.784380452959   -6.332465262296
              C     51.358200546259  -44.836325007582   -6.209125702968
              O     49.518046153485  -40.214176089557   -6.876074858693
              H     49.718069892893  -42.348424681352   -1.976019016847
              H     46.484615587198  -41.504673708741   -2.479012765269
              H     47.373103213922  -44.750036956841   -2.415389524747
              H     50.737272028984  -46.776192102923   -6.416286769651
              H     52.595972363600  -44.323224354164   -7.756212586944
              H     52.280216296524  -44.560724703087   -4.396975183152
              C     67.437326946430  -15.855505356508   -1.949416180547
              S     66.414245603711  -18.547312020420    0.026710105429
              C     68.155461999416  -20.939070474999   -1.812099889109
              O     63.718810346622  -18.935608952475   -0.573701369721
              H     69.484199085700  -15.780883974656   -1.831098363971
              H     66.800480182355  -16.145409394366   -3.873272670257
              H     66.602139935807  -14.147092088383   -1.182593895479
              H     68.253425128754  -20.448762509021   -3.795223817477
              H     70.003348120960  -21.001884711272   -0.939545567029
              H     67.176404373997  -22.710078096673   -1.570077614646
              C     50.094965762479  -38.605795276593    8.544302338384
              S     52.571486734215  -40.005055142151    6.557930010254
              C     50.726693207949  -39.680591223529    3.624188164110
              O     52.506197530175  -42.756329061634    7.077692131313
              H     49.722574038255  -36.722412714610    7.834614862775
              H     48.414411036673  -39.774975051858    8.475300093327
              H     50.823815653620  -38.508606750755   10.452933026915
              H     48.841541071034  -40.427240349207    3.916494454073
              H     50.672814610953  -37.693122197589    3.128989382477
              H     51.674472313647  -40.756123246220    2.158591174427
              C     54.124155099264  -37.246996040101   -7.119006745429
              S     53.259346666550  -38.962292871590   -4.243741866985
              C     51.088990642020  -36.549307843795   -3.054194988341
              O     55.564769021317  -38.583526186912   -2.616269724093
              H     54.765097768622  -35.372961409657   -6.598794830769
              H     55.634179755222  -38.267659187840   -8.058291962889
              H     52.459705790940  -37.185054970682   -8.306309922738
              H     50.283114453020  -37.234844493276   -1.298520772406
              H     52.132967253632  -34.817479817506   -2.708089554462
              H     49.620890852373  -36.287057158395   -4.446278000884
$End
$Single_Point_Data
   &GeometryIndex 26
   &FinalEnergy [&Type "Double"]      -2.1301381806086999e+02  "Final single point energy"
   &Converged [&Type "Boolean"] true
$End
$Geometry
   &GeometryIndex 27
   &NAtoms [&Type "Integer"] 148
   &NCorelessECP [&Type "Integer"] 0
   &NGhostAtoms [&Type "Integer"] 0
   &CartesianCoordinates [&Type "Coordinates", &Dim(148,4), &Units "Bohr"] 
              C     61.696809084219  -26.943545772296    3.366563260235
              C     63.314516011777  -29.266955949478    2.985784760328
              C     58.854199410870  -27.068777884900    3.387769007678
              C     62.867650541777  -24.685317505050    3.657594259833
              C     61.801191331327  -31.650025911848    2.324708872896
              C     65.439881717959  -28.579126548184    1.134184150933
              C     57.662916931279  -29.656623194504    2.866080955737
              C     65.573311831703  -24.445453864018    3.463635648843
              C     61.523986287141  -22.204992702669    4.053183097935
              C     59.269769941233  -31.142166880867    0.996757455715
              C     67.097028033353  -26.573615726577    2.361069048282
              C     66.780574309263  -22.304372185349    4.196104054082
              C     62.809664630990  -20.644405161258    6.109691880383
              C     65.571715486243  -20.261535178757    5.516034456696
              O     66.728538678197  -18.367920930118    6.187590421470
              H     64.264273097448  -29.640238862992    4.795289457358
              C     59.530707882830  -29.652542299617   -1.470294295865
              C     63.039351840848  -33.660989722500    0.667485503968
              C     60.824037165764  -35.410269007310    0.013568590176
              C     58.336294964214  -33.862854352481    0.338223669436
              O     56.901460288448  -33.836407391984   -1.899696251514
              H     61.333765502111  -32.561993352119    4.122847347141
              C     56.762026137340  -35.157548558753    2.446237622481
              C     54.313019731863  -34.085427556611    2.803434980212
              N     52.311482618710  -33.337983161134    3.145413079797
              H     58.173718068052  -25.726865693862    1.968291919630
              H     58.154137143598  -26.393949914492    5.211947227976
              H     64.656079205483  -27.864208142001   -0.634465177760
              H     66.581910685016  -30.239287908436    0.716307270761
              H     55.750875880782  -29.375724139958    2.148117575739
              H     57.536352866054  -30.700996860534    4.638652872681
              H     59.540059269948  -22.465118182626    4.530612942941
              H     61.621708219215  -21.132367912184    2.284344205695
              H     68.452611568259  -25.798189430820    1.016451109169
              H     68.197294767339  -27.437117816832    3.887912756185
              H     68.779122440877  -22.069475344295    3.869215294795
              H     62.682488434990  -21.614355347112    7.934494968144
              H     61.904277449569  -18.804132832569    6.308782206002
              H     57.660202283000  -29.286775068603   -2.235865637289
              H     60.569232638070  -30.740688700983   -2.863932288183
              H     60.488133757176  -27.864952063630   -1.174537230603
              H     63.819491185582  -32.835199210229   -1.046385500355
              H     64.541305162542  -34.666599768897    1.651390049028
              H     60.807742385199  -37.043034656022    1.262000967034
              H     60.948455358345  -36.093101614959   -1.927372402848
              H     56.427670719575  -35.618173981196   -2.232373412093
              H     56.468988037871  -37.121017327573    1.868511420249
              H     57.755919598956  -35.127830424164    4.258804909906
              C     58.681648668353  -43.070548745022   -1.737965362664
              S     55.951967764628  -42.246417591796    0.236457265838
              C     56.590073428320  -44.761087910214    2.588719012923
              O     53.707766492712  -43.237243871333   -1.109585229122
              H     58.498558180176  -45.009122243087   -2.379310306966
              H     58.694304230191  -41.783797803500   -3.325985985956
              H     60.379926992117  -42.817984731293   -0.627920073600
              H     58.403928527507  -44.390525625434    3.468487368088
              H     55.091357085779  -44.691710109725    3.985518282851
              H     56.582798811132  -46.591414852892    1.670969582829
              C     59.039599594169  -34.193139715345   12.526617369365
              S     58.440290127371  -32.838149735231    9.402950697140
              C     55.023286694315  -33.506721191114    9.445281220898
              O     59.538140026814  -34.615294483527    7.551186832145
              H     58.090638112220  -33.009747818678   13.907868286885
              H     58.320158636740  -36.106791625863   12.590267056369
              H     61.070597100097  -34.134837830228   12.837069983074
              H     54.206844328516  -32.999286107038    7.636414744823
              H     54.774131471597  -35.509719728814    9.806400205332
              H     54.189782907941  -32.375178384915   10.934884910443
              C     73.572851536948  -24.359728391840    3.679212335688
              S     71.724204788154  -25.073647296044    6.547192628734
              C     73.472758144266  -22.865090745015    8.595043034324
              O     72.488281668007  -27.623572682912    7.334488496821
              H     73.109061039013  -22.451059205856    3.084536236616
              H     75.579624091363  -24.546281840901    4.092810899334
              H     73.020467143091  -25.723488380526    2.243858036942
              H     73.252570506769  -20.971998806733    7.845542845203
              H     72.650075385136  -22.969261791996   10.464475129925
              H     75.434199152150  -23.419047260311    8.678622809180
              C     69.490753582814  -14.251674987737    4.296415992061
              S     71.196100520797  -17.191828990287    4.955194470015
              C     74.343037420602  -15.602496142250    5.044599303550
              O     71.297414117306  -18.608325364250    2.548510777433
              H     67.590480144069  -14.776759493227    3.752346385599
              H     69.439710811738  -13.169441698702    6.035194638704
              H     70.416317262634  -13.184978044669    2.807287223778
              H     74.341485290195  -14.215066715737    6.548135210322
              H     75.766519532818  -17.028092121948    5.421168679228
              H     74.727371214458  -14.722279647865    3.234712496592
              C     57.953130399182  -43.043257012922    9.599292666499
              S     56.409531099604  -41.395545321308   12.221930243848
              C     53.902516116264  -43.753734737152   12.690956851755
              O     55.137674657682  -39.196099226084   11.048609480127
              H     58.852803307133  -44.735502909300   10.326029901421
              H     56.512949531306  -43.483409056852    8.216064313434
              H     59.347448204671  -41.775169481961    8.793790730573
              H     54.754775134402  -45.505577451436   13.317141991411
              H     52.609473793830  -43.052323728799   14.118364496882
              H     52.927385507308  -44.000814271937   10.901724031305
              C     66.664186640566  -28.020217137090    9.459942300794
              S     63.831611931580  -30.024527172211    9.850063074431
              C     61.727932295551  -27.290339634990   10.424725816247
              O     64.140266303877  -31.269082613557   12.302994652122
              H     67.110519221941  -27.183150223032   11.276707077814
              H     68.241329518133  -29.177402492181    8.839477565177
              H     66.261755438606  -26.569213144319    8.070802642205
              H     59.951822586079  -27.978274536160   11.177704458175
              H     62.594791620459  -26.000906012633   11.759367346376
              H     61.409857780001  -26.388733515872    8.613669966317
              C     47.877019889778  -42.790105355199   -2.825129744135
              S     48.428949475532  -42.689894172534   -6.251233833641
              C     51.200225933537  -44.778568034567   -6.173065564408
              O     49.430656758935  -40.131391429658   -6.774134868165
              H     49.642632671901  -42.308549794648   -1.893407700615
              H     46.406516929637  -41.439554105529   -2.346388040696
              H     47.280429785147  -44.689733212672   -2.331312846457
              H     50.546197964239  -46.710428572417   -6.379827419625
              H     52.423491479025  -44.281019120068   -7.737872725727
              H     52.157148933805  -44.519264974947   -4.374514540344
              C     67.559201615022  -15.821448620018   -1.995709185617
              S     66.506283255967  -18.509606673991   -0.042432331951
              C     68.265120346403  -20.871658312124   -1.895496255895
              O     63.819783061577  -18.886938665327   -0.673239768661
              H     69.602697961269  -15.744800123387   -1.851748069750
              H     66.954961571642  -16.106436700500   -3.932524583208
              H     66.711952680018  -14.111028275505   -1.246543896912
              H     68.353291924557  -20.359754691915   -3.874778995891
              H     70.132879166632  -20.943016788159   -1.045422391858
              H     67.300409185191  -22.660324005488   -1.666827265618
              C     50.099698764366  -38.640709827972    8.562596335855
              S     52.583865045307  -40.015990066492    6.565605322258
              C     50.728908380633  -39.679477786521    3.638685517374
              O     52.531473874824  -42.770018332774    7.076477799302
              H     49.716105173135  -36.753790169273    7.870613664371
              H     48.427172624090  -39.821792007327    8.483260675717
              H     50.828017332652  -38.554949099792   10.473891512302
              H     48.849645674622  -40.441025584331    3.928155778870
              H     50.659519975898  -37.687645796767    3.161412095342
              H     51.682014536698  -40.734291433370    2.161192781608
              C     54.058616077125  -37.260215177034   -7.133849235693
              S     53.222251512823  -38.980371329649   -4.250829713842
              C     51.085241051595  -36.564302966581   -3.017247647365
              O     55.566571571825  -38.624212726621   -2.660185803010
              H     54.724380717881  -35.395045094346   -6.621461530379
              H     55.548189256715  -38.289923278026   -8.085805535892
              H     52.377648554104  -37.181227275607   -8.300987596375
              H     50.308093161603  -37.257185034877   -1.255698197892
              H     52.149213898050  -34.845528413527   -2.674351635051
              H     49.596795514203  -36.283849386940   -4.381217230717
$End
$Single_Point_Data
   &GeometryIndex 27
   &FinalEnergy [&Type "Double"]      -2.1301468102630000e+02  "Final single point energy"
   &Converged [&Type "Boolean"] true
$End
$Geometry
   &GeometryIndex 28
   &NAtoms [&Type "Integer"] 148
   &NCorelessECP [&Type "Integer"] 0
   &NGhostAtoms [&Type "Integer"] 0
   &CartesianCoordinates [&Type "Coordinates", &Dim(148,4), &Units "Bohr"] 
              C     61.694204905924  -26.965777195749    3.363640989567
              C     63.309207540144  -29.290999578669    2.988456201230
              C     58.852542845908  -27.088549575288    3.389753062084
              C     62.868107354579  -24.708555325670    3.650333339603
              C     61.795703113402  -31.671264808248    2.328373132747
              C     65.430584082076  -28.606928298826    1.133568972201
              C     57.661036633619  -29.675251980936    2.874886530144
              C     65.572342372498  -24.465593236476    3.441595486425
              C     61.522970630095  -22.229309472526    4.039035164464
              C     59.267873038187  -31.157413517063    0.999973849213
              C     67.088980624909  -26.598664489942    2.352806033671
              C     66.777810888458  -22.319420060582    4.151624187617
              C     62.816113105695  -20.657313829142    6.084925285843
              C     65.576196835740  -20.277676163308    5.479599756115
              O     66.742662919869  -18.392888820296    6.160371968318
              H     64.255357684996  -29.662825550210    4.798322297477
              C     59.541101342125  -29.660185718161   -1.462208362312
              C     63.038468168962  -33.676859837768    0.668904330344
              C     60.824720704340  -35.422104290971    0.000084958145
              C     58.339798003352  -33.874263900993    0.336619894934
              O     56.901823323562  -33.833152420687   -1.892383809821
              H     61.326491493814  -32.580680580096    4.126194008775
              C     56.769229794076  -35.170336532332    2.444006108853
              C     54.312778159287  -34.105893395091    2.796171511762
              N     52.301087287473  -33.362541049967    3.136599110752
              H     58.173338883895  -25.750603448014    1.969119121155
              H     58.154268113218  -26.406526448200    5.213423473894
              H     64.640812712343  -27.899882819560   -0.636515156171
              H     66.573224395772  -30.266925190801    0.721489323565
              H     55.747494958899  -29.396495679004    2.161557574832
              H     57.542460750063  -30.719806288005    4.648489230534
              H     59.543653007934  -22.493663082479    4.531380242061
              H     61.609328973184  -21.163637487548    2.266101468225
              H     68.452034661712  -25.835646617042    1.009406209349
              H     68.176342454078  -27.460134159945    3.888762803492
              H     68.761268820720  -22.068429871080    3.776053649395
              H     62.699025471065  -21.618702676836    7.912730573477
              H     61.907392466165  -18.818784076834    6.281020391887
              H     57.674800309825  -29.285454314209   -2.232270425415
              H     60.582496800708  -30.743136574850   -2.858031520755
              H     60.499658208648  -27.873939127010   -1.152504943115
              H     63.823863857112  -32.846054705397   -1.040259722104
              H     64.537487528348  -34.685012682340    1.656307710881
              H     60.807226782750  -37.064571032229    1.238831961751
              H     60.947828331508  -36.094480472939   -1.944924157261
              H     56.436171138650  -35.609750411734   -2.234147011404
              H     56.479286511836  -37.137533378709    1.868710706712
              H     57.764168076019  -35.141139566369    4.257112834034
              C     58.661883962093  -43.094797338215   -1.719903050052
              S     55.929064361751  -42.246664319677    0.234557011037
              C     56.528375824978  -44.762957185126    2.589479642708
              O     53.685312851731  -43.220969102519   -1.123864663333
              H     58.456884540465  -45.020970422923   -2.378578347883
              H     58.714544301188  -41.790524678980   -3.300547454928
              H     60.351971685878  -42.877577148909   -0.579927584113
              H     58.349740260158  -44.424648629849    3.466543413754
              H     55.034353629949  -44.662200940516    3.992981804189
              H     56.485079799842  -46.592824755901    1.671902334754
              C     59.052428831998  -34.200031247107   12.535018618811
              S     58.449448800407  -32.841804847122    9.415974945222
              C     55.029705499744  -33.497434916275    9.463962337924
              O     59.539290711369  -34.617866402075    7.559339501437
              H     58.103318310457  -33.027304474069   13.921701147154
              H     58.340056069122  -36.120253941966   12.590329205331
              H     61.081554181989  -34.135018584925   12.842432582910
              H     54.214039720646  -32.984219360088    7.656411137542
              H     54.766031814941  -35.498800566169    9.823591226013
              H     54.202463872251  -32.363009462521   10.953740451921
              C     73.561336046726  -24.312998103625    3.689204182069
              S     71.741802593600  -25.105550468040    6.553467997931
              C     73.445352978053  -22.893600157265    8.639251704223
              O     72.569518473630  -27.652158443283    7.294993222071
              H     73.055580384814  -22.397783424716    3.119176776001
              H     75.565568767169  -24.469749459033    4.085043038468
              H     73.023432112879  -25.672169852505    2.239569795452
              H     73.165900339034  -20.988251021666    7.928795986570
              H     72.642481924716  -23.067193526697   10.516964162006
              H     75.432809645640  -23.394421385297    8.692098598925
              C     69.527492880170  -14.259401987812    4.317684301422
              S     71.221446512579  -17.212386989268    4.943721240800
              C     74.376533819170  -15.638917544568    5.041067029695
              O     71.304307647060  -18.608770079805    2.521729097459
              H     67.617199168826  -14.769353829610    3.789090605818
              H     69.503213750882  -13.184524851481    6.062476097103
              H     70.443292465928  -13.200177990113    2.821751714904
              H     74.392123706611  -14.268443674580    6.563260636736
              H     75.796434787013  -17.078990057048    5.391749449505
              H     74.754422575948  -14.737796800396    3.239133787169
              C     57.959282675135  -42.998601006920    9.572659411817
              S     56.421847595584  -41.378520461922   12.214653259669
              C     53.942417918478  -43.760832123336   12.682505906459
              O     55.121905440370  -39.184486447597   11.065315503519
              H     58.889968540608  -44.680658864844   10.282628890734
              H     56.507311350483  -43.451932829690    8.198257016436
              H     59.329669577816  -41.705909130771    8.759692659938
              H     54.815781216319  -45.510815954521   13.286959588849
              H     52.655742039890  -43.079543505903   14.127408470231
              H     52.954381061645  -44.001628818417   10.897495736697
              C     66.671286647827  -27.994172296910    9.464406167137
              S     63.841073776773  -30.000363909788    9.863488394972
              C     61.733446754458  -27.266166223427   10.425870654002
              O     64.145963260647  -31.242184336384   12.321478857467
              H     67.115006669426  -27.148836918154   11.277549399587
              H     68.247990970883  -29.153167709948    8.853801063209
              H     66.266842411335  -26.552343095742    8.065153464041
              H     59.957054017637  -27.954950137473   11.179714904244
              H     62.597897927185  -25.969877206148   11.755755185868
              H     61.414584201665  -26.371049464125    8.613220121071
              C     47.879436864415  -42.762486827725   -2.857755724388
              S     48.441996041414  -42.720374813598   -6.279309848038
              C     51.175935991715  -44.848956527699   -6.156208454251
              O     49.490262512287  -40.187230546891   -6.828182596470
              H     49.638022337128  -42.280667356709   -1.921729618116
              H     46.421455045737  -41.393860521833   -2.414703061180
              H     47.262931258052  -44.643953795689   -2.338912906862
              H     50.486706403233  -46.773541995682   -6.326636157762
              H     52.409233865632  -44.399208149205   -7.728303905151
              H     52.135113350640  -44.569394534254   -4.363947298261
              C     67.549049818404  -15.747053963205   -1.990286369228
              S     66.494484869018  -18.427409807620   -0.017760368166
              C     68.201501270346  -20.810466261949   -1.891522394253
              O     63.798595342849  -18.773985766120   -0.621122612582
              H     69.592376684391  -15.693144983556   -1.897335577637
              H     66.896537965466  -16.013904631315   -3.916012777447
              H     66.748755120131  -14.021308196668   -1.223192729526
              H     68.246186988223  -20.309140481981   -3.875207891111
              H     70.088041952634  -20.892212888044   -1.092526117187
              H     67.238813244395  -22.601662438916   -1.626552173737
              C     50.074282437308  -38.643538768416    8.616281589418
              S     52.565346343062  -39.999019742934    6.608399070023
              C     50.711789281309  -39.657288605880    3.678100747056
              O     52.526907200286  -42.756389932912    7.099536080158
              H     49.675133301484  -36.757079204777    7.926705953239
              H     48.409953364281  -39.837230881313    8.539987045110
              H     50.804489569807  -38.551388765830   10.529947606994
              H     48.838123641319  -40.435771387041    3.957329858697
              H     50.629260653512  -37.664505256753    3.216081905786
              H     51.677817959849  -40.691671739889    2.195795426759
              C     54.115163386641  -37.258664112016   -7.158596107927
              S     53.257592873027  -38.975707329556   -4.287051228334
              C     51.118966677274  -36.558009103985   -3.078610292146
              O     55.581329363610  -38.612331694193   -2.681130900773
              H     54.768210195028  -35.387171754940   -6.640932472595
              H     55.617958612452  -38.289578142483   -8.093813745053
              H     52.452118608679  -37.190728195190   -8.344746431272
              H     50.371359540837  -37.221425334141   -1.289692471137
              H     52.176856244353  -34.828126849846   -2.787874879053
              H     49.605891578227  -36.322534368838   -4.439147355136
$End
$Single_Point_Data
   &GeometryIndex 28
   &FinalEnergy [&Type "Double"]      -2.1301526700901999e+02  "Final single point energy"
   &Converged [&Type "Boolean"] true
$End
$Geometry
   &GeometryIndex 29
   &NAtoms [&Type "Integer"] 148
   &NCorelessECP [&Type "Integer"] 0
   &NGhostAtoms [&Type "Integer"] 0
   &CartesianCoordinates [&Type "Coordinates", &Dim(148,4), &Units "Bohr"] 
              C     61.709310976643  -26.987266266366    3.332113768570
              C     63.321765417242  -29.316645149206    2.973923891459
              C     58.866880544519  -27.107947016323    3.352019473873
              C     62.885689436655  -24.730077313648    3.614353577429
              C     61.807160581053  -31.695697472203    2.304517643638
              C     65.459963499255  -28.640668026565    1.135386293282
              C     57.674376959803  -29.694685239488    2.839049227665
              C     65.593147652285  -24.482595392304    3.412922981562
              C     61.533326254386  -22.251408127079    3.986509351715
              C     59.283068294744  -31.183024791595    0.968978505496
              C     67.113680692687  -26.630104108095    2.355071784891
              C     66.787133834306  -22.324578635556    4.110580072917
              C     62.814237363434  -20.672884501534    6.035005168734
              C     65.574906646965  -20.285905762178    5.436989501698
              O     66.730479473493  -18.397118509039    6.126928641236
              H     64.248488929551  -29.690000286901    4.794919244352
              C     59.561642491285  -29.696601639495   -1.497387931684
              C     63.052830534227  -33.702969458883    0.648235762794
              C     60.839619701425  -35.446106634444   -0.029336966967
              C     58.355050908046  -33.900079338405    0.311154277949
              O     56.912786964409  -33.859881068318   -1.913019586125
              H     61.330145329595  -32.604149058792    4.100954329962
              C     56.786145607786  -35.192922125924    2.422481329748
              C     54.333219554570  -34.122254765395    2.775547498981
              N     52.323850691358  -33.374296698819    3.113944393181
              H     58.191868811545  -25.771514356998    1.928759756465
              H     58.164326295998  -26.422544302052    5.173176387414
              H     64.686293990896  -27.943039626788   -0.643276309961
              H     66.605274309276  -30.304076120288    0.739819982457
              H     55.762296342322  -29.418078077090    2.122259125394
              H     57.552244038470  -30.736027012750    4.613822013585
              H     59.554244935723  -22.518937238779    4.476492154730
              H     61.624908520299  -21.188697978162    2.212687349915
              H     68.501899845269  -25.890296076141    1.021654625679
              H     68.173384458452  -27.486838495111    3.912213163831
              H     68.769056149669  -22.065857577475    3.739055517748
              H     62.698162863427  -21.633770456539    7.863951755850
              H     61.896290572387  -18.838515178922    6.227197134622
              H     57.698172309668  -29.326540152979   -2.274387684844
              H     60.609685823307  -30.782669983900   -2.886003909260
              H     60.516697981700  -27.908984025547   -1.188664875813
              H     63.846300008714  -32.872800136762   -1.059321761427
              H     64.546948905126  -34.713739830536    1.640825045252
              H     60.821656932188  -37.092395733767    1.203226265521
              H     60.962536247576  -36.113263369577   -1.973075680738
              H     56.448854075661  -35.635143607398   -2.256424353735
              H     56.488377525275  -37.160949588944    1.848331333714
              H     57.784794196038  -35.163949755891    4.232714801655
              C     58.625426443570  -43.134616035283   -1.754771305939
              S     55.912378556272  -42.246710283593    0.210943426731
              C     56.491737378507  -44.762822971078    2.570138310010
              O     53.650896926406  -43.197877516775   -1.137178593089
              H     58.394028959815  -45.064493205301   -2.398457440540
              H     58.675438526462  -41.843979429850   -3.341487516696
              H     60.325945706100  -42.927328135188   -0.633580805364
              H     58.318195845964  -44.445474774374    3.440607144071
              H     55.005881875761  -44.639348892680    3.980249328813
              H     56.424479211222  -46.594847181002    1.658369409541
              C     59.054988402365  -34.200234534449   12.516150599115
              S     58.454194841183  -32.847003310406    9.395019225393
              C     55.035913061019  -33.506874040518    9.445050446125
              O     59.548090379468  -34.625118123063    7.542115132712
              H     58.091387413892  -33.039944488967   13.901424173974
              H     58.358214054175  -36.127214531595   12.561358686008
              H     61.080113671732  -34.122051222962   12.833493538144
              H     54.219324444741  -33.004240457248    7.633665812238
              H     54.769695721161  -35.506922951513    9.814380452462
              H     54.206855198200  -32.363983321009   10.927753738303
              C     73.585468277018  -24.280508335717    3.770676498561
              S     71.729550819144  -25.090407412452    6.606640848039
              C     73.369815144890  -22.859197658969    8.718637082930
              O     72.576129050745  -27.625276737036    7.368881813502
              H     73.070402198876  -22.379790217409    3.187114904443
              H     75.582772928045  -24.415188391051    4.192594652154
              H     73.086628823330  -25.642620750350    2.321519133265
              H     73.029367981181  -20.954838879966    8.030444632244
              H     72.576106337774  -23.088243746580   10.597925009681
              H     75.378221973747  -23.295904769334    8.759455366829
              C     69.516585156341  -14.245710415471    4.313942611322
              S     71.201248267316  -17.195021443927    4.974395404896
              C     74.351608218273  -15.621736571262    5.106318296983
              O     71.316886514026  -18.603243722447    2.562585406791
              H     67.604572472612  -14.754391542588    3.789292168616
              H     69.495448114860  -13.148013681224    6.042089230347
              H     70.437902777755  -13.217546252862    2.801304563662
              H     74.351524121316  -14.255334760320    6.629935857813
              H     75.765755242517  -17.062012463766    5.469661205174
              H     74.750583030530  -14.717408542247    3.311259306759
              C     58.012795893638  -42.937170150311    9.525052834758
              S     56.473107361357  -41.359188819312   12.190771628824
              C     54.041591703489  -43.786791600088   12.669699879992
              O     55.123140387193  -39.183167697502   11.064100921300
              H     58.968861969745  -44.612555537183   10.212684741615
              H     56.561159796805  -43.400499648069    8.155820349713
              H     59.357960682552  -41.619109632402    8.715607538779
              H     54.950548195874  -45.530355361108   13.244887403529
              H     52.763534020606  -43.138076507673   14.138088951463
              H     53.033184579749  -44.023416978096   10.895539873879
              C     66.658240607828  -27.958870989035    9.474041458104
              S     63.826180117921  -29.962833105887    9.871651721927
              C     61.709418015828  -27.228387568031   10.401525794948
              O     64.116484874781  -31.187235124953   12.340512598650
              H     67.096418761280  -27.102957744047   11.282866178718
              H     68.236987621053  -29.120940056069    8.880484427347
              H     66.263554644431  -26.526319329672    8.063224288669
              H     59.930672776410  -27.922503365780   11.147577303203
              H     62.560398633655  -25.923600184846   11.731163360649
              H     61.402673606654  -26.342049890722    8.582245400813
              C     47.836243695706  -42.709362989393   -2.804286728200
              S     48.370376821660  -42.686394286399   -6.231330308703
              C     51.086316094957  -44.841737798343   -6.124710949520
              O     49.431121027644  -40.165178309850   -6.803432704670
              H     49.602058794693  -42.238712256468   -1.878343737270
              H     46.390348526060  -41.328091691017   -2.358378121671
              H     47.208009220481  -44.582426887691   -2.273986156157
              H     50.374704188165  -46.759396933769   -6.274306627866
              H     52.303996797362  -44.415282925084   -7.715676845698
              H     52.070611119122  -44.560241693171   -4.346170546588
              C     67.605033257648  -15.729928181762   -2.011522347757
              S     66.523248303346  -18.380299311169   -0.015015582718
              C     68.212245154395  -20.799157872041   -1.858697431351
              O     63.831236701668  -18.704109271454   -0.625648298438
              H     69.647924934129  -15.685587490018   -1.913848968280
              H     66.960216120825  -16.011095008176   -3.936166109513
              H     66.812993688129  -13.989263398991   -1.271603770871
              H     68.250514157419  -20.338740207676   -3.853270619799
              H     70.105760910362  -20.869093692924   -1.075820658493
              H     67.239412094334  -22.580213060948   -1.564324285542
              C     50.061150580433  -38.672167333467    8.658925903483
              S     52.561488251256  -39.995932452455    6.639730953517
              C     50.703673194942  -39.654338476742    3.710022381249
              O     52.547753722332  -42.755725839176    7.114681810527
              H     49.643341203072  -36.786118058616    7.981374054485
              H     48.409333260588  -39.881937994946    8.577817636596
              H     50.791286225216  -38.582969110259   10.571962719255
              H     48.838917746608  -40.457968862674    3.980739024468
              H     50.597806503076  -37.658904280447    3.263840847412
              H     51.684474269714  -40.665373444565    2.221011190030
              C     54.077577460643  -37.245579851030   -7.156323963680
              S     53.252323752484  -38.984264398394   -4.286272307292
              C     51.133528439054  -36.568981215838   -3.032659652907
              O     55.597139979964  -38.632449129697   -2.706490165508
              H     54.736624477478  -35.376562016760   -6.634689362591
              H     55.572073168851  -38.274662336798   -8.113197880619
              H     52.404224125143  -37.169061297569   -8.325612490261
              H     50.402398578074  -37.243770657829   -1.240452967260
              H     52.200664517807  -34.845654775655   -2.741658581657
              H     49.612054628857  -36.316701952648   -4.374699331159
$End
$Single_Point_Data
   &GeometryIndex 29
   &FinalEnergy [&Type "Double"]      -2.1301575747375000e+02  "Final single point energy"
   &Converged [&Type "Boolean"] true
$End
$Geometry
   &GeometryIndex 30
   &NAtoms [&Type "Integer"] 148
   &NCorelessECP [&Type "Integer"] 0
   &NGhostAtoms [&Type "Integer"] 0
   &CartesianCoordinates [&Type "Coordinates", &Dim(148,4), &Units "Bohr"] 
              C     61.722789197665  -27.013677513316    3.300303447534
              C     63.331280543591  -29.347468882704    2.954525180806
              C     58.880314533074  -27.131687649501    3.315884467311
              C     62.902996408146  -24.759060421689    3.576371207217
              C     61.816074030962  -31.722760225712    2.274139039838
              C     65.484002231208  -28.681678124462    1.131237178395
              C     57.684110215403  -29.713175785853    2.794392211865
              C     65.612304186935  -24.505474034947    3.376009687701
              C     61.543464711633  -22.281960518814    3.941232270415
              C     59.297251738158  -31.208190696500    0.932047364832
              C     67.133169921733  -26.667286632789    2.347045424773
              C     66.793492717617  -22.332983935298    4.055238301989
              C     62.817001342331  -20.703455054544    5.993127202755
              C     65.575120932871  -20.307072118155    5.398691442604
              O     66.719059277508  -18.422211050118    6.112698782330
              H     64.236842492559  -29.728356259805    4.785324514295
              C     59.585208230802  -29.726277425337   -1.536195744457
              C     63.066692245687  -33.732833631521    0.625533307252
              C     60.853972380921  -35.471042226801   -0.065394982662
              C     58.369853682995  -33.926001793741    0.277936403348
              O     56.927115826138  -33.885607479173   -1.943390066122
              H     61.330259450066  -32.629845086351    4.069935720717
              C     56.800376543769  -35.219427945491    2.393962050101
              C     54.353169814089  -34.137386637793    2.754776750687
              N     52.350434137786  -33.380238568294    3.090752918142
              H     58.207533254184  -25.789262058219    1.896889861130
              H     58.177389032320  -26.451226416161    5.138272351376
              H     64.724504665048  -27.996258229850   -0.656070546697
              H     66.632823979153  -30.347204276444    0.754695285752
              H     55.776048101763  -29.432608180219    2.067110954732
              H     57.549657492482  -30.755858954199    4.566870398231
              H     59.567075087504  -22.555085255378    4.435238022438
              H     61.635623618916  -21.217298624227    2.169687453612
              H     68.540825292104  -25.960010461224    1.019339965482
              H     68.166868667296  -27.516602857901    3.923915966991
              H     68.777925078986  -22.069580871497    3.693433179750
              H     62.708264966152  -21.669551718440    7.822279787927
              H     61.888765864823  -18.872638113780    6.189681891884
              H     57.722410028204  -29.342261879541   -2.312851692494
              H     60.622946826911  -30.821623728056   -2.925167239805
              H     60.552522567526  -27.945447583110   -1.227387894994
              H     63.875517045173  -32.905466264023   -1.076545230547
              H     64.551202627094  -34.747579424503    1.628015996260
              H     60.832830660308  -37.122968075009    1.160689934241
              H     60.977266610321  -36.131887702278   -2.010142738166
              H     56.467292250560  -35.659673181976   -2.287610106672
              H     56.488798035608  -37.186517726129    1.818348406886
              H     57.804691930080  -35.194359650196    4.200992431541
              C     58.569062382029  -43.197610367294   -1.770268578925
              S     55.869275704395  -42.256042039588    0.194653219489
              C     56.406677435523  -44.769261335784    2.565536321287
              O     53.595938378917  -43.180473312132   -1.153850983820
              H     58.299490595885  -45.127814444182   -2.404855317227
              H     58.629864953549  -41.917384667983   -3.365206470727
              H     60.278849367475  -43.015708349813   -0.656569641815
              H     58.237955949604  -44.486951435118    3.431859432725
              H     54.930536773110  -44.607532698811    3.979041548561
              H     56.302604300687  -46.604632228647    1.666436307882
              C     59.057786757656  -34.206303746941   12.498537980000
              S     58.458367861571  -32.852838417716    9.376657724606
              C     55.039760198763  -33.507883654254    9.433383770446
              O     59.550328561308  -34.633034178387    7.525435821898
              H     58.078316560586  -33.060089401498   13.884570670296
              H     58.377420984787  -36.137458147229   12.529008984755
              H     61.079592724663  -34.117329936326   12.827304670374
              H     54.221547493040  -33.008403445336    7.620694915458
              H     54.760956824793  -35.504734194398    9.811130790519
              H     54.214182563442  -32.354838243463   10.911378904146
              C     73.620846448019  -24.229912039359    3.839603992721
              S     71.719715374005  -25.060010100204    6.639779326758
              C     73.286520537125  -22.803750695969    8.773188998753
              O     72.582321776148  -27.580920715210    7.433409177619
              H     73.092035985033  -22.344526281520    3.242529690377
              H     75.612383265644  -24.337166187882    4.293105730309
              H     73.167484535994  -25.597613160024    2.388843940919
              H     72.907247917069  -20.915488933687    8.079465102963
              H     72.469982979442  -23.052273104479   10.638243665584
              H     75.294649432106  -23.189658821595    8.849147770291
              C     69.523494342843  -14.240507837955    4.332059927783
              S     71.198939194064  -17.191992127871    5.006828166959
              C     74.346907495100  -15.621162954746    5.189828452116
              O     71.345587984583  -18.592981945933    2.592912460583
              H     67.603113964851  -14.740047126987    3.825742211337
              H     69.526452953456  -13.119905549909    6.044835314410
              H     70.443901844705  -13.253708286364    2.792372071617
              H     74.330512303720  -14.271887248407    6.729092297897
              H     75.755818520688  -17.065690776559    5.551663105781
              H     74.767720683940  -14.696385729654    3.412237923470
              C     58.082599481639  -42.830758834104    9.457991987116
              S     56.537496292121  -41.324026408726   12.162050240959
              C     54.174685633580  -43.815829555444   12.651768328561
              O     55.114129580830  -39.174700757627   11.074904919427
              H     59.084591847695  -44.491281240281   10.112777525269
              H     56.632053082923  -43.318409314938    8.097928635479
              H     59.383897247754  -41.469345227972    8.652618000679
              H     55.131328389665  -45.548270406266   13.182023609106
              H     52.914946658864  -43.213831794471   14.154348296056
              H     53.133724162003  -44.043288380489   10.897340607601
              C     66.648999571323  -27.919095549620    9.485510899343
              S     63.815210925006  -29.921046896549    9.880025091697
              C     61.684069624307  -27.189581603696   10.372115344537
              O     64.087526038619  -31.120702747083   12.363185904810
              H     67.081952823625  -27.051599242308   11.290627354014
              H     68.233724097865  -29.087362318681    8.911163951960
              H     66.264462772279  -26.497874177532    8.062695099809
              H     59.906898768703  -27.893500325716   11.109162846770
              H     62.517881099099  -25.875140329179   11.702982849974
              H     61.390473687448  -26.311436880082    8.547807146830
              C     47.783001840665  -42.674489106683   -2.771704778298
              S     48.315759748936  -42.666121288612   -6.198354802767
              C     50.997172373077  -44.867634783482   -6.099656248424
              O     49.414581402325  -40.166183084165   -6.783135950458
              H     49.554778202333  -42.219762274789   -1.848319039126
              H     46.349254687063  -41.276160077208   -2.331132534556
              H     47.135137952337  -44.542007059213   -2.236160910547
              H     50.251102368332  -46.772107454144   -6.232154061440
              H     52.205854231806  -44.469100630031   -7.704188969343
              H     52.003955924103  -44.592281324240   -4.333590412374
              C     67.657400584304  -15.683280301641   -2.001786280504
              S     66.563399482914  -18.319190144157    0.007009465087
              C     68.217473071196  -20.760418193415   -1.839696937455
              O     63.860013790752  -18.622850067476   -0.579065835187
              H     69.700330657384  -15.642897879115   -1.918461770378
              H     67.003607026364  -15.967329165324   -3.922102881408
              H     66.879566745457  -13.932649802585   -1.268903282257
              H     68.221909321813  -20.326161128096   -3.840795055300
              H     70.125890826834  -20.835887667724   -1.102161355477
              H     67.238850990186  -22.528773612524   -1.517517759184
              C     50.030071804188  -38.697822071372    8.729554307685
              S     52.545638017689  -39.973543679749    6.697375050599
              C     50.684371449710  -39.629293221249    3.770834620130
              O     52.560999880288  -42.737195796315    7.146642794511
              H     49.582687767144  -36.813181300979    8.067699833366
              H     48.397413926449  -39.932874132332    8.641820404705
              H     50.759019091889  -38.613241031914   10.641105227214
              H     48.830976269176  -40.465607330088    4.028350781964
              H     50.547037773059  -37.630592606714    3.344545383414
              H     51.683713318783  -40.611772428459    2.273806386817
              C     54.072508504540  -37.247673416989   -7.164727729519
              S     53.263645124901  -39.000936566956   -4.301263213244
              C     51.154923545286  -36.590508481430   -3.018188951636
              O     55.620087141127  -38.656015398403   -2.740633383665
              H     54.761007524855  -35.393530619249   -6.638699170803
              H     55.540067568415  -38.294280184817   -8.141501154722
              H     52.391014187382  -37.140728506897   -8.319163064415
              H     50.456492908785  -37.260030375925   -1.212577370663
              H     52.221102488550  -34.860540296001   -2.755320030163
              H     49.608301799341  -36.351664531969   -4.336602374570
$End
$Single_Point_Data
   &GeometryIndex 30
   &FinalEnergy [&Type "Double"]      -2.1301628726352001e+02  "Final single point energy"
   &Converged [&Type "Boolean"] true
$End
$Geometry
   &GeometryIndex 31
   &NAtoms [&Type "Integer"] 148
   &NCorelessECP [&Type "Integer"] 0
   &NGhostAtoms [&Type "Integer"] 0
   &CartesianCoordinates [&Type "Coordinates", &Dim(148,4), &Units "Bohr"] 
              C     61.750375344478  -27.046413008510    3.262359056789
              C     63.361304406796  -29.383056445918    2.938009362006
              C     58.908036040518  -27.166300115242    3.261747080463
              C     62.928415696498  -24.790148406798    3.536448121385
              C     61.849830137057  -31.758831135156    2.241489444990
              C     65.537962339345  -28.721707309856    1.141201609107
              C     57.714868411529  -29.747494212402    2.731219176061
              C     65.639291132236  -24.528000966711    3.356610601051
              C     61.557541756272  -22.315367446905    3.883291793462
              C     59.339021323377  -31.245494413686    0.881793888834
              C     67.171111143050  -26.698477517262    2.368551485406
              C     66.805432993648  -22.344357820305    4.022978275702
              C     62.813669140411  -20.731855782914    5.940724900248
              C     65.572396270688  -20.323673076010    5.358799931919
              O     66.698727616858  -18.432693511363    6.082494843187
              H     64.237817087349  -29.767309803945    4.782933893942
              C     59.644585588962  -29.765807380976   -1.585734028296
              C     63.111280967071  -33.771145814757    0.604309746003
              C     60.903224149602  -35.505508447528   -0.114527100237
              C     58.414705948545  -33.966824831711    0.223136771152
              O     56.972151661830  -33.935117098666   -2.001566700577
              H     61.349805582724  -32.664064371872    4.034995931143
              C     56.845801007228  -35.262101533001    2.339831226002
              C     54.396391717032  -34.181267247639    2.700078759575
              N     52.391476620171  -33.423888237090    3.030405006161
              H     58.240525214098  -25.821226078824    1.841914183629
              H     58.197029591166  -26.488912469991    5.082163994605
              H     64.800373865010  -28.046695329279   -0.659549181578
              H     66.697407649704  -30.385331602733    0.789267946237
              H     55.812833042647  -29.468512411763    1.989106297365
              H     57.568348686860  -30.790885071517    4.502198177275
              H     59.579762283459  -22.595182579753    4.365321670268
              H     61.661470939076  -21.253015965715    2.111520971676
              H     68.607068670570  -26.015453824347    1.056132941546
              H     68.174422518165  -27.539487483096    3.970582333036
              H     68.792971663423  -22.080378819280    3.681249637533
              H     62.702708320900  -21.695249719814    7.769620449853
              H     61.875096375526  -18.907686892728    6.134246783340
              H     57.786958537789  -29.376683056096   -2.371860523898
              H     60.685576643322  -30.863634402261   -2.969194933051
              H     60.614371813743  -27.986793453171   -1.269450864805
              H     63.943778653584  -32.943246564091   -1.084868956501
              H     64.581257425884  -34.789603408946    1.623896808651
              H     60.874460346375  -37.166401644101    1.101368918975
              H     61.035340891835  -36.153569537174   -2.064172288108
              H     56.509430267486  -35.712520796246   -2.346375804096
              H     56.532604394196  -37.229950300629    1.765852732767
              H     57.849933178469  -35.236590516030    4.146443136937
              C     58.485888303411  -43.302294062508   -1.837377691179
              S     55.844015019732  -42.278364478503    0.158438162428
              C     56.352212672189  -44.782899105149    2.543678533359
              O     53.526118347621  -43.151801233049   -1.154423874628
              H     58.153230027381  -45.227626037581   -2.454146308685
              H     58.554469886534  -42.030984080225   -3.436605556868
              H     60.210751224939  -43.162065714027   -0.750260834264
              H     58.191550134155  -44.522560180457    3.405818432776
              H     54.884561921225  -44.590136044625    3.963067016412
              H     56.216878625023  -46.622547302019    1.656081947994
              C     59.051997106263  -34.211141495684   12.468396132702
              S     58.464507463907  -32.864340316181    9.341101844040
              C     55.046522723718  -33.523548539181    9.388691946767
              O     59.564127230111  -34.646747821202    7.496758077771
              H     58.047402982962  -33.081209502083   13.849672354062
              H     58.392240898836  -36.148100724276   12.486698090988
              H     61.069068350724  -34.105730337995   12.816166888999
              H     54.234416433760  -33.032648730496    7.569999225983
              H     54.760687690644  -35.516681890275    9.783453419384
              H     54.214004926071  -32.358521412824   10.854581007766
              C     73.652927788216  -24.140727790491    3.985733633099
              S     71.692062544427  -25.015470496596    6.732578132998
              C     73.155726288572  -22.731754233187    8.909643213886
              O     72.578454517181  -27.522217792921    7.544558797249
              H     73.100628986511  -22.264236833754    3.378504289142
              H     75.637465125392  -24.211236386032    4.485487578940
              H     73.260390510476  -25.516947452665    2.520167083279
              H     72.693742980150  -20.854933425632    8.235639295476
              H     72.343568156204  -23.044678242953   10.767797677750
              H     75.182225409553  -23.031449595661    8.985211502911
              C     69.514029958196  -14.223290306900    4.310219881960
              S     71.176802217844  -17.172679598086    5.024024075178
              C     74.318212109295  -15.596867888544    5.267579342312
              O     71.372103951635  -18.580785609873    2.617253666061
              H     67.586253191177  -14.716632937128    3.831245862772
              H     69.542493528447  -13.068261821706    5.998278146142
              H     70.433651680976  -13.281837720004    2.741545663403
              H     74.270972641560  -14.257771772693    6.814137029718
              H     75.722772301923  -17.040258950325    5.645587029730
              H     74.770659328255  -14.660216274976    3.505325445408
              C     58.170404108281  -42.727618909961    9.385161362673
              S     56.612475862159  -41.292907174878   12.122533789937
              C     54.330732900517  -43.857283971204   12.623605686798
              O     55.111477949823  -39.176125425639   11.075283451157
              H     59.217842919106  -44.371589146338   10.011258829471
              H     56.720648212028  -43.234324482707    8.030083954553
              H     59.431395692730  -41.323753035703    8.584858356244
              H     55.341815747931  -45.571618871516   13.110152040137
              H     53.090635354066  -43.306798537571   14.162160205935
              H     53.259855247142  -44.082120787331   10.885753643618
              C     66.623435173792  -27.870927132998    9.518963093167
              S     63.789731774424  -29.875035468323    9.892881978361
              C     61.638448360456  -27.149937636104   10.333778304453
              O     64.031941459594  -31.048829179916   12.391007961976
              H     67.040478549749  -26.990277333424   11.320794039032
              H     68.215802223110  -29.043179552652    8.973357906217
              H     66.253430003758  -26.463184729354    8.080788768315
              H     59.859634715021  -27.865504421240   11.053534248471
              H     62.446841349159  -25.822985666524   11.668011864452
              H     61.365915567171  -26.281347024349    8.501989761909
              C     47.698456735513  -42.556568740761   -2.667446947570
              S     48.179460529949  -42.593566786037   -6.101072986559
              C     50.802316713791  -44.865726525874   -6.022185598705
              O     49.331278570079  -40.128727907844   -6.728759383242
              H     49.490682327840  -42.141054352045   -1.765140817379
              H     46.305661591212  -41.121295375442   -2.222219221356
              H     47.010821489892  -44.401559678828   -2.111074588651
              H     49.999796677835  -46.748459983740   -6.111490693067
              H     51.983674200069  -44.522390737245   -7.659783043248
              H     51.857679660137  -44.595943297120   -4.282744687166
              C     67.718545752816  -15.660504708226   -2.025134046408
              S     66.607072789371  -18.280228884932   -0.002435521639
              C     68.241937063586  -20.738699746695   -1.837790120257
              O     63.905133877565  -18.573415136839   -0.590757761527
              H     69.762494592801  -15.620801529964   -1.929825594885
              H     67.077989894583  -15.953365037348   -3.947461406535
              H     66.934498832154  -13.906141211925   -1.308187800152
              H     68.203863105324  -20.327996765884   -3.843718591166
              H     70.163014376164  -20.811346458176   -1.137881440624
              H     67.270300523003  -22.505576185443   -1.475886571879
              C     50.014777525790  -38.742286690736    8.774126450679
              S     52.551566110887  -39.966034519989    6.734713826956
              C     50.693455323601  -39.612863486013    3.807900902166
              O     52.599210968718  -42.734484654319    7.155752089980
              H     49.541438179909  -36.858951727389    8.124375271575
              H     48.398966643275  -39.998875675644    8.673015733226
              H     50.736400665494  -38.662739962413   10.689095135454
              H     48.851053543905  -40.477281440983    4.048561744361
              H     50.530876942007  -37.611330193048    3.402763480917
              H     51.710115683169  -40.565668013243    2.303157928675
              C     54.006185093833  -37.243169775942   -7.174965984211
              S     53.252154958986  -39.019240055274   -4.305670147129
              C     51.186538349502  -36.605299291426   -2.952544864888
              O     55.655188306628  -38.708896092183   -2.797705433017
              H     54.719614918807  -35.397761178685   -6.649932697749
              H     55.443851080101  -38.295340922368   -8.191787907857
              H     52.299553240127  -37.113301030528   -8.293014545301
              H     50.503955796682  -37.284656861956   -1.144378327617
              H     52.270469802175  -34.887055699938   -2.688340531262
              H     49.628321642514  -36.331367001031   -4.241540713873
$End
$Single_Point_Data
   &GeometryIndex 31
   &FinalEnergy [&Type "Double"]      -2.1301672404496000e+02  "Final single point energy"
   &Converged [&Type "Boolean"] true
$End
$Geometry
   &GeometryIndex 32
   &NAtoms [&Type "Integer"] 148
   &NCorelessECP [&Type "Integer"] 0
   &NGhostAtoms [&Type "Integer"] 0
   &CartesianCoordinates [&Type "Coordinates", &Dim(148,4), &Units "Bohr"] 
              C     61.763709728651  -27.073200729742    3.246896834277
              C     63.376164253493  -29.410701925092    2.932359621177
              C     58.921738602048  -27.195915707352    3.244665693771
              C     62.939757916525  -24.815141670783    3.517829243474
              C     61.866468322626  -31.786795323637    2.227970431992
              C     65.562100406297  -28.752673194140    1.147780276056
              C     57.731572880454  -29.776631414727    2.706401888607
              C     65.651209972222  -24.546978437920    3.346619122294
              C     61.562062836766  -22.342546090856    3.861441021790
              C     59.361569574333  -31.271542777142    0.861339636767
              C     67.186620205100  -26.722737595662    2.380308711396
              C     66.813127038646  -22.359373298342    4.012008019626
              C     62.813578085325  -20.763129960636    5.924057236120
              C     65.572120110501  -20.342549040126    5.344845269210
              O     66.683262643335  -18.447235939852    6.082181720913
              H     64.236784874717  -29.801289079953    4.782524829189
              C     59.671795114337  -29.792261215230   -1.604221521498
              C     63.133769746473  -33.799491217345    0.594618275055
              C     60.927672574918  -35.528187169090   -0.138802494351
              C     58.440255650593  -33.987125691664    0.196476414789
              O     57.000085506737  -33.947457079731   -2.027042972110
              H     61.357154410776  -32.690206450063    4.018876421756
              C     56.866776360006  -35.282106891739    2.308382419570
              C     54.422146887652  -34.195345584045    2.674570959775
              N     52.420729241448  -33.430973743562    2.998887993070
              H     58.251733987533  -25.845611637519    1.830355697630
              H     58.211310265694  -26.528105735133    5.068703109608
              H     64.832655338195  -28.082314229195   -0.658966700699
              H     66.728042332782  -30.412490502626    0.807908502081
              H     55.831859904060  -29.496690030240    1.957431005388
              H     57.581063920373  -30.822103877086    4.476140094215
              H     59.583733807285  -22.628517841878    4.337076325043
              H     61.670808883860  -21.279847103602    2.090435126031
              H     68.633042931287  -26.057833456643    1.067702775406
              H     68.180572875224  -27.556124215037    3.992125345350
              H     68.803215313338  -22.099134811997    3.678122336890
              H     62.706724044600  -21.731081651250    7.750012817460
              H     61.870618924597  -18.942658115607    6.127300535864
              H     57.816690975175  -29.419757409032   -2.401779378515
              H     60.729673004254  -30.882349366522   -2.981109021719
              H     60.623779809220  -28.004642824449   -1.281550356505
              H     63.977339024499  -32.968123415804   -1.088149055022
              H     64.595533730463  -34.820342768152    1.622642758324
              H     60.891635429117  -37.193487797579    1.072326918733
              H     61.063593390022  -36.170153743945   -2.091517711768
              H     56.531276556930  -35.720789656986   -2.370319838344
              H     56.548998248527  -37.246722415842    1.729104825734
              H     57.873724503415  -35.264681698999    4.113873450908
              C     58.424023818582  -43.346422021339   -1.856721560148
              S     55.802208436172  -42.286376597956    0.151921294645
              C     56.293339749597  -44.787403734932    2.543975466950
              O     53.469764143206  -43.135546728650   -1.154757335265
              H     58.066800173381  -45.272215144643   -2.462292588900
              H     58.491713853687  -42.085429731499   -3.462901745376
              H     60.156887781631  -43.219186387358   -0.777734587444
              H     58.136126199968  -44.535271025736    3.404684269586
              H     54.829283054066  -44.576053941353    3.968222515775
              H     56.139855143948  -46.629877229245    1.663295616578
              C     59.038073757635  -34.218690163083   12.456118154804
              S     58.456694283834  -32.874154670231    9.328090152382
              C     55.037328286156  -33.526010108182    9.371318033077
              O     59.553152180916  -34.660411608204    7.485861412995
              H     58.018111544107  -33.099173820128   13.835630490335
              H     58.387196043020  -36.160461917891   12.466840155828
              H     61.052811437615  -34.106047226891   12.820081261754
              H     54.232018033188  -33.034980010080    7.549556665693
              H     54.738314352503  -35.515280207057    9.774941840073
              H     54.204870698469  -32.352544903929   10.831186723907
              C     73.713166015603  -24.110683103224    4.041788107414
              S     71.698569059267  -24.975302883415    6.753922786956
              C     73.091212991160  -22.657244702146    8.947015106226
              O     72.576760159871  -27.469930044850    7.602076840018
              H     73.171779860254  -22.238724046147    3.411710303532
              H     75.691046894037  -24.180980611848    4.574730868786
              H     73.347960787460  -25.489570097657    2.571048308589
              H     72.579553474009  -20.798783464155    8.257589561363
              H     72.271962319491  -22.984030767220   10.798199737879
              H     75.123567514065  -22.904580327023    9.036221033305
              C     69.509782225091  -14.212859694604    4.293825440554
              S     71.161239146008  -17.162937787013    5.030025318630
              C     74.295783192722  -15.584914929388    5.335867135524
              O     71.395634612973  -18.561555557477    2.622987633897
              H     67.570605902159  -14.694406342190    3.853891550791
              H     69.574366068897  -13.031998885611    5.962516562041
              H     70.421187383282  -13.309972046339    2.697500799766
              H     74.218405268090  -14.262118006335    6.896197821530
              H     75.697503094003  -17.029462848126    5.723164425749
              H     74.777014022923  -14.627178842901    3.593226597282
              C     58.229321019730  -42.616477909543    9.317047290372
              S     56.666316093792  -41.266431421878   12.094798287318
              C     54.460046133091  -43.898532584981   12.590890427116
              O     55.094926976286  -39.177024081518   11.095332307119
              H     59.332347159358  -44.236899375608    9.910119172903
              H     56.780138875385  -43.143187535636    7.965427329668
              H     59.442960279877  -41.163386261039    8.527193001357
              H     55.517135189241  -45.596216053531   13.031567639048
              H     53.239526880922  -43.401115211562   14.162831086790
              H     53.362406874142  -44.117375839237   10.870040686435
              C     66.603041505710  -27.832858942280    9.558821887813
              S     63.771919418731  -29.844958074553    9.909309808669
              C     61.599969028182  -27.131720011268   10.310652133771
              O     63.986407594876  -31.001028196544   12.418676949401
              H     67.005160689415  -26.940771452191   11.357959322678
              H     68.201447236877  -29.005472436731    9.033203987162
              H     66.243070251418  -26.437200766145    8.105756974610
              H     59.821834157768  -27.862985255375   11.015891446006
              H     62.386778206193  -25.796970459180   11.650832824636
              H     61.341955969522  -26.266041587084    8.475455659454
              C     47.650782244306  -42.528899489431   -2.650226005122
              S     48.140148359577  -42.566714139970   -6.084357327692
              C     50.723978306503  -44.888574758017   -6.009833944156
              O     49.331705856174  -40.120042780050   -6.711300407537
              H     49.451178797500  -42.142799583266   -1.746156779348
              H     46.279733033683  -41.069169376636   -2.202416957413
              H     46.931948432599  -44.367705814990   -2.100939842595
              H     49.887378809305  -46.756232372257   -6.090983810110
              H     51.900523675476  -44.566018502690   -7.654921568498
              H     51.795465343385  -44.637433089587   -4.277657510332
              C     67.751295583623  -15.653910715377   -2.032595989155
              S     66.645185120355  -18.286197386795   -0.020782753254
              C     68.277774013724  -20.735483157948   -1.867315333985
              O     63.949018581316  -18.584500921671   -0.620282359945
              H     69.795744366026  -15.605288732334   -1.931021815718
              H     67.114319193017  -15.937794201905   -3.956908058614
              H     66.954427541698  -13.911130410923   -1.301993160758
              H     68.202050631074  -20.323431246537   -3.872200732384
              H     70.215920076743  -20.801253912372   -1.201233090054
              H     67.314151818761  -22.500044029040   -1.493448299391
              C     49.984032789474  -38.778536997256    8.829774660637
              S     52.539964056400  -39.948246139301    6.784321587132
              C     50.685267413378  -39.582662869973    3.857959606656
              O     52.617758312751  -42.721367717941    7.168739871061
              H     49.486515200411  -36.898190099705    8.189387870389
              H     48.385287118951  -40.055524096822    8.715333183799
              H     50.701112982136  -38.702015360433   10.747297132642
              H     48.853024307300  -40.471738456476    4.080862586818
              H     50.499123811590  -37.579441917089    3.472583541113
              H     51.716427012637  -40.507981977640    2.346232251592
              C     53.978058849256  -37.219360220033   -7.169473532040
              S     53.242983411465  -39.010039908381   -4.307488190433
              C     51.200475444145  -36.595112909878   -2.928190133872
              O     55.656230955593  -38.715535147086   -2.818354133394
              H     54.713211315751  -35.383399033488   -6.638102486486
              H     55.393818903611  -38.280979607384   -8.207863506198
              H     52.262742278117  -37.066597664484   -8.270882470713
              H     50.552266449410  -37.257951928542   -1.101186364279
              H     52.279459160520  -34.869723545334   -2.696826217241
              H     49.617335285832  -36.333826438947   -4.193177019033
$End
$Single_Point_Data
   &GeometryIndex 32
   &FinalEnergy [&Type "Double"]      -2.1301715903866000e+02  "Final single point energy"
   &Converged [&Type "Boolean"] true
$End
$Geometry
   &GeometryIndex 33
   &NAtoms [&Type "Integer"] 148
   &NCorelessECP [&Type "Integer"] 0
   &NGhostAtoms [&Type "Integer"] 0
   &CartesianCoordinates [&Type "Coordinates", &Dim(148,4), &Units "Bohr"] 
              C     61.799122014676  -27.095303732757    3.202771163788
              C     63.412781044589  -29.434464158806    2.911011367148
              C     58.957144106970  -27.218789146664    3.177035726419
              C     62.972294421475  -24.834289067247    3.477628731620
              C     61.908457564437  -31.814410001128    2.197728115942
              C     65.618687159193  -28.781514429899    1.149622979423
              C     57.770718131831  -29.800792255460    2.630189748984
              C     65.685285777783  -24.566659556211    3.336949381074
              C     61.592275088121  -22.360873159223    3.805637061206
              C     59.416774237723  -31.301470230093    0.806787417391
              C     67.229091334636  -26.748376884795    2.402904581199
              C     66.844241021857  -22.379562288456    4.010724186851
              C     62.825460077750  -20.782283376593    5.877657438615
              C     65.590993722735  -20.357832015086    5.320709742760
              O     66.684080681524  -18.455972763683    6.072183337117
              H     64.250801688140  -29.823147341287    4.771755680517
              C     59.749726893188  -29.829835361170   -1.660961503572
              C     63.189449981147  -33.831656767480    0.579510485936
              C     60.989593010086  -35.561203682379   -0.166628756751
              C     58.497621143849  -34.020849656862    0.145014005123
              O     57.069034705051  -33.998721057041   -2.087460980402
              H     61.380379514899  -32.713246787676    3.985561110000
              C     56.917689490535  -35.310387145987    2.253548703650
              C     54.473431812684  -34.223089730186    2.622365791467
              N     52.471308889241  -33.454011525541    2.941639206017
              H     58.296777192580  -25.867868509383    1.758396685479
              H     58.234008061894  -26.554421797909    4.996843373137
              H     64.909714718159  -28.109519540316   -0.665864991257
              H     66.789063191611  -30.440032232286    0.823731805308
              H     55.879985241575  -29.518861386133    1.860143347965
              H     57.599907548152  -30.840462122774    4.401561632692
              H     59.607347579113  -22.645209644451    4.254692991025
              H     61.722907844334  -21.301970333710    2.033126685336
              H     68.694829531320  -26.089183027200    1.105070217393
              H     68.208795115866  -27.584997409317    4.027418454242
              H     68.836030183810  -22.127384345493    3.687611224786
              H     62.701447586010  -21.748867832586    7.703898540132
              H     61.885253860801  -18.960095054523    6.074861752659
              H     57.902623234444  -29.473881534045   -2.482734147021
              H     60.829905352346  -30.920745222460   -3.019403715233
              H     60.687727149591  -28.034502242299   -1.336936214894
              H     64.047691053500  -33.001076218069   -1.097859590743
              H     64.642164935291  -34.849180885625    1.623587462968
              H     60.942957830675  -37.224294445614    1.044393073721
              H     61.141372148121  -36.204334737411   -2.117272669631
              H     56.601037392985  -35.776178299330   -2.424797125586
              H     56.603104067750  -37.273711997565    1.675243027048
              H     57.922304751209  -35.292592968676    4.059964998465
              C     58.327649345962  -43.482681216900   -1.865517871705
              S     55.745772569971  -42.334324915763    0.142595809749
              C     56.168553648744  -44.831898436720    2.551792967641
              O     53.378839089975  -43.114593511291   -1.138375980784
              H     57.918662420800  -45.401859409500   -2.455457909364
              H     58.428993834778  -42.232985533421   -3.481986499661
              H     60.063107281807  -43.397446526134   -0.784482403949
              H     58.016748892323  -44.618326989037    3.413375886224
              H     54.707624478232  -44.583000735149    3.969478600833
              H     55.970738484088  -46.673721001556    1.679301380650
              C     59.032964473746  -34.202105478160   12.422480656966
              S     58.455845485176  -32.866099150877    9.290078423768
              C     55.037134613614  -33.517988552295    9.320087929268
              O     59.553080167977  -34.658049660519    7.453381582842
              H     57.987918363052  -33.092926229663   13.791472186648
              H     58.406170734300  -36.152642245062   12.432880506486
              H     61.043818967001  -34.066732937083   12.805565652732
              H     54.245531748561  -33.035617966342    7.489747235101
              H     54.727872479195  -35.501738141465    9.741737792354
              H     54.198681736095  -32.331090810132   10.765712919774
              C     73.777543728710  -24.051927745263    4.153647867683
              S     71.718888466151  -24.968668150627    6.812726709037
              C     73.025857563499  -22.639632723017    9.052938138961
              O     72.607712821312  -27.459454263403    7.654316309984
              H     73.233181777032  -22.175201657382    3.531735836461
              H     75.745794672586  -24.115841141797    4.723591227009
              H     73.451890608012  -25.417903245632    2.655371882582
              H     72.501947177222  -20.793689499667    8.348437861947
              H     72.166100912934  -22.975243383117   10.880888686267
              H     75.051956726406  -22.862732852209    9.187795676239
              C     69.516277247437  -14.182816439577    4.299321720079
              S     71.161678101705  -17.134711302883    5.043033072291
              C     74.305710950855  -15.565005489577    5.359291333356
              O     71.392514684171  -18.539036282196    2.640108420620
              H     67.562874822012  -14.654249402383    3.914774817809
              H     69.626396464430  -12.980995178026    5.953746564556
              H     70.400698294551  -13.305494469084    2.672762659234
              H     74.226761182125  -14.247091756693    6.926744272962
              H     75.706144231805  -17.013844643190    5.742723462366
              H     74.790795944318  -14.599115328900    3.622322069205
              C     58.326724257732  -42.472013792466    9.232736228267
              S     56.750376272790  -41.218153472353   12.046586894118
              C     54.640075946276  -43.931326168527   12.532274960934
              O     55.093027241391  -39.164782736460   11.107912276610
              H     59.548004202942  -44.013911943642    9.804209414581
              H     56.883237173338  -43.092686200991    7.934801674115
              H     59.419259788881  -40.951929541196    8.394819982139
              H     55.754395427751  -45.602598808846   12.917650074951
              H     53.441532670746  -43.500962705616   14.142346777411
              H     53.508334649309  -44.151116177921   10.833671714802
              C     66.564141452016  -27.759707478369    9.601206497317
              S     63.740459328631  -29.787327340638    9.912447236091
              C     61.543122160268  -27.089551264492   10.257070665583
              O     63.916427241672  -30.920077575808   12.435297755739
              H     66.926369727024  -26.849400882985   11.399120446919
              H     68.175689751227  -28.928409456721    9.112938115180
              H     66.222281922391  -26.383511217413    8.125192717296
              H     59.757660189623  -27.825683085748   10.940383565158
              H     62.302113901589  -25.745098602083   11.604547822371
              H     61.309565702790  -26.229738215942    8.415655967637
              C     47.565820687115  -42.399424799896   -2.591499609577
              S     48.040566776098  -42.481054235507   -6.026357065262
              C     50.545992255547  -44.886335212704   -5.944472892211
              O     49.305371569230  -40.075350078855   -6.672519110581
              H     49.381826399303  -42.069891373472   -1.695264975814
              H     46.253580328169  -40.887505939873   -2.147366954504
              H     46.783057460239  -44.207203387665   -2.030323688002
              H     49.644206034836  -46.726010927004   -5.981752956420
              H     51.709171959768  -44.629577933668   -7.610548630192
              H     51.648368350100  -44.646617450378   -4.230210639596
              C     67.668899585218  -15.660144146068   -1.985153515439
              S     66.610817199464  -18.290613710016    0.064110435846
              C     68.192904908235  -20.750929107539   -1.807431210658
              O     63.898852632630  -18.601908007392   -0.476873645787
              H     69.715330464289  -15.613639377302   -1.935249736728
              H     66.975910576060  -15.945508985818   -3.889780360724
              H     66.895137447009  -13.918851761354   -1.223579579767
              H     68.016063430623  -20.360771452936   -3.810361430017
              H     70.151989352132  -20.787501019509   -1.215213873637
              H     67.272756016893  -22.523991892754   -1.356462839838
              C     49.963964656949  -38.823062364153    8.887825444101
              S     52.539346187977  -39.920897104297    6.831294591786
              C     50.685728204777  -39.531534069301    3.906518250754
              O     52.658944491998  -42.698893899602    7.167406289268
              H     49.438322120617  -36.947518680476    8.260846811633
              H     48.385826779255  -40.122296194412    8.756873175927
              H     50.678025550415  -38.747906259381   10.807343185202
              H     48.859106571799  -40.436672115177    4.112474816368
              H     50.486616941421  -37.525178791654    3.544954088662
              H     51.727396382548  -40.429126477835    2.383519029457
              C     53.977899056923  -37.245317808999   -7.184218153123
              S     53.262061175381  -39.046403909811   -4.328127651753
              C     51.242052817544  -36.629540209434   -2.928205562292
              O     55.692392217538  -38.780300025842   -2.863153064963
              H     54.739660930424  -35.419410598262   -6.649469432339
              H     55.368105177164  -38.314539530703   -8.248769962035
              H     52.249974096032  -37.070433392122   -8.261685096464
              H     50.622920787023  -37.283715095954   -1.088809395501
              H     52.314801857192  -34.895316541586   -2.720313462081
              H     49.637664769318  -36.375964965982   -4.174723898343
$End
$Single_Point_Data
   &GeometryIndex 33
   &FinalEnergy [&Type "Double"]      -2.1301751760863999e+02  "Final single point energy"
   &Converged [&Type "Boolean"] true
$End
$Geometry
   &GeometryIndex 34
   &NAtoms [&Type "Integer"] 148
   &NCorelessECP [&Type "Integer"] 0
   &NGhostAtoms [&Type "Integer"] 0
   &CartesianCoordinates [&Type "Coordinates", &Dim(148,4), &Units "Bohr"] 
              C     61.790299362905  -27.106712299860    3.231230897450
              C     63.408367695786  -29.439700793462    2.929098339497
              C     58.949268673910  -27.236081459494    3.210471935177
              C     62.953695753305  -24.842133995912    3.507776911592
              C     61.911151778113  -31.819027979842    2.210060975384
              C     65.609981542316  -28.781116352235    1.169183324407
              C     57.767588376789  -29.815691688638    2.644092905126
              C     65.662690939987  -24.574061329869    3.369242214702
              C     61.572477431309  -22.372001754089    3.854040137851
              C     59.422903115161  -31.302710937376    0.817865122460
              C     67.212660434415  -26.751378181116    2.434300662293
              C     66.830787006421  -22.395186806281    4.055397976962
              C     62.814753974617  -20.797660143050    5.923545092501
              C     65.576741077673  -20.365481587772    5.349254321872
              O     66.668078780559  -18.456366114881    6.078967775405
              H     64.250227039529  -29.839668775983    4.783958489809
              C     59.760404039033  -29.813637207137   -1.641767854651
              C     63.201573423775  -33.823058225920    0.582852116519
              C     61.008054616296  -35.556444701330   -0.170238776287
              C     58.510254762236  -34.021855113635    0.142487904753
              O     57.091690058849  -33.995919173693   -2.097123063270
              H     61.383032405574  -32.724982111832    3.993702295768
              C     56.928888473624  -35.328503017328    2.241118866522
              C     54.482037725213  -34.249306330963    2.618072071096
              N     52.479259323696  -33.481854760036    2.943595567346
              H     58.282873279583  -25.877304593563    1.802753624110
              H     58.228405164280  -26.590641536562    5.038058334064
              H     64.900009663292  -28.094317982246   -0.640627606364
              H     66.779759240139  -30.437062222159    0.831772475648
              H     55.879290814182  -29.526005410708    1.869629955293
              H     57.589607847342  -30.863698250319    4.409896710099
              H     59.586405838609  -22.658710596595    4.300030507472
              H     61.694221690611  -21.305909545030    2.084028051778
              H     68.675158926764  -26.091042900150    1.137540013592
              H     68.194133819250  -27.581510633794    4.058851473163
              H     68.823547788113  -22.146888870756    3.717636757860
              H     62.700722122827  -21.768043950337    7.748207644521
              H     61.878800962561  -18.973264703469    6.129303567008
              H     57.913514402759  -29.454545561435   -2.466260577259
              H     60.842915123074  -30.898698926512   -3.003905449547
              H     60.699279017973  -28.020766200060   -1.310216669952
              H     64.053679167755  -32.979206348440   -1.090391581665
              H     64.659990630618  -34.839510986165    1.620398084015
              H     60.963836322630  -37.224207466872    1.032133129861
              H     61.167257114869  -36.190021096582   -2.125068072843
              H     56.623818196552  -35.772968066687   -2.434091107915
              H     56.623564741505  -37.287747813024    1.645286612789
              H     57.934879012076  -35.323718508560    4.049030590697
              C     58.284010130497  -43.525001910453   -1.878911427739
              S     55.732866226136  -42.331172241249    0.140887985974
              C     56.141639116347  -44.827441721793    2.557992001594
              O     53.348771427439  -43.078415021123   -1.128035896083
              H     57.847912747923  -45.439896972884   -2.458355679091
              H     58.389865096354  -42.282123815980   -3.504356001349
              H     60.029564735653  -43.456669324819   -0.809077505004
              H     58.005147019903  -44.645875944857    3.376564268023
              H     54.718265084244  -44.540547000262    4.003931681286
              H     55.888045662040  -46.669505075064    1.704754776063
              C     59.007518928952  -34.231677068841   12.425522470964
              S     58.435861758478  -32.885755416835    9.296752274046
              C     55.012988171189  -33.523578533512    9.319253315748
              O     59.530468411433  -34.684945795614    7.463416196315
              H     57.953479123884  -33.127663604459   13.792954849546
              H     58.379773917572  -36.181502965058   12.428514928277
              H     61.018882116399  -34.097770960254   12.818744360428
              H     54.228482703743  -33.043992552866    7.486699664779
              H     54.700647664960  -35.505225453426    9.744672260587
              H     54.176931739550  -32.331615557177   10.761747672484
              C     73.796965355377  -24.053588491001    4.204386977372
              S     71.703133503645  -24.968477312851    6.832609127143
              C     72.992255681975  -22.632797440686    9.078861122576
              O     72.571439087203  -27.465259466593    7.677479363196
              H     73.268365441021  -22.164452972054    3.579886286219
              H     75.755352543303  -24.127354186768    4.799780214094
              H     73.482921892614  -25.406580811024    2.691757337128
              H     72.444917520640  -20.787824976942    8.384137744060
              H     72.145755725676  -22.983683514706   10.910076993923
              H     75.022137195226  -22.832320903259    9.200732743358
              C     69.501892791382  -14.176810652340    4.227415265960
              S     71.148757664836  -17.122448087174    5.002127079053
              C     74.282094866593  -15.538234565097    5.349879034294
              O     71.411497721585  -18.519909864692    2.597136667709
              H     67.541314482739  -14.645427213294    3.883104807311
              H     69.643238159530  -12.939903188297    5.854412475551
              H     70.373451761449  -13.328900402953    2.578229667365
              H     74.184835170573  -14.245563767238    6.936943811252
              H     75.687342476367  -16.984501481359    5.721863787153
              H     74.771021990796  -14.544430886793    3.628885145112
              C     58.348986090936  -42.363578660053    9.141721520288
              S     56.793769513009  -41.207743700553   12.009581282821
              C     54.742863298745  -43.969042575728   12.483801259989
              O     55.082063781190  -39.175064317986   11.126286186661
              H     59.616460545737  -43.885368373914    9.666067334755
              H     56.901732530469  -42.984766555627    7.832948243211
              H     59.402753184210  -40.796765549859    8.340518555579
              H     55.895370717569  -45.623778498617   12.826352834360
              H     53.562313057954  -43.590466779938   14.119405163038
              H     53.590426376179  -44.185014432864   10.800449247556
              C     66.545055578722  -27.742084904451    9.646911525187
              S     63.732023892031  -29.787422688177    9.936778836515
              C     61.515881577849  -27.108038465339   10.273017335775
              O     63.891022902481  -30.923330066028   12.460196633799
              H     66.888966950329  -26.825136224313   11.445439110265
              H     68.166063662981  -28.902148254515    9.163987228473
              H     66.202985713714  -26.368619370626    8.165569185928
              H     59.731212018684  -27.860642318394   10.940036305538
              H     62.256186696773  -25.766783771462   11.634099370536
              H     61.285276114517  -26.241019731720    8.434612616753
              C     47.565375931466  -42.323445602307   -2.610154961794
              S     48.042399576390  -42.461249203970   -6.041649876487
              C     50.512234528524  -44.896792304655   -5.923116009467
              O     49.334014108194  -40.078707616640   -6.723201982850
              H     49.388902899923  -42.033848020765   -1.714432353542
              H     46.301457222930  -40.772275420894   -2.186866970464
              H     46.730194558516  -44.098450847476   -2.031094190904
              H     49.584581670952  -46.723723079349   -5.938774193573
              H     51.681555411911  -44.678652780378   -7.590698398412
              H     51.618308835283  -44.662988456139   -4.211064174954
              C     67.713318586430  -15.683559635310   -2.055993494578
              S     66.661013923657  -18.331561723666   -0.024671663657
              C     68.259620258234  -20.772510785182   -1.907616308407
              O     63.951151681603  -18.665473227557   -0.588191227827
              H     69.758198742821  -15.631721176393   -1.991382994559
              H     67.027949500218  -15.970723898986   -3.963697918466
              H     66.925757466066  -13.953815807265   -1.283244289539
              H     68.065653744215  -20.362024653652   -3.904183891007
              H     70.224469680602  -20.813595813152   -1.318654706274
              H     67.338573632262  -22.541785773402   -1.460597141678
              C     49.944950192511  -38.863137312051    8.935300710879
              S     52.530343090055  -39.917346711436    6.874488424436
              C     50.679534420807  -39.515989402943    3.950521303243
              O     52.668300778174  -42.697579063413    7.181347271724
              H     49.395247374593  -36.990465517407    8.321074042221
              H     48.382070037503  -40.179757839558    8.795737783920
              H     50.661382335317  -38.794862342987   10.852827053571
              H     48.857104878689  -40.433008758358    4.146392064952
              H     50.469705963484  -37.509658685600    3.600985215919
              H     51.726606559404  -40.396602748209    2.421475464807
              C     53.999726049418  -37.222329543581   -7.191849711906
              S     53.285566654046  -39.032707885261   -4.340310581348
              C     51.269462660139  -36.619806843735   -2.923717805569
              O     55.714355560839  -38.779817722742   -2.873930348903
              H     54.773131712313  -35.403856807537   -6.650987060579
              H     55.379943979831  -38.287199219307   -8.272449742555
              H     52.264471383448  -37.033911681488   -8.255659832321
              H     50.661197103466  -37.281389235139   -1.082180053833
              H     52.337455597996  -34.880851009116   -2.712164865587
              H     49.661013481575  -36.362264282906   -4.158105378746
$End
$Single_Point_Data
   &GeometryIndex 34
   &FinalEnergy [&Type "Double"]      -2.1301790723062001e+02  "Final single point energy"
   &Converged [&Type "Boolean"] true
$End
$Geometry
   &GeometryIndex 35
   &NAtoms [&Type "Integer"] 148
   &NCorelessECP [&Type "Integer"] 0
   &NGhostAtoms [&Type "Integer"] 0
   &CartesianCoordinates [&Type "Coordinates", &Dim(148,4), &Units "Bohr"] 
              C     61.809389423488  -27.134800430649    3.221084278040
              C     63.425419207677  -29.469521785061    2.931056120673
              C     58.967212094708  -27.261182680961    3.193531323147
              C     62.970491316056  -24.868546142087    3.497279858300
              C     61.926556314904  -31.847319548939    2.201195542865
              C     65.640634957565  -28.812085129370    1.185222213097
              C     57.784903877863  -29.841003845508    2.625630161840
              C     65.678957425271  -24.602370164951    3.376084689830
              C     61.590057747259  -22.397286816659    3.826599919772
              C     59.444484870547  -31.323744503261    0.799467281061
              C     67.237111749442  -26.783255409679    2.458505297175
              C     66.843545310866  -22.421618997804    4.061381299970
              C     62.817237792620  -20.814017450856    5.896748082612
              C     65.582325335367  -20.383247250555    5.336196767565
              O     66.670698982327  -18.466800947059    6.053626747019
              H     64.257315246394  -29.867174283437    4.792188610936
              C     59.790893743078  -29.827187747151   -1.653434530762
              C     63.220166579516  -33.848437875513    0.571628602584
              C     61.025882704345  -35.570409414725   -0.215411546743
              C     58.528856938745  -34.036235216384    0.111440100649
              O     57.105862414351  -33.988959240082   -2.126549618719
              H     61.394871639005  -32.755567393272    3.982610194427
              C     56.952974500960  -35.351567237738    2.209981174137
              C     54.508787371815  -34.272154742317    2.594310223160
              N     52.508991024629  -33.503119538107    2.924666399685
              H     58.307022111094  -25.904247811883    1.782250851556
              H     58.241338463638  -26.613699442839    5.018294744051
              H     64.944264084133  -28.125523119934   -0.630043117741
              H     66.808752330156  -30.472250278413    0.854811316576
              H     55.896842205378  -29.552026337904    1.849994323088
              H     57.604651785955  -30.890316656192    4.390703889841
              H     59.599869668977  -22.679391090556    4.257568556958
              H     61.723691734231  -21.335420258332    2.054240042451
              H     68.717516751179  -26.122583101416    1.178716813470
              H     68.202256984201  -27.610461617529    4.093849740143
              H     68.837981466746  -22.179900489505    3.736704058454
              H     62.691284897587  -21.777449072892    7.723006773799
              H     61.880793247617  -18.989417586185    6.085897924534
              H     57.947955803034  -29.469210701553   -2.488092877472
              H     60.886456844270  -30.905509383582   -3.012634046310
              H     60.723081100845  -28.034175183287   -1.312358619240
              H     64.088536000691  -32.999778526106   -1.086553783216
              H     64.667232475356  -34.878474645266    1.611729948054
              H     60.977069793487  -37.260333231622    0.959641249573
              H     61.193709754779  -36.173982918408   -2.183017063865
              H     56.627155075315  -35.760063132131   -2.469248439707
              H     56.649196318834  -37.310058520598    1.608437133343
              H     57.963768578918  -35.351429237338    4.015576205532
              C     58.241479184213  -43.523125198831   -1.925075003406
              S     55.721099694257  -42.305672732612    0.123417971083
              C     56.148743094790  -44.799593746382    2.540442881038
              O     53.318167700271  -43.044065810923   -1.114959042185
              H     57.793187280338  -45.441831412492   -2.487159373542
              H     58.328261334083  -42.294008881330   -3.557625913048
              H     60.003379552162  -43.449336463809   -0.884693014571
              H     58.024927818170  -44.603057212850    3.343342234788
              H     54.725936950911  -44.515425822100    3.997363896346
              H     55.901604274575  -46.646926978441    1.692145831514
              C     59.003194006192  -34.231417897166   12.418392537366
              S     58.440180722026  -32.897973771875    9.281494734135
              C     55.016810132200  -33.536091489058    9.293405460559
              O     59.537312832270  -34.706545129117    7.456463387077
              H     57.934004579429  -33.129830706406   13.774386873804
              H     58.388740849232  -36.183157230100   12.423766408850
              H     61.010418801505  -34.083082086581   12.823511113282
              H     54.242567966125  -33.080313176278    7.450700537540
              H     54.705380225955  -35.513788385940    9.738212598435
              H     54.173156972532  -32.328286235738   10.717671912952
              C     73.811121743756  -24.029131872374    4.300487324474
              S     71.661878125163  -24.944103289608    6.879845977119
              C     72.869485875060  -22.578994994161    9.142690320318
              O     72.536815840765  -27.425801628310    7.761862814475
              H     73.294888585480  -22.146872680351    3.660850779831
              H     75.754082391998  -24.096085514905    4.945372317672
              H     73.538941621768  -25.382416018772    2.784274691216
              H     72.291539316796  -20.741299886937    8.439932202769
              H     72.003981923632  -22.948690660198   10.963191100416
              H     74.906958081123  -22.731429370444    9.294699710992
              C     69.501119799150  -14.182940327195    4.194430462678
              S     71.142105114060  -17.120793877582    5.003507380847
              C     74.272511451594  -15.533045017966    5.346973395140
              O     71.418429932684  -18.543084497340    2.615241493592
              H     67.536255262389  -14.651363859402    3.870191782295
              H     69.655781970716  -12.917372902388    5.798350814108
              H     70.362951012129  -13.361440187084    2.528041414009
              H     74.177253321351  -14.248845650737    6.939009322070
              H     75.679604357169  -16.978052793210    5.708901768656
              H     74.755272367626  -14.532577017523    3.628013910126
              C     58.388782014838  -42.271318816067    9.090017393848
              S     56.841325044179  -41.186294006973   11.988354813551
              C     54.847929768862  -43.989054334315   12.448350427409
              O     55.082474462402  -39.175055026123   11.150328388562
              H     59.683000764086  -43.783114799249    9.577833052573
              H     56.933324581949  -42.892018563631    7.782675819141
              H     59.414395115564  -40.675510973783    8.308075047938
              H     56.038310499468  -45.625931138622   12.753779198168
              H     53.678993038322  -43.657880998279   14.102490431410
              H     53.678427376414  -44.206871342000   10.775315871687
              C     66.520687381966  -27.706517026567    9.674041587157
              S     63.715693328875  -29.761935051295    9.948750734072
              C     61.486427413768  -27.090681261151   10.255275353242
              O     63.853121432449  -30.889603058370   12.477578131086
              H     66.840864144497  -26.775026667134   11.469901682546
              H     68.151650525403  -28.861960626192    9.213141437537
              H     66.189240367003  -26.343083009354    8.181414850495
              H     59.695935786917  -27.845520629734   10.905073806682
              H     62.207094589922  -25.745232957375   11.622465612939
              H     61.269228672400  -26.228294246011    8.413316208190
              C     47.531116701009  -42.322402525547   -2.560166902313
              S     48.001399496560  -42.441781024091   -5.998678325468
              C     50.472327781686  -44.878937840479   -5.887702635274
              O     49.300329025681  -40.062644781974   -6.675928414018
              H     49.359886062875  -42.042716159452   -1.667852152314
              H     46.266672265854  -40.768121118464   -2.121151555372
              H     46.693424469954  -44.101403644479   -1.984470921039
              H     49.544180910141  -46.706400832671   -5.886302485439
              H     51.629973628608  -44.673416572757   -7.564798624789
              H     51.590620301570  -44.637324919205   -4.183778742232
              C     67.724947931815  -15.743494346562   -2.079640849096
              S     66.670469460680  -18.371458700960   -0.026187890128
              C     68.261700181634  -20.828666536200   -1.896050537465
              O     63.961323760182  -18.698891648334   -0.587533685059
              H     69.770194364108  -15.703879469724   -2.019628214082
              H     67.032608372542  -16.042600162784   -3.983643538903
              H     66.947211755787  -14.004683507417   -1.320608196407
              H     68.040810738868  -20.446515483436   -3.895124083867
              H     70.230266521922  -20.838479069884   -1.324730504210
              H     67.358926963758  -22.600858915352   -1.413210787598
              C     49.943156179436  -38.896076867370    8.983163621150
              S     52.533667190930  -39.913760494775    6.909035434652
              C     50.673689349952  -39.501508082244    3.991118707633
              O     52.694369032651  -42.696123179611    7.189037636740
              H     49.380557213188  -37.019979968087    8.387334523397
              H     48.388335621788  -40.222172117620    8.833264036817
              H     50.658690696762  -38.838376698561   10.902199250185
              H     48.854457236673  -40.425776267926    4.184422712325
              H     50.458402037425  -37.491987593011    3.657740813216
              H     51.722025423110  -40.367227611677    2.454808950953
              C     53.942241389622  -37.172170223339   -7.208062321709
              S     53.253522935639  -38.987648017916   -4.353131707478
              C     51.276478280846  -36.563308560775   -2.907062948669
              O     55.697239452997  -38.749885220505   -2.911113648949
              H     54.732707974399  -35.361092126235   -6.672786760183
              H     55.300149322972  -38.235449824840   -8.314956790987
              H     52.192108998674  -36.972173860449   -8.244118186408
              H     50.705230640633  -37.212361913416   -1.049319446811
              H     52.354326658428  -34.831390951745   -2.723766375003
              H     49.639826740065  -36.306203891271   -4.108540628736
$End
$Single_Point_Data
   &GeometryIndex 35
   &FinalEnergy [&Type "Double"]      -2.1301829612111999e+02  "Final single point energy"
   &Converged [&Type "Boolean"] true
$End
$Geometry
   &GeometryIndex 36
   &NAtoms [&Type "Integer"] 148
   &NCorelessECP [&Type "Integer"] 0
   &NGhostAtoms [&Type "Integer"] 0
   &CartesianCoordinates [&Type "Coordinates", &Dim(148,4), &Units "Bohr"] 
              C     61.828344316175  -27.165220439596    3.214216844685
              C     63.446613237272  -29.497759438274    2.937515075213
              C     58.985340760159  -27.293611035708    3.179828229124
              C     62.983615443693  -24.895318060293    3.488714338561
              C     61.951845339612  -31.876672550135    2.202558162016
              C     65.671410687546  -28.840700953476    1.200558017209
              C     57.805988795594  -29.875404359429    2.609487481922
              C     65.692932226610  -24.625878917569    3.377441230318
              C     61.599971473852  -22.424263202499    3.794655041413
              C     59.475827578110  -31.355009739859    0.788035906841
              C     67.260959006410  -26.811057818856    2.473580280304
              C     66.849678773430  -22.435349904064    4.053059382865
              C     62.810306381497  -20.823979013710    5.862430401188
              C     65.577334574967  -20.393008974437    5.316426448206
              O     66.662749403470  -18.471989308013    6.028434087762
              H     64.274425913752  -29.887227048624    4.802808846396
              C     59.831395947158  -29.857452394163   -1.660467452707
              C     63.254840915759  -33.874574103135    0.577956951052
              C     61.065783925538  -35.595032193211   -0.231964720629
              C     58.567273460208  -34.066443465632    0.094824545900
              O     57.150847471342  -34.012225715970   -2.145554381911
              H     61.416786637724  -32.787464447513    3.981429727454
              C     56.989786117679  -35.388461692590    2.184362465071
              C     54.547294081746  -34.307296440402    2.567648776459
              N     52.549806932087  -33.531999424312    2.899723019074
              H     58.330847593940  -25.939643890734    1.764563413104
              H     58.251467256556  -26.643897997237    5.000614012116
              H     64.984135040277  -28.161126606832   -0.620947585364
              H     66.837655613015  -30.506151604529    0.879085162718
              H     55.920411619592  -29.590627177371    1.828951597658
              H     57.619480322170  -30.925530649594    4.373175257112
              H     59.607489217280  -22.703084386183    4.218737753018
              H     61.739620670336  -21.370477583360    2.017468860363
              H     68.754790588411  -26.150080522088    1.210020913612
              H     68.208497240300  -27.630508298844    4.119311508525
              H     68.845293619859  -22.189740013966    3.733410607885
              H     62.674012067774  -21.777375780979    7.691259423084
              H     61.868361343296  -19.001185989199    6.029537317806
              H     57.993825551493  -29.510955853097   -2.510874632952
              H     60.948850977977  -30.926494670941   -3.009125158089
              H     60.747095546613  -28.058191312455   -1.310803664332
              H     64.133842055099  -33.026465643134   -1.073759001203
              H     64.695605745095  -34.909569881672    1.622642325698
              H     61.016614493896  -37.296482436596    0.926516729953
              H     61.246409571306  -36.183060495526   -2.201926472207
              H     56.666938227131  -35.780912626942   -2.490699030976
              H     56.687422818845  -37.344611837620    1.570872741949
              H     58.000223180350  -35.395597034809    3.989782907054
              C     58.170603374390  -43.589694156242   -1.963197704019
              S     55.701086563634  -42.308339588303    0.105923791018
              C     56.096595788318  -44.806114311003    2.523352503231
              O     53.269085076801  -42.989524659611   -1.102905639333
              H     57.682808130634  -45.503170739781   -2.506242692919
              H     58.264776310585  -42.374228145766   -3.605563431239
              H     59.946568366906  -43.537037087107   -0.947734500441
              H     57.988575394640  -44.647541772540    3.299600908397
              H     54.697391276236  -44.490896653130    3.995349661660
              H     55.807151340629  -46.651500911789    1.682447999154
              C     58.991835708865  -34.224508112365   12.423287462278
              S     58.434722841427  -32.912694100550    9.275488723240
              C     55.009728934057  -33.544568207628    9.283079187323
              O     59.531529134473  -34.737622303941    7.466144219502
              H     57.907860969906  -33.120998857129   13.764991944729
              H     58.394943081161  -36.182566247988   12.434015046426
              H     60.993816632386  -34.056306236133   12.839531499855
              H     54.245515316451  -33.113969519891    7.430276730605
              H     54.694676272462  -35.518460100504    9.741701593972
              H     54.161303607856  -32.320197496928   10.689521446930
              C     73.850017271817  -24.027080989921    4.369004984082
              S     71.633848651934  -24.919588505383    6.895157433062
              C     72.747532396612  -22.521090213979    9.171314259135
              O     72.508592790828  -27.380241334646    7.838053305776
              H     73.371092226358  -22.150209104844    3.706053551696
              H     75.772273017153  -24.106207187604    5.073143061986
              H     73.613707691084  -25.376928825513    2.851482729789
              H     72.174713487843  -20.692195167446    8.437890230266
              H     71.824484860970  -22.884252300274   10.966505958621
              H     74.782094243886  -22.646219684395    9.397238025629
              C     69.480153797038  -14.179853673430    4.184350176171
              S     71.132755539886  -17.101962371564    5.018650813534
              C     74.253640229732  -15.498785835600    5.359726605490
              O     71.422534845799  -18.538364598047    2.639592781045
              H     67.513096264721  -14.654808099961    3.878402590958
              H     69.640255276797  -12.888740462727    5.766586931067
              H     70.319474106303  -13.380417345761    2.497724079645
              H     74.162578462610  -14.234601928473    6.966597208593
              H     75.670388508477  -16.940766892442    5.696288503387
              H     74.719383230469  -14.477813294102    3.647905308517
              C     58.444085738176  -42.135526206969    9.006231741180
              S     56.907995702913  -41.159101713157   11.949067089836
              C     54.998933947007  -44.019815757922   12.371582281535
              O     55.083412401271  -39.177859024308   11.184958698901
              H     59.812452378234  -43.596112092250    9.443565806268
              H     56.991785912285  -42.808082441747    7.723190349212
              H     59.378420446713  -40.484980917681    8.223474366136
              H     56.242294876551  -45.628697451385   12.620921322262
              H     53.843388998711  -43.760384805683   14.047977775601
              H     53.805943674004  -44.236638663492   10.713028123075
              C     66.488014381877  -27.634237102298    9.707638346904
              S     63.703078902487  -29.717712067950    9.961345954862
              C     61.446133056424  -27.065406210482   10.234026989646
              O     63.817567252678  -30.838374927987   12.495054617544
              H     66.766596440056  -26.679995883799   11.498977854259
              H     68.139311746944  -28.773483488521    9.282879452651
              H     66.167170802764  -26.287651486599    8.197868351841
              H     59.651098301463  -27.829166561175   10.861088391386
              H     62.136215440368  -25.712397768789   11.609397743681
              H     61.242911945677  -26.208547407882    8.388546022818
              C     47.495867871642  -42.216706644989   -2.525825253255
              S     47.940360376558  -42.361694567557   -5.969100655547
              C     50.389528704121  -44.822089745309   -5.860890621610
              O     49.252412596242  -40.000089641112   -6.671795284149
              H     49.333421714564  -41.981770707585   -1.642274891755
              H     46.271874025658  -40.627390159688   -2.089637561267
              H     46.614158670536  -43.968678815797   -1.932634565375
              H     49.439212745963  -46.639915932038   -5.842929352977
              H     51.538634010988  -44.645444546103   -7.546970764174
              H     51.522602373150  -44.585910113506   -4.166172071316
              C     67.713613182757  -15.810170772996   -2.081935475944
              S     66.685627033888  -18.436951968764   -0.018348081003
              C     68.298160424418  -20.884497938158   -1.890764448445
              O     63.980252647352  -18.781718712557   -0.572620551466
              H     69.758954482330  -15.770301715677   -2.042801809365
              H     67.004167637945  -16.110333534600   -3.979655519104
              H     66.943364240057  -14.067394680368   -1.327974091759
              H     68.058212381451  -20.525394243170   -3.891389662896
              H     70.273765889190  -20.847732137313   -1.344429304158
              H     67.426461922697  -22.667162639472   -1.394397284771
              C     49.932723283852  -38.947550718569    9.044219409936
              S     52.528483067657  -39.906771916496    6.944901857797
              C     50.661020577619  -39.475920069851    4.033135675842
              O     52.723539237507  -42.690673170288    7.186333671139
              H     49.343688213316  -37.069358762264    8.477529113160
              H     48.394814395967  -40.292838124188    8.883982978693
              H     50.652486838726  -38.902869484277   10.963702134855
              H     48.843819471179  -40.403539139000    4.218046827754
              H     50.445682354965  -37.463272706141    3.721128698072
              H     51.712533020851  -40.322282205031    2.489346909872
              C     53.926772030234  -37.142978952912   -7.207033963109
              S     53.260661868716  -38.983195759618   -4.356811525707
              C     51.295687826178  -36.570516868563   -2.875380430154
              O     55.720463387887  -38.761095761949   -2.935913395737
              H     54.715539017089  -35.329926804791   -6.670350336482
              H     55.284279837177  -38.191372125050   -8.333516501660
              H     52.165853529963  -36.947267750373   -8.225011073747
              H     50.743417152688  -37.241963341644   -1.020180599830
              H     52.375690822399  -34.843350855146   -2.685924326812
              H     49.652205495351  -36.303938140882   -4.060892625970
$End
$Single_Point_Data
   &GeometryIndex 36
   &FinalEnergy [&Type "Double"]      -2.1301884162322000e+02  "Final single point energy"
   &Converged [&Type "Boolean"] true
$End
$Geometry
   &GeometryIndex 37
   &NAtoms [&Type "Integer"] 148
   &NCorelessECP [&Type "Integer"] 0
   &NGhostAtoms [&Type "Integer"] 0
   &CartesianCoordinates [&Type "Coordinates", &Dim(148,4), &Units "Bohr"] 
              C     61.849760262054  -27.198900877682    3.214193150166
              C     63.471187987651  -29.530191239901    2.945835354764
              C     59.006296229055  -27.326206198464    3.168121855191
              C     62.999304955133  -24.926589894102    3.491633070558
              C     61.980424134012  -31.906988225497    2.195687434945
              C     65.712135711070  -28.866602837264    1.227268815748
              C     57.830110427175  -29.906351598661    2.588834607530
              C     65.709405473876  -24.656275070697    3.394929473055
              C     61.614216782198  -22.454638184516    3.769545906911
              C     59.510132495312  -31.380783166210    0.771391940436
              C     67.288956523590  -26.840281182673    2.514982833234
              C     66.856336332431  -22.456847093599    4.051951884796
              C     62.808015704777  -20.831855414685    5.831169244151
              C     65.575189386992  -20.404630179173    5.292705542061
              O     66.663210374252  -18.476427744341    5.979294652656
              H     64.292158746218  -29.916226855220    4.815555774687
              C     59.881049299446  -29.877309743132   -1.669811941628
              C     63.289271750045  -33.897239166764    0.565801752951
              C     61.103146072452  -35.611092573327   -0.270264787298
              C     58.604726575088  -34.090041421726    0.068626156665
              O     57.186117344270  -34.025260023876   -2.168221700826
              H     61.444249542132  -32.829007633349    3.969213272827
              C     57.027419334402  -35.423059211098    2.153086955499
              C     54.591975171177  -34.335824138092    2.548185730544
              N     52.602982461921  -33.549801986702    2.889419677613
              H     58.359473574926  -25.971926174994    1.750294558451
              H     58.262595375612  -26.676561266952    4.984626203426
              H     65.041522739334  -28.188025419677   -0.599379889030
              H     66.879480797317  -30.533733647414    0.914482500216
              H     55.947478749481  -29.622014651378    1.801661159830
              H     57.636141528995  -30.961771849589    4.348031617620
              H     59.618956652549  -22.726803200004    4.184395218949
              H     61.763576469346  -21.414237419477    1.985511619271
              H     68.802206084495  -26.168743774629    1.283652833650
              H     68.210679055057  -27.658562253559    4.175863445850
              H     68.850277208844  -22.207707072617    3.735571795258
              H     62.662811680495  -21.773080573400    7.667873399791
              H     61.858888709207  -19.009095743814    5.972335198979
              H     58.048490572511  -29.523165909030   -2.527565022071
              H     61.003031230513  -30.943528674076   -3.015469551057
              H     60.798113938018  -28.080278919079   -1.309311205622
              H     64.178925680343  -33.044062401272   -1.080885906102
              H     64.722624905569  -34.941991230981    1.611177230007
              H     61.055037078586  -37.327973221408    0.862923433303
              H     61.291755836173  -36.172757295314   -2.241795770109
              H     56.698069710831  -35.791506013594   -2.521669660574
              H     56.718749020348  -37.372953268901    1.520165936300
              H     58.041904960687  -35.449633157586    3.955258888304
              C     58.077382775722  -43.654948945034   -2.016256124948
              S     55.676719565606  -42.296383692474    0.085267367327
              C     56.045316902339  -44.792698555682    2.506061149837
              O     53.206275851291  -42.913247587278   -1.079685403932
              H     57.542575666831  -45.565396348465   -2.528547282800
              H     58.171578291480  -42.461995935384   -3.672842381051
              H     59.873679346262  -43.624144894894   -1.037861058405
              H     57.958544374863  -44.692747847393    3.233495656142
              H     54.696997454312  -44.427604193217    4.007834009645
              H     55.680017149195  -46.631843727331    1.682799550621
              C     58.981630992062  -34.230291176670   12.424212180761
              S     58.433868201445  -32.947533016131    9.262717535800
              C     55.007201355100  -33.574017127431    9.269607777259
              O     59.527448560488  -34.791693592133    7.469451915855
              H     57.877470572917  -33.127024508566   13.748708733839
              H     58.407006088276  -36.194831014956   12.442461876620
              H     60.976765681797  -34.035165189675   12.850598525684
              H     54.250776507436  -33.177280692812    7.406172527161
              H     54.693876600699  -35.543179709073    9.752368268871
              H     54.153915705938  -32.329021540815   10.653995117856
              C     73.849404201487  -23.981144719121    4.531081092394
              S     71.552968541994  -24.913285122067    6.972921897186
              C     72.539537673979  -22.504109458325    9.288663903345
              O     72.444854246141  -27.356538837874    7.954280087417
              H     73.380397980732  -22.099194571816    3.869750431127
              H     75.742582724185  -24.051406995044    5.308667070957
              H     73.681266933319  -25.322057792362    2.989333904069
              H     71.973045111469  -20.679463501500    8.547676377797
              H     71.550385702464  -22.889677365135   11.045225022737
              H     74.563998812271  -22.595657748119    9.600976812385
              C     69.469254621958  -14.182903517463    4.129889392752
              S     71.134653996613  -17.086597184846    4.998738763274
              C     74.249332902141  -15.467286864680    5.318321500326
              O     71.432172256181  -18.554216381801    2.637856478969
              H     67.498880948717  -14.667287655198    3.849038500398
              H     69.643459433849  -12.853176162182    5.678799661745
              H     70.282287300752  -13.416614381971    2.416514274556
              H     74.170241918003  -14.211482723127    6.931948173332
              H     75.673133548670  -16.908016992287    5.633750374965
              H     74.694295813235  -14.437089433347    3.606971325892
              C     58.523684221348  -41.944320045169    8.889259303025
              S     57.010142313690  -41.126624166191   11.892600536374
              C     55.222629642482  -44.067740800591   12.262718018606
              O     55.098238912065  -39.188151210665   11.234551519316
              H     59.978571402199  -43.338847511169    9.251958318046
              H     57.084333422778  -42.666869933187    7.626627940135
              H     59.342968029374  -40.225500609595    8.126290337362
              H     56.535218288929  -45.635083504599   12.422583526162
              H     54.099221774493  -43.912833929975   13.973302011587
              H     53.994813732696  -44.277381262838   10.628495218437
              C     66.444618880142  -27.560660382562    9.752268595810
              S     63.680626811531  -29.675692809252    9.973118070661
              C     61.394919298079  -27.043576130054   10.213391860524
              O     63.773896364028  -30.795713217762   12.508494179370
              H     66.670502676080  -26.584029808485   11.538953217409
              H     68.119943367976  -28.680756166032    9.373543405430
              H     66.138062772522  -26.229334266058    8.226441755567
              H     59.593980885526  -27.819370050025   10.810084696215
              H     62.049255068983  -25.684560684139   11.600135998068
              H     61.211053854707  -26.188951774751    8.365095130517
              C     47.443815062278  -42.112115213896   -2.492015649042
              S     47.876189071555  -42.280175984933   -5.935008637284
              C     50.301145702367  -44.763139885920   -5.819676821071
              O     49.211508142211  -39.938408249051   -6.652857216908
              H     49.287508645516  -41.918567024803   -1.612401934251
              H     46.255142767850  -40.491557619500   -2.064734115811
              H     46.520414586885  -43.839592339200   -1.885067823202
              H     49.330807040083  -46.570489491985   -5.775681723240
              H     51.442448606566  -44.622468563669   -7.514414752632
              H     51.448047868034  -44.520952880506   -4.135564108596
              C     67.737028682777  -15.896728837421   -2.130538854586
              S     66.715880468142  -18.511688467479   -0.048449448275
              C     68.337799966326  -20.964328870449   -1.912825836864
              O     64.010392329620  -18.862096550743   -0.596653787175
              H     69.783249706977  -15.865511980785   -2.103917088165
              H     67.018818845690  -16.206319447747   -4.024156926525
              H     66.975944365318  -14.141809926267   -1.393944962930
              H     68.069513546889  -20.636969077585   -3.915557428716
              H     70.312469362562  -20.894231005941   -1.392838843397
              H     67.504677981899  -22.759129252976   -1.380858164287
              C     49.932397687226  -39.018060321930    9.144940498606
              S     52.525938885540  -39.893506370464    7.003496220385
              C     50.639234408641  -39.433802124673    4.107994727837
              O     52.761825640268  -42.678186567386    7.191013522936
              H     49.306602767998  -37.138147819167    8.626525116549
              H     48.417307334430  -40.386730601772    8.969755952939
              H     50.664843430467  -39.002026873529   11.060480752171
              H     48.823609828386  -40.363289868849    4.292071750868
              H     50.423492067695  -37.416941098368    3.819905061464
              H     51.685954905264  -40.261259590537    2.551139576617
              C     53.901675347728  -37.110150397237   -7.220268028362
              S     53.259760504803  -38.969441956141   -4.373884977882
              C     51.320690931627  -36.561738280056   -2.850322818641
              O     55.735704030123  -38.767139417924   -2.976082206444
              H     54.699063526460  -35.302785714071   -6.680802561359
              H     55.243314189077  -38.146024555118   -8.375338065474
              H     52.127173543328  -36.905296325794   -8.211125393003
              H     50.804086429835  -37.250647434461   -0.990634667847
              H     52.408371534892  -34.839320393794   -2.669104532133
              H     49.655763080427  -36.287867665082   -4.004511618222
$End
$Single_Point_Data
   &GeometryIndex 37
   &FinalEnergy [&Type "Double"]      -2.1301946830049999e+02  "Final single point energy"
   &Converged [&Type "Boolean"] true
$End
$Geometry
   &GeometryIndex 38
   &NAtoms [&Type "Integer"] 148
   &NCorelessECP [&Type "Integer"] 0
   &NGhostAtoms [&Type "Integer"] 0
   &CartesianCoordinates [&Type "Coordinates", &Dim(148,4), &Units "Bohr"] 
              C     61.863190861893  -27.223066348731    3.233838817328
              C     63.491132300229  -29.550602029532    2.966340718178
              C     59.020617877771  -27.355437032418    3.175885646690
              C     63.006580795207  -24.948144086574    3.514193989512
              C     62.010422049336  -31.927018792491    2.202341328477
              C     65.738061967369  -28.880641108005    1.257485656956
              C     57.853243833667  -29.935398609762    2.581910604700
              C     65.719298252928  -24.673435474628    3.424224392813
              C     61.615301620325  -22.477490532503    3.768272796824
              C     59.545194765409  -31.400635504182    0.768748476027
              C     67.306144944758  -26.857859635324    2.557027151480
              C     66.853798034491  -22.460845405592    4.060930774994
              C     62.797148441560  -20.830894913859    5.820107336513
              C     65.561783872990  -20.402836597006    5.283171729145
              O     66.645572903189  -18.465703621418    5.948995910849
              H     64.312097864413  -29.936510250516    4.836002587930
              C     59.931508779978  -29.888909493843   -1.665248534167
              C     63.331617818779  -33.907162602991    0.570828932293
              C     61.154895944389  -35.617266959117   -0.299499174979
              C     58.650353927564  -34.112291120101    0.048828110159
              O     57.231883103132  -34.043300220210   -2.189247407990
              H     61.473342490800  -32.864345918476    3.968584887826
              C     57.072166272608  -35.466973235397    2.124536932993
              C     54.633047522952  -34.386933171990    2.527337160242
              N     52.646868936391  -33.595064578883    2.880597775636
              H     58.376296040982  -25.997432889283    1.759400845677
              H     58.267768584388  -26.712446260124    4.990697470924
              H     65.074416345928  -28.202125096304   -0.572026285479
              H     66.906461397412  -30.547589801690    0.948586360359
              H     55.974421833346  -29.654077249194    1.786268948988
              H     57.653628044917  -30.999497176322    4.335199294663
              H     59.619021463746  -22.745878291561    4.180330601069
              H     61.770895342309  -21.454493186380    1.975141945378
              H     68.826396071669  -26.175647721283    1.343875641339
              H     68.214663978309  -27.680272024072    4.224195424051
              H     68.846034893349  -22.199171587305    3.745332224766
              H     62.648965708529  -21.755052279463    7.665454046201
              H     61.837347801966  -19.011603408516    5.939762025078
              H     58.101801966213  -29.512785543253   -2.521011842838
              H     61.039792634379  -30.960246549915   -3.016195797622
              H     60.866166727687  -28.103296520037   -1.296735536886
              H     64.238213595445  -33.044162524402   -1.062835100654
              H     64.754503345345  -34.959453512878    1.622980379166
              H     61.108430281988  -37.351553899752    0.806877437650
              H     61.354979228643  -36.147506422950   -2.276411935848
              H     56.740591680885  -35.808804106644   -2.552561385878
              H     56.764130659797  -37.410456903103    1.468513677797
              H     58.082803574878  -35.513460763332    3.927786696312
              C     57.955998346706  -43.743931161532   -2.073215818880
              S     55.647190321574  -42.295434120908    0.067059497139
              C     55.984511945813  -44.788669237573    2.493291406261
              O     53.132662409205  -42.830814214545   -1.047278182489
              H     57.351122135335  -45.637696895376   -2.561865491636
              H     58.065328690668  -42.562960592955   -3.741640704531
              H     59.770471539085  -43.765977111564   -1.125881022922
              H     57.910669159490  -44.739196172658    3.193546743818
              H     54.671764025666  -44.381191716581    4.015454743214
              H     55.555665346395  -46.621371218917    1.684654966868
              C     58.952425341252  -34.231495182483   12.436771681447
              S     58.415469427778  -32.985937753351    9.258351917189
              C     54.986517097944  -33.603056260817    9.270275183309
              O     59.503699115213  -34.855019484402    7.487109727783
              H     57.830218629424  -33.121641279643   13.740754610879
              H     58.395300178798  -36.200430646116   12.470307491429
              H     60.941594251338  -34.012056294255   12.873598362167
              H     54.235977435840  -33.233992180202    7.398239100368
              H     54.673371809703  -35.567470501597    9.773186764847
              H     54.131054917701  -32.340358940404   10.636548214013
              C     73.881548458500  -23.988883788116    4.640084293907
              S     71.507883123488  -24.923944826736    7.008506448519
              C     72.410004273731  -22.503452282591    9.334507871973
              O     72.388148578536  -27.353213574314    8.041009030837
              H     73.452769511171  -22.099752700430    3.973592537496
              H     75.745519195360  -24.077341006010    5.480092476737
              H     73.760140616990  -25.312198221367    3.079663068322
              H     71.871952296362  -20.679798293086    8.573486557815
              H     71.363969561194  -22.887889972912   11.057556580119
              H     74.421073338552  -22.587719202992    9.719365071573
              C     69.421444464955  -14.172385715016    4.083371951640
              S     71.116360938028  -17.048231128718    4.986134258125
              C     74.216554300684  -15.398925416415    5.291058540248
              O     71.426805874439  -18.542599967508    2.645655436104
              H     67.452218247624  -14.674113207938    3.825900923313
              H     69.600888509769  -12.808319068148    5.601149188708
              H     70.204537601323  -13.434093408871    2.342299994079
              H     74.134076462509  -14.139274930140    6.901062297023
              H     75.650705189196  -16.829692748521    5.605433866519
              H     74.648851046684  -14.368328741181    3.576492975751
              C     58.600273522612  -41.710269334951    8.778623092488
              S     57.110032185745  -41.083226602444   11.842066692591
              C     55.459738256592  -44.111260217390   12.136479525956
              O     55.106043340212  -39.202137045901   11.294585972572
              H     60.132178158238  -43.039556679947    9.059046295611
              H     57.181942490950  -42.461697826434    7.506979078211
              H     59.314237116354  -39.919734816709    8.073980181080
              H     56.843224331687  -45.623499888947   12.201985343771
              H     54.374421966101  -44.073844220512   13.877999152225
              H     54.199130826177  -44.312497580419   10.526120912982
              C     66.391875760589  -27.488377139865    9.815240016685
              S     63.651088573934  -29.639222476520    9.988908472742
              C     61.331469348318  -27.032671044742   10.203300163889
              O     63.727134679564  -30.763423237391   12.521405035941
              H     66.558262034223  -26.493109647667   11.598214604741
              H     68.093547331905  -28.585354600016    9.487533522464
              H     66.101844437539  -26.169343190106    8.275167466976
              H     59.527590607092  -27.827211751236   10.765197376556
              H     61.946218058323  -25.670389059537   11.604878486616
              H     61.169301312252  -26.175058298064    8.354245424979
              C     47.398574341211  -41.998286675176   -2.474810116984
              S     47.826210523261  -42.195898253673   -5.914094886292
              C     50.220551218760  -44.705158459794   -5.786771141076
              O     49.191594517233  -39.875652908494   -6.642945417862
              H     49.247069579014  -41.855865764921   -1.598542427673
              H     46.258928030617  -40.344353395331   -2.057672757694
              H     46.425292490993  -43.692875400538   -1.856992315036
              H     49.228205962279  -46.499523530397   -5.726991038448
              H     51.361508280561  -44.594265381671   -7.484246570447
              H     51.373532842010  -44.461508184556   -4.107596496687
              C     67.755540078013  -16.001342335970   -2.171612202104
              S     66.753256972721  -18.623486734373   -0.087591052167
              C     68.414801120755  -21.058174161250   -1.943949300523
              O     64.051838762460  -19.002621304839   -0.637533600557
              H     69.803189684489  -15.956407915479   -2.142456738895
              H     67.045898302379  -16.320052791779   -4.066887137630
              H     66.979294142035  -14.246959444841   -1.447544411917
              H     68.135462890045  -20.755686589049   -3.950423165466
              H     70.389035284205  -20.940214660594   -1.438862467081
              H     67.623787374347  -22.866516787054   -1.402960091404
              C     49.924263274906  -39.094941663060    9.238592164967
              S     52.517490182021  -39.874239865168    7.060320721286
              C     50.612935444396  -39.384572329257    4.184077441926
              O     52.799846456665  -42.657458381489    7.192675933713
              H     49.256045919507  -37.216505544056    8.771487798191
              H     48.437289594583  -40.490557531292    9.042516036566
              H     50.672427462186  -39.114198389263   11.146568167425
              H     48.793382516191  -40.306822309021    4.370310958531
              H     50.405542376041  -37.364811783379    3.911624852796
              H     51.649592765088  -40.202016848262    2.614218187517
              C     53.903418831757  -37.085241194311   -7.236664325380
              S     53.274121879661  -38.964000533806   -4.400566863746
              C     51.347547606336  -36.563745118421   -2.846599781407
              O     55.761481075337  -38.782932199884   -3.014309805972
              H     54.709342330203  -35.285832890232   -6.687916564227
              H     55.231555571895  -38.112502166330   -8.410773389488
              H     52.120660063586  -36.866954809632   -8.210646003699
              H     50.841823616750  -37.270708481964   -0.992498906765
              H     52.443867009674  -34.845602827885   -2.656789814588
              H     49.674836680724  -36.276423479993   -3.985767078203
$End
$Single_Point_Data
   &GeometryIndex 38
   &FinalEnergy [&Type "Double"]      -2.1302015490548999e+02  "Final single point energy"
   &Converged [&Type "Boolean"] true
$End
$Geometry
   &GeometryIndex 39
   &NAtoms [&Type "Integer"] 148
   &NCorelessECP [&Type "Integer"] 0
   &NGhostAtoms [&Type "Integer"] 0
   &CartesianCoordinates [&Type "Coordinates", &Dim(148,4), &Units "Bohr"] 
              C     61.877226733512  -27.252105099529    3.270549286780
              C     63.513299459312  -29.578508335737    3.000568907608
              C     59.036982678666  -27.391022282797    3.199492994737
              C     63.014888952863  -24.974756984321    3.554437971631
              C     62.042509186090  -31.955785946308    2.222206244331
              C     65.765865373267  -28.903605510748    1.299781882441
              C     57.881471919507  -29.972044987166    2.599754837746
              C     65.727284034505  -24.693427312887    3.459885314961
              C     61.616219715446  -22.505444456811    3.793089534677
              C     59.580776144503  -31.425664263763    0.787536038222
              C     67.319561801598  -26.874862342966    2.609520510709
              C     66.854547710430  -22.469555015221    4.066182322715
              C     62.802098061792  -20.831044338864    5.822963520422
              C     65.563730618812  -20.403823052203    5.272178121546
              O     66.654056401658  -18.462329211505    5.914803877806
              H     64.333338232417  -29.965577388189    4.869459914956
              C     59.973471392755  -29.902633247144   -1.639744522678
              C     63.371206028459  -33.928211024213    0.585598111571
              C     61.198288009590  -35.626723158679   -0.316396817527
              C     58.691243408446  -34.130833714243    0.046608799358
              O     57.267057144238  -34.045624520053   -2.185444257651
              H     61.504459798609  -32.911976166268    3.977909026606
              C     57.110972977653  -35.504398830304    2.108630755264
              C     54.674365925248  -34.422685577293    2.524002339391
              N     52.694933161815  -33.617738285812    2.885573438639
              H     58.393340932832  -26.032800390985    1.780855056716
              H     58.274126004068  -26.751109397602    5.011087662433
              H     65.108534971226  -28.229479830780   -0.533991137389
              H     66.942617668417  -30.565712531886    1.000248706354
              H     56.002904083442  -29.697413729109    1.800353619347
              H     57.685748501385  -31.043182599985    4.349943945626
              H     59.623146173425  -22.773200778859    4.218575080630
              H     61.765886761667  -21.505551439475    1.987160058607
              H     68.840337328650  -26.176746016858    1.409872886830
              H     68.221343618620  -27.699954142124    4.282655744389
              H     68.845096125158  -22.196382016796    3.739727116847
              H     62.659443322841  -21.730053632349    7.681679031739
              H     61.833256578629  -19.014674746377    5.924438205426
              H     58.144829651837  -29.513575936770   -2.490696968978
              H     61.071695490426  -30.973243501853   -2.999783153488
              H     60.918531446405  -28.122014004983   -1.262623252313
              H     64.295855975333  -33.054874392810   -1.033110423925
              H     64.780737883872  -34.991353941015    1.644193652852
              H     61.148713234877  -37.378975072211    0.761678364571
              H     61.402851728937  -36.121576495637   -2.301293402394
              H     56.769979633534  -35.805361700095   -2.561952926872
              H     56.793229191893  -37.434539680607    1.423733137584
              H     58.119447237416  -35.580744114340    3.911767466755
              C     57.842561157346  -43.789498397181   -2.126233608363
              S     55.619102196383  -42.268103125831    0.054612779481
              C     55.932936114246  -44.762089499217    2.481140193426
              O     53.067977032562  -42.731813676474   -1.015071185992
              H     57.180126427161  -45.671766367530   -2.584745379093
              H     57.952247638535  -42.627272931817   -3.806797193227
              H     59.673286175658  -43.851602090276   -1.212641110255
              H     57.868782944044  -44.769254900335    3.150690105362
              H     54.663277049775  -44.313027272624    4.027387717101
              H     55.432278293629  -46.581590608521    1.687163008605
              C     58.917358730895  -34.245869696504   12.452827889145
              S     58.390614631432  -33.040149316825    9.257911145858
              C     54.959258655888  -33.639814015093    9.277783325375
              O     59.467890342742  -34.939027534008    7.512140276688
              H     57.778720082088  -33.130363845040   13.739081170355
              H     58.376190740523  -36.218934119089   12.504415455156
              H     60.903543064352  -34.000844464752   12.897488368163
              H     54.213494197328  -33.284552141848    7.401282742064
              H     54.638999005602  -35.599494060243    9.795341697490
              H     54.106923339507  -32.362992402447   10.632308501908
              C     73.884985238362  -23.948257457642    4.740401970504
              S     71.454860482953  -24.913999194677    7.040842761581
              C     72.236576106112  -22.470087765315    9.380038399746
              O     72.349531609541  -27.313404358401    8.125690742372
              H     73.457935272123  -22.049480306853    4.077706547654
              H     75.726134705465  -24.034754484994    5.630684492846
              H     73.820513276517  -25.262665646745    3.161862790767
              H     71.718324991525  -20.649398989254    8.594435417953
              H     71.127472112336  -22.859319795601   11.059489915094
              H     74.228406278063  -22.536987563450    9.847710761053
              C     69.412202037942  -14.181648479771    4.029888655644
              S     71.133864020342  -17.039526938470    4.941232013303
              C     74.228014107389  -15.369251509299    5.213123181747
              O     71.433408562584  -18.551034033551    2.611872125144
              H     67.442121856848  -14.695641414768    3.803765421016
              H     69.610580577699  -12.795481666305    5.525034681020
              H     70.161433375629  -13.466460967739    2.261358050880
              H     74.150431818456  -14.090965714763    6.810718648283
              H     75.669792805441  -16.791619323584    5.533416620450
              H     74.646405949249  -14.351945335858    3.487506355251
              C     58.657672048252  -41.465840150228    8.671418903437
              S     57.202463469208  -41.039666234983   11.787126816057
              C     55.699036128227  -44.153529606463   11.986691749918
              O     55.107004197839  -39.227850224237   11.352966001063
              H     60.288327371829  -42.687560392317    8.876083221566
              H     57.274022170309  -42.280474914844    7.406314098933
              H     59.221343104587  -39.606828782158    8.006973616438
              H     57.148607652015  -45.600847353801   11.956435398158
              H     54.659035606510  -44.238774199722   13.752510228082
              H     54.408205635557  -44.342438879460   10.399551969350
              C     66.338293921144  -27.423040420385    9.892558996804
              S     63.621166743310  -29.612446354409   10.010080356597
              C     61.267794137631  -27.033251429440   10.207728047864
              O     63.684089832502  -30.748837966533   12.535560866771
              H     66.441809356233  -26.413715545940   11.672586060436
              H     68.064529447597  -28.496767153924    9.618730430479
              H     66.064334143205  -26.116194225546    8.337347400307
              H     59.463783276266  -27.851110152936   10.731591836674
              H     61.841906476101  -25.670561136639   11.625883654063
              H     61.129751762653  -26.168482363485    8.359565902655
              C     47.350909070847  -41.940840570312   -2.492172913716
              S     47.806018918419  -42.149988211410   -5.924686776318
              C     50.189459767105  -44.671722646004   -5.781261989211
              O     49.179804519575  -39.834175729559   -6.654426805244
              H     49.197396091546  -41.821630873507   -1.607492964381
              H     46.231715248119  -40.272375346615   -2.088262165917
              H     46.350217250990  -43.620279305266   -1.877066836762
              H     49.192507568836  -46.461134409617   -5.718693523695
              H     51.336948876899  -44.567156316546   -7.474922131657
              H     51.338637091494  -44.419621751679   -4.101609825661
              C     67.788329103894  -16.093012264693   -2.227118104136
              S     66.803770047864  -18.730547094514   -0.151498491144
              C     68.487341803033  -21.144676289166   -2.011310824089
              O     64.102518871959  -19.123884987865   -0.698587367393
              H     69.836388134668  -16.031666256993   -2.203076950788
              H     67.080442497641  -16.409336901897   -4.123743211139
              H     66.999549074854  -14.346980992722   -1.495037195604
              H     68.188202235074  -20.853525876855   -4.017711165148
              H     70.465760872396  -20.997811357796   -1.528212534502
              H     67.743719363564  -22.971690398625   -1.458771368870
              C     49.905363158734  -39.187172162660    9.322819154312
              S     52.498632995315  -39.862330809528    7.113261429072
              C     50.573719702514  -39.337176042829    4.259203897272
              O     52.831907630548  -42.642772100071    7.185487813696
              H     49.189188851148  -37.314261739061    8.905228051405
              H     48.450722856712  -40.612884803422    9.102798509298
              H     50.672187231783  -39.239213327003   11.222236611140
              H     48.752119734942  -40.254871804117    4.445276888507
              H     50.370684016053  -37.314153090654    4.006635531107
              H     51.597464800684  -40.142441160113    2.675272252657
              C     53.887245379715  -37.044022127492   -7.237869787062
              S     53.272635544960  -38.940504850051   -4.412296095180
              C     51.363252772344  -36.541951783652   -2.831888831052
              O     55.767604764233  -38.770078656451   -3.038014359971
              H     54.685674146106  -35.242338321605   -6.677977342406
              H     55.216606382773  -38.062558621556   -8.420668592953
              H     52.100713183335  -36.826492990292   -8.207119814572
              H     50.847279620344  -37.260334408085   -0.986650673305
              H     52.475708049776  -34.834400010246   -2.621781488638
              H     49.698472359444  -36.228317376283   -3.966680134453
$End
$Single_Point_Data
   &GeometryIndex 39
   &FinalEnergy [&Type "Double"]      -2.1302087114608000e+02  "Final single point energy"
   &Converged [&Type "Boolean"] true
$End
$Geometry
   &GeometryIndex 40
   &NAtoms [&Type "Integer"] 148
   &NCorelessECP [&Type "Integer"] 0
   &NGhostAtoms [&Type "Integer"] 0
   &CartesianCoordinates [&Type "Coordinates", &Dim(148,4), &Units "Bohr"] 
              C     61.895381426934  -27.268781343917    3.294695397631
              C     63.532195436295  -29.597626553702    3.022644297358
              C     59.055591239968  -27.409007477968    3.210199220187
              C     63.034374441569  -24.991950621395    3.585720251453
              C     62.066847108754  -31.973649959422    2.222638092372
              C     65.794456396078  -28.920875837704    1.337245692105
              C     57.905768817445  -29.991334773406    2.604012879590
              C     65.746482963704  -24.706508689569    3.493651067056
              C     61.629278512950  -22.523974423548    3.814848705945
              C     59.605036289252  -31.438962066839    0.788929598425
              C     67.339065896272  -26.891902441277    2.664184128606
              C     66.867043107340  -22.473743443574    4.078892791677
              C     62.816227407626  -20.833239752034    5.829894954048
              C     65.574387748594  -20.401443655398    5.267950655961
              O     66.658357415729  -18.448799197825    5.889277102450
              H     64.340260784492  -29.994276238195    4.895483617792
              C     60.001934817200  -29.911818171762   -1.636759610728
              C     63.400139089538  -33.933087836326    0.569207358992
              C     61.230856422669  -35.624295111589   -0.350331542373
              C     58.717722895090  -34.141220268510    0.030613112084
              O     57.282877153862  -34.050161180993   -2.195690546188
              H     61.527977706742  -32.949162202479    3.966895716350
              C     57.148668749082  -35.533562699885    2.085670112826
              C     54.708561957144  -34.459435217625    2.513240165500
              N     52.728927962020  -33.652478135380    2.878283162972
              H     58.414327194689  -26.048874176776    1.791057956099
              H     58.285161400171  -26.771961498454    5.020223011281
              H     65.148830639051  -28.243721973127   -0.498939050930
              H     66.978075621699  -30.576937701271    1.045451229006
              H     56.026414704687  -29.718199603387    1.802881716210
              H     57.713606106218  -31.067976809710    4.351876952002
              H     59.638105485390  -22.793599673906    4.246589186225
              H     61.778742035576  -21.541103743226    1.999906290581
              H     68.868381596822  -26.192134318677    1.473126664006
              H     68.227442357691  -27.725792679816    4.341915073974
              H     68.857172571824  -22.190738632666    3.754667814888
              H     62.680554318218  -21.716880221037    7.698067037211
              H     61.840299084758  -19.019045275428    5.925683218172
              H     58.172783178888  -29.503220728362   -2.476909003218
              H     61.081200267037  -30.989069051826   -3.006850680611
              H     60.966951853065  -28.143794250950   -1.258353900915
              H     64.330681089421  -33.043754931725   -1.038338579798
              H     64.805503538910  -35.002042529555    1.626708962075
              H     61.183363467718  -37.388635117366    0.704803678342
              H     61.432877887403  -36.088581389560   -2.342617692836
              H     56.786513312765  -35.810238199307   -2.584721089481
              H     56.828233629925  -37.454858681117    1.381843782845
              H     58.158973973198  -35.629418206025    3.884680729675
              C     57.730543971817  -43.835901048009   -2.179315972652
              S     55.593343699536  -42.251061582198    0.042085471316
              C     55.893576732637  -44.739928373080    2.473001106137
              O     53.005619199461  -42.650323295122   -0.978399197015
              H     56.998813493860  -45.694443950016   -2.626333537881
              H     57.848789583569  -42.675327628513   -3.864142086291
              H     59.573987891012  -43.961768428680   -1.287556106143
              H     57.829641886481  -44.774301354517    3.134378088893
              H     54.647182059546  -44.267664838602    4.030286269436
              H     55.351500048174  -46.553091475949    1.690728324030
              C     58.890549762892  -34.248046098393   12.451258852620
              S     58.372258698120  -33.084759112471    9.239649907302
              C     54.940393936725  -33.679709233833    9.267276297951
              O     59.444836336181  -35.012077508047    7.520490918477
              H     57.734009199773  -33.130333990781   13.719621054998
              H     58.364816324752  -36.224112045430   12.520356686109
              H     60.873115610597  -33.980905419978   12.905442313990
              H     54.192743519527  -33.333347531201    7.390269059529
              H     54.620330119985  -35.635334785672    9.802311184610
              H     54.089633210536  -32.393930610460   10.614189857085
              C     73.897787932440  -23.935244271359    4.853528745700
              S     71.410906464308  -24.909909707612    7.088556323409
              C     72.101903009427  -22.440706672454    9.428279813603
              O     72.295473576185  -27.289179294124    8.222038576750
              H     73.479597489717  -22.040393950479    4.183674346036
              H     75.717434138995  -24.016686559031    5.789068550247
              H     73.886623363812  -25.242227908793    3.271212146645
              H     71.583991187405  -20.628435973498    8.620776138072
              H     70.960388175844  -22.837155675542   11.083084199653
              H     74.082476794730  -22.483825824561    9.941315985895
              C     69.381550136420  -14.175414469655    3.971029805840
              S     71.124836462616  -17.010235645808    4.915485753327
              C     74.204777463882  -15.313466734285    5.162065326369
              O     71.432261912794  -18.554133401710    2.613424223805
              H     67.414340867361  -14.705784067474    3.769471039258
              H     69.589121035384  -12.764099770074    5.440917872927
              H     70.114354710750  -13.488734354940    2.181886689038
              H     74.111500804939  -14.002803854193    6.732975416423
              H     75.656055899666  -16.717539410353    5.514928141122
              H     74.623222104263  -14.325355297104    3.419858775255
              C     58.722470398493  -41.231581603659    8.582700649731
              S     57.286004994521  -40.991071537324   11.729061652584
              C     55.917190403996  -44.174673563126   11.843128536404
              O     55.111289865278  -39.253706227103   11.385200784563
              H     60.393898679783  -42.407503954887    8.726095592466
              H     57.357970966533  -42.029562085811    7.271436774624
              H     59.231750152149  -39.320669191747    8.014891092202
              H     57.421343117654  -45.557596096181   11.730359992100
              H     54.926799061968  -44.365098429789   13.629584808187
              H     54.598706178171  -44.352188355400   10.279675283514
              C     66.283819278788  -27.385003441314    9.959084951055
              S     63.578914288076  -29.590829402154   10.024352217285
              C     61.204342822048  -27.029290064775   10.204274328719
              O     63.629466804986  -30.743606702417   12.541291693736
              H     66.343947961448  -26.371203421542   11.739434776539
              H     68.021629329278  -28.451059971291    9.725841672312
              H     66.033305565099  -26.083058342518    8.396136676673
              H     59.400228945175  -27.868883525382   10.692439093982
              H     61.745512317579  -25.669574862869   11.637975765080
              H     61.095779012856  -26.155641803817    8.357269194310
              C     47.298061519288  -41.903729897827   -2.486707706111
              S     47.772481164778  -42.111535994486   -5.913794673725
              C     50.150621608234  -44.638138331517   -5.760304134703
              O     49.158501135829  -39.794089832392   -6.625154732357
              H     49.142960063664  -41.795287066841   -1.592359126822
              H     46.186844263146  -40.228131365848   -2.091646453393
              H     46.284000320441  -43.579042852299   -1.882983842694
              H     49.154976118612  -46.426829656464   -5.690059705505
              H     51.296748075492  -44.534087523968   -7.455047096691
              H     51.300823507212  -44.372163369784   -4.082028982685
              C     67.843778198762  -16.194598431545   -2.283981546495
              S     66.853143974866  -18.826499796770   -0.203007321366
              C     68.560916003582  -21.235791704969   -2.038485689871
              O     64.157610320095  -19.224008911857   -0.765226750180
              H     69.890094376417  -16.109464105632   -2.230069796627
              H     67.169479186306  -16.531557989590   -4.188751704037
              H     67.024405131110  -14.456997169209   -1.566880981851
              H     68.253306192934  -20.972580068901   -4.047786856202
              H     70.541811558464  -21.049094811454   -1.562696188249
              H     67.854309004682  -23.071901595066   -1.466009424132
              C     49.895943381750  -39.266294805770    9.383833630886
              S     52.488173031724  -39.853421646332    7.153182110723
              C     50.544478771320  -39.308877541730    4.317296731909
              O     52.867110626977  -42.627306102733    7.182992116716
              H     49.142266104744  -37.399031759815    9.012132799983
              H     48.466268744470  -40.712966317063    9.137137528934
              H     50.681710657813  -39.356426483434   11.273443157857
              H     48.723255019547  -40.226970902814    4.505027917846
              H     50.339546432902  -37.284036874682    4.080551791723
              H     51.556938097325  -40.103903168443    2.718747652780
              C     53.852861673617  -37.012286183355   -7.227262269224
              S     53.261507100859  -38.928791825785   -4.415125989563
              C     51.374256848580  -36.545045512876   -2.794162566423
              O     55.774602492605  -38.776254282126   -3.068840187130
              H     54.659173400364  -35.219612596827   -6.653596554823
              H     55.167336056865  -38.026974448390   -8.426412130966
              H     52.062131930166  -36.776529736216   -8.184036265243
              H     50.889358409710  -37.277838042460   -0.942735609605
              H     52.489750545311  -34.835758007953   -2.592145451844
              H     49.687250419532  -36.226206667559   -3.904759779373
$End
$Single_Point_Data
   &GeometryIndex 40
   &FinalEnergy [&Type "Double"]      -2.1302145451777000e+02  "Final single point energy"
   &Converged [&Type "Boolean"] true
$End
$Geometry
   &GeometryIndex 41
   &NAtoms [&Type "Integer"] 148
   &NCorelessECP [&Type "Integer"] 0
   &NGhostAtoms [&Type "Integer"] 0
   &CartesianCoordinates [&Type "Coordinates", &Dim(148,4), &Units "Bohr"] 
              C     61.903147129858  -27.271420145343    3.327401159363
              C     63.536459833744  -29.604353524151    3.055677926975
              C     59.064136507508  -27.410659512642    3.229774241876
              C     63.045700055034  -24.997246021791    3.624932076197
              C     62.075211437926  -31.980257978335    2.245035803762
              C     65.801652758305  -28.933064494642    1.375906717998
              C     57.917384754125  -29.994650404923    2.628172106720
              C     65.754980454541  -24.708110058229    3.526112347294
              C     61.634188906109  -22.530766851529    3.855656737691
              C     59.615537969677  -31.440822312731    0.812429532582
              C     67.342357143964  -26.899171860408    2.706481721704
              C     66.875880979282  -22.471301105312    4.095324247518
              C     62.831016885711  -20.827014761112    5.850965967792
              C     65.587766979005  -20.393856868543    5.276794355021
              O     66.667331715510  -18.436378730870    5.890310412238
              H     64.335029140982  -30.004963948917    4.930964079435
              C     60.017020810365  -29.909203653703   -1.612644163147
              C     63.411705264931  -33.932468496295    0.581675116798
              C     61.243231517284  -35.618085459494   -0.347439232708
              C     58.726302916993  -34.137110389741    0.040842804002
              O     57.284319191419  -34.032505223312   -2.181995915367
              H     61.532730775032  -32.966140663681    3.982521480999
              C     57.166268416233  -35.544599664829    2.088079488794
              C     54.727138058043  -34.471621224552    2.517499077895
              N     52.752334427068  -33.659088365622    2.880863366759
              H     58.428723048812  -26.054859737302    1.803814736256
              H     58.285337395794  -26.767557134312    5.034629754016
              H     65.160620394755  -28.256551138486   -0.462355524045
              H     66.991342641172  -30.584504065948    1.091410183084
              H     56.037677990943  -29.723789954180    1.825900605714
              H     57.727855563368  -31.069891182868    4.377723087867
              H     59.648122043516  -22.807323390859    4.305539309917
              H     61.770027077777  -21.561607792711    2.032062941575
              H     68.867617446619  -26.206624360452    1.504289695497
              H     68.230520197203  -27.737710098764    4.380990112723
              H     68.865295883003  -22.183251029916    3.764708787503
              H     62.704795013629  -21.693269589571    7.728046348131
              H     61.855002919552  -19.012728057051    5.943300283823
              H     58.188676073528  -29.481663536940   -2.444627030308
              H     61.078753184839  -30.994624528696   -2.990346607605
              H     61.003498123482  -28.153764794580   -1.235110355965
              H     64.345810271063  -33.032407358085   -1.015310695443
              H     64.814879747520  -35.004176098247    1.639212740195
              H     61.191051631516  -37.390116936930    0.697081882821
              H     61.441310595969  -36.066245743601   -2.347845725961
              H     56.787794631567  -35.790033037060   -2.584922412886
              H     56.846169971454  -37.460664325468    1.374359339035
              H     58.174703156532  -35.648135805093    3.887960893686
              C     57.679750408241  -43.832685025936   -2.254680756169
              S     55.614372035390  -42.220601766928    0.013686492770
              C     55.925467458564  -44.715127043255    2.431650990751
              O     53.002966955612  -42.590060709688   -0.951228023916
              H     56.905068247850  -45.678804356434   -2.688071767063
              H     57.780284565568  -42.670581728391   -3.933526861543
              H     59.531885116696  -43.996490057487   -1.398928739150
              H     57.867344321489  -44.745819403566    3.085138355378
              H     54.674192283517  -44.241612295636    3.998807214328
              H     55.379169312920  -46.525025447743    1.647357542824
              C     58.848705817864  -34.221587564937   12.461517728933
              S     58.335059805748  -33.096985978964    9.235104677812
              C     54.904260410244  -33.689272686505    9.265440142073
              O     59.408024400201  -35.052347958848    7.544633715403
              H     57.684395463837  -33.098048452279   13.717585128575
              H     58.330404217949  -36.197744800880   12.550609597509
              H     60.830477983529  -33.943959542673   12.920314559897
              H     54.156220726765  -33.332359204436    7.390325097717
              H     54.579166901287  -35.643623897466    9.801812066766
              H     54.054393299700  -32.404255182964   10.614465478834
              C     73.916682645975  -23.955995324855    4.875459143988
              S     71.421866207511  -24.922812760567    7.102057383518
              C     72.095007799213  -22.420295564867    9.418796897890
              O     72.298464794781  -27.289792675118    8.260657488415
              H     73.494460806987  -22.068834014479    4.199170706799
              H     75.737275746891  -24.030189982859    5.813615464629
              H     73.915750082599  -25.267528791071    3.300426099693
              H     71.575519247902  -20.616612474225    8.586216045105
              H     70.954650601646  -22.804052106578   11.077778037589
              H     74.080683093958  -22.459015019075    9.928270764157
              C     69.370327024224  -14.174824832625    3.937955968962
              S     71.134550491421  -16.998584241130    4.884307587843
              C     74.206525295038  -15.284836170292    5.090749536285
              O     71.424999822836  -18.557757281704    2.593471302336
              H     67.406148335471  -14.718488339724    3.749759672952
              H     69.580053138631  -12.766472969838    5.409122038606
              H     70.095481315033  -13.488937160637    2.144850260117
              H     74.104492067845  -13.936955413331    6.630485757294
              H     75.669608379478  -16.668499305033    5.475218404412
              H     74.617246074745  -14.333965460610    3.325368060310
              C     58.730460173117  -41.118659520444    8.554347890187
              S     57.311161746715  -40.942586103119   11.703249929631
              C     56.029275618881  -44.164710174878   11.757246407077
              O     55.088583502177  -39.266904813625   11.389638333980
              H     60.454277348930  -42.218343236813    8.688201267223
              H     57.382227921454  -41.977945754043    7.285766785784
              H     59.149163578927  -39.196616312187    7.954588835518
              H     57.566710847925  -45.501190102522   11.611420464092
              H     55.058044296788  -44.412852804985   13.545711507371
              H     54.710703944724  -44.342211337542   10.195129371326
              C     66.241501526692  -27.365468755081   10.014692007299
              S     63.540229861658  -29.575336491604   10.042857316302
              C     61.154372970965  -27.023512553079   10.218325638959
              O     63.581773704265  -30.747682312832   12.550452648391
              H     66.278969409279  -26.354405197199   11.797824011446
              H     67.980879405004  -28.432423623914    9.802865163776
              H     66.008546398527  -26.067537770867    8.446928323341
              H     59.351306357039  -27.877545116774   10.680590664353
              H     61.674845255464  -25.668527327125   11.663738407625
              H     61.068928451377  -26.142496502987    8.373595416037
              C     47.292944137610  -41.933644702977   -2.469474093920
              S     47.778661274122  -42.133303046656   -5.894465110075
              C     50.166531032374  -44.650880051375   -5.733450555423
              O     49.165122456496  -39.812018974080   -6.598454911828
              H     49.133370995915  -41.805728174439   -1.571592029000
              H     46.166358505615  -40.272629742880   -2.071748511286
              H     46.297633985142  -43.620498063752   -1.875887768224
              H     49.182371771745  -46.443495344095   -5.655004506031
              H     51.307692313036  -44.536783656275   -7.431226024573
              H     51.316830136663  -44.365339734075   -4.059181852178
              C     67.864144369466  -16.263621857633   -2.310822850882
              S     66.880911901045  -18.897380958825   -0.229698888814
              C     68.599460358093  -21.299879886027   -2.059508456946
              O     64.183742977588  -19.296695260347   -0.790147786160
              H     69.906866993066  -16.147152228045   -2.237857230368
              H     67.210788139801  -16.613160830997   -4.220362840922
              H     67.015709680062  -14.541614044594   -1.590496629179
              H     68.290110314798  -21.042116634481   -4.068640402179
              H     70.582056520110  -21.093727429122   -1.583457985896
              H     67.916499801222  -23.141755000720   -1.485251062391
              C     49.870333663726  -39.321861104902    9.370759417353
              S     52.470558025139  -39.869834069056    7.142177542725
              C     50.512551812107  -39.327019897824    4.317716042149
              O     52.887214866991  -42.641064392382    7.150226464904
              H     49.094656466460  -37.460449172934    9.011949240672
              H     48.455890663528  -40.782841075048    9.113769552548
              H     50.663350479233  -39.419865931523   11.256210151005
              H     48.692180172766  -40.246962049193    4.507977538384
              H     50.302404250540  -37.304128650285    4.082402519621
              H     51.511434543760  -40.121847642808    2.713475859443
              C     53.814482959254  -36.969466233156   -7.219917037117
              S     53.250699060441  -38.902454963445   -4.415331710694
              C     51.371695077055  -36.528055585703   -2.768590067377
              O     55.772408959440  -38.749306643778   -3.088431867467
              H     54.615507393404  -35.175920237881   -6.640276617673
              H     55.127020622991  -37.982297129037   -8.425424026312
              H     52.022293474050  -36.732890247467   -8.174155890939
              H     50.871555627513  -37.266066438432   -0.922351016527
              H     52.498267103831  -34.825231452943   -2.554427644785
              H     49.689970548039  -36.187695051207   -3.879954907498
$End
$Single_Point_Data
   &GeometryIndex 41
   &FinalEnergy [&Type "Double"]      -2.1302181476512001e+02  "Final single point energy"
   &Converged [&Type "Boolean"] true
$End
$Geometry
   &GeometryIndex 42
   &NAtoms [&Type "Integer"] 148
   &NCorelessECP [&Type "Integer"] 0
   &NGhostAtoms [&Type "Integer"] 0
   &CartesianCoordinates [&Type "Coordinates", &Dim(148,4), &Units "Bohr"] 
              C     61.922047625808  -27.295718902694    3.316453094527
              C     63.550498459089  -29.632830951061    3.056669069256
              C     59.082727141362  -27.431291395931    3.212192461515
              C     63.065238469666  -25.021610526132    3.617323795401
              C     62.089720440889  -32.007098682384    2.233921062815
              C     65.828642331893  -28.968162822632    1.392525138846
              C     57.933876992554  -30.016495195613    2.616529485298
              C     65.770917753026  -24.730638279080    3.521957035336
              C     61.652380815609  -22.554868175128    3.847989487296
              C     59.631699195471  -31.461597019259    0.798437822475
              C     67.361346850138  -26.928872076502    2.725170744290
              C     66.896659625851  -22.494520339472    4.084273704491
              C     62.852254019480  -20.845559789317    5.834833833977
              C     65.611854368555  -20.412481219944    5.260356849620
              O     66.693035437612  -18.456903304415    5.879225627987
              H     64.328216132101  -30.034705222423    4.941187914879
              C     60.034208727578  -29.922204253124   -1.622003697736
              C     63.426585438641  -33.952492412103    0.562826520877
              C     61.256908477444  -35.632861424091   -0.376788320655
              C     58.737494937014  -34.154343854227    0.025529021457
              O     57.291523481785  -34.042098204505   -2.193961096582
              H     61.542823673934  -32.991745156702    3.968404458916
              C     57.192750122246  -35.565593593868    2.083109799188
              C     54.750216063342  -34.496574474927    2.521280870963
              N     52.771217573508  -33.687037668162    2.880996791853
              H     58.455849759384  -26.081694883151    1.778714109802
              H     58.298124891329  -26.780162201606    5.011837330992
              H     65.199645423303  -28.293066159004   -0.450844926252
              H     67.020467916546  -30.621173647719    1.117998339261
              H     56.053796350909  -29.745813088779    1.816906684282
              H     57.744384817679  -31.087930164600    4.368338614153
              H     59.668671257630  -22.836964629108    4.305020039917
              H     61.777444204522  -21.586995289061    2.022030495980
              H     68.896349876630  -26.251211584182    1.529237565051
              H     68.234247859708  -27.759731915909    4.409469520358
              H     68.886247295859  -22.211514347594    3.748117568059
              H     62.727423246815  -21.704656142633    7.712732678285
              H     61.881517597887  -19.030080411050    5.922115956999
              H     58.207302436396  -29.492600929782   -2.455810596827
              H     61.101488853234  -31.003447346752   -3.000393191363
              H     61.021579930632  -28.166455624262   -1.239346927717
              H     64.361140915442  -33.045170494541   -1.026417214710
              H     64.829707794307  -35.030039565876    1.615171720471
              H     61.206952851812  -37.414021321543    0.653367440886
              H     61.453362065431  -36.068309157384   -2.383451248267
              H     56.801580536959  -35.798245762988   -2.603745415169
              H     56.874344866943  -37.486740781216    1.375460493306
              H     58.215597239409  -35.655337379964    3.874085005609
              C     57.615269557683  -43.872946153307   -2.273799722836
              S     55.589614891482  -42.221731449873    0.006067239951
              C     55.877766086496  -44.716769759134    2.429054131280
              O     52.965486884074  -42.552449555004   -0.941133118439
              H     56.797180813863  -45.700780873863   -2.706772167431
              H     57.719124755771  -42.710139991021   -3.951947590921
              H     59.471674815391  -44.077881544149   -1.435089419146
              H     57.821706810229  -44.769336880906    3.070565191805
              H     54.644610665472  -44.226991844261    3.999051285510
              H     55.308689047203  -46.524502520619    1.654438818397
              C     58.864429600732  -34.202096840563   12.454678522811
              S     58.341909776113  -33.100797540036    9.220563629491
              C     54.914928074946  -33.704295750784    9.249779050076
              O     59.421549158877  -35.067314232444    7.546405294135
              H     57.686242737771  -33.084433776282   13.701425035532
              H     58.366522458024  -36.184941221243   12.551542622207
              H     60.841869050022  -33.906034607634   12.919211357965
              H     54.162547930913  -33.351783489093    7.374676305705
              H     54.588395483855  -35.655670091830    9.795812009301
              H     54.064276787396  -32.414333663193   10.594525571805
              C     73.903835801157  -23.877983808519    4.939125768745
              S     71.394985569104  -24.864614101648    7.133497481977
              C     71.975839051621  -22.323828782634    9.444332823192
              O     72.289559044343  -27.205805827565    8.327879849778
              H     73.452409652138  -22.003050924885    4.242382125375
              H     75.711009174414  -23.910280651288    5.906063361463
              H     73.950029836854  -25.209139087578    3.377676759240
              H     71.420265499499  -20.545115260588    8.584463589551
              H     70.819068752099  -22.717916273017   11.090533689082
              H     73.954954871653  -22.309846658149    9.980500112277
              C     69.406173720432  -14.194812919191    3.931495871294
              S     71.162488989509  -17.022203119980    4.886560425575
              C     74.236226673968  -15.312654045036    5.085305895813
              O     71.444797488359  -18.585302735685    2.594126182003
              H     67.439726936114  -14.734888692007    3.760393432522
              H     69.627414282156  -12.781472496753    5.395154066489
              H     70.130428496094  -13.526089362408    2.134271791635
              H     74.132740738638  -13.960512359488    6.619660152361
              H     75.701273801602  -16.691699008915    5.476354552588
              H     74.646013809534  -14.370008916270    3.314588238097
              C     58.760670094643  -41.030749595609    8.498679534043
              S     57.345916463021  -40.927357506125   11.655709429741
              C     56.120374367656  -44.170650922028   11.679982567049
              O     55.089864729957  -39.285118777901   11.392642249444
              H     60.476175055612  -42.145719535799    8.609270774915
              H     57.405828405067  -41.849053038074    7.192970707268
              H     59.206302620803  -39.095233291274    7.959823538399
              H     57.682393187874  -45.477628189468   11.491072492360
              H     55.178873885811  -44.460539150792   13.480030029397
              H     54.778443667379  -44.346130887596   10.136492053043
              C     66.213610944581  -27.330518868865   10.028396908290
              S     63.519250733308  -29.545042445910   10.049686829955
              C     61.123607293720  -27.003027460232   10.201807021979
              O     63.545614912415  -30.714791789292   12.560436618548
              H     66.237572182705  -26.316395160470   11.810070548161
              H     67.953132552961  -28.396786015956    9.828655015154
              H     65.994537424836  -26.042913608103    8.450834988535
              H     59.318186806836  -27.862801482252   10.646748831529
              H     61.626346372710  -25.647668414433   11.652993076370
              H     61.056553265631  -26.123376829849    8.356107305999
              C     47.252524214931  -41.915739464304   -2.462652330772
              S     47.748506641182  -42.118940588678   -5.889604085062
              C     50.138604923397  -44.634579781075   -5.709419737873
              O     49.130584014971  -39.797236427122   -6.599352276921
              H     49.087091139970  -41.781836234313   -1.553067171687
              H     46.121063760257  -40.253704999161   -2.065641551185
              H     46.258527353799  -43.605975548465   -1.872969941425
              H     49.156502815108  -46.429324806128   -5.610746251383
              H     51.273381703124  -44.534002636123   -7.412057779192
              H     51.294319206229  -44.332999476844   -4.040637232772
              C     67.878979943445  -16.275930004327   -2.300320367875
              S     66.894574029534  -18.897420655509   -0.209127924797
              C     68.587825122016  -21.311312620856   -2.047860502507
              O     64.194415090816  -19.284523948230   -0.758448539430
              H     69.920212502579  -16.152631897798   -2.225692213118
              H     67.226698425863  -16.633689624757   -4.208093845352
              H     67.027821579460  -14.554818888220   -1.583627107865
              H     68.241264031243  -21.070672419262   -4.052051079523
              H     70.581532223572  -21.100731827763   -1.607241216921
              H     67.921972815975  -23.152178309220   -1.440143061125
              C     49.863101769987  -39.358558360422    9.413789253294
              S     52.457341951087  -39.875966916958    7.172926578926
              C     50.495971850385  -39.319507726370    4.350266417773
              O     52.882614278856  -42.643901884998    7.158221332954
              H     49.079235419084  -37.497392761598    9.078525804719
              H     48.453474825976  -40.823009419073    9.147450508989
              H     50.665728253603  -39.471204801946   11.294988631420
              H     48.676696271072  -40.244746208053    4.532089322649
              H     50.283482772072  -37.293601656077    4.136085999597
              H     51.498104109180  -40.100065282286    2.737561002264
              C     53.800410708644  -36.949723326381   -7.205197258050
              S     53.249152567409  -38.905077177238   -4.413323753530
              C     51.376899433296  -36.545366819215   -2.747855543928
              O     55.783710058563  -38.758942331001   -3.110823815854
              H     54.605023089736  -35.158682316927   -6.619746713780
              H     55.112830701860  -37.958436871720   -8.417805424100
              H     52.007242425245  -36.708934139531   -8.155646782165
              H     50.878318454667  -37.295226446948   -0.910006776167
              H     52.505903257816  -34.848022725844   -2.521707181110
              H     49.700059069069  -36.193198923472   -3.860056136640
$End
$Single_Point_Data
   &GeometryIndex 42
   &FinalEnergy [&Type "Double"]      -2.1302223312932000e+02  "Final single point energy"
   &Converged [&Type "Boolean"] true
$End
$Geometry
   &GeometryIndex 43
   &NAtoms [&Type "Integer"] 148
   &NCorelessECP [&Type "Integer"] 0
   &NGhostAtoms [&Type "Integer"] 0
   &CartesianCoordinates [&Type "Coordinates", &Dim(148,4), &Units "Bohr"] 
              C     61.923114565444  -27.282966893923    3.324621790278
              C     63.539132684457  -29.624424478696    3.065151668270
              C     59.081725745115  -27.408357072365    3.224198477144
              C     63.074420970550  -25.012714740673    3.629773304999
              C     62.072219088928  -31.995421408357    2.242685866361
              C     65.821507490217  -28.964904520051    1.404031462890
              C     57.922788938579  -29.994691105467    2.640434686255
              C     65.780463479850  -24.727580952551    3.529816189984
              C     61.666123429935  -22.544908188605    3.872341890395
              C     59.610346047410  -31.446041027868    0.813688304376
              C     67.365396005344  -26.935149922503    2.736362277397
              C     66.915263241051  -22.496078386475    4.090505548539
              C     62.877664754003  -20.836083740776    5.850384031674
              C     65.635229210344  -20.406525020641    5.264104557296
              O     66.715620913035  -18.447957801853    5.874756448584
              H     64.308943336702  -30.026061011762    4.952709313368
              C     60.005125983691  -29.909680047761   -1.607209346206
              C     63.402226240710  -33.937168739491    0.564572699060
              C     61.229740587821  -35.619398823253   -0.362103622393
              C     58.713010043117  -34.138481389944    0.048205239807
              O     57.261096278008  -34.024958882162   -2.164182723997
              H     61.526003345112  -32.972946607263    3.981016914361
              C     57.180163565153  -35.546273689384    2.112603399673
              C     54.735673385447  -34.482969420172    2.542884700051
              N     52.755423474998  -33.677724081008    2.897144370909
              H     58.462681097526  -26.065806161946    1.782383579725
              H     58.297036548580  -26.743893663670    5.019039551991
              H     65.196209732750  -28.282226995135   -0.437761224200
              H     67.005397136740  -30.623569804416    1.123638232128
              H     56.038855858384  -29.720232932268    1.851923425830
              H     57.737933031356  -31.060426298320    4.395696703255
              H     59.685505663035  -22.830285834306    4.343844981575
              H     61.770969947434  -21.572830463718    2.047085916504
              H     68.909311538815  -26.277804069060    1.535767028981
              H     68.227722863279  -27.765470920112    4.424682299073
              H     68.904677493161  -22.224851835873    3.754422450674
              H     62.763015522345  -21.696238518257    7.729246279089
              H     61.914732329321  -19.016360432825    5.939400877066
              H     58.176106032948  -29.468602185205   -2.430225428900
              H     61.061019879154  -30.996734640145   -2.990114676335
              H     61.006162058569  -28.161951566545   -1.231168893113
              H     64.323762250441  -33.027904401962   -1.030885252547
              H     64.814381836300  -35.014269538619    1.605840687413
              H     61.185081123431  -37.396657416636    0.673315312328
              H     61.417951491016  -36.064715340795   -2.365869942651
              H     56.785978896667  -35.782438334620   -2.583417666114
              H     56.873383467726  -37.475004931200    1.420881397208
              H     58.207375091000  -35.618344413594    3.900857382576
              C     57.626002181554  -43.870409007148   -2.304793713434
              S     55.608523758063  -42.234328177753   -0.005138382760
              C     55.893308050294  -44.747211603490    2.401180844059
              O     52.986033543658  -42.563600574289   -0.946232721751
              H     56.786639196795  -45.678067303802   -2.773801691356
              H     57.740512149471  -42.676697693971   -3.965262236321
              H     59.481834904746  -44.111798790574   -1.469053313861
              H     57.839865141495  -44.814874515772    3.024430521055
              H     54.674414772507  -44.259425459474    3.978387246334
              H     55.311455314552  -46.549087688847    1.620840337770
              C     58.870417467464  -34.148175481439   12.463276000985
              S     58.333475060452  -33.058321101023    9.228554607376
              C     54.910589199518  -33.677537393947    9.265613813995
              O     59.424339541944  -35.031068005202    7.567657935380
              H     57.695273945899  -33.029329449111   13.711249157388
              H     58.376681065363  -36.133498808345   12.566846156046
              H     60.848391105096  -33.852715630847   12.920403406175
              H     54.147354757705  -33.319917915623    7.395944566009
              H     54.593223777777  -35.632845059336    9.802213663015
              H     54.060552585645  -32.396563352633   10.620388950476
              C     73.899068081174  -23.908348518564    4.947926113248
              S     71.406237391217  -24.878081563706    7.167743223172
              C     72.009238285697  -22.321382767808    9.461371915929
              O     72.299362700833  -27.219807735331    8.362862631552
              H     73.432093349588  -22.047150475388    4.234726021154
              H     75.713002801729  -23.915844524232    5.902474962619
              H     73.938182073900  -25.260926843805    3.405607194642
              H     71.451558071692  -20.552051197826    8.590267450575
              H     70.856247027418  -22.693963927864   11.115454323466
              H     73.989722094394  -22.311954426627    9.987398636966
              C     69.412464801790  -14.197615384169    3.900907110087
              S     71.169941934065  -17.022084977215    4.866782334352
              C     74.244792422484  -15.315924211470    5.020749822036
              O     71.432458318005  -18.603797457582    2.583893964153
              H     67.449827688782  -14.746504706113    3.716279840557
              H     69.613791652835  -12.791426099931    5.373858383581
              H     70.155084207985  -13.517082527476    2.119325203447
              H     74.151193278849  -13.940706402927    6.534465423648
              H     75.714322276541  -16.687154895535    5.423734135020
              H     74.639678075099  -14.404398222821    3.230020965475
              C     58.757910641760  -41.060618083987    8.485161487733
              S     57.338632784782  -40.916955378891   11.637102523071
              C     56.111383808899  -44.155421445580   11.669967972636
              O     55.079765066682  -39.284185268467   11.359457462089
              H     60.438669930162  -42.225432002241    8.604686645462
              H     57.380632545599  -41.835693923752    7.172577690268
              H     59.272382571556  -39.141212886644    7.952331052442
              H     57.678628769096  -45.458685760965   11.477220914092
              H     55.168639008857  -44.446369117247   13.469830387718
              H     54.771650825788  -44.334633754937   10.123386553241
              C     66.223220784987  -27.333935404443   10.017569132198
              S     63.517486164434  -29.531723006260   10.056411370140
              C     61.132828795650  -26.980452953427   10.222057621785
              O     63.549013625632  -30.708366892202   12.564963524846
              H     66.267115906720  -26.327785821863   11.802898464265
              H     67.953175988937  -28.413911852375    9.798331142220
              H     66.007193875735  -26.043342082525    8.442727257419
              H     59.321959535752  -27.830934349072   10.665520639065
              H     61.644083005237  -25.631791285553   11.676418122441
              H     61.069467190021  -26.100199394179    8.376499438627
              C     47.250738842492  -41.976142070412   -2.485453806076
              S     47.775087388814  -42.145387020975   -5.911482160040
              C     50.202729492469  -44.624178299680   -5.730250349972
              O     49.124065101058  -39.799368052054   -6.598639569895
              H     49.071188013573  -41.805040653115   -1.555386618299
              H     46.075639781394  -40.339438223634   -2.087524004310
              H     46.290548358635  -43.695091589279   -1.915931043508
              H     49.248823252374  -46.436343818853   -5.636441336644
              H     51.342162695589  -44.504458566247   -7.428348409582
              H     51.344711736154  -44.308485952800   -4.055716619938
              C     67.884687441437  -16.292431844528   -2.315453573845
              S     66.879566207669  -18.882775780553   -0.199129826028
              C     68.557648645918  -21.332645108709   -2.012327350446
              O     64.179871571197  -19.249354356337   -0.751959580759
              H     69.924692510541  -16.166885183435   -2.219113846899
              H     67.251184162887  -16.677258551214   -4.224156125943
              H     67.026146989858  -14.560920750337   -1.631773584005
              H     68.218077021238  -21.113134598272   -4.019388266602
              H     70.546271152565  -21.122421030778   -1.564557039427
              H     67.875618051457  -23.160296965740   -1.382163855047
              C     49.855222409173  -39.351890953829    9.382242328580
              S     52.442213895903  -39.897252106440    7.138189167355
              C     50.476394314426  -39.368685155137    4.311789140118
              O     52.862008647096  -42.665668874706    7.143536734603
              H     49.079737500831  -37.487746619920    9.043287240936
              H     48.436851705309  -40.810609935259    9.129920797862
              H     50.663770555079  -39.460736135180   11.261345404495
              H     48.661813040112  -40.300374919392    4.502784019170
              H     50.254729737526  -37.344406274869    4.086393748685
              H     51.477245814171  -40.156846268339    2.703259274760
              C     53.792218855449  -36.934940589959   -7.186803156201
              S     53.251485391851  -38.904922363370   -4.401567410929
              C     51.369597130686  -36.571589771965   -2.717039577471
              O     55.788460241085  -38.751462697364   -3.109609895652
              H     54.589592188760  -35.143003414852   -6.597939512484
              H     55.112619626895  -37.932693782020   -8.398845507039
              H     51.999952044699  -36.700402671130   -8.139534662164
              H     50.883490892595  -37.346240287407   -0.884314783862
              H     52.488828986268  -34.873138572636   -2.479758125810
              H     49.689707520976  -36.217354806895   -3.827045426026
$End
$Single_Point_Data
   &GeometryIndex 43
   &FinalEnergy [&Type "Double"]      -2.1302254974386000e+02  "Final single point energy"
   &Converged [&Type "Boolean"] true
$End
$Geometry
   &GeometryIndex 44
   &NAtoms [&Type "Integer"] 148
   &NCorelessECP [&Type "Integer"] 0
   &NGhostAtoms [&Type "Integer"] 0
   &CartesianCoordinates [&Type "Coordinates", &Dim(148,4), &Units "Bohr"] 
              C     61.936048999776  -27.300498524379    3.330411944631
              C     63.546235073174  -29.642135014855    3.070656075955
              C     59.093806142349  -27.418893329512    3.227202740652
              C     63.087563881152  -25.031500516571    3.644046842928
              C     62.077686737975  -32.008528676457    2.241163051583
              C     65.837323056051  -28.979761469007    1.420289207427
              C     57.929087926065  -30.001337741526    2.638479743603
              C     65.794355898284  -24.746999308061    3.543730719157
              C     61.679057279897  -22.566849268994    3.894759481824
              C     59.616768838612  -31.452595855336    0.810373082869
              C     67.381549535768  -26.959839490013    2.760563718260
              C     66.933247577739  -22.514515712054    4.096474747085
              C     62.898109677350  -20.854325258094    5.865697756003
              C     65.652077759604  -20.421134580085    5.267202477915
              O     66.728734567621  -18.457653873126    5.867596206178
              H     64.307868482727  -30.049630001130    4.960933619419
              C     60.016976020329  -29.912669097247   -1.604932624623
              C     63.404619826737  -33.945037340075    0.559302297317
              C     61.230873997865  -35.623729058107   -0.375533650113
              C     58.716749337234  -34.144129215587    0.043889404110
              O     57.266133391425  -34.025562373776   -2.167366113842
              H     61.529300713265  -32.990330817018    3.979350585218
              C     57.189304510247  -35.556635416160    2.113950199083
              C     54.746899985015  -34.497494512274    2.557680910826
              N     52.769685967580  -33.691350067973    2.918959063874
              H     58.483892606422  -26.076199546354    1.782129189429
              H     58.306367906452  -26.750877103650    5.017830764387
              H     65.220567391236  -28.290382745017   -0.421976904336
              H     67.015059616656  -30.643481623285    1.136890514207
              H     56.046653417734  -29.719663739737    1.850372471532
              H     57.736918835312  -31.069658139808    4.390706773539
              H     59.702278355422  -22.857383298278    4.380847893727
              H     61.761786453901  -21.590376204617    2.070967776471
              H     68.942011499212  -26.319289028797    1.572491201593
              H     68.219857483548  -27.784796440722    4.461245769092
              H     68.921978888202  -22.251270177971    3.755642241198
              H     62.796679688990  -21.718518778740    7.745811080153
              H     61.935638161124  -19.033709063297    5.954474459784
              H     58.189922598953  -29.453557570826   -2.422196744704
              H     61.062119866975  -31.003418273003   -2.991528618952
              H     61.033612099124  -28.174465284095   -1.226520291330
              H     64.325318807780  -33.032644946500   -1.036883715934
              H     64.817205369136  -35.029480116335    1.592996496196
              H     61.189234307925  -37.406277153425    0.650078310899
              H     61.419067084443  -36.064045211613   -2.376899284280
              H     56.804614971408  -35.782136914959   -2.599801526964
              H     56.886412609047  -37.486872497534    1.421037370718
              H     58.234935230464  -35.618791136873    3.895123375179
              C     57.550543997763  -43.920712774683   -2.344006545535
              S     55.611714074848  -42.225722874491   -0.021928915575
              C     55.869377260151  -44.741757134146    2.386484131154
              O     52.966231264130  -42.486026239947   -0.923190184617
              H     56.657686350716  -45.708739942625   -2.795529900774
              H     57.663364292118  -42.732806479991   -4.005744080845
              H     59.413295450620  -44.204685452902   -1.548539205155
              H     57.829250487083  -44.851434019851    2.974784452865
              H     54.685109808764  -44.228326280332    3.978238203156
              H     55.243295342564  -46.533533229552    1.617102663144
              C     58.859021550893  -34.115538308191   12.469791728360
              S     58.323838536329  -33.058954489221    9.223648194473
              C     54.902487930106  -33.682424063773    9.254483831173
              O     59.418501422358  -35.043752668358    7.580916470440
              H     57.673483388425  -32.995269671063   13.706977246473
              H     58.378275014028  -36.099259130432   12.590032420886
              H     60.833520923111  -33.807686807427   12.926972921377
              H     54.140818178607  -33.338295370475    7.381619452995
              H     54.585328510648  -35.635602259904    9.801647748745
              H     54.049692183638  -32.393105631231   10.599780865958
              C     73.916576813958  -23.911100991588    5.024245193230
              S     71.407699167805  -24.893453216830    7.221237542596
              C     71.958422563547  -22.321861115326    9.508205739477
              O     72.310270278206  -27.222856657215    8.437157773345
              H     73.440337595767  -22.059095305873    4.293785686475
              H     75.717759797831  -23.892667527787    5.998352689754
              H     73.981512764049  -25.270065468717    3.491565332946
              H     71.376424760206  -20.567183525132    8.624363950929
              H     70.797844025906  -22.702912289396   11.155674669249
              H     73.935326360006  -22.276668762195   10.049551045383
              C     69.398811905894  -14.199197911810    3.866453324915
              S     71.172092783294  -17.010143170279    4.844808182533
              C     74.243542809343  -15.292678831891    4.961128998474
              O     71.423933384864  -18.608385047863    2.569050419324
              H     67.437022333467  -14.758407095325    3.696466844199
              H     69.597310993701  -12.779629476258    5.329238104920
              H     70.131723069315  -13.526893935308    2.080602528465
              H     74.162257169622  -13.911351057228    6.470134991894
              H     75.722443721136  -16.657778317712    5.354736276631
              H     74.612942449778  -14.391054400666    3.159789662731
              C     58.755114651975  -40.929545924674    8.406836294343
              S     57.371278187254  -40.870811941326   11.579529872370
              C     56.239736755032  -44.141241617647   11.579306847095
              O     55.065739724868  -39.288482884896   11.369523872558
              H     60.477039020124  -42.034199554014    8.496404027683
              H     57.400789957712  -41.745434291294    7.107171333445
              H     59.189740027352  -38.991933231294    7.879545644938
              H     57.846356946549  -45.392902296528   11.330201812304
              H     55.333786883103  -44.496797881184   13.385657758185
              H     54.877581912827  -44.329212742316   10.050701276205
              C     66.209084074186  -27.290339476392   10.029099141237
              S     63.514846431624  -29.500271068989   10.059567688090
              C     61.112606071582  -26.964759480298   10.216492555197
              O     63.535381635339  -30.674834809372   12.570414563581
              H     66.238341423123  -26.282619200929   11.812654962708
              H     67.944185095848  -28.366708199833    9.820371329069
              H     66.002715263912  -26.007038002317    8.448270887777
              H     59.298764991401  -27.822696605173   10.636512072960
              H     61.599547485134  -25.619816156505   11.682603597374
              H     61.063678594303  -26.079742811873    8.375035521726
              C     47.227803700099  -41.926554544079   -2.487354558457
              S     47.774510651574  -42.135171615143   -5.907622075127
              C     50.189349039370  -44.616931977388   -5.672223632652
              O     49.150163489471  -39.811315765702   -6.607068323863
              H     49.039852061611  -41.745403399065   -1.543149680148
              H     46.048284155221  -40.287731891651   -2.116379460236
              H     46.263316097782  -43.638543147597   -1.904338843311
              H     49.226619288064  -46.422165748466   -5.536367139770
              H     51.329248230810  -44.548239079986   -7.372915188907
              H     51.336378484068  -44.271624034913   -4.006281768689
              C     67.873839048986  -16.333034162032   -2.324845882646
              S     66.880742012011  -18.903036959086   -0.179731931766
              C     68.547020686834  -21.371906902328   -1.989590857611
              O     64.176726246565  -19.271509228595   -0.713388166803
              H     69.913815824075  -16.202714814314   -2.233288839731
              H     67.235915614289  -16.740194868521   -4.227795481016
              H     67.014500096115  -14.591034657858   -1.666891551846
              H     68.178637194170  -21.180650892525   -3.994471341863
              H     70.536335739757  -21.146577812469   -1.572559541067
              H     67.874699919687  -23.189359441108   -1.326551435146
              C     49.846854487140  -39.398625596254    9.423942157766
              S     52.423843212284  -39.909437984878    7.156178928593
              C     50.447038346586  -39.369495091217    4.338130286293
              O     52.853135805900  -42.677702503665    7.138980969589
              H     49.058191377017  -37.534339316795    9.107772857865
              H     48.435488268470  -40.864321590473    9.172339784326
              H     50.665715939491  -39.515003201005   11.301166125616
              H     48.636130465370  -40.306643340030    4.532697452938
              H     50.219280663129  -37.344295246053    4.124904579271
              H     51.445148943048  -40.146207576048    2.724090835304
              C     53.817159987254  -36.916935317105   -7.203587706216
              S     53.287103973821  -38.907538834577   -4.425592782182
              C     51.399507740672  -36.592875370886   -2.719630385507
              O     55.829950139006  -38.756519199065   -3.143402463034
              H     54.609726418127  -35.124855243072   -6.610818722830
              H     55.141444643205  -37.897574231124   -8.424046526383
              H     52.021356589256  -36.687432549606   -8.150224647590
              H     50.930940535560  -37.389384391742   -0.892612650281
              H     52.508145740357  -34.890355221514   -2.476733481447
              H     49.708542354163  -36.241364442847   -3.818603009092
$End
$Single_Point_Data
   &GeometryIndex 44
   &FinalEnergy [&Type "Double"]      -2.1302282038339001e+02  "Final single point energy"
   &Converged [&Type "Boolean"] true
$End
$Geometry
   &GeometryIndex 45
   &NAtoms [&Type "Integer"] 148
   &NCorelessECP [&Type "Integer"] 0
   &NGhostAtoms [&Type "Integer"] 0
   &CartesianCoordinates [&Type "Coordinates", &Dim(148,4), &Units "Bohr"] 
              C     61.929669286735  -27.290556422008    3.358719037128
              C     63.537406336452  -29.633760742087    3.093552499244
              C     59.088180279168  -27.404570114379    3.252739048435
              C     63.085630048434  -25.024856808170    3.677565045306
              C     62.066374792493  -31.998076626431    2.265357487822
              C     65.826686207476  -28.972427480540    1.441183146517
              C     57.919648631589  -29.984693468044    2.663146801812
              C     65.793380338457  -24.743145059737    3.568302306646
              C     61.680298895632  -22.559462095300    3.937185151922
              C     59.604791805520  -31.440020249400    0.836489725366
              C     67.376853926179  -26.954296742443    2.777365751818
              C     66.938735194855  -22.513963434535    4.115852708034
              C     62.914420890396  -20.847629038934    5.901950151954
              C     65.667064455819  -20.419712554101    5.292142512763
              O     66.751974751009  -18.459960812255    5.889263802621
              H     64.300761449822  -30.042262382891    4.982868979505
              C     60.006538839604  -29.903229167514   -1.580740549031
              C     63.391082939035  -33.936294548097    0.586009913278
              C     61.217009779350  -35.614640097663   -0.348196785535
              C     58.705018989587  -34.134007104766    0.071578318611
              O     57.248744944988  -34.018613063257   -2.136203093680
              H     61.516297360269  -32.975785129589    4.005028520771
              C     57.178351105850  -35.544135778729    2.146284318887
              C     54.730359600798  -34.494346501590    2.584596437396
              N     52.752594187506  -33.690247140908    2.952273462372
              H     58.482465720865  -26.060955471877    1.805029816009
              H     58.299286859563  -26.732942887011    5.041309633946
              H     65.206514078681  -28.283643978251   -0.400021407521
              H     67.000606606927  -30.638816705617    1.155344128045
              H     56.038020294215  -29.699248250361    1.874832776394
              H     57.724840107897  -31.053161838880    4.415036046993
              H     59.707366066062  -22.851297253514    4.439766277514
              H     61.748355316582  -21.583404744683    2.113191543693
              H     68.930442467775  -26.317588618761    1.581390865112
              H     68.223048719426  -27.776317379571    4.477446796584
              H     68.924854363033  -22.256937452703    3.760881720445
              H     62.822829613307  -21.711105085832    7.782562520943
              H     61.954588544797  -19.026576093805    5.994619573947
              H     58.179951826674  -29.433525660591   -2.391220769780
              H     61.039795715970  -30.999053908092   -2.971053023544
              H     61.034631468912  -28.169249520311   -1.204626478772
              H     64.312094724655  -33.024741432955   -1.012400388164
              H     64.802980376561  -35.022264241425    1.618815393001
              H     61.175444316111  -37.396389538756    0.680389472017
              H     61.404487710636  -36.059088506975   -2.348404638250
              H     56.799749171230  -35.776372654240   -2.580268409860
              H     56.884817663055  -37.479192859598    1.466932802925
              H     58.217906228962  -35.599537270647    3.930790806246
              C     57.532850774449  -43.931228094691   -2.386764634957
              S     55.629379475983  -42.234072043118   -0.037522851467
              C     55.885330141446  -44.766627988904    2.354383108777
              O     52.977664658327  -42.472084546882   -0.919225862590
              H     56.614957752827  -45.707706527798   -2.842843695743
              H     57.639885196302  -42.731712183185   -4.039844303099
              H     59.400419239541  -44.242895459286   -1.614830942317
              H     57.846215245704  -44.886733970143    2.942827719794
              H     54.696418120487  -44.260077593087    3.950711202863
              H     55.255436151224  -46.551357986543    1.571711427168
              C     58.842036109998  -34.073495827329   12.492578332167
              S     58.300941394383  -33.032485020553    9.243880725088
              C     54.882586342103  -33.664916865959    9.289840806363
              O     59.403684116478  -35.019467991521    7.609661217759
              H     57.663573213987  -32.942405590042   13.728005695826
              H     58.354614906063  -36.058107713971   12.627368096641
              H     60.819298217267  -33.767950836386   12.942499341689
              H     54.112179511377  -33.316834751636    7.420835039576
              H     54.572050481547  -35.622182418089    9.823541433262
              H     54.031512228666  -32.384878277468   10.644819024609
              C     73.912787820027  -23.909537414469    4.994961525052
              S     71.427312869762  -24.871853920397    7.230643752315
              C     72.007169133609  -22.265795308516    9.463625937645
              O     72.346510815754  -27.184218900563    8.467810767143
              H     73.414889033846  -22.066654199878    4.237690496721
              H     75.720757838065  -23.859133744184    5.952717185634
              H     73.969380444507  -25.297055369243    3.483747694810
              H     71.421283327359  -20.527938535025    8.549141956595
              H     70.861638649157  -22.612743886557   11.128619878665
              H     73.988573452576  -22.215387982999    9.984982240570
              C     69.417268540833  -14.222261638966    3.860080604901
              S     71.199678197576  -17.035562189334    4.814593010234
              C     74.276738654929  -15.320196182899    4.891355595839
              O     71.421135475957  -18.634884760752    2.534107181306
              H     67.458761847193  -14.784484833810    3.672047331338
              H     69.599866944692  -12.823466496462    5.344332721899
              H     70.158790989830  -13.523142594861    2.087194177514
              H     74.207462865014  -13.915454711157    6.378885862364
              H     75.755819366420  -16.681375417254    5.296629417785
              H     74.635167192864  -14.446570548531    3.073660345489
              C     58.733901863370  -40.924463340777    8.387511204661
              S     57.359354391806  -40.855220105554   11.562535697695
              C     56.248390937469  -44.133993109304   11.557350733706
              O     55.040644558897  -39.295875776107   11.343693074654
              H     60.441613719820  -42.051939785511    8.471766594689
              H     57.370602923655  -41.718337482773    7.088092105761
              H     59.191128724909  -38.989394528744    7.866422083997
              H     57.861006317060  -45.372751549936   11.300805030436
              H     55.343947916796  -44.506065319516   13.360147922118
              H     54.891218925837  -44.326445901929   10.026443991969
              C     66.212948015115  -27.292459015266   10.041242306909
              S     63.516562643437  -29.501748916012   10.074098786161
              C     61.116131767539  -26.964356927220   10.249397062050
              O     63.547985310330  -30.681677373749   12.581052396192
              H     66.250140056245  -26.292961310023   11.828291979756
              H     67.945379836269  -28.369792857484    9.827104500147
              H     66.005674299277  -26.003306749612    8.463533692076
              H     59.298732660600  -27.817858103963   10.663734389308
              H     61.606855159571  -25.628401863317   11.722385514208
              H     61.070097081574  -26.071582817150    8.409904832459
              C     47.228533634185  -41.975443026320   -2.519950375721
              S     47.817373435961  -42.161782914488   -5.933738044191
              C     50.263418534911  -44.610338274791   -5.686234272975
              O     49.169841344012  -39.818427516822   -6.608087676772
              H     49.024381905444  -41.758802663393   -1.555876653326
              H     46.013033071312  -40.366452620723   -2.155960777193
              H     46.294467637640  -43.707420490057   -1.951835686021
              H     49.324478710690  -46.428027823142   -5.557141508441
              H     51.416609924133  -44.527876383397   -7.377476124266
              H     51.390024141266  -44.247297784911   -4.011526094419
              C     67.858487540031  -16.353545827715   -2.324310715504
              S     66.872040276558  -18.927524507629   -0.179776965260
              C     68.543864037627  -21.387851157549   -1.995482845108
              O     64.166953660193  -19.303945551900   -0.704757086035
              H     69.897735512809  -16.213156045073   -2.232876386640
              H     67.224516524364  -16.764258595055   -4.227473724866
              H     66.991734333356  -14.611576989018   -1.674938962792
              H     68.172931980429  -21.185011639859   -3.999228641715
              H     70.533392303755  -21.170898545624   -1.576290306501
              H     67.867990691609  -23.207126736133   -1.339964538873
              C     49.832118552181  -39.399652142362    9.388006403307
              S     52.402582812275  -39.926906957848    7.116577097649
              C     50.416439736182  -39.397656950460    4.304778769354
              O     52.831235218957  -42.695722705828    7.110850397763
              H     49.051911952543  -37.532612853417    9.071871700733
              H     48.413760125213  -40.858993767054    9.144115944852
              H     50.656351326749  -39.517213620919   11.259675325710
              H     48.603681940673  -40.329220106828    4.516001882698
              H     50.192120866336  -37.373636445484    4.076218777416
              H     51.405324029052  -40.188756222294    2.691686404269
              C     53.825197715387  -36.906495686492   -7.198810027217
              S     53.303253194210  -38.912977598081   -4.431136079633
              C     51.391923083272  -36.620039440688   -2.718723907901
              O     55.841827883069  -38.753950659325   -3.142031932198
              H     54.602402186346  -35.110748299707   -6.596941352048
              H     55.161595993087  -37.872191328065   -8.416700970716
              H     52.030683372579  -36.687116499596   -8.150732534374
              H     50.906417062793  -37.436044814370   -0.906769579355
              H     52.491961780488  -34.913504507040   -2.448074577261
              H     49.710172613269  -36.265561039801   -3.829719072182
$End
$Single_Point_Data
   &GeometryIndex 45
   &FinalEnergy [&Type "Double"]      -2.1302309002720000e+02  "Final single point energy"
   &Converged [&Type "Boolean"] true
$End
$Geometry
   &GeometryIndex 46
   &NAtoms [&Type "Integer"] 148
   &NCorelessECP [&Type "Integer"] 0
   &NGhostAtoms [&Type "Integer"] 0
   &CartesianCoordinates [&Type "Coordinates", &Dim(148,4), &Units "Bohr"] 
              C     61.929306963576  -27.286623600080    3.388430325616
              C     63.534736291158  -29.632895271470    3.118763898274
              C     59.089104868414  -27.395253875780    3.274948956281
              C     63.090566737286  -25.024297586823    3.712640134238
              C     62.059031407333  -31.992600648534    2.288293724288
              C     65.824146319353  -28.975412755776    1.469134493343
              C     57.917106423142  -29.971310107311    2.680606660259
              C     65.800317042702  -24.748032986701    3.599565254281
              C     61.688198460428  -22.556732888867    3.979277589809
              C     59.600266397397  -31.428808332923    0.857336476098
              C     67.378371439362  -26.961523108684    2.808775001278
              C     66.950214800144  -22.520418527730    4.141955122597
              C     62.935722145711  -20.845703348994    5.936289919838
              C     65.684341491347  -20.421644901348    5.311920457080
              O     66.770106964133  -18.459107555725    5.895746261419
              H     64.298906446542  -30.046673397428    5.007037553363
              C     60.009071860402  -29.894003091285   -1.561312032157
              C     63.381495433923  -33.936406473513    0.613234315700
              C     61.204678726140  -35.604996974484   -0.335043592156
              C     58.695938511894  -34.121786595082    0.087635643003
              O     57.230355963981  -34.006528096343   -2.114775132274
              H     61.505989808519  -32.967407226027    4.026547586370
              C     57.168143624456  -35.526950321630    2.166010724166
              C     54.717882960402  -34.484208302074    2.609587267120
              N     52.739383770065  -33.683179940932    2.988209841667
              H     58.487502341080  -26.047067931911    1.827734221833
              H     58.299099523279  -26.723239874388    5.063198845821
              H     65.206237630261  -28.285421621720   -0.372776384283
              H     66.993549690393  -30.644789418699    1.183458228134
              H     56.036814980289  -29.682400633580    1.889396660357
              H     57.719856836156  -31.041856928281    4.431507604902
              H     59.719057304200  -22.847399049117    4.494669324131
              H     61.747640436237  -21.583272437715    2.154163375477
              H     68.936099361853  -26.329446940406    1.614713629362
              H     68.223352993002  -27.782562078713    4.514353500605
              H     68.936098488669  -22.273045231814    3.779651339908
              H     62.856504825155  -21.705201808561    7.817171516698
              H     61.974834859984  -19.026621723222    6.034617513647
              H     58.184219996917  -29.415926441395   -2.370364433807
              H     61.034216098256  -30.993887287275   -2.954621226521
              H     61.044704918186  -28.163935868982   -1.184655207654
              H     64.315532395598  -33.025863065447   -0.977654054272
              H     64.782598634395  -35.030523012523    1.651248512230
              H     61.157396604822  -37.393071499161    0.685888047212
              H     61.395002649205  -36.039538886908   -2.339338993267
              H     56.793658278135  -35.765071014681   -2.571042377124
              H     56.880243197512  -37.464867631837    1.497081842807
              H     58.209770042578  -35.575635132871    3.948671040075
              C     57.498102942175  -43.936658404202   -2.419409762968
              S     55.634330032995  -42.230399757300   -0.045186875193
              C     55.879864648127  -44.775079216256    2.334960064143
              O     52.972774245957  -42.434373633568   -0.907209989213
              H     56.551107562450  -45.692638909968   -2.887024246024
              H     57.621266608768  -42.723035955670   -4.064846016105
              H     59.364749053209  -44.287411898688   -1.653253288354
              H     57.838360878875  -44.928544694636    2.910130662621
              H     54.709969189763  -44.261453778742    3.943178475742
              H     55.216249789497  -46.543675658793    1.547308805206
              C     58.831065657544  -34.045236791338   12.512758870670
              S     58.286653495772  -33.013960418476    9.262036315056
              C     54.870600607767  -33.656086358832    9.315489089020
              O     59.394746499632  -34.995762921244    7.626184275270
              H     57.657904272131  -32.908326291154   13.749094967570
              H     58.340525481492  -36.029956982744   12.660741223372
              H     60.810879855569  -33.738479505902   12.955427401331
              H     54.096213554957  -33.305878654719    7.448541612711
              H     54.567929178323  -35.617417557235    9.840533942237
              H     54.017630254233  -32.384831381998   10.676151361981
              C     73.923756390082  -23.917909294681    5.006505173681
              S     71.452063570049  -24.872194465010    7.269171451881
              C     72.010251088425  -22.246369874828    9.484586845821
              O     72.394258853573  -27.163548524109    8.523330428546
              H     73.411555622776  -22.088951556414    4.226388018949
              H     75.739632436166  -23.846992161746    5.952093779557
              H     73.976611770328  -25.326540327771    3.515886854421
              H     71.405775850278  -20.522112447201    8.556838670120
              H     70.870849258486  -22.590336665704   11.153798954926
              H     73.991222001955  -22.174119411974   10.000799642521
              C     69.418252627702  -14.233316099951    3.817915887418
              S     71.207120914060  -17.044004522877    4.761890170241
              C     74.287338645934  -15.331343267346    4.796214917404
              O     71.404496263044  -18.655194498658    2.490576902805
              H     67.461030967140  -14.798044903709    3.623073587467
              H     69.594076648932  -12.843720085667    5.312092147509
              H     70.161548504141  -13.517171771322    2.049772546120
              H     74.228077989832  -13.895876245421    6.254742619749
              H     75.763476517367  -16.688924917289    5.221622713020
              H     74.638863305663  -14.493985845916    2.960718216051
              C     58.725760577234  -40.880928477703    8.344726991132
              S     57.368420053800  -40.836483152963   11.527285538064
              C     56.302009164043  -44.132730513888   11.508072735772
              O     55.026907078969  -39.309343386703   11.322005707020
              H     60.437699643063  -42.004573937549    8.412398477216
              H     57.360034937030  -41.665604433928    7.043094353731
              H     59.171765987260  -38.938981384522    7.837513629159
              H     57.926088732456  -45.345998830293   11.230326048099
              H     55.414376161769  -44.535896233673   13.310653254667
              H     54.941655725979  -44.329405183343    9.982517425502
              C     66.218689752349  -27.284605832938   10.064764656603
              S     63.523398451580  -29.498305400099   10.091427310140
              C     61.120603675988  -26.963436858487   10.279796273097
              O     63.565561407208  -30.681311814282   12.595920335504
              H     66.259131354485  -26.290756772041   11.854347635899
              H     67.950590050397  -28.362219380142    9.852080253697
              H     66.011247453957  -25.991533035709    8.489260954584
              H     59.301824374610  -27.817512552668   10.684086173320
              H     61.609408357962  -25.636631893356   11.761616336963
              H     61.079003130966  -26.058816803173    8.443897122942
              C     47.214421287664  -42.022974928905   -2.565408949785
              S     47.861270965236  -42.194304861473   -5.969872004034
              C     50.333003463386  -44.616047080739   -5.694428460184
              O     49.187079628648  -39.829401196423   -6.625333119446
              H     48.989974958257  -41.765569772312   -1.573074486036
              H     45.957394145416  -40.443227664992   -2.218840977261
              H     46.310413809516  -43.774945505966   -2.010814909646
              H     49.415048260816  -46.443811911440   -5.565793602615
              H     51.501287826482  -44.527420946261   -7.375009708307
              H     51.439848906630  -44.230257415052   -4.011608193815
              C     67.844019746152  -16.388311228794   -2.363034805984
              S     66.855480375974  -18.947130017477   -0.195561694784
              C     68.516276194604  -21.426433173228   -1.988972480441
              O     64.147814128089  -19.324707220257   -0.710372124480
              H     69.884648534684  -16.252344162930   -2.279527371942
              H     67.203172037203  -16.810965016022   -4.261184490328
              H     66.981444926648  -14.638586608944   -1.726968484920
              H     68.134240958864  -21.238384243054   -3.992388362139
              H     70.506004319729  -21.207256032903   -1.571913397497
              H     67.830705547264  -23.234081268428   -1.316564146570
              C     49.824434911561  -39.413415803536    9.371603344689
              S     52.385564919792  -39.938309325240    7.092235892525
              C     50.385359263205  -39.404570515429    4.291399330606
              O     52.819375033727  -42.706521927850    7.081412015479
              H     49.049778042584  -37.544209703544    9.058644690710
              H     48.400920893480  -40.867192887726    9.129543478463
              H     50.655674369759  -39.533763212867   11.238665642495
              H     48.572845345166  -40.333895474135    4.517082385736
              H     50.161361206321  -37.381221976059    4.058235769898
              H     51.366388490819  -40.200514440844    2.674558885720
              C     53.825230000368  -36.883746903433   -7.197235853248
              S     53.313893352848  -38.901858654077   -4.438300346685
              C     51.402512751067  -36.616721023071   -2.716229680247
              O     55.854631621259  -38.741455775413   -3.149259602174
              H     54.587824912454  -35.084973533835   -6.584825064395
              H     55.168960397840  -37.834168317414   -8.417974741604
              H     52.028372771528  -36.672804486709   -8.148623146865
              H     50.904338455244  -37.440283994612   -0.910484143280
              H     52.498266867385  -34.911169316881   -2.424132439141
              H     49.728047813660  -36.256393313931   -3.831103748325
$End
$Single_Point_Data
   &GeometryIndex 46
   &FinalEnergy [&Type "Double"]      -2.1302335060895999e+02  "Final single point energy"
   &Converged [&Type "Boolean"] true
$End
$Geometry
   &GeometryIndex 47
   &NAtoms [&Type "Integer"] 148
   &NCorelessECP [&Type "Integer"] 0
   &NGhostAtoms [&Type "Integer"] 0
   &CartesianCoordinates [&Type "Coordinates", &Dim(148,4), &Units "Bohr"] 
              C     61.927443054600  -27.285777441254    3.413335703696
              C     63.530089067989  -29.635027211737    3.136450753044
              C     59.087399285068  -27.388267325706    3.300542706863
              C     63.094423554350  -25.026751291432    3.739853737649
              C     62.044290854107  -31.990403519182    2.309885071388
              C     65.818562735889  -28.982184008934    1.483887597253
              C     57.907726074434  -29.958668228106    2.698702388171
              C     65.803997387460  -24.756779291533    3.619708844829
              C     61.700012775434  -22.555970131717    4.021125865268
              C     59.588579999400  -31.421047877893    0.878636855790
              C     67.376389222902  -26.970565136940    2.823394212209
              C     66.962004462636  -22.532378274750    4.163598567723
              C     62.962171449940  -20.858153006817    5.980911896503
              C     65.707204293245  -20.433145261715    5.341270664564
              O     66.799261995199  -18.472133502558    5.921650098570
              H     64.299002416098  -30.057868216350    5.020296715998
              C     60.000466552049  -29.890192212129   -1.542956562308
              C     63.362848199378  -33.943192213628    0.641008826409
              C     61.180981643371  -35.603382299764   -0.307117318812
              C     58.678425860674  -34.110943981736    0.109098278426
              O     57.214576666898  -33.993275372214   -2.093103281809
              H     61.488793929227  -32.958396717599    4.050145938685
              C     57.144591827044  -35.507540570788    2.186910704878
              C     54.696670489124  -34.465256015166    2.635950993624
              N     52.719250887087  -33.667028359553    3.023684897172
              H     58.485974223811  -26.031247967620    1.860747085517
              H     58.302837697682  -26.721265853127    5.093549798638
              H     65.201619132646  -28.291005725544   -0.357810724193
              H     66.983706794741  -30.654086809225    1.198127919713
              H     56.029527857657  -29.663187857557    1.903268647599
              H     57.703982932817  -31.030975145394    4.448136530216
              H     59.732670518785  -22.842759511921    4.544647826796
              H     61.756825009290  -21.576246065849    2.199436821342
              H     68.934799635245  -26.340974927221    1.629724316307
              H     68.224721055990  -27.786792606568    4.529919635969
              H     68.948710132968  -22.295356386542    3.790136101898
              H     62.894293579492  -21.729944390619    7.857240806727
              H     62.000287052680  -19.039473579548    6.097795243908
              H     58.176119437576  -29.425424654167   -2.361430950077
              H     61.039381105952  -30.985226079306   -2.930815879332
              H     61.020929691229  -28.151144833481   -1.163642523355
              H     64.303906452955  -33.040261698449   -0.950038856340
              H     64.756827110966  -35.041172865391    1.684016607056
              H     61.125763320084  -37.388877393252    0.716220626611
              H     61.373806984217  -36.040156304018   -2.310561040866
              H     56.791817925774  -35.752824891335   -2.555994650437
              H     56.860047640099  -37.448142170890    1.525655223258
              H     58.189792392590  -35.549738179389    3.968473602519
              C     57.472440979201  -43.946919715891   -2.430811923161
              S     55.639767321027  -42.226039748055   -0.042060744915
              C     55.873009628551  -44.781172155839    2.327715328189
              O     52.971798740192  -42.392507360631   -0.896065533245
              H     56.510213962140  -45.696886439991   -2.891305110143
              H     57.591810325944  -42.734877174707   -4.077652154056
              H     59.343403800591  -44.313240531459   -1.679420952450
              H     57.831063161992  -44.952129281426    2.903811109561
              H     54.706122658624  -44.269931979674    3.939465254070
              H     55.193810424070  -46.540244394672    1.529455596915
              C     58.819135176133  -34.018280202889   12.535813700741
              S     58.274112989906  -32.985663335273    9.284583601009
              C     54.859088326455  -33.637948478975    9.335075245265
              O     59.387818300395  -34.956569798896    7.641678459996
              H     57.656419911938  -32.871562486345   13.773180323412
              H     58.317500907504  -35.997349937698   12.695608397286
              H     60.802999412421  -33.719588322712   12.970933270435
              H     54.084897281142  -33.287207991569    7.468171809920
              H     54.564597185441  -35.602911433785    9.853494992300
              H     54.000455182535  -32.374644672186   10.698577624814
              C     73.935345307242  -23.919294912136    4.991617211137
              S     71.481416567121  -24.858792700274    7.283108851513
              C     72.031456207007  -22.200922345214    9.459643943987
              O     72.449652361652  -27.126258894554    8.559892113845
              H     73.408604288013  -22.107773474426    4.181261384080
              H     75.755725071106  -23.821096604259    5.925918498010
              H     73.984778819271  -25.352737441440    3.524976578753
              H     71.386185106675  -20.497164965710    8.519195685037
              H     70.925149583747  -22.544344192014   11.150879753051
              H     74.019157848285  -22.088204168702    9.943510830349
              C     69.429643457007  -14.254554239321    3.800863878549
              S     71.221842331749  -17.069628402065    4.717559467819
              C     74.307027612389  -15.362777400853    4.723418495358
              O     71.392493069021  -18.676123416319    2.441420982352
              H     67.472153874457  -14.816153242333    3.600580203622
              H     69.606311203183  -12.877842388035    5.308303945453
              H     70.170860847875  -13.517032171493    2.038526735101
              H     74.262731309251  -13.917079644941    6.173144228387
              H     75.779792909689  -16.724390120063    5.146533912975
              H     74.648412917424  -14.537898166693    2.880834593263
              C     58.709706995541  -40.842781083506    8.309382710663
              S     57.360780942144  -40.815895403564   11.495346528917
              C     56.328874751940  -44.125051879389   11.471794887886
              O     55.002545166107  -39.313015811454   11.300420917499
              H     60.415428270334  -41.977336823047    8.361434863595
              H     57.332212259322  -41.609849731322    7.003831595281
              H     59.161628296090  -38.897673128822    7.817342596603
              H     57.963079854961  -45.320396997801   11.181749251191
              H     55.453073295120  -44.549219890361   13.274916013140
              H     54.965704978686  -44.327878158543    9.949711030489
              C     66.238969515350  -27.287937724831   10.076113339021
              S     63.544524264675  -29.503300613934   10.104757945594
              C     61.142965385933  -26.969167319415   10.305412628426
              O     63.599475635324  -30.686521160802   12.609324122671
              H     66.288787611443  -26.298047921959   11.868911407727
              H     67.971006764898  -28.367081506437    9.859035062346
              H     66.026988527370  -25.988563149504    8.506850421179
              H     59.323450272606  -27.822379197581   10.704364978551
              H     61.634539015116  -25.652622743776   11.795427992930
              H     61.100586667590  -26.051323286907    8.476695987795
              C     47.219343931175  -42.051583602267   -2.628478130040
              S     47.925594158922  -42.227354784356   -6.020808351803
              C     50.411471300141  -44.627160774253   -5.699955946320
              O     49.239500063770  -39.849354684226   -6.656429691778
              H     48.973008652405  -41.758603929148   -1.607181952241
              H     45.932622021459  -40.490658999850   -2.314495007024
              H     46.333303679729  -43.813697335390   -2.079364705233
              H     49.505612417748  -46.460776463521   -5.567209690091
              H     51.598534224784  -44.543905287574   -7.367413097378
              H     51.498141982421  -44.219909441514   -4.007949768785
              C     67.788797622862  -16.406517356526   -2.364197527442
              S     66.822929799732  -18.966671392729   -0.187547726994
              C     68.475346719587  -21.442088331760   -1.990736313773
              O     64.113486995254  -19.357082004050   -0.687510885615
              H     69.829848990800  -16.274346356867   -2.302227709875
              H     67.127996091602  -16.830649973812   -4.256154033794
              H     66.933512753591  -14.656920829918   -1.721750442854
              H     68.069067730381  -21.247184339668   -3.988677629526
              H     70.470123024729  -21.230073030692   -1.589554206341
              H     67.785921007230  -23.247009866984   -1.312829249314
              C     49.808004680805  -39.406739215022    9.345853001952
              S     52.362276425807  -39.940508309036    7.063280606855
              C     50.352393491396  -39.412559487935    4.268684168270
              O     52.797610549035  -42.708371325008    7.055785875225
              H     49.044056621236  -37.533220366776    9.027659211261
              H     48.375497115342  -40.852396679494    9.106611430862
              H     50.640759901702  -39.527595046564   11.213636665527
              H     48.542706239343  -40.342580058976    4.506514188087
              H     50.125317975637  -37.392006581577    4.026563733978
              H     51.329749035798  -40.214415844472    2.652949385350
              C     53.854817596236  -36.866749175611   -7.190229129574
              S     53.345591398839  -38.899956986609   -4.444861238923
              C     51.412623942235  -36.633872103665   -2.724395736492
              O     55.879244501634  -38.731814205221   -3.142671883919
              H     54.593343453924  -35.062263418596   -6.561900338334
              H     55.214285979754  -37.794486290351   -8.411994017623
              H     52.059850569578  -36.671017356452   -8.147431665788
              H     50.929401942861  -37.463191644648   -0.916074171067
              H     52.483219646978  -34.911333527559   -2.433644264345
              H     49.728106047332  -36.302416172718   -3.835956444126
$End
$Single_Point_Data
   &GeometryIndex 47
   &FinalEnergy [&Type "Double"]      -2.1302357249929000e+02  "Final single point energy"
   &Converged [&Type "Boolean"] true
$End
$Geometry
   &GeometryIndex 48
   &NAtoms [&Type "Integer"] 148
   &NCorelessECP [&Type "Integer"] 0
   &NGhostAtoms [&Type "Integer"] 0
   &CartesianCoordinates [&Type "Coordinates", &Dim(148,4), &Units "Bohr"] 
              C     61.931997590741  -27.290683922587    3.437187343805
              C     63.531089640097  -29.643082395128    3.158200256306
              C     59.091690879782  -27.386174745384    3.323807183384
              C     63.103743001330  -25.033719620273    3.764121756546
              C     62.034676130295  -31.993426922933    2.332827052414
              C     65.820657144021  -28.995805554988    1.504620406627
              C     57.903468898371  -29.950519516804    2.711787809905
              C     65.812430410921  -24.769118033966    3.639851860861
              C     61.716011021346  -22.559032984336    4.049598798096
              C     59.585022709038  -31.417548843365    0.895591025278
              C     67.380072888516  -26.986491454259    2.844441260710
              C     66.974468744213  -22.544700377983    4.180362886475
              C     62.985023982602  -20.866849683318    6.009355404464
              C     65.728226206054  -20.442814853173    5.360610300651
              O     66.825871554761  -18.482821025842    5.935563045663
              H     64.301970818531  -30.073151983459    5.039568027810
              C     60.007479418099  -29.887067898607   -1.525242469161
              C     63.350395549722  -33.955244937294    0.669726512553
              C     61.163715276814  -35.605502923269   -0.285744477643
              C     58.665401359353  -34.104829494737    0.124982060739
              O     57.206522964880  -33.983984918658   -2.081208160542
              H     61.473923414394  -32.953437653895    4.076251012568
              C     57.127244117800  -35.495778119775    2.203103664720
              C     54.680664867358  -34.453011964648    2.656266760736
              N     52.701904080847  -33.660220986882    3.052655922759
              H     58.492778510385  -26.019445091839    1.893082783214
              H     58.311215353611  -26.725190683125    5.121446214011
              H     65.206905453182  -28.303312217934   -0.337629447659
              H     66.982287903816  -30.670161911408    1.220378061108
              H     56.029189061423  -29.648821818595    1.909396623769
              H     57.689359494068  -31.024444223051    4.458939639984
              H     59.749059615898  -22.840105720973    4.576546441639
              H     61.775456878001  -21.577724603506    2.228404296838
              H     68.944701816257  -26.356429943083    1.659022977115
              H     68.226007390479  -27.800096329166    4.552731167080
              H     68.960484469814  -22.313555590975    3.797534527491
              H     62.922359067003  -21.743594922202    7.882441043901
              H     62.021680924191  -19.050017462361    6.135633749371
              H     58.186883826012  -29.437767164038   -2.361627924960
              H     61.068035542012  -30.975582872629   -2.901803045722
              H     61.008976118507  -28.139246422075   -1.138706007727
              H     64.302825479026  -33.059675485208   -0.917849663689
              H     64.734929625925  -35.058131814957    1.720335866602
              H     61.099226835162  -37.392712094559    0.732786068210
              H     61.361808654225  -36.037604933431   -2.290571854980
              H     56.795297416510  -35.746162094692   -2.550548780285
              H     56.843694677105  -37.439897826138    1.549173086619
              H     58.171337903520  -35.534584553403    3.985601341143
              C     57.433035220142  -43.962850008434   -2.449112037783
              S     55.638539326400  -42.222084086964   -0.045161868964
              C     55.845606100954  -44.787981604454    2.313087625884
              O     52.961534245772  -42.343345453369   -0.881478799959
              H     56.452486065110  -45.703949198924   -2.901899604396
              H     57.555652555237  -42.753692075984   -4.097411063364
              H     59.305641826714  -44.347905648021   -1.710597488583
              H     57.801092429864  -44.987640475410    2.883214807887
              H     54.690614583791  -44.271279257862    3.929769095934
              H     55.140431118883  -46.533750725484    1.508213606076
              C     58.817782378115  -33.996619899124   12.557768172660
              S     58.265923647601  -32.955881987863    9.309079496088
              C     54.854287040045  -33.627023134576    9.357790684581
              O     59.388097102231  -34.912466237171    7.655414451743
              H     57.665687521038  -32.842504713684   13.797866306182
              H     58.310140926799  -35.974017900109   12.726040819865
              H     60.803914749870  -33.702115435174   12.985168211621
              H     54.078739960478  -33.276777157311    7.492102464503
              H     54.573717380961  -35.595387453314    9.868821862175
              H     53.987371856746  -32.374474462450   10.725298166783
              C     73.937327656673  -23.912134360201    5.006802475679
              S     71.492085691144  -24.845489166205    7.311327471215
              C     72.002959882590  -22.152306635871    9.455934032654
              O     72.490008599027  -27.082619369629    8.618985918097
              H     73.397547621366  -22.121002223073    4.166088840482
              H     75.755858479149  -23.784463690510    5.941955702324
              H     73.997893331035  -25.370301464883    3.564644837745
              H     71.309032565358  -20.471889784480    8.508318944606
              H     70.923889264717  -22.508629746179   11.162227827225
              H     73.992390277080  -21.984856442361    9.918118607418
              C     69.438153941561  -14.275065810601    3.770030795110
              S     71.233750287083  -17.091482056536    4.669319806088
              C     74.322761587385  -15.393590558569    4.647152705043
              O     71.380049627000  -18.698240948606    2.392405589839
              H     67.481102637354  -14.835820687125    3.562042463315
              H     69.612145566976  -12.906873671120    5.284758856986
              H     70.174925459054  -13.522399439287    2.011762124133
              H     74.294468153024  -13.941251418120    6.089937116372
              H     75.791740295764  -16.760341892706    5.065961550137
              H     74.655462572802  -14.578862337466    2.798688085774
              C     58.704038209529  -40.792070807999    8.251619554753
              S     57.372654150358  -40.796458794845   11.444661223526
              C     56.375454922922  -44.116530434934   11.413685710718
              O     54.995811810133  -39.321164794581   11.274377445864
              H     60.417000052010  -41.914802889992    8.282372959948
              H     57.323090631870  -41.561454416613    6.951200440814
              H     59.135247476556  -38.842295283678    7.767608796079
              H     58.020935590776  -45.295068083476   11.109335430299
              H     55.513883163775  -44.558771882833   13.219295645612
              H     55.003734430144  -44.326131680535    9.900195824358
              C     66.256108570596  -27.282487195838   10.093274169574
              S     63.566198683660  -29.502069700639   10.124751604646
              C     61.164176849984  -26.969452441281   10.330846587134
              O     63.631143486298  -30.688401027696   12.628605059462
              H     66.308973723104  -26.293499029297   11.887547446330
              H     67.989723935095  -28.358637576436    9.876252354957
              H     66.040654912799  -25.978926813496    8.528680731106
              H     59.344052197416  -27.824778211497   10.722670901780
              H     61.655144316084  -25.662192923054   11.829418833729
              H     61.122265258936  -26.038470828909    8.508973435578
              C     47.216042965789  -42.074985199873   -2.675568517680
              S     47.972610332559  -42.248692138634   -6.059714173874
              C     50.470630034825  -44.629680649153   -5.696033423057
              O     49.277760212409  -39.859209150757   -6.675480092046
              H     48.948774314967  -41.750761211195   -1.627127185579
              H     45.899116164340  -40.530095960511   -2.386057194371
              H     46.348061412656  -43.848963330060   -2.131788686711
              H     49.574076096615  -46.467767215761   -5.556904732337
              H     51.672118058168  -44.553373368869   -7.353645767673
              H     51.541889752218  -44.201074627160   -3.998205570114
              C     67.740070146372  -16.435028671078   -2.377763584226
              S     66.791729471495  -18.988031194603   -0.186165279532
              C     68.435155866713  -21.470060420515   -1.986545590576
              O     64.082388948586  -19.391636165007   -0.677346184903
              H     69.782365415639  -16.310626784342   -2.335315368751
              H     67.061111037583  -16.863287122588   -4.263047928760
              H     66.893732932489  -14.683075701618   -1.731705293870
              H     68.011118096676  -21.281583926353   -3.981113288814
              H     70.433273106719  -21.261761948995   -1.599843022385
              H     67.743513436622  -23.270098308508   -1.297081717079
              C     49.800628421097  -39.407881103255    9.332042360410
              S     52.343710128541  -39.942346394922    7.039285779714
              C     50.319552631962  -39.417439576941    4.252082281681
              O     52.787275255282  -42.707924680320    7.028417678043
              H     49.045876555300  -37.530633879787    9.015092379434
              H     48.360206368015  -40.846028229429    9.094615024774
              H     50.638020058974  -39.531329963410   11.197860859108
              H     48.511990006044  -40.348385799455    4.499440098366
              H     50.091233785999  -37.396320063538    4.009480809065
              H     51.292659082294  -40.220355983601    2.633940438469
              C     53.879793506205  -36.838373566603   -7.183178067124
              S     53.373735859304  -38.888947087870   -4.450702010221
              C     51.435325716343  -36.635392539704   -2.721849823512
              O     55.908607983599  -38.723786286846   -3.144009317849
              H     54.605682512075  -35.034651544653   -6.540947464579
              H     55.243649604379  -37.747638672271   -8.412985681404
              H     52.083273343657  -36.646708232074   -8.138499933990
              H     50.969641309206  -37.468015273709   -0.909059903535
              H     52.491016313281  -34.905102813821   -2.434841502868
              H     49.740334655610  -36.322068993942   -3.822699119578
$End
$Single_Point_Data
   &GeometryIndex 48
   &FinalEnergy [&Type "Double"]      -2.1302377525140000e+02  "Final single point energy"
   &Converged [&Type "Boolean"] true
$End
$Geometry
   &GeometryIndex 49
   &NAtoms [&Type "Integer"] 148
   &NCorelessECP [&Type "Integer"] 0
   &NGhostAtoms [&Type "Integer"] 0
   &CartesianCoordinates [&Type "Coordinates", &Dim(148,4), &Units "Bohr"] 
              C     61.936784808669  -27.297510151701    3.467095415610
              C     63.528949633539  -29.653425657328    3.182715491924
              C     59.095458819919  -27.384002209566    3.361042192601
              C     63.114899474999  -25.042746441179    3.790733841647
              C     62.019898164417  -31.996979629773    2.359002041651
              C     65.816458071596  -29.012190088693    1.522845217438
              C     57.896111223199  -29.940892355593    2.737729995416
              C     65.822494351919  -24.784463240308    3.656861079062
              C     61.734344779169  -22.564151334280    4.078204017038
              C     59.575811077985  -31.410890572069    0.920227006134
              C     67.381662237721  -27.008195276201    2.861724673378
              C     66.987910425332  -22.558232332416    4.187575812630
              C     63.011079081482  -20.872973265024    6.033345072547
              C     65.752146056171  -20.452449499809    5.372462790483
              O     66.857247597622  -18.494171806377    5.941033715918
              H     64.303563056325  -30.092597030799    5.060124604381
              C     60.005513246251  -29.877258198256   -1.496547696002
              C     63.331125552179  -33.965476037693    0.698208577606
              C     61.139111963370  -35.601770644733   -0.267616032363
              C     58.646059431395  -34.091596338768    0.146621513183
              O     57.190010653216  -33.956308192528   -2.058766628332
              H     61.455413851393  -32.949323554315    4.105743274273
              C     57.103313427704  -35.480621733229    2.222628830474
              C     54.660290945191  -34.432191174096    2.679064595490
              N     52.682081231929  -33.645554590056    3.082237072121
              H     58.497217726783  -26.005686975764    1.942768789967
              H     58.323064560995  -26.731971587220    5.165706520909
              H     65.201965162518  -28.315333976273   -0.317307991070
              H     66.974363331421  -30.688062445494    1.236028463645
              H     56.025282841311  -29.629815898913    1.930812193309
              H     57.672476553297  -31.018105838064    4.481190692479
              H     59.767426070352  -22.837601827695    4.609068422138
              H     61.795217539314  -21.584921750377    2.255274293150
              H     68.952365244907  -26.376146519819    1.683718113663
              H     68.224391435248  -27.825548707632    4.568330936513
              H     68.972501697046  -22.327522666752    3.796325489753
              H     62.953252804796  -21.750914279865    7.906157114257
              H     62.048477914201  -19.056033275775    6.165733351531
              H     58.187691255986  -29.442780184128   -2.348423295739
              H     61.086424380019  -30.958627693302   -2.863235215663
              H     60.988492915197  -28.122639727019   -1.102516328421
              H     64.295467528988  -33.074920916821   -0.883962492454
              H     64.705267015935  -35.074684027986    1.756116417436
              H     61.064644048354  -37.394662996311    0.739229793418
              H     61.339395192207  -36.021374976234   -2.275819747590
              H     56.784879830075  -35.717714696013   -2.532434055300
              H     56.815961440483  -37.425653886313    1.568821305353
              H     58.146389289415  -35.517240297975    4.005844514036
              C     57.411906376516  -43.953969493947   -2.460592907758
              S     55.645153765869  -42.201828650979   -0.042097548383
              C     55.836365994020  -44.778510892102    2.303988968023
              O     52.962850726675  -42.291844793962   -0.869897271028
              H     56.426734068810  -45.696643382974   -2.899378466021
              H     57.523948572380  -42.753038372003   -4.113955142033
              H     59.289695049878  -44.338297716322   -1.737404507841
              H     57.792278530888  -44.991938618538    2.872893430238
              H     54.687183198568  -44.259354736028    3.925678674614
              H     55.117264560278  -46.517335050845    1.494204108112
              C     58.814425822353  -33.982511972366   12.581441285089
              S     58.255791185489  -32.925240153418    9.338608267786
              C     54.847866197388  -33.615217346467    9.382314709697
              O     59.385680867336  -34.866397257469    7.670708411489
              H     57.677108474489  -32.819510162716   13.826513030764
              H     58.295820785742  -35.955827638190   12.754455445370
              H     60.803754125197  -33.697639707662   13.000175401375
              H     54.071443959644  -33.263651115622    7.517200477587
              H     54.584022944736  -35.587487833269    9.887290496809
              H     53.971590793422  -32.374282039734   10.754773770949
              C     73.929123423630  -23.926334784737    5.022790562022
              S     71.489926448112  -24.857643556770    7.332995135571
              C     71.954318535945  -22.132845500618    9.451182060186
              O     72.514996281597  -27.064624297461    8.671637438793
              H     73.377043751241  -22.154171100267    4.158059604425
              H     75.743758891470  -23.772727612555    5.961276536325
              H     74.005581465073  -25.404840460338    3.602419648884
              H     71.205801101768  -20.474586020007    8.507453225071
              H     70.906620686786  -22.512081225189   11.172460481337
              H     73.943579152434  -21.906611356396    9.889520114970
              C     69.446758365431  -14.293384201212    3.730083539835
              S     71.249007475006  -17.110270697073    4.612297926133
              C     74.340759113346  -15.423634019774    4.554571232913
              O     71.365025186815  -18.718931230976    2.336324930502
              H     67.491175217110  -14.858418309087    3.513356923827
              H     69.617075143509  -12.933241512592    5.251642538676
              H     70.177123708899  -13.526298796542    1.975810333198
              H     74.333970287185  -13.970426377869    5.996476772669
              H     75.808275074515  -16.796659601210    4.958240016698
              H     74.658824799317  -14.611972649164    2.702177871018
              C     58.709002898022  -40.728897254162    8.205860974209
              S     57.383832899210  -40.769947329547   11.401294112275
              C     56.416859829638  -44.098327885776   11.358384763897
              O     54.990686313521  -39.321343000575   11.249718807195
              H     60.421924531441  -41.850742395467    8.217114385349
              H     57.321908778493  -41.485302787993    6.897548495684
              H     59.141464249794  -38.771893081931    7.748025704841
              H     58.072267863288  -45.263686473761   11.044051978899
              H     55.567299508273  -44.552907443585   13.167924296470
              H     55.036060065532  -44.311843842378    9.852338837322
              C     66.283313609336  -27.291384294810   10.111269871094
              S     63.593355727450  -29.509295786083   10.148535647168
              C     61.196098757158  -26.973489172729   10.364998341955
              O     63.667483667277  -30.705232084132   12.648677364588
              H     66.341194743852  -26.303559933718   11.907020492964
              H     68.017093312404  -28.365932122617    9.888850471328
              H     66.063083462139  -25.981499223208    8.553122952924
              H     59.375901603255  -27.831878397799   10.750941145762
              H     61.689217808619  -25.677176100728   11.872532643566
              H     61.152921368414  -26.028411642479    8.551170886393
              C     47.234785825366  -42.109629650446   -2.738045651462
              S     48.039893393536  -42.276132343688   -6.112240454773
              C     50.560912148611  -44.626176201055   -5.707670890282
              O     49.319459420884  -39.869233850913   -6.713161613316
              H     48.943081957801  -41.755709822515   -1.662576958582
              H     45.894121799665  -40.581865852607   -2.470158384641
              H     46.384220583971  -43.894380878049   -2.203149977288
              H     49.681884435704  -46.472843325327   -5.569376786362
              H     51.778459223562  -44.543318609851   -7.353571598434
              H     51.611199981786  -44.177870209250   -4.002306523078
              C     67.687645531462  -16.469382695138   -2.394191997937
              S     66.755648737277  -19.011796397532   -0.185618696884
              C     68.387822362288  -21.505513823119   -1.981017938853
              O     64.044409168726  -19.423701877514   -0.665722011832
              H     69.730927678532  -16.352950764924   -2.369267184804
              H     66.992098188643  -16.904514213244   -4.272025691562
              H     66.851735608462  -14.714601785172   -1.742722075819
              H     67.954560273790  -21.326013071494   -3.974148045860
              H     70.388149684351  -21.300834225002   -1.607589092722
              H     67.697064276967  -23.302211146843   -1.280064818183
              C     49.791563653849  -39.395073668528    9.316402345421
              S     52.328033867904  -39.930692818273    7.017630336344
              C     50.290364089995  -39.424983166687    4.236044085888
              O     52.784529211779  -42.693667261542    7.011580639422
              H     49.042693409050  -37.515561540597    8.998737882623
              H     48.346435277781  -40.829002325013    9.080736326139
              H     50.632181084366  -39.521652211215   11.179800715089
              H     48.485259550679  -40.357325218186    4.495008365082
              H     50.057481967626  -37.405447581810    3.984224756515
              H     51.257159929779  -40.235677784155    2.618876661465
              C     53.896788572972  -36.809534859123   -7.172061475848
              S     53.396561983710  -38.876530100868   -4.452536607266
              C     51.425646032441  -36.647080018501   -2.728295363887
              O     55.920421464295  -38.696595313703   -3.129988305847
              H     54.597684505547  -35.001026080272   -6.516793785192
              H     55.274856295724  -37.697886692004   -8.402238644358
              H     52.102720028286  -36.633651814107   -8.134639041421
              H     50.969611228108  -37.481825296960   -0.915433983531
              H     52.461644385456  -34.903058625278   -2.445461708786
              H     49.729394623318  -36.359573688512   -3.829922760274
$End
$Single_Point_Data
   &GeometryIndex 49
   &FinalEnergy [&Type "Double"]      -2.1302394782377999e+02  "Final single point energy"
   &Converged [&Type "Boolean"] true
$End
$Geometry
   &GeometryIndex 50
   &NAtoms [&Type "Integer"] 148
   &NCorelessECP [&Type "Integer"] 0
   &NGhostAtoms [&Type "Integer"] 0
   &CartesianCoordinates [&Type "Coordinates", &Dim(148,4), &Units "Bohr"] 
              C     61.940938653932  -27.300881456578    3.484140699318
              C     63.528182653860  -29.658554550598    3.199522380712
              C     59.098562736227  -27.381973569309    3.385509866646
              C     63.122103026438  -25.046743014807    3.802498720088
              C     62.011501871827  -31.998202113887    2.378864703617
              C     65.814336477951  -29.023130550091    1.534920561976
              C     57.891198060976  -29.932990349294    2.749749717293
              C     65.829148512107  -24.792232234934    3.663194055616
              C     61.745552975328  -22.565521148583    4.087163185002
              C     59.572313671913  -31.406338105182    0.933930676298
              C     67.383135356421  -27.021096689371    2.870692014109
              C     66.996462594028  -22.565826620574    4.184977831210
              C     63.026486561306  -20.872899552595    6.038948604906
              C     65.768163467389  -20.458280481219    5.374397402252
              O     66.881375522517  -18.505622264577    5.945643187407
              H     64.302157383372  -30.102229198038    5.076271373365
              C     60.009949074326  -29.869386737514   -1.478497220557
              C     63.318979112966  -33.976815488037    0.727290073235
              C     61.123707328635  -35.604703445660   -0.246130260835
              C     58.633686043444  -34.085811846011    0.161129778152
              O     57.183988518679  -33.951610772642   -2.049502643593
              H     61.440719256525  -32.940038266747    4.129629865648
              C     57.087923735725  -35.468696424760    2.236357321210
              C     54.644873983670  -34.414823969828    2.688590641552
              N     52.662046524880  -33.637641219277    3.091657827836
              H     58.500446293567  -25.993685600687    1.977996327068
              H     58.332396915224  -26.740063166023    5.196498038684
              H     65.197537488297  -28.325377402054   -0.304091321428
              H     66.971207359895  -30.699559106140    1.247736396962
              H     56.025256137811  -29.613196568692    1.935557390621
              H     57.655058507794  -31.012807000828    4.489301348778
              H     59.777661708190  -22.833236314455    4.618397920493
              H     61.807799935003  -21.589037397279    2.262364464100
              H     68.958933110131  -26.389307290615    1.698519459302
              H     68.221493401291  -27.842584192620    4.575935582228
              H     68.979516522844  -22.334004757286    3.789865367787
              H     62.967370802559  -21.748765986688    7.912793361633
              H     62.068456248534  -19.053547637573    6.171197296257
              H     58.195797549139  -29.449631035882   -2.346193931856
              H     61.111172918696  -30.944688529815   -2.833999730193
              H     60.975721377446  -28.107186681909   -1.077802272034
              H     64.295893081721  -33.094599989264   -0.851741182009
              H     64.683032202424  -35.088733010441    1.795820978020
              H     61.038150731687  -37.399273395039    0.756069824272
              H     61.327692626913  -36.021444566132   -2.253735946120
              H     56.783203186218  -35.716225772306   -2.523124836464
              H     56.796362423426  -37.413743416340    1.585301184220
              H     58.126981159587  -35.499461589179    4.021624560371
              C     57.403367424839  -43.964709605862   -2.466764063511
              S     55.648031975016  -42.206391621665   -0.045361917015
              C     55.810315224893  -44.792639884205    2.290589101736
              O     52.963050305612  -42.272260496111   -0.863497967753
              H     56.415820659113  -45.705816257004   -2.903572393451
              H     57.521063678599  -42.765913716820   -4.121090873352
              H     59.279645501143  -44.351000803336   -1.740855114254
              H     57.764723794046  -45.021753725629    2.861008114169
              H     54.662333266831  -44.267745827798    3.910553047512
              H     55.080770701990  -46.524320342168    1.476504089634
              C     58.818452830715  -33.976561819898   12.592749716235
              S     58.248101449404  -32.893807141375    9.360315924497
              C     54.846752652748  -33.611523153212    9.396757941974
              O     59.390271349177  -34.811979464698    7.672944271809
              H     57.692688713325  -32.812173811560   13.847232793413
              H     58.294558036967  -35.947913105868   12.761066552926
              H     60.809451658782  -33.699302106623   13.005648717690
              H     54.068151519485  -33.255713341827    7.533161829183
              H     54.600497356528  -35.588031332965    9.895457865600
              H     53.959253708760  -32.384375570224   10.775089447225
              C     73.908263042194  -23.918625686348    5.038969392919
              S     71.473750209781  -24.852051873027    7.348818911509
              C     71.893909864282  -22.095004845563    9.434834384780
              O     72.521903132424  -27.028249675542    8.719875375789
              H     73.341075573817  -22.163025365852    4.151231218108
              H     75.716293728387  -23.736505027618    5.983460054990
              H     74.005774299600  -25.414642488324    3.639403663877
              H     71.093049632944  -20.463540699591    8.488174286119
              H     70.874850501189  -22.489006669416   11.169805953919
              H     73.879640906442  -21.812739909427    9.851029378496
              C     69.468008273822  -14.308447305954    3.707114565573
              S     71.266643110260  -17.132900841416    4.575490009235
              C     74.363282764113  -15.460972656543    4.509903547574
              O     71.364413921345  -18.735404629416    2.292929283183
              H     67.512995410883  -14.873160293037    3.482207204327
              H     69.636425807219  -12.957047436520    5.236035113081
              H     70.197237092439  -13.532895979610    1.956928928061
              H     74.370751648079  -14.019423138559    5.962991297367
              H     75.827600503823  -16.842697055068    4.895765745375
              H     74.677559423253  -14.637339847634    2.661726041293
              C     58.708500397801  -40.716608110382    8.158283153466
              S     57.396716213607  -40.760298144290   11.357795975907
              C     56.439161979334  -44.089770787951   11.320025371315
              O     54.997815534287  -39.321020371548   11.218479471322
              H     60.432151131557  -41.821317728312    8.163828377140
              H     57.322753740291  -41.494548695206    6.870997104073
              H     59.119328108452  -38.761179410014    7.682349962751
              H     58.095090842178  -45.254558419031   11.005324665498
              H     55.595456294193  -44.535636515158   13.135114552608
              H     55.051439688010  -44.309836906531    9.822174009119
              C     66.306035933056  -27.296575345845   10.124781762390
              S     63.613758450487  -29.509994744874   10.169336980511
              C     61.220941119681  -26.970824148855   10.392097072484
              O     63.689573208107  -30.710620634584   12.667403383075
              H     66.370493120145  -26.309411963529   11.920517300953
              H     68.038948896334  -28.370325567099    9.892948052487
              H     66.079989823089  -25.983284543184    8.570675835598
              H     59.401709010732  -27.833222303822   10.776419826159
              H     61.715514779134  -25.681882962690   11.905569077398
              H     61.175644488559  -26.016148514867    8.584008182594
              C     47.235480356302  -42.124984627842   -2.760032350444
              S     48.061191254344  -42.279627053237   -6.130327059290
              C     50.589305440406  -44.622234234422   -5.714188315739
              O     49.336808208373  -39.867405985390   -6.716459946130
              H     48.932219194980  -41.759360474540   -1.669672673237
              H     45.879674506236  -40.605169577976   -2.500201282653
              H     46.394239377069  -43.917462192076   -2.233481219355
              H     49.713387856235  -46.470488970953   -5.577361033282
              H     51.808344506756  -44.536655621215   -7.359181113056
              H     51.636858789368  -44.169909667123   -4.008253955215
              C     67.659541209455  -16.475171083904   -2.401969489873
              S     66.733698669609  -19.012976385640   -0.188070822820
              C     68.356468106193  -21.511890642974   -1.982982751820
              O     64.021637523235  -19.430624416781   -0.663574549257
              H     69.703646984191  -16.366094348047   -2.387692303719
              H     66.952626632082  -16.906882321039   -4.275656360586
              H     66.833908592046  -14.719624306475   -1.740018884103
              H     67.923572600483  -21.333606506995   -3.976567674016
              H     70.360386757826  -21.317332491768   -1.617324015883
              H     67.663190270766  -23.306907967015   -1.281719586873
              C     49.791986578314  -39.383062858383    9.299589818324
              S     52.324984884840  -39.925676026396    6.997162039242
              C     50.281868208759  -39.434173870753    4.216136057391
              O     52.787082937926  -42.687515383689    6.995523379205
              H     49.048991358636  -37.502237953402    8.977086246241
              H     48.342750527295  -40.813387196900    9.068609243976
              H     50.632913704237  -39.505802740142   11.163640376421
              H     48.479035386811  -40.370426557754    4.476318341931
              H     50.043769944337  -37.414904851524    3.963070729406
              H     51.248519570689  -40.246372231801    2.599071449368
              C     53.914509717011  -36.794700394581   -7.159093403098
              S     53.414331670983  -38.872628191480   -4.445748699001
              C     51.444969119829  -36.650048424314   -2.714555834952
              O     55.941095759488  -38.698591358187   -3.123495741950
              H     54.613953575450  -34.988344208753   -6.498919924713
              H     55.292004693149  -37.677580032192   -8.392420656752
              H     52.120566260184  -36.616616576374   -8.122236143981
              H     51.013012640405  -37.480911079016   -0.893597189530
              H     52.474314124455  -34.902044891026   -2.449951897648
              H     49.736831786672  -36.375119262956   -3.803607496061
$End
$Single_Point_Data
   &GeometryIndex 50
   &FinalEnergy [&Type "Double"]      -2.1302407617580999e+02  "Final single point energy"
   &Converged [&Type "Boolean"] true
$End
$Geometry
   &GeometryIndex 51
   &NAtoms [&Type "Integer"] 148
   &NCorelessECP [&Type "Integer"] 0
   &NGhostAtoms [&Type "Integer"] 0
   &CartesianCoordinates [&Type "Coordinates", &Dim(148,4), &Units "Bohr"] 
              C     61.944138352422  -27.303456466267    3.509794556155
              C     63.527494961813  -29.661663690037    3.220878359906
              C     59.101254955698  -27.381616739828    3.419176466744
              C     63.126715475080  -25.049841541227    3.825814461861
              C     62.007621812563  -31.998678896451    2.400309948929
              C     65.811586595274  -29.028119380370    1.552435713948
              C     57.889382835476  -29.928442297747    2.773299736205
              C     65.834246572809  -24.797678998563    3.680133579178
              C     61.750643091642  -22.568294405086    4.106185639173
              C     59.569727864252  -31.400600673394    0.954819395001
              C     67.385235161797  -27.029128584110    2.887209609424
              C     67.002315876001  -22.569864823329    4.189499794634
              C     63.036068458835  -20.865265203848    6.046176240455
              C     65.777586180673  -20.458476258104    5.376889730485
              O     66.896752992179  -18.508019669767    5.943888558479
              H     64.302615007987  -30.107255953460    5.096402590983
              C     60.010541713012  -29.859637067762   -1.453216994322
              C     63.311536852416  -33.979035151653    0.749129883385
              C     61.115361310476  -35.599170712320   -0.233468729278
              C     58.627379332658  -34.077574855416    0.177799742595
              O     57.181351792028  -33.938302109845   -2.034801963272
              H     61.434652204339  -32.938848013148    4.151572022597
              C     57.078231716700  -35.462442332082    2.251082721111
              C     54.635804440287  -34.402889843979    2.697439944514
              N     52.652942625081  -33.627877341665    3.100912075937
              H     58.502064101847  -25.986528129993    2.018659835713
              H     58.339038680087  -26.748703467473    5.234695057020
              H     65.190545443640  -28.329178851766   -0.284671256956
              H     66.968019917340  -30.704931534634    1.262132160503
              H     56.025771052471  -29.601187956262    1.957338559954
              H     57.647284927579  -31.012607365760    4.508840786866
              H     59.783345635448  -22.833219720362    4.642336118712
              H     61.806007434127  -21.600330216218    2.276525598795
              H     68.959421495511  -26.397070581753    1.712958252481
              H     68.222963341607  -27.860076552054    4.588032214750
              H     68.982691688221  -22.332103662943    3.788462102713
              H     62.977095798985  -21.729296096676    7.925921920354
              H     62.083160440319  -19.042750774098    6.168444735399
              H     58.198125679350  -29.443129786297   -2.325232775609
              H     61.117733302106  -30.932259550944   -2.805630125573
              H     60.972293468722  -28.096401534407   -1.048439767875
              H     64.295123275645  -33.097546025834   -0.827175668267
              H     64.669704405753  -35.095711214051    1.820220808613
              H     61.024697353513  -37.398135034036    0.759707550751
              H     61.319130765017  -36.007553029811   -2.241292579437
              H     56.781015996016  -35.701227618691   -2.512859002752
              H     56.779551466997  -37.405102198585    1.597791285789
              H     58.110220602617  -35.497642825001    4.039839343967
              C     57.383247207315  -43.965810133585   -2.474762598586
              S     55.645215349392  -42.200063977556   -0.046738955502
              C     55.791542608155  -44.792845437889    2.283877861669
              O     52.956969719049  -42.248069329983   -0.858781220917
              H     56.387161801689  -45.702418238024   -2.908945620050
              H     57.503629186500  -42.768178631338   -4.130066636052
              H     59.258512540793  -44.357951900862   -1.751664597744
              H     57.743119941606  -45.035809432278    2.850371042418
              H     54.654147324935  -44.258759700762    3.906857662738
              H     55.048627895550  -46.519646714411    1.473484635926
              C     58.815644981435  -33.975847951237   12.606630807019
              S     58.232357717719  -32.883052212205    9.381000453773
              C     54.836671462368  -33.619441811520    9.421032820459
              O     59.381042983709  -34.791109333675    7.685598032993
              H     57.696468198163  -32.808981979984   13.865430563590
              H     58.289090250011  -35.948370702022   12.773758167109
              H     60.807911609485  -33.700696838407   13.015017861649
              H     54.052287192195  -33.258483856536    7.560770733121
              H     54.604197230357  -35.598617147468    9.913276015330
              H     53.944717074196  -32.403407124871   10.807049367477
              C     73.898551622329  -23.933822554568    5.057087095216
              S     71.454221185468  -24.859806216217    7.357620829596
              C     71.840405471776  -22.073046857316    9.409208431676
              O     72.508107309267  -27.010292813279    8.763937811208
              H     73.331285911900  -22.185636885051    4.153973079939
              H     75.699040401495  -23.737517577547    6.013767143225
              H     74.016049857908  -25.438637798746    3.668186229136
              H     71.016642370572  -20.462032362169    8.447534563958
              H     70.827500639922  -22.462065647916   11.149015136393
              H     73.822124504813  -21.760343286542    9.820785634282
              C     69.475272550745  -14.317488213618    3.674951972082
              S     71.280833086493  -17.141139001241    4.536808428908
              C     74.377748862013  -15.473468855061    4.449232965911
              O     71.360517933671  -18.748167834009    2.256492376600
              H     67.522066671908  -14.889746873958    3.450956322045
              H     69.641029932632  -12.970284478874    5.207397844628
              H     70.200146539756  -13.537051469670    1.925683273608
              H     74.395840408716  -14.034844269740    5.905428700473
              H     75.845774718892  -16.855271629762    4.822474980080
              H     74.680509525478  -14.646179064503    2.600475255041
              C     58.723822618207  -40.660925197342    8.117026129058
              S     57.420447767263  -40.748799893447   11.321573585054
              C     56.486305690956  -44.084416879595   11.263965856373
              O     55.008359539621  -39.328782647801   11.205005299399
              H     60.454749844647  -41.755004288609    8.110689348402
              H     57.345911564346  -41.429260330357    6.811335916532
              H     59.132304828755  -38.695636220449    7.675972683657
              H     58.146776353546  -45.238147865727   10.933992751941
              H     55.658023691161  -44.540499277276   13.084875886917
              H     55.086168641898  -44.304484101332    9.776931596847
              C     66.312497846964  -27.297615957224   10.152418561010
              S     63.620695053842  -29.511986574095   10.189866442571
              C     61.226898615997  -26.973973880583   10.422819496951
              O     63.692264223016  -30.723797440836   12.681513636381
              H     66.370110869885  -26.312507874048   11.948725604036
              H     68.047171931877  -28.366727376779    9.918924165435
              H     66.085052044954  -25.982718663912    8.598775244763
              H     59.409207495491  -27.842744639909   10.799889603998
              H     61.716692135089  -25.692565866738   11.944203644475
              H     61.184350027542  -26.010097933869    8.619403802702
              C     47.238667173012  -42.144906530165   -2.799491465745
              S     48.090075528137  -42.285168906819   -6.164048153304
              C     50.629203660770  -44.614256365485   -5.734738748824
              O     49.360455898417  -39.867799400874   -6.736373450210
              H     48.925879117024  -41.775094273399   -1.696065710684
              H     45.875330990966  -40.631503777456   -2.544110394744
              H     46.401897742518  -43.942989635431   -2.285304702310
              H     49.762001088259  -46.466757313741   -5.601725776038
              H     51.854481136965  -44.521128113987   -7.374762004641
              H     51.665753128135  -44.156034939542   -4.024705187978
              C     67.646056693954  -16.509994216327   -2.415955826584
              S     66.724085237102  -19.048243235492   -0.200784251943
              C     68.351981783391  -21.546316682771   -1.991671254367
              O     64.012154746851  -19.470723258236   -0.673922884242
              H     69.690302162807  -16.397881210734   -2.401473789256
              H     66.938925929500  -16.940772072821   -4.289068901304
              H     66.820032591988  -14.755734298371   -1.749901945802
              H     67.926731712778  -21.373492682050   -3.987688408210
              H     70.355752510018  -21.347833481165   -1.627759008373
              H     67.666014959260  -23.343373469738   -1.291484935747
              C     49.789232607759  -39.385944877987    9.305078011187
              S     52.318628070489  -39.915808671835    6.994258444762
              C     50.269796738709  -39.432765103775    4.217810445802
              O     52.791329630948  -42.675926995087    6.993507427654
              H     49.039250425049  -37.506982451811    8.991487269731
              H     48.344209137786  -40.820234124170    9.075003608060
              H     50.637919379296  -39.514804049327   11.164524417435
              H     48.465654199536  -40.365666236092    4.483138908895
              H     50.032052976911  -37.414174229514    3.958200182518
              H     51.229238277663  -40.250910399870    2.599536818155
              C     53.927119890548  -36.776087002890   -7.158370009385
              S     53.423499666786  -38.859418205000   -4.448493735319
              C     51.443079326205  -36.647278911280   -2.712932768886
              O     55.946163519257  -38.686571852386   -3.119707222261
              H     54.625391843681  -34.970334340606   -6.496991221080
              H     55.307847363038  -37.659510245774   -8.386773057826
              H     52.136663150758  -36.597195530240   -8.128142838539
              H     51.011102890765  -37.483798538310   -0.894406169108
              H     52.469682275132  -34.897310876260   -2.445804112606
              H     49.736185309549  -36.370743515225   -3.802132060243
$End
$Single_Point_Data
   &GeometryIndex 51
   &FinalEnergy [&Type "Double"]      -2.1302418508167000e+02  "Final single point energy"
   &Converged [&Type "Boolean"] true
$End
$Geometry
   &GeometryIndex 52
   &NAtoms [&Type "Integer"] 148
   &NCorelessECP [&Type "Integer"] 0
   &NGhostAtoms [&Type "Integer"] 0
   &CartesianCoordinates [&Type "Coordinates", &Dim(148,4), &Units "Bohr"] 
              C     61.946182149124  -27.303167909587    3.523894772340
              C     63.525498068463  -29.662428367286    3.233204085858
              C     59.102974136591  -27.378630616979    3.441269269730
              C     63.130034446200  -25.050079164493    3.836451270242
              C     62.002311667006  -31.997931841223    2.415020164725
              C     65.808714407919  -29.031583990838    1.562743457063
              C     57.886521186793  -29.921297966361    2.787525225388
              C     65.838915427577  -24.801886651303    3.687760338452
              C     61.754931849504  -22.568433099520    4.112961779886
              C     59.565002111216  -31.393487942628    0.968572829037
              C     67.388047779299  -27.035402394573    2.897253897854
              C     67.010277610426  -22.575183896495    4.188343479612
              C     63.044865078087  -20.856052650747    6.041136180261
              C     65.786644879828  -20.459370357327    5.370395649439
              O     66.910197115975  -18.510495250647    5.933443618608
              H     64.299934011684  -30.106277291262    5.110032939039
              C     60.008230017183  -29.852014077657   -1.437851198214
              C     63.301591289174  -33.982615714973    0.766780984255
              C     61.104064860951  -35.594262791943   -0.225875413413
              C     58.619886232729  -34.067978173200    0.190149026258
              O     57.170112843905  -33.924662331215   -2.019094024600
              H     61.427509998304  -32.933906362166    4.168074630481
              C     57.067480895493  -35.449337297205    2.265250766621
              C     54.624036270932  -34.385068525510    2.706286246396
              N     52.637961326693  -33.615520324581    3.108767947891
              H     58.502034637897  -25.978466826400    2.045598762511
              H     58.345057363831  -26.753760357687    5.260610515394
              H     65.184085868814  -28.333290505423   -0.273232367553
              H     66.963598174987  -30.709506291347    1.270456043323
              H     56.024845371145  -29.585285530721    1.970417029203
              H     57.639222489599  -31.008747400838    4.520009733035
              H     59.788437209560  -22.831369423114    4.653284863401
              H     61.801093651532  -21.607496704412    2.279444405369
              H     68.962451991866  -26.408934061449    1.719900759539
              H     68.220293133558  -27.874761816249    4.597978506850
              H     68.990131132394  -22.336112572610    3.786555058920
              H     62.983687220604  -21.706543209009    7.927445847124
              H     62.099970391003  -19.028661323243    6.149631716118
              H     58.196501597934  -29.436555419362   -2.311112079291
              H     61.117501713246  -30.923890805118   -2.789093242107
              H     60.968624152616  -28.087715072990   -1.031731679835
              H     64.292555271266  -33.103812333484   -0.807179686334
              H     64.652548142708  -35.105319165071    1.840269371700
              H     61.007161430097  -37.398808519617    0.758853934507
              H     61.307925119585  -35.994527296526   -2.235038663690
              H     56.765626653066  -35.684435886745   -2.497309810992
              H     56.761934925009  -37.389783109654    1.611295108691
              H     58.096527180685  -35.485070826655    4.055069693214
              C     57.402071254566  -43.948461143945   -2.472806019609
              S     55.649197215449  -42.189577954296   -0.048881858990
              C     55.791540232561  -44.789040087411    2.275899813497
              O     52.963661923990  -42.241876435483   -0.867535977115
              H     56.420919055014  -45.696256669268   -2.903109620251
              H     57.514929960436  -42.756097119205   -4.131399347837
              H     59.279453589972  -44.320450435186   -1.744526506067
              H     57.745670522179  -45.030902027593    2.843566399815
              H     54.648431071117  -44.253833171498    3.899149120338
              H     55.051220378289  -46.515803124247    1.462226031486
              C     58.815966176958  -33.979235652340   12.615057035849
              S     58.220976910766  -32.871636336697    9.397561040152
              C     54.831651872239  -33.630770485618    9.433720976806
              O     59.379769062470  -34.760985316703    7.687172046046
              H     57.701078157039  -32.816340856197   13.882189566608
              H     58.288121164157  -35.951953093227   12.774221076600
              H     60.809807038271  -33.707664167259   13.019059470989
              H     54.045930817043  -33.266213664704    7.574530308604
              H     54.611689019462  -35.612198582812    9.923221825956
              H     53.931691297787  -32.424173030152   10.823331485876
              C     73.886838886961  -23.947674405617    5.080063739390
              S     71.438869020244  -24.877886805512    7.374503427392
              C     71.784201130488  -22.077696034096    9.415080833182
              O     72.504143334508  -27.009843293215    8.798599847457
              H     73.314295267641  -22.203163555212    4.170564536723
              H     75.683177632442  -23.739898584601    6.043329985504
              H     74.021207631373  -25.456097586671    3.696672771102
              H     70.933114222892  -20.484825158805    8.447533905694
              H     70.776371641065  -22.472123512667   11.156688099575
              H     73.760784702301  -21.734372667485    9.823913629588
              C     69.488472234661  -14.321894979336    3.639505405749
              S     71.292563621897  -17.148497267126    4.499467581258
              C     74.392903130149  -15.488715434892    4.401408068141
              O     71.360167110673  -18.759502653771    2.221103237593
              H     67.535672395870  -14.898239148267    3.421362598500
              H     69.655875373562  -12.976652241826    5.174299757089
              H     70.213430582164  -13.540147917215    1.890971285777
              H     74.418225153362  -14.055041133837    5.862683861836
              H     75.860973887338  -16.872873953032    4.765345900833
              H     74.690663846531  -14.655407466986    2.554582237658
              C     58.729072693597  -40.657173597175    8.096733092028
              S     57.436867208051  -40.748624994167   11.304318021544
              C     56.508302220960  -44.085403838441   11.241732447693
              O     55.022810122902  -39.329632410616   11.195478595544
              H     60.464258176219  -41.746226073675    8.089686129656
              H     57.348665791720  -41.427327185927    6.797547162469
              H     59.136047520979  -38.691209100851    7.655132902893
              H     58.165984525194  -45.237022640269   10.901555374161
              H     55.691451799301  -44.541765907364   13.067878668296
              H     55.102081286093  -44.306502526024    9.761316996355
              C     66.323375159772  -27.299666661781   10.172436609645
              S     63.627832962213  -29.510406312965   10.204722335188
              C     61.236511825009  -26.971322277663   10.448435526041
              O     63.691369347632  -30.728479806119   12.692584268812
              H     66.380191447817  -26.316649432919   11.968809799158
              H     68.056686866621  -28.368459707017    9.932620961309
              H     66.092114113938  -25.985165119839    8.618127663323
              H     59.420600290834  -27.844639123509   10.823283694459
              H     61.724589643507  -25.694948289679   11.974560004444
              H     61.194326053020  -26.001167200706    8.648291185107
              C     47.245651456336  -42.158562199847   -2.826977149050
              S     48.105297963868  -42.279132938438   -6.188280734288
              C     50.655556782715  -44.598997867176   -5.766507224039
              O     49.363039639243  -39.855652105378   -6.752902672161
              H     48.929437323836  -41.792562310979   -1.717813972973
              H     45.881805273878  -40.651582366183   -2.564471117803
              H     46.411117529768  -43.960341895227   -2.327044154278
              H     49.795945014405  -46.455004417618   -5.639212343378
              H     51.879448296705  -44.495106004421   -7.406637480882
              H     51.689277013698  -44.144424942863   -4.055413397666
              C     67.641551763283  -16.526018008481   -2.435024328089
              S     66.711276655050  -19.058101309765   -0.214089379121
              C     68.334202152559  -21.562606377638   -1.997153789506
              O     63.997581793490  -19.473770152203   -0.683627510759
              H     69.685995530662  -16.418523483318   -2.419135092880
              H     66.932114733915  -16.954879360270   -4.307173900063
              H     66.821963367775  -14.767891804316   -1.769831613734
              H     67.916636418221  -21.395493841337   -3.995574059338
              H     70.337755940492  -21.364505658114   -1.633152412828
              H     67.648439154996  -23.357711222947   -1.293193199876
              C     49.796285667364  -39.380791179549    9.312391002303
              S     52.327000526748  -39.908296763869    6.999443359024
              C     50.276760190092  -39.427798599976    4.225241729498
              O     52.799951997762  -42.669739740685    6.998960028875
              H     49.041441988167  -37.503949872877    8.998694055737
              H     48.354312920837  -40.818522967090    9.086499858339
              H     50.646000074295  -39.504333765506   11.171214344904
              H     48.472349489932  -40.361461834629    4.491973960348
              H     50.035765584254  -37.409235578162    3.964482126126
              H     51.233645935442  -40.246909555976    2.605111797208
              C     53.923178487484  -36.776076529435   -7.156319562068
              S     53.419217366586  -38.855996411266   -4.443194093754
              C     51.425777049785  -36.647986686026   -2.717414383595
              O     55.935427805040  -38.675275867171   -3.109835898545
              H     54.623385898549  -34.968481552983   -6.500299147139
              H     55.305546640892  -37.664364961790   -8.379678095044
              H     52.134576076999  -36.598074497224   -8.129391647669
              H     50.982279042627  -37.484251359610   -0.904606849908
              H     52.452593834392  -34.895496240275   -2.446444204587
              H     49.727870044100  -36.367786774706   -3.817966100262
$End
$Single_Point_Data
   &GeometryIndex 52
   &FinalEnergy [&Type "Double"]      -2.1302428071497999e+02  "Final single point energy"
   &Converged [&Type "Boolean"] true
$End
$Geometry
   &GeometryIndex 53
   &NAtoms [&Type "Integer"] 148
   &NCorelessECP [&Type "Integer"] 0
   &NGhostAtoms [&Type "Integer"] 0
   &CartesianCoordinates [&Type "Coordinates", &Dim(148,4), &Units "Bohr"] 
              C     61.946669148952  -27.300762683783    3.537118743448
              C     63.524871945241  -29.660981484751    3.246636994221
              C     59.103870026370  -27.375885911212    3.456092298137
              C     63.131305575612  -25.048380715676    3.849142818528
              C     62.000908026474  -31.996168230006    2.430335946643
              C     65.808076284494  -29.032613651961    1.575734011217
              C     57.885913595244  -29.916877350530    2.798562370219
              C     65.840585443325  -24.802839998594    3.699343511823
              C     61.757694979053  -22.565781394843    4.124661295161
              C     59.564397189820  -31.389317150909    0.981689023366
              C     67.389522342305  -27.035901881174    2.908729138939
              C     67.015959565031  -22.577415873445    4.196647312216
              C     63.051598863141  -20.848896006320    6.045978507222
              C     65.793991467204  -20.458913172335    5.375125791419
              O     66.920988169066  -18.511051549859    5.935836920699
              H     64.298602787623  -30.101680265689    5.124420823630
              C     60.010831002812  -29.848371535811   -1.425133221943
              C     63.299169378301  -33.983620593096    0.785837716519
              C     61.101253315509  -35.592215095939   -0.211450979278
              C     58.618762845278  -34.064030003425    0.200769707701
              O     57.170619414912  -33.923335058121   -2.010501219781
              H     61.424388325319  -32.931010206298    4.182517665509
              C     57.059352594650  -35.441888490104    2.272288707428
              C     54.618312432584  -34.371878889833    2.708293566375
              N     52.632756716995  -33.602031263372    3.108208004915
              H     58.501599494684  -25.973695080460    2.062384015790
              H     58.347420617350  -26.755241016228    5.277357162072
              H     65.182240286014  -28.337090864958   -0.260861589529
              H     66.960879446664  -30.712080163540    1.283925671070
              H     56.025284268520  -29.577702617230    1.980519492267
              H     57.636158214300  -31.005446928963    4.530132127220
              H     59.792509526827  -22.827837038168    4.670031688381
              H     61.797683595027  -21.609036713026    2.288985867896
              H     68.959557394467  -26.413154519002    1.725756669126
              H     68.222018621912  -27.878409932999    4.608378565002
              H     68.995785989783  -22.340781210626    3.792296442415
              H     62.988815710539  -21.690908405657    7.936525459376
              H     62.110879756979  -19.018511119336    6.145405617619
              H     58.199915133519  -29.432080181463   -2.299397568637
              H     61.120610453394  -30.919972872614   -2.776292271057
              H     60.971579022016  -28.083283852921   -1.018189287194
              H     64.294444232319  -33.107071537238   -0.786800517172
              H     64.646332336712  -35.109666657012    1.860501466706
              H     61.000469454871  -37.397467766783    0.772004616544
              H     61.307625202622  -35.991949165077   -2.220221818886
              H     56.766800497899  -35.682481918081   -2.491412701141
              H     56.748705535182  -37.380756004135    1.617216211900
              H     58.086811263223  -35.478995629788    4.063337212193
              C     57.396525889762  -43.954663829923   -2.473108784466
              S     55.645379722019  -42.195149528472   -0.049133202229
              C     55.778624790734  -44.799775508111    2.272188786877
              O     52.959915703463  -42.239282182832   -0.868506032982
              H     56.411566714231  -45.697388909503   -2.909100808913
              H     57.518087305214  -42.758456319840   -4.129455239946
              H     59.270975661791  -44.333012282159   -1.739577059112
              H     57.730921619033  -45.051494365764    2.840139548658
              H     54.637270611566  -44.262694276606    3.894953246190
              H     55.031585322116  -46.522084575004    1.455380006525
              C     58.805890716660  -33.977434884787   12.621399234908
              S     58.204349204748  -32.866221029867    9.406418891166
              C     54.819286276769  -33.641544664806    9.440181577730
              O     59.372282259294  -34.744731515859    7.690477939509
              H     57.691148994780  -32.817692947628   13.891559913161
              H     58.279422796378  -35.950647498524   12.777033242223
              H     60.800314910194  -33.705929125911   13.023853258886
              H     54.033703142003  -33.277303074953    7.580588286647
              H     54.607098355335  -35.625034568935    9.926063182081
              H     53.912720908860  -32.440927436331   10.830543721497
              C     73.892181832254  -23.949934177482    5.086162724678
              S     71.443911705306  -24.877939400868    7.381838778094
              C     71.776042836894  -22.060025223077    9.397261461857
              O     72.518429660229  -26.994101184891    8.822215922384
              H     73.318353710675  -22.208926666918    4.168885022709
              H     75.685738259962  -23.732439570415    6.051829462483
              H     74.035319335275  -25.461730256156    3.707674303417
              H     70.912399926999  -20.483072079543    8.413899098910
              H     70.774631588159  -22.442348763687   11.145217933796
              H     73.751675637563  -21.699943979012    9.797586643569
              C     69.497258839590  -14.328624961162    3.619526689348
              S     71.302249203025  -17.156755242295    4.472383777303
              C     74.404957891411  -15.499358077020    4.364123745918
              O     71.358286024276  -18.769908313482    2.194691435336
              H     67.543774073853  -14.905776156996    3.410854286783
              H     69.669281124510  -12.986138917871    5.156676795619
              H     70.218525044838  -13.545012485257    1.870095269824
              H     74.434237111305  -14.065140627431    5.825160858387
              H     75.873389427159  -16.883896912006    4.724788350111
              H     74.697414015697  -14.665905474199    2.516833351088
              C     58.734385503433  -40.644938398208    8.073353963913
              S     57.450042154488  -40.749483029428   11.284484151277
              C     56.534486817394  -44.090334613473   11.213323370084
              O     55.030005694682  -39.337528842450   11.186480268364
              H     60.472924237481  -41.729213663319    8.063254963942
              H     57.355324699037  -41.414356625859    6.771667680806
              H     59.136560324500  -38.675326372669    7.638784343343
              H     58.193998877160  -45.233996260391   10.860223905485
              H     55.728497735471  -44.557557415898   13.041580967469
              H     55.123062882095  -44.312562116148    9.738114676652
              C     66.320111667271  -27.290341193269   10.196992026356
              S     63.624670543879  -29.503034341520   10.216872062718
              C     61.231100108473  -26.967191314700   10.466628321387
              O     63.679767929285  -30.726618754034   12.701801368339
              H     66.371169234129  -26.308538750770   11.993760057130
              H     68.054862548346  -28.357503950724    9.959258985146
              H     66.088409091398  -25.977497036449    8.640601490745
              H     59.416168702375  -27.844623843763   10.835429555945
              H     61.714157843115  -25.695504366754   11.998185402393
              H     61.192538851633  -25.991144388898    8.669310848469
              C     47.245973234780  -42.160967320592   -2.843450715538
              S     48.111801489359  -42.272752616935   -6.203364396708
              C     50.663195840512  -44.592177255504   -5.784727335353
              O     49.368977243134  -39.847260087211   -6.759813033928
              H     48.929396104618  -41.802937213134   -1.730380556514
              H     45.883400227764  -40.653834454056   -2.578577327979
              H     46.407617391383  -43.962917923756   -2.351893710007
              H     49.804913830253  -46.449095657497   -5.658794644332
              H     51.887408906864  -44.487162594406   -7.424342961465
              H     51.695395561715  -44.139043576622   -4.071838511281
              C     67.626358116847  -16.544046777122   -2.436582533375
              S     66.697843989577  -19.080283234304   -0.218914818750
              C     68.321809955698  -21.578986081062   -2.006146667774
              O     63.983650458960  -19.496436110101   -0.685061429036
              H     69.670318041662  -16.434542012757   -2.421249148272
              H     66.915004228302  -16.968380256098   -4.309124284224
              H     66.806270920780  -14.786362856545   -1.769995738198
              H     67.901626618972  -21.410937916982   -4.004173204274
              H     70.326094975958  -21.375485085960   -1.645388189142
              H     67.641005926853  -23.375649779137   -1.302539950970
              C     49.795580432579  -39.386942489365    9.311913675521
              S     52.326979210687  -39.906520154542    6.997581229868
              C     50.276922249221  -39.425902157828    4.224713938595
              O     52.801978689007  -42.667837679733    6.994488625650
              H     49.033916861141  -37.511877409684    9.000119760740
              H     48.358225220844  -40.829214574319    9.086418233806
              H     50.646705327870  -39.508859871343   11.170716952459
              H     48.473277397304  -40.360114220386    4.492779610925
              H     50.033781600932  -37.408856266715    3.960725826845
              H     51.233614950255  -40.244927378878    2.605142150834
              C     53.932135973751  -36.773416742918   -7.155660939369
              S     53.422718527596  -38.851331052490   -4.441880253738
              C     51.437283192124  -36.638144304800   -2.714906140925
              O     55.941095338642  -38.676628196542   -3.110331766774
              H     54.638534718921  -34.966537801832   -6.501669650196
              H     55.314681701955  -37.667690118567   -8.375784416970
              H     52.144728889434  -36.591220927354   -8.129961673913
              H     50.987365829828  -37.476868910683   -0.903591597361
              H     52.468661380576  -34.890008641007   -2.438100786385
              H     49.741915845202  -36.348074178014   -3.818688132466
$End
$Single_Point_Data
   &GeometryIndex 53
   &FinalEnergy [&Type "Double"]      -2.1302434772965000e+02  "Final single point energy"
   &Converged [&Type "Boolean"] true
$End
$Geometry
   &GeometryIndex 54
   &NAtoms [&Type "Integer"] 148
   &NCorelessECP [&Type "Integer"] 0
   &NGhostAtoms [&Type "Integer"] 0
   &CartesianCoordinates [&Type "Coordinates", &Dim(148,4), &Units "Bohr"] 
              C     61.949318520144  -27.301306993838    3.552085279275
              C     63.525437973278  -29.664237015060    3.262842673015
              C     59.106947443997  -27.374448874140    3.472738793295
              C     63.136534796610  -25.050379294883    3.863724483590
              C     61.997851360104  -31.998441542915    2.448860328343
              C     65.811108795386  -29.039962602251    1.593531854948
              C     57.885160058904  -29.913396586476    2.812573857897
              C     65.845449571529  -24.808862751327    3.712817116225
              C     61.765976646660  -22.566052425358    4.139647694938
              C     59.562548987410  -31.388078498101    0.998528437569
              C     67.394365260974  -27.042500806847    2.925992191606
              C     67.026605340744  -22.584654805810    4.206492450878
              C     63.065713014018  -20.844558903165    6.052420423773
              C     65.808020379997  -20.461709788488    5.379549393587
              O     66.939526455455  -18.513797646810    5.933778410444
              H     64.297739514686  -30.099951320853    5.142494039317
              C     60.013312396400  -29.850125280369   -1.410337676979
              C     63.294378386853  -33.988993098352    0.806637482373
              C     61.094067338760  -35.593633024920   -0.191368368022
              C     58.615089680451  -34.061349527579    0.215137793920
              O     57.170147913044  -33.917820994044   -1.998583507282
              H     61.419809119979  -32.931619165736    4.201011864424
              C     57.047764787802  -35.434834878425    2.283272121034
              C     54.607477849792  -34.360563032694    2.715448277534
              N     52.620089373089  -33.592071137166    3.115192231233
              H     58.502809736923  -25.969674025771    2.082276138674
              H     58.354070893914  -26.757506346212    5.296942433037
              H     65.187755588549  -28.347731217651   -0.245094628634
              H     66.960642345176  -30.722073158833    1.304911681329
              H     56.025370426781  -29.570669146311    1.993801108145
              H     57.632849241365  -31.002333933118    4.543879387471
              H     59.803084478466  -22.826901076262    4.693544640136
              H     61.798653545035  -21.613451399550    2.301702657019
              H     68.963214418211  -26.425766958780    1.739436642271
              H     68.222878506670  -27.885153478299    4.627983626241
              H     69.006448166819  -22.353855923793    3.797854416516
              H     63.002081496202  -21.676577054636    7.947530357007
              H     62.127783028135  -19.011841553624    6.142073759756
              H     58.203191481478  -29.431950482854   -2.285731833255
              H     61.123036994892  -30.922172408673   -2.761172045497
              H     60.974703334845  -28.084922235371   -1.003437478375
              H     64.292198457931  -33.116008479696   -0.766613929069
              H     64.638661911223  -35.118652493487    1.881072255664
              H     60.988531138978  -37.397220770017    0.793245896292
              H     61.303150412385  -35.995087406152   -2.198996599901
              H     56.765031966833  -35.674816936533   -2.483513214808
              H     56.732005903162  -37.373228860584    1.627958688617
              H     58.072051161496  -35.476935143269    4.075948914978
              C     57.393337236689  -43.944967802039   -2.472738875635
              S     55.637951834165  -42.186712642477   -0.050543397371
              C     55.762946109170  -44.796880410892    2.265429638510
              O     52.953406610133  -42.226929884787   -0.874928346955
              H     56.408196306862  -45.685584803778   -2.914004170283
              H     57.522244162622  -42.746011813435   -4.127265823274
              H     59.265574257383  -44.326588158592   -1.733448522793
              H     57.713039704004  -45.062491767193    2.830543180438
              H     54.625301406176  -44.258816546849    3.889691325143
              H     55.004935736941  -46.511455678369    1.443038411453
              C     58.796321183685  -33.977176191848   12.632211517932
              S     58.185584541499  -32.861438430247    9.419670012979
              C     54.805939709166  -33.660286633761    9.450790156974
              O     59.366872800344  -34.724597006241    7.696372907006
              H     57.681038031225  -32.823848120140   13.907308530968
              H     58.273261034466  -35.951451689792   12.782096880286
              H     60.791772787615  -33.705558656852   13.030400712996
              H     54.021046247726  -33.299218565587    7.590650686373
              H     54.605270827147  -35.646103512907    9.932387525444
              H     53.889799536193  -32.467481304787   10.841095651231
              C     73.900262749399  -23.945411775625    5.109157440886
              S     71.447843136107  -24.871909485540    7.402976311329
              C     71.743111295435  -22.028529366499    9.388156302097
              O     72.537320194201  -26.961714280322    8.869889346856
              H     73.322905590093  -22.212803714609    4.178972328402
              H     75.688339176223  -23.710257057709    6.082154081774
              H     74.060334769767  -25.463914581555    3.739798368935
              H     70.861021949380  -20.475871801389    8.382247968627
              H     70.743950387508  -22.398650723350   11.139684326133
              H     73.713082074229  -21.638084708549    9.786364777593
              C     69.507045608447  -14.343296359820    3.584108007519
              S     71.313852490675  -17.170932595576    4.431240495518
              C     74.418023401706  -15.515091535284    4.308339786817
              O     71.357137965450  -18.789072611819    2.156525149780
              H     67.552724973793  -14.920994773388    3.388821550274
              H     69.686276342839  -13.000810929914    5.120729265704
              H     70.222581582639  -13.559987074902    1.831956976934
              H     74.451012867861  -14.077244574650    5.765681440443
              H     75.885765965522  -16.899880880007    4.668468525481
              H     74.704470019111  -14.685789704744    2.458702444759
              C     58.741375521672  -40.628957889482    8.040684960317
              S     57.472401280923  -40.754237119289   11.257081298708
              C     56.572818990308  -44.099706773400   11.173173965745
              O     55.045585107656  -39.351490155094   11.178069948590
              H     60.481801937870  -41.709776921623    8.019330067961
              H     57.357892266334  -41.392797073899    6.740354202585
              H     59.136180433368  -38.656781179504    7.614394300534
              H     58.236183541480  -45.230967166824   10.798317241467
              H     55.783956543701  -44.587240470857   13.002586485845
              H     55.153770236690  -44.321979203164    9.705211161808
              C     66.317732446216  -27.275880072447   10.228530579251
              S     63.623957830596  -29.491791715638   10.232070527184
              C     61.228260781360  -26.959806988519   10.488461425594
              O     63.670434388140  -30.723975421432   12.713292294876
              H     66.361459768979  -26.294740304699   12.026113272647
              H     68.054722396567  -28.341288199791    9.996864883976
              H     66.085600475276  -25.965529440406    8.670393937118
              H     59.414500176771  -27.842147539313   10.849233215551
              H     61.705858225060  -25.694416451315   12.026898005916
              H     61.194500761863  -25.975520653846    8.695385783356
              C     47.249915562735  -42.163800949640   -2.873257304117
              S     48.126393810576  -42.263796123699   -6.230359675932
              C     50.678623056149  -44.580750599574   -5.811147293028
              O     49.383752556011  -39.834695521716   -6.772117745061
              H     48.931851650867  -41.815356549656   -1.754155303188
              H     45.887322837719  -40.656951239609   -2.606448310844
              H     46.407214080179  -43.967029722892   -2.392748664290
              H     49.822839634188  -46.439032178611   -5.684713869980
              H     51.905260862931  -44.476463118733   -7.448719350051
              H     51.708170108907  -44.126070017577   -4.096091863851
              C     67.608378846368  -16.575069886834   -2.447306020042
              S     66.678504936948  -19.110998992703   -0.230464063784
              C     68.302736107124  -21.606610253709   -2.018914631749
              O     63.964353046206  -19.524518302573   -0.695306022152
              H     69.651755204525  -16.465790844346   -2.431410531036
              H     66.896544537952  -16.998677650502   -4.320253962899
              H     66.787481937197  -14.816043652677   -1.785453018825
              H     67.875784574826  -21.441946819110   -4.015776778176
              H     70.307564789103  -21.395179106979   -1.662739797743
              H     67.626952839157  -23.403780473647   -1.309470158179
              C     49.800162748318  -39.397011865338    9.320291254803
              S     52.328591706099  -39.906289239029    7.001623359418
              C     50.274548324680  -39.415545338962    4.232810018522
              O     52.804663014649  -42.667461534878    6.989362637299
              H     49.029593529526  -37.524367792290    9.012792443942
              H     48.367825733349  -40.844492443156    9.094712649939
              H     50.653548756645  -39.516512832785   11.178635243728
              H     48.472308211151  -40.351902377102    4.501446535192
              H     50.029782857556  -37.397675045760    3.974816191176
              H     51.231031749900  -40.227844812238    2.609417157239
              C     53.938887987470  -36.761855315692   -7.156087095673
              S     53.423925820014  -38.838786653418   -4.443502287958
              C     51.439321201344  -36.624188648799   -2.715208893053
              O     55.941644878495  -38.667389186275   -3.111326101348
              H     54.655698529893  -34.958870319921   -6.502037897782
              H     55.316917069169  -37.662634785264   -8.377485683155
              H     52.151424690686  -36.569800626788   -8.127515441651
              H     50.979387516773  -37.470705481848   -0.908394455250
              H     52.471438320045  -34.877677937040   -2.426732699550
              H     49.747422550177  -36.327110190661   -3.824186041469
$End
$Single_Point_Data
   &GeometryIndex 54
   &FinalEnergy [&Type "Double"]      -2.1302442237698000e+02  "Final single point energy"
   &Converged [&Type "Boolean"] true
$End
$Geometry
   &GeometryIndex 55
   &NAtoms [&Type "Integer"] 148
   &NCorelessECP [&Type "Integer"] 0
   &NGhostAtoms [&Type "Integer"] 0
   &CartesianCoordinates [&Type "Coordinates", &Dim(148,4), &Units "Bohr"] 
              C     61.951813840404  -27.302262654781    3.564810813571
              C     63.525202599337  -29.668415833091    3.279199814230
              C     59.110030596715  -27.372056739221    3.485494664666
              C     63.142647225344  -25.053302525484    3.876349610574
              C     61.993793429321  -32.000570896269    2.467632924796
              C     65.813358752183  -29.049821550478    1.611654469347
              C     57.883954447425  -29.908718131325    2.823174786849
              C     65.850641376137  -24.816174900721    3.724523138269
              C     61.774888131032  -22.567089167776    4.152316582879
              C     59.561688972491  -31.386934503001    1.013297939023
              C     67.398040976313  -27.052481334762    2.943061203378
              C     67.036650139075  -22.592337148654    4.214276070941
              C     63.079854112666  -20.841079172764    6.057081098171
              C     65.822116773014  -20.464820152341    5.381907132154
              O     66.957663213304  -18.517481278579    5.931538423452
              H     64.295644656819  -30.098402452535    5.160773184304
              C     60.020758719686  -29.850029718506   -1.395782153414
              C     63.289330148989  -33.994635120794    0.828261514830
              C     61.086415513017  -35.597207978361   -0.169116673234
              C     58.610310531586  -34.059327597932    0.227775513051
              O     57.172272063920  -33.914078969883   -1.991181885266
              H     61.412623019070  -32.931259697451    4.219921457330
              C     57.031480043329  -35.426449215185    2.290898659171
              C     54.595368781959  -34.343688072413    2.718640097340
              N     52.608807773864  -33.574149368100    3.114915197623
              H     58.505374990055  -25.964441016780    2.098678755118
              H     58.360712564115  -26.757752844585    5.312293504437
              H     65.194244350841  -28.359337967459   -0.228852976122
              H     66.958983014764  -30.734901866673    1.326802563300
              H     56.026080452336  -29.562633208411    2.001567136613
              H     57.626986077034  -30.996830669906    4.554411845641
              H     59.814453319614  -22.826651124061    4.715663219787
              H     61.801614231861  -21.618614605041    2.312125322905
              H     68.967008476391  -26.440682603204    1.755143813437
              H     68.222147721488  -27.893273585719    4.647833217625
              H     69.016459861944  -22.368287444207    3.800629740650
              H     63.015514631118  -21.663941773640    7.956148992618
              H     62.143042997953  -19.006961812764    6.138568897749
              H     58.213314765679  -29.428422352068   -2.275150908818
              H     61.131928838015  -30.922600839672   -2.744914230513
              H     60.983262663164  -28.085576428000   -0.986278551423
              H     64.289467246760  -33.125534592048   -0.745040313183
              H     64.631288088443  -35.125971430441    1.903920404421
              H     60.975557330910  -37.398128718750    0.819526604132
              H     61.300138862233  -36.003204368118   -2.176146973418
              H     56.766756769862  -35.670858629423   -2.479073558852
              H     56.709860146697  -37.364294193425    1.635308420880
              H     58.053312989488  -35.471877484030    4.084952353804
              C     57.394047054495  -43.937080167926   -2.471675115358
              S     55.633021809271  -42.181934480758   -0.050555330137
              C     55.753165511338  -44.797748390211    2.259343209496
              O     52.949796450247  -42.220904309820   -0.880092272182
              H     56.412201717380  -45.679835886848   -2.913323395462
              H     57.522660576072  -42.738502344983   -4.124684422223
              H     59.266239232787  -44.316008166056   -1.732438892349
              H     57.702154458496  -45.072157382189    2.825615976696
              H     54.614959574197  -44.263170411325    3.884256404172
              H     54.989545988095  -46.506216964864    1.428347414825
              C     58.780254811107  -33.977800872795   12.641680407986
              S     58.161426905531  -32.854308345347    9.432443339498
              C     54.787408793831  -33.678109332536    9.458611640252
              O     59.358627772764  -34.700227926516    7.701661533267
              H     57.664211290628  -32.832552349964   13.922562309854
              H     58.261475471844  -35.954038969496   12.783280548183
              H     60.776546999091  -33.706837867784   13.035403390564
              H     54.004426718881  -33.321298259107    7.597060994064
              H     54.599212665991  -35.666528365144    9.935124494672
              H     53.860660288142  -32.493649189481   10.848467909015
              C     73.913800723095  -23.939200260430    5.134343406459
              S     71.460880131525  -24.869282743769    7.427658482327
              C     71.715729135617  -22.002763129758    9.386925046762
              O     72.568443530313  -26.933000831422    8.918305140404
              H     73.331051714975  -22.215053658754    4.193572249877
              H     75.696281963445  -23.686660372841    6.113317295314
              H     74.090212842483  -25.463334298253    3.773391089177
              H     70.810454362034  -20.474322347020    8.365387382257
              H     70.724595633873  -22.369021595646   11.144080437874
              H     73.680453635106  -21.576917958424    9.778034117182
              C     69.516741878432  -14.358861068858    3.549570595301
              S     71.327519184680  -17.185671980950    4.388249692110
              C     74.432213150970  -15.531769254777    4.246491577751
              O     71.354634716481  -18.806074263382    2.115053702097
              H     67.561086756899  -14.935894199092    3.366159744037
              H     69.703824711606  -13.016809378696    5.085479025274
              H     70.224337555558  -13.575947616460    1.794260878447
              H     74.472056397402  -14.091070792864    5.700914829651
              H     75.899311646336  -16.917981121379    4.602381512698
              H     74.709633263133  -14.706107033026    2.394308457221
              C     58.750890595889  -40.617247036778    8.009446738874
              S     57.496204951633  -40.761251563928   11.230691328007
              C     56.609178714803  -44.109676472408   11.135529602388
              O     55.064571885998  -39.366004575171   11.168254561314
              H     60.488516219338  -41.701183313410    7.973013505097
              H     57.358574648220  -41.370294111270    6.710077071035
              H     59.144303556932  -38.642555608030    7.593783756503
              H     58.276848867347  -45.229316840420   10.741126064691
              H     55.834325962305  -44.617640857370   12.964951319908
              H     55.184265451546  -44.331391831776    9.673476048186
              C     66.313634032186  -27.260226977903   10.262111333024
              S     63.621251347665  -29.478405199797   10.249380909656
              C     61.224323233213  -26.948906814777   10.508696125722
              O     63.658706677563  -30.720775766665   12.726474902202
              H     66.349509413122  -26.278752819929   12.060115447378
              H     68.052895175694  -28.323833464018   10.038880706106
              H     66.082156520636  -25.952238570142    8.702521551992
              H     59.410967548197  -27.835242658342   10.860544899192
              H     61.697075632307  -25.690175335183   12.054052069604
              H     61.195695588042  -25.956087927163    8.720256201935
              C     47.258367142752  -42.159394573967   -2.884986239269
              S     48.130208525382  -42.248375033628   -6.244265361008
              C     50.684470700977  -44.564097526060   -5.834373394414
              O     49.382714698402  -39.814484293364   -6.777906796564
              H     48.943330071317  -41.828441259765   -1.765668230873
              H     45.902434939200  -40.647332335283   -2.608301805882
              H     46.406247084974  -43.960866428501   -2.412780285695
              H     49.831008406103  -46.423882110575   -5.709470952860
              H     51.909908154212  -44.457691892730   -7.472722137771
              H     51.716297379506  -44.111577816263   -4.119406472829
              C     67.583664761421  -16.601918039262   -2.455404368276
              S     66.652911216657  -19.136256479385   -0.238259419417
              C     68.273118081191  -21.633940979575   -2.028272615332
              O     63.937140805127  -19.545714096292   -0.699991337890
              H     69.626705521354  -16.493785681059   -2.441036496073
              H     66.870311113398  -17.027736756310   -4.327797578275
              H     66.763182178956  -14.840842750920   -1.798460685188
              H     67.837315019584  -21.475187939718   -4.023427789026
              H     70.277626500507  -21.416161259405   -1.677060053774
              H     67.601393371723  -23.429837134093   -1.310234471927
              C     49.805946845299  -39.405291380262    9.323074428366
              S     52.333466349377  -39.904127290674    7.002904654564
              C     50.277323567121  -39.409754673614    4.235505958065
              O     52.811410228864  -42.663957573870    6.981298240655
              H     49.023828345412  -37.536940794185    9.016622373403
              H     48.381483612917  -40.860675117622    9.096864504554
              H     50.658975585905  -39.520159065520   11.182281656927
              H     48.478624064443  -40.352143442451    4.503833700930
              H     50.027198503215  -37.392438842632    3.981039047862
              H     51.236997774228  -40.215276736445    2.610775366872
              C     53.946707605714  -36.756683302509   -7.159067119681
              S     53.425649852527  -38.829357188693   -4.444644213233
              C     51.448547882493  -36.604332427494   -2.722634377585
              O     55.945196177256  -38.662333948571   -3.113312734588
              H     54.674655463565  -34.956837093030   -6.506388903833
              H     55.319057147613  -37.665511134532   -8.382268507871
              H     52.158318536013  -36.555187626206   -8.126548519107
              H     50.975343956077  -37.450678450692   -0.918943356928
              H     52.488481497430  -34.865317279929   -2.426919426732
              H     49.762429548801  -36.297500686132   -3.839698588686
$End
$Single_Point_Data
   &GeometryIndex 55
   &FinalEnergy [&Type "Double"]      -2.1302449226008000e+02  "Final single point energy"
   &Converged [&Type "Boolean"] true
$End
$Geometry
   &GeometryIndex 56
   &NAtoms [&Type "Integer"] 148
   &NCorelessECP [&Type "Integer"] 0
   &NGhostAtoms [&Type "Integer"] 0
   &CartesianCoordinates [&Type "Coordinates", &Dim(148,4), &Units "Bohr"] 
              C     61.957461297118  -27.308646062364    3.574868060385
              C     63.527208487622  -29.678728074597    3.294751804518
              C     59.115925475885  -27.373599570036    3.494913269378
              C     63.152747105018  -25.061545897333    3.886522946761
              C     61.991891006406  -32.008504685860    2.483640499093
              C     65.820398877103  -29.066193495840    1.631295580633
              C     57.885464734232  -29.908516029277    2.832744335960
              C     65.859564572334  -24.828208770487    3.734808925567
              C     61.786750535749  -22.573819773760    4.161458041527
              C     59.563550897217  -31.391129434298    1.026355989203
              C     67.404819245053  -27.069291462230    2.963592670924
              C     67.049218601224  -22.603972608911    4.218366898395
              C     63.097143320122  -20.842291917548    6.057857841783
              C     65.839558510333  -20.470861739093    5.379194383514
              O     66.978692858280  -18.523175723147    5.923241909425
              H     64.294096984029  -30.103320507438    5.179109555457
              C     60.029573244017  -29.855265360513   -1.381951493007
              C     63.286237646398  -34.004840837227    0.845099817467
              C     61.080424636397  -35.605655995895   -0.149332288600
              C     58.607483207974  -34.060524044376    0.239553651584
              O     57.177305587686  -33.907020525692   -1.983087483449
              H     61.407449379831  -32.937390025253    4.236000875010
              C     57.019501922580  -35.423459106609    2.297883373630
              C     54.585006879953  -34.335112285948    2.722163637434
              N     52.597866686859  -33.565323123779    3.116754087522
              H     58.512354788232  -25.963937506223    2.110464158433
              H     58.369920174446  -26.759071956351    5.323183858786
              H     65.208816116645  -28.375949927080   -0.211896250759
              H     66.963565307492  -30.753834425328    1.352319238839
              H     56.029650303467  -29.559968252266    2.007670587402
              H     57.623574046905  -30.994878635877    4.564253861468
              H     59.828949656121  -22.832525051009    4.734707103222
              H     61.808108664511  -21.630295563468    2.318630382901
              H     68.979066392598  -26.461816391082    1.779613395962
              H     68.220734695066  -27.904986014803    4.673880500267
              H     69.029950600638  -22.388503141964    3.803993171665
              H     63.032804136172  -21.656821852240    7.960570903306
              H     62.160016885924  -19.007941258377    6.133387432012
              H     58.224443605615  -29.427568576400   -2.263460268411
              H     61.139165728363  -30.930577237847   -2.730155468792
              H     60.996485374427  -28.094388897566   -0.970839667732
              H     64.286805407845  -33.138321308790   -0.728749412604
              H     64.627257618050  -35.136557535424    1.921770257148
              H     60.964643411873  -37.403033383686    0.844821919483
              H     61.297360843923  -36.017336952859   -2.155399244844
              H     56.768689896234  -35.661848459979   -2.474325923223
              H     56.694800757114  -37.361051327255    1.640572474581
              H     58.038507546953  -35.472569427429    4.093246013660
              C     57.398140772048  -43.912665285591   -2.477604623824
              S     55.631649290712  -42.167668849549   -0.052764845867
              C     55.752027259072  -44.790040506263    2.248657867102
              O     52.949956177526  -42.211535478171   -0.886112363409
              H     56.414826304847  -45.650691479627   -2.931166978654
              H     57.535195399338  -42.705293235019   -4.125004304680
              H     59.267780579377  -44.299872566703   -1.734128221892
              H     57.700655609594  -45.073031753059    2.811763435354
              H     54.617039961266  -44.259903821178    3.877335507727
              H     54.981423863474  -46.491642723057    1.409978064747
              C     58.759593711582  -33.979101326481   12.648814606866
              S     58.134389530049  -32.850306036012    9.442030993646
              C     54.766457087509  -33.700804458038    9.461299831616
              O     59.349476309061  -34.681836457628    7.708302193726
              H     57.640763645514  -32.843629376755   13.935080061345
              H     58.247424393256  -35.957513139599   12.782099367993
              H     60.756405446303  -33.707037086585   13.038240768370
              H     53.985845964326  -33.349549323940    7.597946532058
              H     54.592803712869  -35.691492153443    9.934590702355
              H     53.827995450145  -32.524720328139   10.850089581488
              C     73.926834929780  -23.925528684548    5.180787320460
              S     71.462955200369  -24.858133955888    7.462049791250
              C     71.664349937060  -21.961146519995    9.384224115083
              O     72.581151906703  -26.888241113978    8.990385357678
              H     73.338359659679  -22.213888810338    4.222795308994
              H     75.697839396604  -23.649481201466    6.174617131844
              H     74.128946389441  -25.457933072098    3.832207448846
              H     70.739559434969  -20.461297713969    8.339225992982
              H     70.672915133790  -22.320154265167   11.142450577835
              H     73.619528124955  -21.496731687062    9.776836687130
              C     69.524460908917  -14.377763517020    3.511110352745
              S     71.341258415495  -17.201474908458    4.345777616057
              C     74.443348798351  -15.546266766448    4.181277247073
              O     71.355141123865  -18.826854073002    2.076447400061
              H     67.567876582066  -14.954617116646    3.338056287995
              H     69.718726820226  -13.033228701273    5.043655468956
              H     70.223010051513  -13.597630852331    1.751327877638
              H     74.490323178663  -14.102408722528    5.632026138418
              H     75.912211893529  -16.931887686166    4.531524273298
              H     74.709314890151  -14.725154669734    2.325343552719
              C     58.765574960551  -40.598561891477    7.977021947229
              S     57.525822772060  -40.768205446079   11.202321135083
              C     56.655670788425  -44.119965632171   11.089531889534
              O     55.088720961874  -39.383349870169   11.159562333858
              H     60.502492578775  -41.681752131074    7.920859317396
              H     57.365826815495  -41.343845732602    6.682888909538
              H     59.151229407921  -38.620754965429    7.570926807156
              H     58.329966579108  -45.223934218755   10.673721478471
              H     55.895712744233  -44.652327200070   12.917588955283
              H     55.223680865230  -44.339361578496    9.633193467974
              C     66.306087224963  -27.243933612920   10.297667039986
              S     63.615270817523  -29.463545270032   10.267565243180
              C     61.216883828586  -26.935388354984   10.524743989897
              O     63.641920220018  -30.717313427871   12.739728053579
              H     66.332613180789  -26.260521447315   12.095193260076
              H     68.047725603947  -28.305868588397   10.086096350828
              H     66.078573701919  -25.938152732600    8.736410662840
              H     59.402895815787  -27.825367859991   10.864134312335
              H     61.682521281763  -25.683366576381   12.077674858018
              H     61.196105362840  -25.934193272256    8.741123563241
              C     47.269951405307  -42.149275668050   -2.885745361507
              S     48.128054114629  -42.225694118961   -6.248771864382
              C     50.685652064582  -44.539635450332   -5.856313629444
              O     49.375345029798  -39.787496501074   -6.777280224401
              H     48.960810044647  -41.839949897486   -1.771119185243
              H     45.926603173317  -40.628236860700   -2.595737623706
              H     46.405060993987  -43.947072918907   -2.420665204179
              H     49.834702909625  -46.400686569369   -5.731478468554
              H     51.905814000684  -44.429349544523   -7.498503246148
              H     51.723399135088  -44.089479155277   -4.144257741334
              C     67.566669442873  -16.643511303758   -2.470337719477
              S     66.631479678439  -19.171231615507   -0.250161569262
              C     68.250048205911  -21.674515212208   -2.035855989372
              O     63.915456264031  -19.574706301172   -0.713026652111
              H     69.609676666815  -16.535596841384   -2.451707249071
              H     66.858502851575  -17.077709397777   -4.342941894018
              H     66.743168620970  -14.880576630210   -1.822459188263
              H     67.805439631866  -21.526964186039   -4.029593434244
              H     70.254199991838  -21.446976920700   -1.689278783426
              H     67.586023552889  -23.469292343644   -1.305268593483
              C     49.816504691654  -39.416954022629    9.326817710614
              S     52.342368418581  -39.904824917805    7.004434650156
              C     50.283003923174  -39.401433706122    4.239466370992
              O     52.822321649415  -42.663640109588    6.970910692585
              H     49.022222550784  -37.553429034688    9.021903938755
              H     48.400252289479  -40.880604491659    9.099541641255
              H     50.668880905128  -39.527943555690   11.186625705454
              H     48.487250926196  -40.349987748923    4.504818812569
              H     50.028754657571  -37.383316625412    3.995023188922
              H     51.244526384861  -40.196278577819    2.610679062134
              C     53.939703677180  -36.735071680121   -7.156980797235
              S     53.420377591830  -38.810521530178   -4.445311901700
              C     51.441368800626  -36.589019128956   -2.716953007410
              O     55.939633451722  -38.645713640104   -3.115580725477
              H     54.678977973584  -34.941018268208   -6.502097357320
              H     55.302533994703  -37.649392709993   -8.387343695116
              H     52.149120667876  -36.522133884912   -8.117291797610
              H     50.960397223345  -37.445552000160   -0.918789982509
              H     52.483277577808  -34.853098368642   -2.410836110255
              H     49.758259943343  -36.275503001954   -3.836278882386
$End
$Single_Point_Data
   &GeometryIndex 56
   &FinalEnergy [&Type "Double"]      -2.1302456531581001e+02  "Final single point energy"
   &Converged [&Type "Boolean"] true
$End
$Geometry
   &GeometryIndex 57
   &NAtoms [&Type "Integer"] 148
   &NCorelessECP [&Type "Integer"] 0
   &NGhostAtoms [&Type "Integer"] 0
   &CartesianCoordinates [&Type "Coordinates", &Dim(148,4), &Units "Bohr"] 
              C     61.962146477986  -27.313764987121    3.581419554533
              C     63.527125366607  -29.687425717481    3.305877572739
              C     59.120792325240  -27.372540780755    3.499189804591
              C     63.162464071155  -25.069024731893    3.895100645940
              C     61.988936553013  -32.013854611396    2.494116866123
              C     65.824910777461  -29.081703620823    1.646681084933
              C     57.885861142423  -29.905224168690    2.836224982572
              C     65.868813765919  -24.839287340267    3.741826538156
              C     61.796635548752  -22.580891411387    4.171164613605
              C     59.564464344648  -31.393337704751    1.032745430987
              C     67.409699643953  -27.087475594352    2.980568329661
              C     67.060414020402  -22.614459507801    4.217428892814
              C     63.114491415321  -20.844769283616    6.059115081630
              C     65.855786711499  -20.476725981489    5.373605220668
              O     66.996969907126  -18.529513960089    5.914511829391
              H     64.290125772590  -30.109361082458    5.192266007745
              C     60.037674668180  -29.857866693427   -1.374068767999
              C     63.281091006388  -34.013313912496    0.857306084117
              C     61.072701268584  -35.615161444199   -0.129653555377
              C     58.602116221171  -34.061506895017    0.247305365689
              O     57.182275212482  -33.906100919436   -1.981693040971
              H     61.399661506542  -32.940189701319    4.246484707861
              C     57.005599711056  -35.418136795654    2.303324295420
              C     54.572853889628  -34.324011697614    2.723594402722
              N     52.585811103547  -33.552075063227    3.114608010723
              H     58.521325502976  -25.960562461814    2.115737500423
              H     58.376186072378  -26.756245790159    5.327448693965
              H     65.220600393466  -28.389280803970   -0.198177643437
              H     66.965844711410  -30.771557074393    1.372245887873
              H     56.032869634353  -29.553307365263    2.006100916578
              H     57.617202862464  -30.989774876502    4.567537948918
              H     59.842256448425  -22.839952625744    4.756398604491
              H     61.809567051894  -21.641081698474    2.326477793450
              H     68.991687866223  -26.484513324110    1.803402416745
              H     68.216486239999  -27.917142918882    4.697424011664
              H     69.041494053570  -22.406022533984    3.800840282870
              H     63.054422130270  -21.654027005038    7.964219235434
              H     62.177222412733  -19.010329388561    6.134131669070
              H     58.235047963573  -29.420567550776   -2.256178931515
              H     61.142107391373  -30.938677358621   -2.722093842163
              H     61.013625703296  -28.102866855083   -0.961770263207
              H     64.279938722950  -33.149473666282   -0.719006467594
              H     64.622973053876  -35.142301667668    1.935935078563
              H     60.952396547889  -37.405269317500    0.876684713225
              H     61.291684023273  -36.040355412142   -2.132534212361
              H     56.774601394369  -35.661663095204   -2.475357226573
              H     56.678955448168  -37.355817847796    1.647628290645
              H     58.021829075688  -35.468035476761    4.099992743020
              C     57.404107877885  -43.896104470535   -2.481681963537
              S     55.631490610518  -42.158714055498   -0.056151149878
              C     55.753329202519  -44.786100062528    2.238215649467
              O     52.950560854949  -42.207730194321   -0.893167923803
              H     56.422563933798  -45.636586715898   -2.936708799831
              H     57.536648613169  -42.687419902468   -4.125751237556
              H     59.274188127062  -44.282327282161   -1.742396785941
              H     57.701918197793  -45.072095241341    2.800825142273
              H     54.619475817898  -44.261926260230    3.869680926335
              H     54.980962288924  -46.483585717605    1.392757058337
              C     58.737504893545  -33.980748976275   12.652503481059
              S     58.104324519172  -32.843372006129    9.450656254183
              C     54.742320780812  -33.717283973093    9.466409451423
              O     59.335640550849  -34.661749775416    7.714646898261
              H     57.616688869923  -32.856151654869   13.946228708793
              H     58.233236930970  -35.962326804524   12.776304674286
              H     60.734824809861  -33.706511896398   13.036429583972
              H     53.960486639774  -33.366418865642    7.603681945412
              H     54.582199378432  -35.710244531469    9.934255821352
              H     53.796593953704  -32.551153390961   10.858648076945
              C     73.944854123176  -23.911668228600    5.227278353428
              S     71.475243736601  -24.853579314607    7.498119643577
              C     71.620091641824  -21.935289554461    9.395856226008
              O     72.604660060064  -26.854004050003    9.057129854313
              H     73.345782900113  -22.211220998752    4.255401558585
              H     75.705724188101  -23.613846448896    6.232118725648
              H     74.169759257101  -25.450588221011    3.890179010899
              H     70.677815271008  -20.458221232218    8.336343051101
              H     70.625921073079  -22.298402917073   11.151759279940
              H     73.565091006979  -21.436026932906    9.794045313925
              C     69.529031769628  -14.392247523711    3.483019036839
              S     71.354865119837  -17.213541177579    4.309256902741
              C     74.452469492329  -15.555324781526    4.119601879918
              O     71.354437630962  -18.839252834867    2.040619966024
              H     67.571954119294  -14.969126184525    3.315983665330
              H     69.728986371376  -13.047289153430    5.014290021065
              H     70.217670385454  -13.612466167478    1.719441539903
              H     74.508994394778  -14.108394255776    5.566965899700
              H     75.925376726363  -16.939234127642    4.461414080794
              H     74.704216262374  -14.738471164104    2.259323387981
              C     58.781451610812  -40.580182828106    7.945302678125
              S     57.557404847759  -40.776085320437   11.175773138488
              C     56.699835881764  -44.129633483328   11.045760667260
              O     55.116392094347  -39.399780610911   11.150628375986
              H     60.514352639090  -41.667882180073    7.865455401195
              H     57.372148837314  -41.308226869261    6.650085835259
              H     59.169686966531  -38.600002122687    7.558151404487
              H     58.379452280936  -45.219867896205   10.611602264546
              H     55.953103274562  -44.681643196069   12.873182555581
              H     55.260253894138  -44.345172095903    9.596380518940
              C     66.299487031166  -27.231809852390   10.327961581852
              S     63.608131367756  -29.450110751311   10.284555956672
              C     61.209612268288  -26.920758873826   10.537729995005
              O     63.626257556813  -30.713625873541   12.751610384193
              H     66.318163959298  -26.247172286143   12.125118453585
              H     68.042676456398  -28.293321028933   10.126153550089
              H     66.078023788805  -25.926461202398    8.765981044204
              H     59.393899000253  -27.811601253643   10.864826618958
              H     61.669303981325  -25.675808705790   12.098171049105
              H     61.196601872637  -25.911117243855    8.758840914561
              C     47.277195639374  -42.133373960998   -2.874631838969
              S     48.115502300610  -42.202550112003   -6.242120502995
              C     50.670458075664  -44.521716864573   -5.868620490799
              O     49.366104133138  -39.765410057853   -6.769787195083
              H     48.977766290832  -41.847381089813   -1.768105197323
              H     45.949507532764  -40.599927039403   -2.571175927446
              H     46.396850159452  -43.925103098679   -2.412183012430
              H     49.817246847730  -46.381382345408   -5.742122722346
              H     51.881862919657  -44.410656523186   -7.517388111133
              H     51.719961930851  -44.074483938916   -4.163375153844
              C     67.553487052690  -16.672808566298   -2.487946091171
              S     66.612473132208  -19.190221824179   -0.259569903401
              C     68.224474720083  -21.705533967651   -2.037404327797
              O     63.894272452890  -19.586233438469   -0.719829296822
              H     69.596744980671  -16.566109847411   -2.467862129159
              H     66.848791946540  -17.118592808098   -4.359066765488
              H     66.730686235529  -14.906774974737   -1.848350503800
              H     67.772557705659  -21.571081644823   -4.030217165587
              H     70.228167093016  -21.473493597336   -1.695062411199
              H     67.564786924402  -23.496048864359   -1.292606858838
              C     49.828412968839  -39.425487543547    9.331441654274
              S     52.352862096106  -39.905289484666    7.006880869366
              C     50.292312211479  -39.394632697926    4.243069564886
              O     52.832237280351  -42.663192685630    6.963662960938
              H     49.020923506530  -37.568192294999    9.025304945951
              H     48.421559139649  -40.898859534128    9.106154564812
              H     50.681089628579  -39.530579208929   11.190960365371
              H     48.499743851657  -40.350777734755    4.503536281030
              H     50.032602713204  -37.375406262223    4.008929325732
              H     51.256654483021  -40.179223331305    2.610364912641
              C     53.939670703303  -36.726975244071   -7.161599998252
              S     53.419224750550  -38.802417732062   -4.449135632564
              C     51.443838180468  -36.577813773267   -2.722490021489
              O     55.939573131119  -38.640670635456   -3.120579671304
              H     54.685862768934  -34.935790497452   -6.505696551641
              H     55.295879586414  -37.645174904944   -8.396338080851
              H     52.147978806375  -36.507368457723   -8.118581019082
              H     50.957789101777  -37.435579767112   -0.927562582774
              H     52.491355838987  -34.846877935364   -2.413363024722
              H     49.763599542188  -36.258689080908   -3.844628506104
$End
$Single_Point_Data
   &GeometryIndex 57
   &FinalEnergy [&Type "Double"]      -2.1302464000408000e+02  "Final single point energy"
   &Converged [&Type "Boolean"] true
$End
$Geometry
   &GeometryIndex 58
   &NAtoms [&Type "Integer"] 148
   &NCorelessECP [&Type "Integer"] 0
   &NGhostAtoms [&Type "Integer"] 0
   &CartesianCoordinates [&Type "Coordinates", &Dim(148,4), &Units "Bohr"] 
              C     61.966367038225  -27.319200632206    3.583270573343
              C     63.527664929248  -29.695122140254    3.312816880965
              C     59.124901079797  -27.372786478004    3.496185900354
              C     63.169575880069  -25.075923592082    3.899060447130
              C     61.988357531082  -32.019133502341    2.498743823946
              C     65.830687955518  -29.094517094543    1.658994424644
              C     57.888005023867  -29.903798060965    2.833186667350
              C     65.876448674878  -24.848824537986    3.748156076587
              C     61.803115522184  -22.587725314291    4.172503979862
              C     59.568213061385  -31.395674320360    1.032735372193
              C     67.414104882372  -27.102588134422    2.995958288152
              C     67.068369761455  -22.624121921377    4.218724630493
              C     63.123967813122  -20.847854000122    6.055347718309
              C     65.865608939593  -20.482016992059    5.367845388205
              O     67.006691680734  -18.534218866554    5.905995203258
              H     64.287233454327  -30.116801438025    5.200649291016
              C     60.047044982848  -29.860517207721   -1.372050407336
              C     63.279123541927  -34.021118423426    0.863831322509
              C     61.069709097627  -35.623357927643   -0.119834908151
              C     58.601131255214  -34.061652536300    0.248911933152
              O     57.188774527922  -33.903569469168   -1.983542901141
              H     61.394264134699  -32.944000031134    4.250756265853
              C     56.997534717046  -35.413775542034    2.303409773455
              C     54.566519069812  -34.315251467657    2.719552003259
              N     52.581166974935  -33.539386695305    3.108068188493
              H     58.531898642744  -25.960192312033    2.110467748498
              H     58.377856404014  -26.752967720660    5.322046100991
              H     65.233288088931  -28.400409671394   -0.187596884923
              H     66.971124629426  -30.785699345935    1.388711338039
              H     56.037686760499  -29.550406517834    1.997800626362
              H     57.613702627071  -30.986471840177    4.564447790901
              H     59.850140645483  -22.847019826899    4.762090014714
              H     61.812166287146  -21.651576548750    2.326051907471
              H     69.004188581041  -26.501696367600    1.827661238666
              H     68.213921555544  -27.926233272943    4.718582929160
              H     69.050372853803  -22.421128579527    3.804459227108
              H     63.065639891803  -21.654417937039    7.961569991947
              H     62.187500969639  -19.013483187548    6.130532198737
              H     58.247213547287  -29.419696210117   -2.257148582455
              H     61.151343839177  -30.944651712747   -2.717753375689
              H     61.026916238936  -28.108307635273   -0.957875360953
              H     64.277443853628  -33.158176455617   -0.713293769709
              H     64.621078574206  -35.147994778704    1.944580501995
              H     60.945184509015  -37.408350206210    0.896681420471
              H     61.289740663654  -36.060037060503   -2.120577281429
              H     56.780910948589  -35.658731944296   -2.478346899410
              H     56.671561477369  -37.351737993578    1.648866327645
              H     58.011162415955  -35.461977692393    4.101857711203
              C     57.417222982238  -43.877714029118   -2.493892423311
              S     55.639220904542  -42.156335764276   -0.061394564178
              C     55.770354479935  -44.790597071049    2.224158612758
              O     52.959455258582  -42.213386189583   -0.898303791725
              H     56.433948838172  -45.612733295779   -2.964351868295
              H     57.555076489765  -42.656615262891   -4.129783368901
              H     59.285004146341  -44.272611840488   -1.752489163364
              H     57.720603898427  -45.073097022786    2.784307154065
              H     54.637215560355  -44.274515715439    3.859253521175
              H     55.001754718825  -46.487252556127    1.374008672360
              C     58.711947941277  -33.980693196555   12.652486256981
              S     58.074717293707  -32.838114335705    9.454095560801
              C     54.717761980414  -33.730974947792    9.464747014759
              O     59.318822837503  -34.647934226144    7.718178995115
              H     57.588233174818  -32.864620088085   13.951003244498
              H     58.215593502063  -35.964949602336   12.769829336078
              H     60.708762394779  -33.701561875012   13.033748980931
              H     53.934511261612  -33.378438921238    7.602804835595
              H     54.569986800427  -35.725500164719    9.929297696027
              H     53.765918891851  -32.573705295129   10.860513225911
              C     73.965190780110  -23.900045490500    5.276933089305
              S     71.480594161251  -24.843923731274    7.530762493508
              C     71.582992137345  -21.906902153670    9.402868774720
              O     72.607929905579  -26.820341498669    9.121049359896
              H     73.362612162797  -22.209267735866    4.289699709557
              H     75.715087923540  -23.586336553998    6.295930035272
              H     74.210416149266  -25.445630125068    3.950066054654
              H     70.638269994809  -20.444919520626    8.326167219979
              H     70.576040122064  -22.267670056728   11.152111806010
              H     73.519814511141  -21.389082755841    9.814604325524
              C     69.528870015792  -14.402101749975    3.463120201003
              S     71.361892206413  -17.220769746644    4.285680687412
              C     74.454599466231  -15.557690934718    4.076409582059
              O     71.354322891433  -18.848466054524    2.019266975977
              H     67.571410089734  -14.978913843449    3.298158239072
              H     69.731801679253  -13.055660746857    4.992461151518
              H     70.210293354610  -13.621905597559    1.696888190276
              H     74.518873105699  -14.108565690850    5.521033540593
              H     75.932951596885  -16.938104035593    4.410451006836
              H     74.694042927042  -14.743755967686    2.212718105523
              C     58.799146694180  -40.569261651728    7.924861552796
              S     57.585570713169  -40.786041763621   11.157961502327
              C     56.737547611363  -44.140954041383   11.010398092819
              O     55.142878540455  -39.413752405158   11.144849867086
              H     60.533213979063  -41.653891798735    7.827547387463
              H     57.386510398390  -41.291999789981    6.633304233695
              H     59.181739582366  -38.585867010135    7.547833495112
              H     58.420235103166  -45.221834134020   10.565836463981
              H     55.997855263686  -44.704717121392   12.837602958496
              H     55.293121378420  -44.352143885533    9.565319840747
              C     66.286925751859  -27.224218326077   10.352196133649
              S     63.594269196031  -29.440286912249   10.297789106032
              C     61.195647837541  -26.908550527667   10.542041177718
              O     63.602433240188  -30.707680786772   12.761861838568
              H     66.297432550498  -26.237027591606   12.147758204431
              H     68.030975367617  -28.285129087539   10.159264137182
              H     66.074462984450  -25.918540661599    8.789036898337
              H     59.376834414043  -27.798170044993   10.856771802991
              H     61.648030900412  -25.668776462666   12.108831135078
              H     61.190741670445  -25.892680904541    8.766810046977
              C     47.284530155096  -42.110365996780   -2.838765467037
              S     48.088799899522  -42.175680194186   -6.214710095666
              C     50.641634702496  -44.502712137602   -5.872787169073
              O     49.341434564800  -39.742024204030   -6.753184833391
              H     48.999084789795  -41.850668263630   -1.749111729600
              H     45.982632726472  -40.559810592189   -2.517431287221
              H     46.384904435162  -43.891233324068   -2.373451389814
              H     49.784312275254  -46.360084334417   -5.743434112139
              H     51.837026640346  -44.389155641955   -7.533261631457
              H     51.708354803225  -44.062751186665   -4.177420597611
              C     67.551123646351  -16.707067193244   -2.506867531847
              S     66.603548487222  -19.214800407841   -0.269961447916
              C     68.214369467736  -21.741341862260   -2.035006761329
              O     63.885116663376  -19.606612750277   -0.732033128497
              H     69.594913312012  -16.601427470770   -2.480787255354
              H     66.853316691806  -17.163121690288   -4.377723578925
              H     66.726948023831  -14.939422260147   -1.873961909215
              H     67.760826598306  -21.618342335370   -4.028111872969
              H     70.216926098813  -21.505780038283   -1.692408049788
              H     67.558751028333  -23.528851030105   -1.279633488232
              C     49.844289512795  -39.434212187625    9.330821340460
              S     52.368507256770  -39.910326709179    7.004075290671
              C     50.308035540351  -39.393095560039    4.241852017641
              O     52.846207511843  -42.668291673743    6.953602674610
              H     49.028475346254  -37.581669003731    9.020838956135
              H     48.443914216456  -40.914420439439    9.109610418967
              H     50.697253135750  -39.533375170326   11.190631878323
              H     48.516474333216  -40.352989651497    4.497888659593
              H     50.045204669117  -37.373902431244    4.014219487247
              H     51.272178280419  -40.171280347039    2.606231522860
              C     53.924770159482  -36.710610372996   -7.162570249748
              S     53.410787024491  -38.789094550075   -4.450722279535
              C     51.437939430366  -36.567779455231   -2.715562310453
              O     55.932769562664  -38.631147054830   -3.125566585243
              H     54.674941918231  -34.922062361335   -6.506242903098
              H     55.273872814656  -37.629814945852   -8.403372486093
              H     52.130383118241  -36.488118736733   -8.114305183179
              H     50.952716563329  -37.428040697135   -0.921944333317
              H     52.489222492890  -34.839015585334   -2.405697933341
              H     49.757252345478  -36.243712524493   -3.833452345814
$End
$Single_Point_Data
   &GeometryIndex 58
   &FinalEnergy [&Type "Double"]      -2.1302470618394000e+02  "Final single point energy"
   &Converged [&Type "Boolean"] true
$End
$Geometry
   &GeometryIndex 59
   &NAtoms [&Type "Integer"] 148
   &NCorelessECP [&Type "Integer"] 0
   &NGhostAtoms [&Type "Integer"] 0
   &CartesianCoordinates [&Type "Coordinates", &Dim(148,4), &Units "Bohr"] 
              C     61.971063708434  -27.323525748129    3.588521440297
              C     63.527568585255  -29.701859205187    3.320054188167
              C     59.129532548278  -27.371076543589    3.495375406483
              C     63.177070116190  -25.081734300592    3.906799601841
              C     61.986578701023  -32.022906392069    2.501451816996
              C     65.835905325077  -29.106082079829    1.671859642566
              C     57.889540154911  -29.899399204199    2.830348147799
              C     65.885003748439  -24.857997278240    3.756512301923
              C     61.811839232691  -22.592769524282    4.179123778306
              C     59.569536717085  -31.394795497481    1.031567740889
              C     67.418502761647  -27.117259198857    3.013078958788
              C     67.079410349452  -22.634293950651    4.220633817536
              C     63.138296154453  -20.850535173237    6.055930598295
              C     65.879369384440  -20.487697900193    5.363767981667
              O     67.021109871160  -18.539326288899    5.896513477691
              H     64.282461737506  -30.128198208294    5.208662456268
              C     60.053008236736  -29.861083017742   -1.372637175875
              C     63.274785773825  -34.027326439779    0.868111195392
              C     61.064127637704  -35.627824939715   -0.114211071093
              C     58.597657705286  -34.059504207857    0.249330010514
              O     57.187772366153  -33.903198617321   -1.984559694717
              H     61.387644896290  -32.947104270159    4.252021049882
              C     56.990792112530  -35.407040865349    2.304633284152
              C     54.559867915467  -34.306525829922    2.718151193119
              N     52.575051382579  -33.527336705560    3.106122607752
              H     58.545073659524  -25.957657040815    2.106256870790
              H     58.378357116745  -26.747498066032    5.317964002475
              H     65.243896518441  -28.410504947358   -0.176098728682
              H     66.974975627526  -30.798609298350    1.404112330902
              H     56.041382658432  -29.542807446401    1.991155853286
              H     57.610007707174  -30.981427589531    4.560990595318
              H     59.860563039191  -22.851545958994    4.773688657985
              H     61.814228760654  -21.659561001573    2.331252809953
              H     69.018109603044  -26.520998860400    1.855551988907
              H     68.208855487044  -27.936329385333    4.742595073854
              H     69.062706315640  -22.435744023364    3.808248368560
              H     63.084801673717  -21.655936092862    7.963068992597
              H     62.204995167998  -19.014920044299    6.132829350684
              H     58.254684458192  -29.414013347010   -2.257627316022
              H     61.152778607940  -30.950551007324   -2.717922554600
              H     61.040466266896  -28.113088017406   -0.958967716742
              H     64.273664673588  -33.164878947218   -0.709387887882
              H     64.615776236502  -35.154347615433    1.949785044611
              H     60.935325698527  -37.408968164135    0.909489572406
              H     61.283463683095  -36.073560647441   -2.112834916834
              H     56.782797585576  -35.658983218843   -2.481398232332
              H     56.665704277927  -37.345505217062    1.653099300260
              H     58.002561382917  -35.452188658704    4.104176636595
              C     57.420893574829  -43.868702553966   -2.508620849208
              S     55.645200081793  -42.154693990671   -0.069928821868
              C     55.781742775632  -44.795418897334    2.208029198509
              O     52.963046102336  -42.210634532550   -0.901242453486
              H     56.433873848279  -45.600200499442   -2.986573089280
              H     57.558446932912  -42.640665947415   -4.139111464880
              H     59.288145792009  -44.270567279499   -1.769899183438
              H     57.733398455115  -45.076036206264    2.764081130818
              H     54.651131365256  -44.284613824658    3.846503452102
              H     55.015159324174  -46.491825147473    1.355916104615
              C     58.689272245065  -33.977014193183   12.651788297556
              S     58.045437602000  -32.831123205828    9.456990845672
              C     54.694035426202  -33.742281102183    9.466262564876
              O     59.300124002528  -34.633855130253    7.720816482095
              H     57.563712136029  -32.868427330774   13.955641051984
              H     58.201242477283  -35.963747549069   12.765462889855
              H     60.685741024392  -33.689722583999   13.029732725706
              H     53.905803063125  -33.385918077621    7.606992657325
              H     54.559751871414  -35.738532266961    9.926630395575
              H     53.737956991274  -32.595127761046   10.867964787016
              C     73.981735631651  -23.884487152867    5.335677278415
              S     71.481615201737  -24.836490887194    7.569262424311
              C     71.536072331996  -21.884839452425    9.418494204902
              O     72.608203134653  -26.788556111092    9.189856381550
              H     73.370642869551  -22.206156096736    4.331017873058
              H     75.718547759668  -23.548788714218    6.369125913698
              H     74.251868883866  -25.437748976936    4.022538953996
              H     70.588566781979  -20.437466581696    8.325229915626
              H     70.515113432316  -22.246489502763   11.159442394591
              H     73.463681285267  -21.347983232329    9.846516076361
              C     69.529413034637  -14.410581313354    3.443049906386
              S     71.369742037467  -17.226933041855    4.260941517760
              C     74.458024969863  -15.558402113745    4.029927406914
              O     71.353857465631  -18.858605478694    1.997372897330
              H     67.572328326389  -14.989153775908    3.280128873201
              H     69.734285859052  -13.063180094517    4.971454575855
              H     70.203644196058  -13.628388030817    1.674397354444
              H     74.530072455449  -14.103800475727    5.468676656910
              H     75.942371925013  -16.933966786605    4.359574157007
              H     74.685249524146  -14.750833144314    2.161489135860
              C     58.820159837360  -40.541365241126    7.895190428856
              S     57.619995552376  -40.789786976755   11.131457250722
              C     56.789347983237  -44.148296154395   10.959106707554
              O     55.170516321887  -39.429337426239   11.135575914829
              H     60.558013342427  -41.618918148452    7.779327247794
              H     57.405567603634  -41.255608656452    6.601199609160
              H     59.197658080107  -38.553162251833    7.537310336136
              H     58.474905549299  -45.216527095421   10.498655727508
              H     56.062758244421  -44.726399452757   12.787415112329
              H     55.336027171307  -44.354162412274    9.522355176773
              C     66.274758904751  -27.217442405360   10.373802700535
              S     63.579493870199  -29.430133357083   10.309432610572
              C     61.181425739191  -26.896068997914   10.547852798996
              O     63.579302235882  -30.699310821448   12.771390275738
              H     66.278322497835  -26.229044192054   12.168408794276
              H     68.018758367448  -28.279578563116   10.187051667910
              H     66.073599132817  -25.910131106950    8.809872902276
              H     59.359346333663  -27.784404833969   10.848008160907
              H     61.624934446672  -25.663574129645   12.123025324882
              H     61.186444663508  -25.871872088634    8.777170412644
              C     47.281451840538  -42.090159609964   -2.814189219101
              S     48.066562201295  -42.153271671754   -6.193520425016
              C     50.614683205223  -44.489523793391   -5.871029447711
              O     49.325370438991  -39.724362362120   -6.737028555316
              H     49.006261849898  -41.848566202360   -1.733746668968
              H     45.996609480610  -40.526897595157   -2.483846782528
              H     46.367172614676  -43.863194452728   -2.347841487009
              H     49.752683567016  -46.343720666460   -5.734243205971
              H     51.795038199478  -44.378793521469   -7.542365951331
              H     51.697482643244  -44.050754563864   -4.185980253245
              C     67.555662252633  -16.744416419158   -2.531623150769
              S     66.601450332188  -19.238681187248   -0.281332344298
              C     68.209123712591  -21.776758833813   -2.031186460607
              O     63.882273084288  -19.627696134198   -0.741871634307
              H     69.599645891464  -16.639719982480   -2.499354347542
              H     66.864281856024  -17.211018543046   -4.401888761698
              H     66.731131324671  -14.973987636694   -1.907412470917
              H     67.754969931319  -21.664242004120   -4.024929113624
              H     70.212210353962  -21.539695890303   -1.690413238310
              H     67.556075858511  -23.560257069895   -1.265585416299
              C     49.861971773060  -39.445706351352    9.335246458484
              S     52.382192129245  -39.917513270759    7.001613451041
              C     50.317018193340  -39.391412448731    4.245284508077
              O     52.858781862175  -42.675835263733    6.944581047658
              H     49.040413867298  -37.596071564343    9.024760222932
              H     48.465649208485  -40.930565758702    9.120145348601
              H     50.720574075487  -39.541097427281   11.192156164839
              H     48.525835680589  -40.353288555169    4.499433916682
              H     50.051660235905  -37.371304457623    4.026306117516
              H     51.277414526399  -40.163321898336    2.604261031960
              C     53.910450324710  -36.701589992044   -7.159693945513
              S     53.404051566249  -38.785506579925   -4.449908441841
              C     51.438287913296  -36.568248064799   -2.706156770526
              O     55.928873887983  -38.629545361555   -3.130620552622
              H     54.653605519638  -34.910623017523   -6.501343345832
              H     55.261562268798  -37.613603145723   -8.403328243466
              H     52.114614407266  -36.485932456958   -8.110656132756
              H     50.963734319944  -37.429152453235   -0.911415265620
              H     52.490403929228  -34.838701514144   -2.400546928578
              H     49.753669758896  -36.243596752450   -3.817292831014
$End
$Single_Point_Data
   &GeometryIndex 59
   &FinalEnergy [&Type "Double"]      -2.1302476475295001e+02  "Final single point energy"
   &Converged [&Type "Boolean"] true
$End
$Geometry
   &GeometryIndex 60
   &NAtoms [&Type "Integer"] 148
   &NCorelessECP [&Type "Integer"] 0
   &NGhostAtoms [&Type "Integer"] 0
   &CartesianCoordinates [&Type "Coordinates", &Dim(148,4), &Units "Bohr"] 
              C     61.969686543781  -27.321662925628    3.587310513449
              C     63.522840351589  -29.701637467495    3.321226223404
              C     59.128011504307  -27.364982456713    3.486648851146
              C     63.176739770161  -25.081149269812    3.906699667317
              C     61.981104224522  -32.020615455715    2.500086103827
              C     65.834780277795  -29.110965853918    1.677212726234
              C     57.886437789596  -29.891596780200    2.821374125980
              C     65.886259159175  -24.861026825276    3.759374895069
              C     61.812853154654  -22.591538490944    4.175079391627
              C     59.566864218528  -31.389917120526    1.025857193566
              C     67.417168659957  -27.123782354229    3.019743471118
              C     67.082938645761  -22.639677207385    4.223023641069
              C     63.140116686124  -20.848862470939    6.050130820352
              C     65.882047304319  -20.489661307058    5.359984121625
              O     67.023942247439  -18.541511257590    5.891093457538
              H     64.274822284434  -30.132576578654    5.209770098604
              C     60.054237783022  -29.860027242218   -1.379910510710
              C     63.268829575170  -34.027589788802    0.870541101028
              C     61.057859511683  -35.628257460680   -0.108592960395
              C     58.593439781377  -34.054323846967    0.246365032707
              O     57.188057578252  -33.902046081519   -1.990429480626
              H     61.377906542599  -32.943622912936    4.249351633637
              C     56.980517843160  -35.395700152654    2.302463012642
              C     54.550511209362  -34.292176225491    2.710844622262
              N     52.567712471540  -33.506786751476    3.095990578614
              H     58.551916619698  -25.952713998927    2.092225723866
              H     58.370427792881  -26.737010249527    5.304978645328
              H     65.245686437155  -28.417030380347   -0.172443693090
              H     66.971650551038  -30.805598557675    1.411693384542
              H     56.039801349167  -29.533590238469    1.979380815611
              H     57.603602395076  -30.972002413078    4.552538994566
              H     59.860711099970  -22.849456046446    4.768231672321
              H     61.813492823749  -21.660210036183    2.326210172641
              H     69.021987841054  -26.533160592044    1.867313295422
              H     68.203242594573  -27.939169953461    4.753688138081
              H     69.066945414120  -22.443714336485    3.813330555891
              H     63.087651198802  -21.653761449300    7.957100316273
              H     62.210901188162  -19.011696485916    6.126480514548
              H     58.257209745580  -29.413042285779   -2.267351493508
              H     61.154390609589  -30.952563688434   -2.722618266254
              H     61.043215710304  -28.112044899761   -0.967561842102
              H     64.267251403078  -33.166597883388   -0.708609757873
              H     64.609991441261  -35.153928108264    1.952553564181
              H     60.925071880550  -37.403379266200    0.925759721446
              H     61.276646092420  -36.087541146104   -2.104180318154
              H     56.786264484849  -35.657745824852   -2.487098419958
              H     56.656176954153  -37.335538936292    1.655914974357
              H     57.988656268795  -35.435284320938    4.104735187199
              C     57.440134785380  -43.863219178247   -2.517471647884
              S     55.654802425678  -42.163997981001   -0.076175243928
              C     55.802165435068  -44.811553112008    2.194528149159
              O     52.974767057337  -42.227893301794   -0.910957437260
              H     56.454570038899  -45.591286579411   -3.009694620081
              H     57.581155479500  -42.624310045015   -4.139887061331
              H     59.304347495689  -44.268786554646   -1.775443318863
              H     57.754844664527  -45.082819401006    2.749593936164
              H     54.669421957003  -44.309436031604    3.833422138579
              H     55.046240790361  -46.511063695604    1.340140985255
              C     58.667145926800  -33.973991970749   12.651014507554
              S     58.016079174833  -32.822285069891    9.460228426376
              C     54.669258168976  -33.748667777254    9.469227862029
              O     59.277694842595  -34.615822075245    7.719344997945
              H     57.540222338351  -32.872018284823   13.959554831290
              H     58.187678011540  -35.962612842155   12.759597939618
              H     60.662564766645  -33.677224673481   13.026760630782
              H     53.875050071475  -33.384839456056    7.613602678602
              H     54.545617026515  -35.746786877034    9.923067276128
              H     53.710766427104  -32.611981158998   10.878231882739
              C     74.008769509257  -23.877538187638    5.370475087867
              S     71.495687168657  -24.830294212885    7.590036502618
              C     71.526638082640  -21.875045305541    9.433100816349
              O     72.616800497654  -26.772537402825    9.226474992543
              H     73.396961152969  -22.205795253710    4.354183942406
              H     75.737975262740  -23.531885851974    6.412901136146
              H     74.291922161707  -25.435114399332    4.065705320283
              H     70.596679863945  -20.426530692717    8.326511135140
              H     70.480756788802  -22.233427371905   11.160217998740
              H     73.449697837306  -21.343212394840    9.887686985509
              C     69.529766902035  -14.414507641870    3.439960313423
              S     71.372288375980  -17.231549673779    4.252083355370
              C     74.458834423969  -15.560084874403    4.013545032293
              O     71.353042045961  -18.862362787518    1.988339846799
              H     67.572389484918  -14.992238972721    3.277647645517
              H     69.736534580072  -13.068418733427    4.969390014890
              H     70.200648717698  -13.628439019417    1.671026889620
              H     74.534008822515  -14.101152110413    5.447904935812
              H     75.946529928164  -16.932328693286    4.343713417027
              H     74.681049485459  -14.756918107908    2.142458313430
              C     58.841814373372  -40.542015708670    7.879324617838
              S     57.648192735638  -40.806526259671   11.117313408657
              C     56.814573008120  -44.164216542310   10.931016140496
              O     55.200317923866  -39.441911269323   11.128878864407
              H     60.581107180082  -41.616907981420    7.753742123215
              H     57.425209958469  -41.248029917349    6.583719956062
              H     59.219450599201  -38.552212621779    7.532261882720
              H     58.496743598612  -45.234172537772   10.466118526557
              H     56.091134165826  -44.742151131604   12.761308994162
              H     55.356800323485  -44.363785035581    9.498705241769
              C     66.258247180684  -27.214795538312   10.385375427684
              S     63.558315357970  -29.422280745723   10.314862930255
              C     61.163740169993  -26.884128477957   10.546967410106
              O     63.550689431282  -30.686513133697   12.778455962741
              H     66.256161904460  -26.225118894357   12.179044099753
              H     68.001086868705  -28.279549456263   10.203505077199
              H     66.069051016997  -25.905962941705    8.820593589520
              H     59.337526185663  -27.767511378451   10.837633996933
              H     61.602359235763  -25.656925975470   12.127807050233
              H     61.175885603944  -25.854188068845    8.779567789634
              C     47.284764227553  -42.063615229122   -2.776430662792
              S     48.038712841507  -42.141688910567   -6.162786192965
              C     50.569860779976  -44.498575870676   -5.860583363202
              O     49.317301161693  -39.727411199277   -6.725557852922
              H     49.023809381071  -41.844825711984   -1.714899418335
              H     46.030318257096  -40.479508977047   -2.437505540194
              H     46.347985775369  -43.820670813718   -2.298389996446
              H     49.693310455266  -46.344584841559   -5.708811128038
              H     51.731015893132  -44.401110049367   -7.546057332182
              H     51.674960426581  -44.064077204757   -4.189241902200
              C     67.564044311316  -16.765037854017   -2.546373055245
              S     66.603571547019  -19.252388401236   -0.288810122545
              C     68.210545956449  -21.797279133551   -2.027120739515
              O     63.884606155360  -19.641427694962   -0.750653207888
              H     69.608059609010  -16.663314607528   -2.509379791515
              H     66.876104124364  -17.233831244044   -4.417229735018
              H     66.741171596343  -14.992483630019   -1.926330739921
              H     67.763422270840  -21.686653466179   -4.022813168968
              H     70.213267072824  -21.563614276631   -1.681888550526
              H     67.552568354302  -23.578124986842   -1.260958141454
              C     49.885866193468  -39.451572525480    9.336332376014
              S     52.401825897454  -39.927771387755    6.996409575210
              C     50.333719164906  -39.394608117957    4.244982851047
              O     52.872234889456  -42.687200354099    6.935848633439
              H     49.062936702466  -37.603420600462    9.021060740277
              H     48.490532320107  -40.938542130065    9.131094045711
              H     50.750340392908  -39.539501015954   11.191118515480
              H     48.542532428754  -40.357196223016    4.497919633977
              H     50.066398683768  -37.374233316378    4.030521460010
              H     51.291283800042  -40.163682272260    2.600884023278
              C     53.902175350492  -36.693959380831   -7.162891426988
              S     53.398359242626  -38.778606890351   -4.453230540482
              C     51.435629189459  -36.561737446859   -2.702252761700
              O     55.925142664234  -38.626519871590   -3.135378099676
              H     54.639472420941  -34.900689657022   -6.505639159635
              H     55.256336435615  -37.602224505434   -8.405351928297
              H     52.105874829558  -36.485267267321   -8.114766475869
              H     50.965473838707  -37.420110360783   -0.904889942207
              H     52.488284630576  -34.830470504952   -2.399365305901
              H     49.747756405777  -36.236549128743   -3.806501966529
$End
$Single_Point_Data
   &GeometryIndex 60
   &FinalEnergy [&Type "Double"]      -2.1302481716171999e+02  "Final single point energy"
   &Converged [&Type "Boolean"] true
$End
$Geometry
   &GeometryIndex 61
   &NAtoms [&Type "Integer"] 148
   &NCorelessECP [&Type "Integer"] 0
   &NGhostAtoms [&Type "Integer"] 0
   &CartesianCoordinates [&Type "Coordinates", &Dim(148,4), &Units "Bohr"] 
              C     61.973357806738  -27.324000057277    3.595628049527
              C     63.522754911024  -29.706456481197    3.330577806712
              C     59.131774547920  -27.362689493389    3.488704264995
              C     63.181541124711  -25.084187760051    3.915064116589
              C     61.977674384260  -32.022917341456    2.504267398390
              C     65.840059478982  -29.118786842761    1.692389952083
              C     57.886662893016  -29.887203327763    2.822621853602
              C     65.891639393189  -24.867724622843    3.770607319843
              C     61.821556519685  -22.592232531070    4.178637483781
              C     59.565166767143  -31.386970168405    1.027942944917
              C     67.421265418600  -27.132354833667    3.038248830144
              C     67.092897717703  -22.648105119588    4.231348408288
              C     63.150220500230  -20.847313423191    6.049404000840
              C     65.892644531394  -20.492967886913    5.359449973738
              O     67.037042873202  -18.543848513928    5.882197030419
              H     64.269541767899  -30.143809682823    5.219701789899
              C     60.056831515421  -29.858292740041   -1.378146130843
              C     63.263580930764  -34.030920375757    0.874660927795
              C     61.050716706553  -35.627322757337   -0.107247488551
              C     58.588810207969  -34.050153236255    0.246410545087
              O     57.182032472211  -33.898521957241   -1.990026493453
              H     61.370932506142  -32.947442006483    4.251405517985
              C     56.972353347448  -35.388818793424    2.301457634838
              C     54.543216696084  -34.282975875473    2.707393675552
              N     52.562637026966  -33.492599284288    3.093579937552
              H     58.562410727510  -25.951077215329    2.090611075700
              H     58.369775585099  -26.731285681977    5.303922844582
              H     65.255429439487  -28.426763795234   -0.159208685353
              H     66.974619740484  -30.815328015995    1.429630245174
              H     56.040245810676  -29.526466429700    1.981113991927
              H     57.602764534553  -30.967407888248    4.553915217604
              H     59.868886434500  -22.847202743680    4.770998206933
              H     61.821117188660  -21.664926513411    2.327650352624
              H     69.031992588347  -26.547486523388    1.892042377658
              H     68.200037988618  -27.946697196905    4.776553680636
              H     69.077317288266  -22.454070642244    3.822215912030
              H     63.098612605415  -21.649057647660    7.958084352078
              H     62.224602759681  -19.008197578180    6.121458070601
              H     58.260937280108  -29.410894062004   -2.267364140975
              H     61.158504051891  -30.950652772231   -2.720023202260
              H     61.045513440387  -28.109540968474   -0.964734480695
              H     64.264350076180  -33.170575878235   -0.703470712405
              H     64.602435856181  -35.161338212949    1.955132756210
              H     60.913596520467  -37.402694273398    0.926622169981
              H     61.269070901587  -36.087552292485   -2.103050661407
              H     56.781233843743  -35.654082492529   -2.488614842698
              H     56.647181066810  -37.329212993784    1.656523565550
              H     57.977274113977  -35.426413618967    4.105551436621
              C     57.441122467263  -43.859730246744   -2.536170508168
              S     55.660933395658  -42.165738308858   -0.086619836337
              C     55.813363193936  -44.820589662785    2.176282916780
              O     52.977647821504  -42.224743764283   -0.912922314940
              H     56.450985732247  -45.582287083926   -3.036980972688
              H     57.586051510689  -42.613148509037   -4.153594422386
              H     59.304486613332  -44.274364989931   -1.793767262886
              H     57.767787917611  -45.090649101181    2.727047591966
              H     54.681496785124  -44.323057463726    3.817659071803
              H     55.059181758395  -46.519998864230    1.319669285875
              C     58.647771787522  -33.968086797370   12.653301495842
              S     57.988722033359  -32.816537118330    9.464017915015
              C     54.647554486817  -33.762098103173    9.472863441762
              O     59.258439882578  -34.601670256585    7.719587915387
              H     57.518891117923  -32.870905972854   13.964395474559
              H     58.176252147088  -35.958460563320   12.760870370338
              H     60.642309618352  -33.659945408938   13.026931962337
              H     53.848508763195  -33.396229715157    7.619677404596
              H     54.537828925273  -35.762029822444    9.921333444994
              H     53.683228108385  -32.635703857436   10.886356458901
              C     74.023321948066  -23.858098009753    5.430137917156
              S     71.489618133446  -24.818035080053    7.625286258476
              C     71.479595300019  -21.851780848911    9.448905697748
              O     72.606784103814  -26.740742290489    9.287675955049
              H     73.407165644433  -22.199359575253    4.396467620057
              H     75.737311972590  -23.488486611478    6.489579877440
              H     74.335569190537  -25.422692518631    4.139442255073
              H     70.560813259103  -20.412319461864    8.320204076364
              H     70.409756471355  -22.202636313095   11.162728211012
              H     73.393979807490  -21.311276819869    9.929675961322
              C     69.533893837075  -14.423937463144    3.417423129851
              S     71.379604903152  -17.238802145582    4.227969616297
              C     74.464880718854  -15.564795530922    3.973781202625
              O     71.352700180350  -18.876910647589    1.969169491443
              H     67.576816402887  -15.004206061548    3.260260021505
              H     69.742723389839  -13.076338128775    4.945356361772
              H     70.200556626476  -13.636653901785    1.647059352389
              H     74.542433724202  -14.097252861089    5.399213725888
              H     75.955005472058  -16.932886545540    4.308368304879
              H     74.680885994851  -14.771747345752    2.098006211767
              C     58.865366950601  -40.513528661050    7.845319906989
              S     57.686277855023  -40.810882668434   11.085077064448
              C     56.868806324737  -44.171924799794   10.872670662485
              O     55.230733898624  -39.458898004953   11.117136173758
              H     60.612646994967  -41.573951529054    7.707120840304
              H     57.448418096714  -41.220242581132    6.551358201934
              H     59.227327968117  -38.517510039315    7.510228760558
              H     58.550779735486  -45.232642381471   10.389203381895
              H     56.159823517959  -44.765028193852   12.703806000241
              H     55.401825761818  -44.365061102726    9.448854209343
              C     66.241119772205  -27.206131732471   10.404902382280
              S     63.538928975757  -29.410867494790   10.322331898295
              C     61.146133342724  -26.871856713940   10.551949275169
              O     63.523025544822  -30.674465139429   12.786704770090
              H     66.230400967137  -26.215962224571   12.198274493439
              H     67.983107510116  -28.273658161935   10.231399047241
              H     66.065194728138  -25.896425798023    8.838951476369
              H     59.317091500834  -27.754566723927   10.827519131593
              H     61.575544615616  -25.652868658892   12.141652531437
              H     61.169392331544  -25.832868812772    8.789887593216
              C     47.278437443928  -42.044700447405   -2.752484114969
              S     48.016880000817  -42.125146421519   -6.142316261997
              C     50.543599230198  -44.490358006423   -5.853804123454
              O     49.297894217847  -39.714241846819   -6.711287656245
              H     49.025573610427  -41.840458806228   -1.698820067126
              H     46.038054118148  -40.450312621134   -2.406116429960
              H     46.329635015755  -43.794793888716   -2.272492416317
              H     49.663279117048  -46.333281123964   -5.688620741720
              H     51.688902199834  -44.400890904510   -7.550426537038
              H     51.664772886447  -44.054321033101   -4.193270382901
              C     67.575189100744  -16.806048694719   -2.567820565402
              S     66.609469940052  -19.284801777618   -0.302954731852
              C     68.217492681073  -21.835489071160   -2.029375540232
              O     63.891180899511  -19.675026650445   -0.766946502131
              H     69.618633294704  -16.705077639121   -2.523039299293
              H     66.893196156506  -17.278482050256   -4.440026805703
              H     66.750165030958  -15.031347984710   -1.956532442392
              H     67.776081804525  -21.728293213055   -4.026624934717
              H     70.219969888508  -21.603533995230   -1.681510944856
              H     67.557066519607  -23.614523324289   -1.260793096671
              C     49.911906717450  -39.464554064564    9.342138140699
              S     52.418425002628  -39.936492889126    6.990147774633
              C     50.338504013645  -39.396228575411    4.249908577843
              O     52.889013207122  -42.696095392493    6.922155932618
              H     49.087934285588  -37.615894175767    9.031123109324
              H     48.516305834560  -40.951956046171    9.143327938798
              H     50.787082889126  -39.552255404252   11.192069742395
              H     48.547182849225  -40.357217188611    4.508599907325
              H     50.070546628799  -37.376248848727    4.039516374582
              H     51.287610220553  -40.163215603038    2.600432868438
              C     53.885546077847  -36.688118538855   -7.155863954776
              S     53.389235923054  -38.775942868216   -4.448297427130
              C     51.436412491892  -36.558707454152   -2.691299622163
              O     55.919991861795  -38.624385002922   -3.138181216614
              H     54.615417354047  -34.892141659915   -6.498287951763
              H     55.243177172124  -37.588117932617   -8.399967894602
              H     52.087070697748  -36.486439186398   -8.105392956403
              H     50.975960812865  -37.414580021799   -0.891075351278
              H     52.490376719323  -34.827159409266   -2.393188182192
              H     49.744144147878  -36.232748307175   -3.789592070243
$End
$Single_Point_Data
   &GeometryIndex 61
   &FinalEnergy [&Type "Double"]      -2.1302486883928000e+02  "Final single point energy"
   &Converged [&Type "Boolean"] true
$End
$Geometry
   &GeometryIndex 62
   &NAtoms [&Type "Integer"] 148
   &NCorelessECP [&Type "Integer"] 0
   &NGhostAtoms [&Type "Integer"] 0
   &CartesianCoordinates [&Type "Coordinates", &Dim(148,4), &Units "Bohr"] 
              C     61.972104301895  -27.322721777505    3.598672449051
              C     63.517803665849  -29.708321790845    3.336110490262
              C     59.130651400925  -27.356844737249    3.486708207139
              C     63.182122561412  -25.083725125747    3.915106046017
              C     61.969214921552  -32.021953158724    2.505899161679
              C     65.838791625322  -29.125146449120    1.702171473252
              C     57.881509503228  -29.879743219237    2.821590456817
              C     65.892403349261  -24.871562492392    3.774042393489
              C     61.826730026979  -22.588746482624    4.171563745745
              C     59.557966182171  -31.381928877583    1.028661523033
              C     67.420398014174  -27.138880068992    3.048278320660
              C     67.098473646571  -22.653573714470    4.233496657767
              C     63.154589297186  -20.842060917612    6.040406967701
              C     65.898410809181  -20.493943384958    5.354166549961
              O     67.046140181472  -18.545250532577    5.872336499445
              H     64.258839039835  -30.150862717396    5.226331490592
              C     60.054537009767  -29.855974169685   -1.378998225955
              C     63.254793267157  -34.029655606559    0.876030631763
              C     61.039980471924  -35.623053281221   -0.106829142089
              C     58.580013914413  -34.044456843840    0.245968359087
              O     57.172477510851  -33.891991517673   -1.990281194937
              H     61.360631063739  -32.947685171901    4.251326131889
              C     56.960642428154  -35.379511723409    2.300370830733
              C     54.531775665311  -34.271414349182    2.703722021814
              N     52.552439833710  -33.476466868725    3.088893355462
              H     58.565699044958  -25.946665769339    2.085625692945
              H     58.366204542513  -26.721613760936    5.299720788110
              H     65.257538084705  -28.435792478006   -0.151496109486
              H     66.969520322583  -30.824504318284    1.442650572883
              H     56.035274405822  -29.515969552055    1.981225446028
              H     57.596482355723  -30.958782492034    4.553549003651
              H     59.872215031463  -22.839198467968    4.760810009705
              H     61.830232471679  -21.665484405994    2.318390455909
              H     69.035009489043  -26.562463524106    1.903931988911
              H     68.192451184079  -27.952932180412    4.790047850291
              H     69.084150844466  -22.462417724415    3.828095065895
              H     63.100240778203  -21.638999175426    7.950785813096
              H     62.231758072802  -19.001221341335    6.105211463272
              H     58.259093437993  -29.402928403579   -2.267351711201
              H     61.151497462062  -30.951378686299   -2.721705475335
              H     61.048104074854  -28.109859448450   -0.967263064114
              H     64.257000605609  -33.170360097532   -0.701522130251
              H     64.592282131706  -35.163544886788    1.954662883802
              H     60.900169870967  -37.399172087212    0.925020702625
              H     61.258512096203  -36.082206595083   -2.103394409451
              H     56.771301357775  -35.647055706990   -2.489344494928
              H     56.633646781180  -37.320665399955    1.657743845371
              H     57.962590821449  -35.414433601281    4.105891087650
              C     57.447944188688  -43.854868961119   -2.547203687560
              S     55.666836856923  -42.166971572517   -0.093366364481
              C     55.825019925583  -44.826596295267    2.164506069562
              O     52.982869111922  -42.228141133417   -0.918249001300
              H     56.458286767417  -45.576221178798   -3.052838091207
              H     57.593550660144  -42.604068039244   -4.160635110540
              H     59.310725853866  -44.271051944137   -1.805057024277
              H     57.779808511983  -45.095265957298    2.712843450320
              H     54.693687573524  -44.333375860821    3.806742651244
              H     55.072808106632  -46.525935251511    1.305864412833
              C     58.634330108885  -33.962129395476   12.654572302435
              S     57.966016306514  -32.809329820005    9.467015896391
              C     54.630025474878  -33.773623010638    9.476559198194
              O     59.242624860704  -34.583437619694    7.715844856454
              H     57.503050464990  -32.870193439018   13.967856585105
              H     58.171219654718  -35.954123389861   12.760016927560
              H     60.627699233145  -33.642613985605   13.026422858672
              H     53.826972080170  -33.407831124657    7.624936008193
              H     54.532915684882  -35.775835899809    9.918525535148
              H     53.659484298689  -32.656764628438   10.893239115878
              C     74.035117558555  -23.840981913011    5.474633195307
              S     71.487642996284  -24.811729694538    7.649929232942
              C     71.452651868344  -21.845479604348    9.471660487338
              O     72.601574392528  -26.728299827605    9.322758792669
              H     73.414429527930  -22.192587758830    4.428296098834
              H     75.735727016265  -23.449857164869    6.547516626047
              H     74.372673333431  -25.408936449872    4.195460018009
              H     70.552414427673  -20.405374527236    8.328145802944
              H     70.359524489812  -22.191640845409   11.171725142038
              H     73.361465705027  -21.306990291585    9.979095682603
              C     69.543802752161  -14.431575865908    3.405065554502
              S     71.387375871214  -17.247167876113    4.215594722957
              C     74.475075179533  -15.576854041200    3.955759675187
              O     71.354267863844  -18.889648720249    1.959813168649
              H     67.586556788388  -15.012138230452    3.251676426884
              H     69.754330062757  -13.083986948507    4.932908194843
              H     70.210155224574  -13.644328677779    1.634505771071
              H     74.552086715768  -14.102148448953    5.374016772115
              H     75.963123391290  -16.944999460585    4.298626538470
              H     74.691786373826  -14.792488633797    2.076719768374
              C     58.892739007097  -40.499974307978    7.816222333173
              S     57.721750722765  -40.820918178933   11.056706256882
              C     56.907005998290  -44.181899693823   10.828966730974
              O     55.263178635793  -39.473707055806   11.103359522973
              H     60.641462835123  -41.556426929429    7.669803142418
              H     57.472998471215  -41.198490536221    6.519604381928
              H     59.250547427773  -38.501167662145    7.493537874296
              H     58.585597764575  -45.241683499817   10.331247149038
              H     56.207460790556  -44.784570270086   12.660540844099
              H     55.432848201384  -44.368179897079    9.411506448206
              C     66.224326043532  -27.197358452833   10.413629474603
              S     63.517740647765  -29.396592492217   10.323757374718
              C     61.129402160270  -26.855476646012   10.552400309182
              O     63.496455710134  -30.657824967675   12.791006393951
              H     66.209369974178  -26.207026921519   12.207160288202
              H     67.963555314242  -28.271014792522   10.248041153975
              H     66.061159678641  -25.887793445468    8.846282774729
              H     59.297628795942  -27.736385130453   10.816810355684
              H     61.553935902697  -25.643533017031   12.148760135276
              H     61.162180200032  -25.809659916889    8.794523024256
              C     47.276370373765  -42.030280149927   -2.732980723204
              S     48.003074691488  -42.123965392928   -6.125187779066
              C     50.517361620572  -44.501907928677   -5.838196514544
              O     49.294892504677  -39.721083232186   -6.704070241009
              H     49.028954380608  -41.835939128785   -1.685995862778
              H     46.047734960871  -40.426672849081   -2.384942720834
              H     46.316941891761  -43.773243546634   -2.246770048663
              H     49.627864776510  -46.338419511049   -5.651665577406
              H     51.649492757018  -44.431902901539   -7.544476990705
              H     51.654377595180  -44.060396319619   -4.189248742180
              C     67.589045971573  -16.830296921741   -2.578597510653
              S     66.617232081310  -19.302354060833   -0.310130896776
              C     68.223644571734  -21.857445197481   -2.029425139903
              O     63.899156190928  -19.693403235854   -0.776279760923
              H     69.632074544450  -16.731948321406   -2.528814223873
              H     66.909627411385  -17.303138148184   -4.451950590268
              H     66.764731326411  -15.052071253604   -1.975800348859
              H     67.790932841094  -21.749119220806   -4.028547928464
              H     70.226277871163  -21.630235883446   -1.676624978202
              H     67.554054833876  -23.634114534822   -1.263631738527
              C     49.943517905964  -39.472002685368    9.347116745331
              S     52.437189709448  -39.945324963760    6.982419025404
              C     50.343653516346  -39.400296395901    4.252947506068
              O     52.905457743896  -42.704819922069    6.909225396435
              H     49.122212157981  -37.621137265079    9.040792574713
              H     48.544267939092  -40.956612435530    9.155184357128
              H     50.830168798406  -39.559710341301   11.191641709906
              H     48.554127101946  -40.361971062604    4.518689910049
              H     50.073810920616  -37.379619925634    4.048123843521
              H     51.286685176731  -40.164293654413    2.598573000583
              C     53.873998962683  -36.685019824295   -7.149908228378
              S     53.381505914465  -38.774346270991   -4.444351774403
              C     51.430665041493  -36.556999389418   -2.683893066479
              O     55.913841492935  -38.620165918521   -3.137753834883
              H     54.595048079851  -34.885323376854   -6.491641664920
              H     55.238559281968  -37.577555236754   -8.392460285986
              H     52.075470855252  -36.490707477438   -8.100372959654
              H     50.974029075400  -37.412348917951   -0.881716349101
              H     52.482858358423  -34.823872836469   -2.386893613315
              H     49.735739756957  -36.232975789718   -3.778937173599
$End
$Single_Point_Data
   &GeometryIndex 62
   &FinalEnergy [&Type "Double"]      -2.1302492490709000e+02  "Final single point energy"
   &Converged [&Type "Boolean"] true
$End
$Geometry
   &GeometryIndex 63
   &NAtoms [&Type "Integer"] 148
   &NCorelessECP [&Type "Integer"] 0
   &NGhostAtoms [&Type "Integer"] 0
   &CartesianCoordinates [&Type "Coordinates", &Dim(148,4), &Units "Bohr"] 
              C     61.970746026496  -27.322942413922    3.602534200327
              C     63.512586238074  -29.712070997037    3.343332628514
              C     59.129314301782  -27.352576867534    3.488462317326
              C     63.183320381702  -25.084611487958    3.914292768094
              C     61.959603668837  -32.022351488127    2.508940946041
              C     65.837888599816  -29.133376590717    1.714135454249
              C     57.875621593699  -29.874811368268    2.826450623012
              C     65.893413378888  -24.876442966758    3.777576184767
              C     61.831852161644  -22.586733478910    4.161125617004
              C     59.548894391332  -31.378642670409    1.032798360980
              C     67.420291972727  -27.146921986774    3.060240737566
              C     67.102942654048  -22.659095951557    4.234889605321
              C     63.157449853550  -20.835980244682    6.027693981987
              C     65.902928370504  -20.494285700725    5.346203265225
              O     67.054453220700  -18.545857493820    5.859578232485
              H     64.247234177267  -30.159115455102    5.234984447132
              C     60.049021643381  -29.852270073665   -1.374402520393
              C     63.243966187568  -34.029060273607    0.876655917450
              C     61.026438357445  -35.619946962758   -0.105195732157
              C     58.568433005264  -34.039969283135    0.246847738616
              O     57.163018956574  -33.883351520611   -1.991006113644
              H     61.349951911635  -32.951024378361    4.252591991028
              C     56.945344617160  -35.373905938862    2.298556005578
              C     54.517136345488  -34.262865923826    2.699322902406
              N     52.540737530643  -33.461311427458    3.084124244603
              H     58.565966385591  -25.944288706772    2.085452071547
              H     58.365323983033  -26.713248125915    5.300440539371
              H     65.261601708108  -28.445878100607   -0.141637995643
              H     66.965311501244  -30.835587390794    1.459086667734
              H     56.028587790212  -29.508238512683    1.989280238552
              H     57.591670593966  -30.952768327454    4.559359632068
              H     59.875020607338  -22.831404647286    4.746395587537
              H     61.842828208013  -21.669641387753    2.304778908218
              H     69.037796319724  -26.578313889418    1.915235669740
              H     68.186145293739  -27.961897614529    4.804221627987
              H     69.088950318662  -22.469960985861    3.832281724834
              H     63.098109575814  -21.625526764617    7.941047083080
              H     62.235433798406  -18.994004534762    6.082603172658
              H     58.254173946224  -29.394293882949   -2.261747697010
              H     61.143372722951  -30.947786977768   -2.719153160249
              H     61.045224100200  -28.107736657466   -0.961718572727
              H     64.246382835946  -33.170909741026   -0.701090512714
              H     64.580920153962  -35.165768414494    1.953212980449
              H     60.884463597220  -37.396880660983    0.923801271662
              H     61.245340289363  -36.076452976153   -2.102300901775
              H     56.758629338410  -35.637742896027   -2.490155823883
              H     56.616299073787  -37.315196787032    1.655578045535
              H     57.943234006193  -35.408036693826    4.106200066491
              C     57.453982630126  -43.847730085236   -2.560537318340
              S     55.673582749483  -42.166596112889   -0.100878937268
              C     55.838062787908  -44.830904037806    2.151089355852
              O     52.988644899403  -42.231125519185   -0.923154666540
              H     56.463977757095  -45.567760241017   -3.069709014804
              H     57.601011626955  -42.593352821218   -4.170744916896
              H     59.316649643751  -44.266577640208   -1.819021816539
              H     57.793810293764  -45.099672211186    2.697399200412
              H     54.707002264569  -44.342151404712    3.795382833669
              H     55.085693588587  -46.528495287206    1.288689908401
              C     58.621255695681  -33.957648734201   12.656775605618
              S     57.942097402791  -32.803127525735    9.471445257660
              C     54.611572994148  -33.787791283182    9.481969526942
              O     59.226259658528  -34.564553068389    7.712987993125
              H     57.486154493962  -32.871375109762   13.971200077916
              H     58.167651353393  -35.951467467457   12.760170825322
              H     60.613102155661  -33.625878955885   13.026558417411
              H     53.805732428594  -33.422562974234    7.631622934387
              H     54.527452392205  -35.792402127039    9.915089769399
              H     53.634086831758  -32.681815224449   10.902043584979
              C     74.047131638502  -23.816575700312    5.526567039980
              S     71.481768613290  -24.801438966473    7.674494742070
              C     71.413217879355  -21.836821020103    9.499359123168
              O     72.588359137195  -26.713548988521    9.357339567876
              H     73.421813360524  -22.180188427868    4.465457155534
              H     75.729522329541  -23.399126259403    6.618417672806
              H     74.419531330380  -25.386850845097    4.260297332423
              H     70.544147999884  -20.392203410111    8.336911109651
              H     70.281914956891  -22.177591427110   11.175195240142
              H     73.312239026976  -21.305051516826   10.050058160026
              C     69.556162787730  -14.440556648657    3.390984270913
              S     71.397259968662  -17.256699142360    4.202972750174
              C     74.488078910280  -15.592580926018    3.938482169533
              O     71.356598831352  -18.903192690029    1.950370662227
              H     67.598859087789  -15.021772137068    3.241814177858
              H     69.768224382391  -13.092930578396    4.918559540667
              H     70.223082790395  -13.654937139419    1.620411077836
              H     74.563572162912  -14.111836563272    5.350664394957
              H     75.972766897011  -16.961873095823    4.289089188322
              H     74.706339638084  -14.816299220041    2.056530322347
              C     58.921855642465  -40.486067272875    7.777560172120
              S     57.764997539120  -40.831305663576   11.020323521935
              C     56.951777074669  -44.191044469910   10.777450979738
              O     55.304063825850  -39.489656941820   11.086179316982
              H     60.673423371218  -41.535299363987    7.620137196096
              H     57.498049379986  -41.181823970811    6.483553899369
              H     59.267884745832  -38.483832305046    7.463337716018
              H     58.626324021135  -45.249781871698   10.261832618393
              H     56.263463286629  -44.806662476626   12.608380459872
              H     55.468990907984  -44.369060168452    9.367185597905
              C     66.206429915356  -27.185275895924   10.422323098203
              S     63.495922296569  -29.379023516464   10.323399566102
              C     61.111779201313  -26.836352535378   10.551608299713
              O     63.469790029404  -30.640171109561   12.792894783514
              H     66.185206404645  -26.195322246041   12.216437690359
              H     67.942544796612  -28.266209665793   10.269199991792
              H     66.058058615623  -25.876994960745    8.853089480251
              H     59.277418643734  -27.715838719521   10.802375657213
              H     61.530970647867  -25.632964279126   12.155744582413
              H     61.155935973174  -25.782429475891    8.799080632441
              C     47.273857564708  -42.012977901873   -2.705889349197
              S     47.984211486187  -42.124283981319   -6.101365536781
              C     50.485035961166  -44.515378745001   -5.815029929859
              O     49.285876716604  -39.729802972311   -6.694254545990
              H     49.032640573224  -41.830044697137   -1.667633047043
              H     46.057692206842  -40.399977029495   -2.355172598543
              H     46.303611010935  -43.747978790987   -2.210795033907
              H     49.585414130775  -46.344231731627   -5.601729427173
              H     51.601754219380  -44.469893655768   -7.532328985950
              H     51.641579529005  -44.066834415049   -4.181138547874
              C     67.608821825443  -16.854466568438   -2.588968616887
              S     66.629921005377  -19.322398087990   -0.321628159717
              C     68.236792793582  -21.882084740040   -2.034617990374
              O     63.912735427829  -19.713733209616   -0.794887497622
              H     69.651524559361  -16.758781762682   -2.534540879890
              H     66.931778606319  -17.326947444337   -4.463660674120
              H     66.785253861507  -15.073339128130   -1.993290607142
              H     67.817401745300  -21.770770027769   -4.036367538352
              H     70.238252058158  -21.663670126691   -1.671852448600
              H     67.553693286855  -23.656629067493   -1.274869735002
              C     49.984412999739  -39.475987266145    9.352668924024
              S     52.460739774492  -39.952244042826    6.972162214109
              C     50.349765593967  -39.404196543921    4.256266026144
              O     52.925528473299  -42.712069643075    6.893294183709
              H     49.166071271839  -37.622129299825    9.053795421593
              H     48.580027010191  -40.956712530765    9.168312685536
              H     50.885061243559  -39.566775700342   11.190266194137
              H     48.561982515817  -40.365319629495    4.533992047325
              H     50.079653081391  -37.383721731303    4.053867462250
              H     51.283288272357  -40.168075739041    2.596817621764
              C     53.864498346051  -36.684545413698   -7.146016935805
              S     53.373688776087  -38.772510234867   -4.440387691772
              C     51.421543567084  -36.552895153703   -2.682958496140
              O     55.907076118824  -38.613386945416   -3.136043904928
              H     54.582005837703  -34.883493142785   -6.488168160132
              H     55.231920397325  -37.573277313978   -8.387335260706
              H     52.065823417994  -36.491955986890   -8.096491631762
              H     50.963467584736  -37.405995584659   -0.879815462896
              H     52.473119665577  -34.819853519859   -2.386191896132
              H     49.725907583958  -36.230807243234   -3.778518690614
$End
$Single_Point_Data
   &GeometryIndex 63
   &FinalEnergy [&Type "Double"]      -2.1302498399494999e+02  "Final single point energy"
   &Converged [&Type "Boolean"] true
$End
$Geometry
   &GeometryIndex 64
   &NAtoms [&Type "Integer"] 148
   &NCorelessECP [&Type "Integer"] 0
   &NGhostAtoms [&Type "Integer"] 0
   &CartesianCoordinates [&Type "Coordinates", &Dim(148,4), &Units "Bohr"] 
              C     61.968433872144  -27.325111616433    3.604865325997
              C     63.505561714300  -29.717908807316    3.351042339446
              C     59.127169350995  -27.349246937893    3.490529866698
              C     63.184900239911  -25.087868002996    3.911045393204
              C     61.948862093543  -32.024283439416    2.512163274669
              C     65.835335513149  -29.145195673858    1.726771767529
              C     57.868860556168  -29.869703723649    2.830059474233
              C     65.895077903827  -24.884066409693    3.779793769705
              C     61.837103053415  -22.586467353133    4.146780775929
              C     59.540163646774  -31.375828612151    1.036257520346
              C     67.419164689228  -27.160020431801    3.073476601638
              C     67.106819749984  -22.666617532798    4.232819843229
              C     63.160584173617  -20.830565130805    6.010477594484
              C     65.908193243342  -20.496328338615    5.334575351859
              O     67.062544773087  -18.548553731630    5.845246192240
              H     64.233210622215  -30.167764258303    5.244879739844
              C     60.045576104258  -29.848153103003   -1.368991835388
              C     63.231462073293  -34.030126411806    0.877137658624
              C     61.011475885581  -35.617266300005   -0.106669734965
              C     58.555416474153  -34.034578188105    0.247782934482
              O     57.151236629774  -33.871308917058   -1.990135695202
              H     61.338454176823  -32.955396881037    4.254578493936
              C     56.930074960547  -35.366841505957    2.297992238567
              C     54.502495508925  -34.252659631048    2.696360507447
              N     52.527747721437  -33.446114098514    3.079723899697
              H     58.564924389334  -25.941387596019    2.087085333613
              H     58.366061656637  -26.706766035560    5.302602044772
              H     65.264983325081  -28.457364027405   -0.130790586195
              H     66.959810640561  -30.849982858448    1.476388887026
              H     56.022585013027  -29.499283858696    1.993287853022
              H     57.582825156038  -30.946943040672    4.562789252877
              H     59.878481602499  -22.824437802958    4.727925818468
              H     61.856902978908  -21.676385048293    2.287003039589
              H     69.040491441022  -26.598866387330    1.929693054163
              H     68.177224660805  -27.975102970569    4.820222957362
              H     69.094289671196  -22.481879023786    3.835515233875
              H     63.093891256916  -21.611247041714    7.927109768412
              H     62.239472266981  -18.987693986919    6.054857687968
              H     58.252259305431  -29.379857534952   -2.254453961198
              H     61.132647994509  -30.947376162998   -2.716074256943
              H     61.050666811931  -28.109572272345   -0.955420881761
              H     64.235609075114  -33.172070250624   -0.699145394059
              H     64.566502302542  -35.169634807484    1.953376048844
              H     60.867522443893  -37.396988985212    0.917024530816
              H     61.231256452787  -36.067639412268   -2.105178099523
              H     56.741778193397  -35.624667734916   -2.488954372623
              H     56.599312553420  -37.307645824633    1.654600465865
              H     57.925651009651  -35.400048376932    4.106429661484
              C     57.459453605512  -43.833384512598   -2.573537202869
              S     55.680934951165  -42.161713061366   -0.105751000121
              C     55.853353797335  -44.830164828052    2.140245222823
              O     52.994875708588  -42.232393251602   -0.924089914561
              H     56.471291302741  -45.554613308460   -3.083632913729
              H     57.602141614025  -42.576628215917   -4.181047042168
              H     59.324257510003  -44.250496187617   -1.837158221587
              H     57.809740761419  -45.100719998943    2.682976913239
              H     54.725586083202  -44.345534315510    3.787943385688
              H     55.098167859526  -46.524901181436    1.274592976904
              C     58.608103863471  -33.952722448878   12.656560682381
              S     57.919111465488  -32.795063441178    9.474462790749
              C     54.595019887002  -33.802625418807    9.483419017268
              O     59.213383454728  -34.542082615297    7.709100628345
              H     57.468118513763  -32.873433397530   13.972532863164
              H     58.164233791134  -35.948948936609   12.758089810843
              H     60.598371526914  -33.610406319374   13.024605518726
              H     53.788015640947  -33.439603224808    7.633166425578
              H     54.525798177128  -35.809641851818    9.908977076667
              H     53.609085271330  -32.708039192080   10.906070148847
              C     74.053317324080  -23.792648880797    5.585115287403
              S     71.470110761080  -24.794169460124    7.702592615052
              C     71.369460643982  -21.830359275437    9.527224518665
              O     72.566631415182  -26.702801480162    9.395764554772
              H     73.422508040909  -22.170862275712    4.505479804824
              H     75.714177068703  -23.345328275043    6.697867408011
              H     74.464441560206  -25.365222970050    4.334692588700
              H     70.524038583463  -20.384584203967    8.348837516898
              H     70.208014367469  -22.169428732135   11.182706401745
              H     73.259138526814  -21.299780670986   10.112192884027
              C     69.571104339012  -14.449516121392    3.375065286052
              S     71.407966321589  -17.267297309664    4.191421387482
              C     74.502894515712  -15.612335635247    3.921447892107
              O     71.360171728826  -18.918403409018    1.942656687914
              H     67.613434804893  -15.030192811910    3.226845265309
              H     69.783396011525  -13.101640491666    4.902384643673
              H     70.240052671405  -13.666781527955    1.604537661140
              H     74.580470892299  -14.129489022731    5.331325518630
              H     75.983823533174  -16.985185089209    4.273896149740
              H     74.721919345690  -14.839867528334    2.037912720768
              C     58.954587416077  -40.470779034459    7.736373297913
              S     57.810989274210  -40.838574387357   10.981742924431
              C     57.001779863341  -44.197458312605   10.726490539572
              O     55.347364847350  -39.503890181293   11.065938389423
              H     60.705907430780  -41.517706590274    7.565271245977
              H     57.526621018427  -41.158930263335    6.442437439657
              H     59.295265654443  -38.465837116264    7.435495757437
              H     58.673466826917  -45.252185386288   10.192024513751
              H     56.325643684085  -44.827330100325   12.557045384345
              H     55.509917634496  -44.368989126092    9.324517677034
              C     66.190539150117  -27.171171485422   10.430197376475
              S     63.476064236450  -29.358804037419   10.323692224509
              C     61.094643873939  -26.814369816105   10.549916731418
              O     63.444607244738  -30.621875381697   12.793486241289
              H     66.165508459690  -26.180897158556   12.224188849698
              H     67.923183580174  -28.259398277265   10.288822717506
              H     66.055989170739  -25.864793889551    8.858453245585
              H     59.257996070987  -27.693551402684   10.785700272010
              H     61.507301256988  -25.619654995804   12.162155872875
              H     61.150775418756  -25.752264536459    8.802816318475
              C     47.272303088861  -42.004350624938   -2.678509727643
              S     47.969638813298  -42.126214556997   -6.076614605372
              C     50.462190596880  -44.525260557816   -5.791205728394
              O     49.275782780414  -39.736939069288   -6.681557556982
              H     49.034811757189  -41.829086949636   -1.646053453816
              H     46.063342042447  -40.386575768200   -2.324613422880
              H     46.296071377029  -43.734830109474   -2.177399865175
              H     49.555712852182  -46.347665921664   -5.552742101588
              H     51.564838872585  -44.501668530255   -7.518177544711
              H     51.635662353505  -44.068322210189   -4.171799224482
              C     67.629242096328  -16.880824821420   -2.599235999378
              S     66.641331732271  -19.342122867605   -0.330563800859
              C     68.246999761479  -21.909130684968   -2.034961871983
              O     63.924416312339  -19.731979008748   -0.810671481997
              H     69.672246223949  -16.788796391761   -2.540632145592
              H     66.954507420459  -17.356576709668   -4.474033894665
              H     66.807920569261  -15.096040847641   -2.010646485815
              H     67.839016712700  -21.797601742226   -4.038970282637
              H     70.247530954211  -21.699392201278   -1.662246600842
              H     67.550253504794  -23.679685402411   -1.278782036988
              C     50.026042171656  -39.477401908479    9.356250480811
              S     52.484553016144  -39.958664941952    6.960149803095
              C     50.356943327219  -39.408715623208    4.256628503822
              O     52.945172958370  -42.718822606830    6.877958348806
              H     49.211451048461  -37.620853453857    9.064692615500
              H     48.615593566682  -40.953116010349    9.179483014395
              H     50.939403932943  -39.572349236027   11.187408337270
              H     48.572079324889  -40.371373333050    4.545413184054
              H     50.085322126325  -37.387576867740    4.058660531646
              H     51.282208854368  -40.170555238756    2.591613980887
              C     53.848340065442  -36.680139237352   -7.140702760872
              S     53.361732199584  -38.767884675691   -4.434452977410
              C     51.405647638091  -36.549358949689   -2.678136089815
              O     55.894861776070  -38.601884569077   -3.131585901953
              H     54.562034177950  -34.877329623179   -6.482586131567
              H     55.218164840905  -37.565722039538   -8.381737192640
              H     52.049918149936  -36.490038521839   -8.092040192746
              H     50.945975783979  -37.402449147970   -0.874979291440
              H     52.455371640936  -34.815854629512   -2.381238889667
              H     49.710086783132  -36.229999786777   -3.774252396653
$End
$Single_Point_Data
   &GeometryIndex 64
   &FinalEnergy [&Type "Double"]      -2.1302503324512000e+02  "Final single point energy"
   &Converged [&Type "Boolean"] true
$End
$Geometry
   &GeometryIndex 65
   &NAtoms [&Type "Integer"] 148
   &NCorelessECP [&Type "Integer"] 0
   &NGhostAtoms [&Type "Integer"] 0
   &CartesianCoordinates [&Type "Coordinates", &Dim(148,4), &Units "Bohr"] 
              C     61.965498170203  -27.327486656049    3.605058272351
              C     63.498290184206  -29.723401233602    3.356113497311
              C     59.124064168759  -27.347294502642    3.493367299254
              C     63.186193463849  -25.091524876520    3.906426519768
              C     61.939294774518  -32.026535006794    2.513215063538
              C     65.832455705646  -29.156598798605    1.736336752429
              C     57.862527570254  -29.866829673396    2.834882979643
              C     65.896912842857  -24.891581338703    3.780270655964
              C     61.840285151420  -22.588133206520    4.131783025794
              C     59.531589611771  -31.374210777561    1.038727383852
              C     67.418173168026  -27.173212346172    3.084102361026
              C     67.108976012725  -22.673567166944    4.228618281089
              C     63.162234774261  -20.826570910188    5.992562383495
              C     65.911813799158  -20.498374202485    5.321720115544
              O     67.067200013783  -18.550545962320    5.830671150641
              H     64.220346884234  -30.174627274868    5.251839475247
              C     60.038890291976  -29.843507071382   -1.363795130293
              C     63.219098405605  -34.031465995618    0.874378092385
              C     60.997068280425  -35.615637310503   -0.110065849293
              C     58.542429238156  -34.030440494883    0.247710184282
              O     57.139879402058  -33.861430857026   -1.990692578252
              H     61.329299167957  -32.961747454460    4.253899978227
              C     56.916201216893  -35.364082916232    2.296624446185
              C     54.489253660741  -34.247860615220    2.693927578916
              N     52.516889143413  -33.435631859360    3.076221989553
              H     58.561157406633  -25.939730306251    2.090018550915
              H     58.367430670767  -26.702627144641    5.306472960642
              H     65.267912866322  -28.467301351384   -0.122567574546
              H     66.955177128445  -30.863265282659    1.490145395497
              H     56.016305815934  -29.494053130431    1.999029434822
              H     57.576249567100  -30.943988979190    4.567314119801
              H     59.880027103517  -22.820099043043    4.709765242472
              H     61.867889190221  -21.684764061100    2.268837021977
              H     69.042177984488  -26.616804396288    1.940603562947
              H     68.169923436107  -27.988451560905    4.833067837600
              H     69.097872183044  -22.493359837212    3.836634559464
              H     63.088088547119  -21.598658012695    7.912595401757
              H     62.241828516924  -18.982856238985    6.027796136406
              H     58.246638875141  -29.366550686587   -2.246418145626
              H     61.119939866281  -30.945106306854   -2.713992371631
              H     61.051951259789  -28.110020625511   -0.948450094654
              H     64.223509240192  -33.172337831303   -0.701152588478
              H     64.553273246018  -35.172418786570    1.950298177586
              H     60.852298978290  -37.397103274458    0.910060628069
              H     61.216684465218  -36.061095915967   -2.108916610059
              H     56.724939082507  -35.613952324281   -2.488777655968
              H     56.585275301008  -37.303725045183    1.650671236855
              H     57.910782369500  -35.398017128422    4.105540706571
              C     57.463497553845  -43.820456695907   -2.584140133324
              S     55.687010456724  -42.157737188654   -0.109629754150
              C     55.868394570716  -44.829168536458    2.130988324365
              O     52.999579041943  -42.234908888930   -0.923082829316
              H     56.477046428053  -45.543023755497   -3.093594117125
              H     57.600991022495  -42.562361444741   -4.190936494067
              H     59.331127909563  -44.235687040710   -1.853170415998
              H     57.826260207086  -45.099858882861    2.670485463601
              H     54.742826346258  -44.349224443906    3.782330778623
              H     55.111533273291  -46.521397619528    1.261762105587
              C     58.596634682209  -33.949944935223   12.655239602578
              S     57.899711828652  -32.789399429985    9.476532570499
              C     54.580418709139  -33.813458431272    9.484107938654
              O     59.202124631455  -34.525345392272    7.706874545224
              H     57.451077822373  -32.877161566602   13.971891044213
              H     58.162103753639  -35.948327350967   12.756314646645
              H     60.585433594722  -33.598841426214   13.021556776022
              H     53.773306771843  -33.449550175964    7.634301806286
              H     54.521805080578  -35.822198085193    9.902263857331
              H     53.589258238846  -32.728815374107   10.910421802100
              C     74.060840159395  -23.767274161411    5.639667136322
              S     71.459387305352  -24.787648681008    7.723216179721
              C     71.325166661169  -21.830830412403    9.558565970799
              O     72.542216919563  -26.698985507413    9.420817742510
              H     73.425275225513  -22.158744872999    4.541994852313
              H     75.698928326227  -23.292811472981    6.774578000825
              H     74.512240495921  -25.339813664650    4.403329037266
              H     70.511379967436  -20.377169793033    8.367959083982
              H     70.124728166230  -22.173500685944   11.185177427595
              H     73.202703774913  -21.309018123786   10.188571870863
              C     69.583760489856  -14.454922418064    3.365589856551
              S     71.416010812198  -17.274758961489    4.187209296442
              C     74.514481213384  -15.628169776033    3.915376415594
              O     71.363926635831  -18.928359440811    1.940889575645
              H     67.625840801110  -15.034232878745    3.216876151904
              H     69.795981464444  -13.106467950368    4.892316971747
              H     70.254803673879  -13.676026696667    1.594584806800
              H     74.594700749160  -14.146620574384    5.326344383595
              H     75.992496248832  -17.004622040632    4.265978845352
              H     74.734728680140  -14.855530267212    2.031738883106
              C     58.981242956351  -40.456224872263    7.695500154608
              S     57.856643996215  -40.841022329210   10.945930935471
              C     57.052412478364  -44.199314851281   10.680295623298
              O     55.390882137328  -39.513300090389   11.048664630775
              H     60.735457710439  -41.495634836076    7.509277422333
              H     57.549896183352  -41.145269171209    6.406280829027
              H     59.310224317891  -38.448858080195    7.401957819891
              H     58.722088560186  -45.247752336634   10.126822388675
              H     56.389770662358  -44.843071829053   12.510588797146
              H     55.550872958151  -44.365600628390    9.287571946869
              C     66.177389865938  -27.154843476780   10.433817260634
              S     63.460734711993  -29.338780632240   10.320062765971
              C     61.079543784956  -26.793643066536   10.544097791129
              O     63.425407148804  -30.605112940944   12.788135170173
              H     66.147499467433  -26.164394600516   12.227611068020
              H     67.907576531283  -28.248831114211   10.304240049033
              H     66.055667195135  -25.851245615262    8.859021161505
              H     59.240939642149  -27.672487517482   10.764439184561
              H     61.484778406578  -25.607412095571   12.164473539457
              H     61.147510854796  -25.723342196250    8.802525368811
              C     47.267373723901  -41.996019618441   -2.648420886395
              S     47.951344611020  -42.129597021112   -6.048629956692
              C     50.436028614194  -44.536161986168   -5.764162533231
              O     49.262153986983  -39.745928355297   -6.666753002918
              H     49.033494062443  -41.827381235032   -1.621626626685
              H     46.065155872622  -40.373752679056   -2.293296003775
              H     46.285937511761  -43.721608646894   -2.140093256330
              H     49.522639998761  -46.351772075374   -5.501203290009
              H     51.524377096185  -44.534407758868   -7.500495984182
              H     51.626824667748  -44.070903196348   -4.160039145161
              C     67.655233210163  -16.900176006507   -2.608335512538
              S     66.658012582410  -19.357749028271   -0.340625628986
              C     68.264243462457  -21.930717549193   -2.037249754111
              O     63.942125443387  -19.744595878538   -0.830677164908
              H     69.698707123332  -16.811483301422   -2.546860154886
              H     66.982525738549  -17.378760542219   -4.483091203655
              H     66.836645254788  -15.113422094446   -2.022476388014
              H     67.868014337661  -21.817286567063   -4.043486727828
              H     70.263605153222  -21.731632516668   -1.652946251056
              H     67.553781095086  -23.698004380330   -1.285811981271
              C     50.065849718425  -39.475058314144    9.361463829336
              S     52.507701894099  -39.963679793779    6.950839909149
              C     50.365736679254  -39.412799642226    4.258989443672
              O     52.962028526904  -42.725269928848    6.868203416304
              H     49.254211693595  -37.616047467615    9.076842004000
              H     48.649453154263  -40.946182379685    9.193035649053
              H     50.991037228551  -39.575484363452   11.186234543337
              H     48.582770806307  -40.375460421020    4.559628442866
              H     50.094256780663  -37.391744373660    4.061930413643
              H     51.281104990956  -40.175543172547    2.589069764970
              C     53.834471368475  -36.682087228099   -7.140158816421
              S     53.349723668627  -38.766290806120   -4.430013713548
              C     51.388176330320  -36.548289277275   -2.678945096124
              O     55.882389382311  -38.592261995525   -3.127244335960
              H     54.547956086404  -34.878713527138   -6.483624035610
              H     55.204086183818  -37.568939994317   -8.379813885693
              H     52.036830375076  -36.492322259221   -8.093286893857
              H     50.926415765261  -37.400105897399   -0.875693540841
              H     52.435852888837  -34.814034140433   -2.382989345710
              H     49.693312955603  -36.232665290243   -3.777432568775
$End
$Single_Point_Data
   &GeometryIndex 65
   &FinalEnergy [&Type "Double"]      -2.1302508080044001e+02  "Final single point energy"
   &Converged [&Type "Boolean"] true
$End
$Geometry
   &GeometryIndex 66
   &NAtoms [&Type "Integer"] 148
   &NCorelessECP [&Type "Integer"] 0
   &NGhostAtoms [&Type "Integer"] 0
   &CartesianCoordinates [&Type "Coordinates", &Dim(148,4), &Units "Bohr"] 
              C     61.962162987420  -27.330564249565    3.606805248794
              C     63.490414351016  -29.729060371051    3.362219748992
              C     59.120805649927  -27.346244635135    3.499129656322
              C     63.187174194380  -25.096292416860    3.904413677182
              C     61.929419293408  -32.029370863501    2.516335948327
              C     65.828441329779  -29.168352667076    1.746024083530
              C     57.855994511575  -29.863358825501    2.839438846216
              C     65.898645367070  -24.900612794189    3.782553787215
              C     61.843989398525  -22.590181299644    4.121899543307
              C     59.523707941158  -31.371766370070    1.041845956900
              C     67.416534239485  -27.187620937931    3.095003365413
              C     67.111477807378  -22.682525827168    4.226549161839
              C     63.165847809929  -20.824571044220    5.979368165077
              C     65.917287451108  -20.502938648308    5.312882813949
              O     67.073361854741  -18.555619616368    5.821641366954
              H     64.208354535332  -30.179846320662    5.259701995908
              C     60.033650114141  -29.838409341345   -1.357938108542
              C     63.205831800205  -34.034675342971    0.874712142627
              C     60.981781684069  -35.613547407698   -0.113769520386
              C     58.529292143589  -34.024592186903    0.248757367545
              O     57.126118943752  -33.850653880845   -1.988535159130
              H     61.319363053196  -32.966897056279    4.255983113790
              C     56.903040458504  -35.358354358668    2.297983737966
              C     54.476944128412  -34.240045483524    2.694717029152
              N     52.505267702296  -33.425079400876    3.075808921834
              H     58.557453558237  -25.936706528475    2.097781236849
              H     58.369476120971  -26.702433853398    5.314504977161
              H     65.268636124838  -28.477607109891   -0.113901841044
              H     66.949490831432  -30.876604836200    1.502846042936
              H     56.010807992931  -29.488029980123    2.002412516276
              H     57.567616200304  -30.941459614413    4.570614148668
              H     59.883158664542  -22.816747915395    4.697921731953
              H     61.876318246090  -21.691890250588    2.256606260299
              H     69.042859802801  -26.634704517368    1.953063628115
              H     68.162864018026  -28.002632235446    4.845951505233
              H     69.101498468283  -22.508099735830    3.837519616027
              H     63.084423920498  -21.589345591543    7.902244355395
              H     62.248261365409  -18.979269481964    6.007085707414
              H     58.243020358771  -29.355766515211   -2.240098784912
              H     61.111890325909  -30.941847720277   -2.709026852905
              H     61.052406012955  -28.108732098376   -0.940088399396
              H     64.212596446565  -33.174295737560   -0.698805344483
              H     64.537298064554  -35.178391633566    1.951006430883
              H     60.834938903478  -37.397436821439    0.902144147415
              H     61.200977230861  -36.053528612966   -2.113299429054
              H     56.707019860722  -35.602198385745   -2.486366824659
              H     56.571880343933  -37.297013129366    1.650806316679
              H     57.898331799527  -35.392739900230    4.106314733534
              C     57.464444008446  -43.806360600326   -2.591595702626
              S     55.690203592198  -42.152248701132   -0.110367584358
              C     55.879731439552  -44.827162166494    2.124935131942
              O     53.001267785804  -42.234567839177   -0.918222240076
              H     56.482083068482  -45.532238483393   -3.098682965733
              H     57.592202338801  -42.547956688249   -4.198675856036
              H     59.336329758263  -44.215500336605   -1.868323343088
              H     57.838543653202  -45.098207228822    2.660452587012
              H     54.757323168321  -44.351528199247    3.779650238614
              H     55.121456076804  -46.517267705223    1.253189657900
              C     58.585335983201  -33.946488965503   12.655097664854
              S     57.882334515051  -32.780496997771    9.480489323899
              C     54.568286270230  -33.821215968752    9.484040207042
              O     59.193941256337  -34.504081896777    7.705651076994
              H     57.436250669219  -32.879616387542   13.973875862321
              H     58.157342081102  -35.946622500753   12.755897400492
              H     60.573421637901  -33.591041615949   13.019455014507
              H     53.761491896980  -33.455100593488    7.634518470757
              H     54.520375222686  -35.831425058956    9.896449932520
              H     53.571700085182  -32.746483437669   10.913996381350
              C     74.067143561335  -23.747429590850    5.688407095504
              S     71.448586427892  -24.781883895716    7.741547060684
              C     71.285517357023  -21.826239185381    9.576332120865
              O     72.518833859127  -26.691746343886    9.447616652769
              H     73.428779365631  -22.154744617848    4.569165811190
              H     75.683354016407  -23.245727683364    6.842902473789
              H     74.555886874192  -25.322004509460    4.469221927743
              H     70.488595129203  -20.372505371688    8.374514179666
              H     70.060355150285  -22.172320151274   11.183672482187
              H     73.153183001062  -21.303920842042   10.234595011584
              C     69.597406184488  -14.461440541911    3.354878494816
              S     71.423102950573  -17.284968745772    4.180145250906
              C     74.525611115031  -15.647239808874    3.905979730245
              O     71.366742786549  -18.940553053670    1.935761982907
              H     67.638448593317  -15.037409466300    3.204044162417
              H     69.810415232844  -13.112791959938    4.881303556587
              H     70.270730780917  -13.685578564146    1.583531928611
              H     74.612501771249  -14.170251225691    5.321204613096
              H     76.000940230625  -17.028597741129    4.249572470838
              H     74.745955082004  -14.870186614932    2.023925957833
              C     59.004788661674  -40.439189062362    7.656090532155
              S     57.898039040471  -40.837592748564   10.911561840262
              C     57.104406034900  -44.197478543251   10.637812568544
              O     55.428797780942  -39.518558740373   11.031654893458
              H     60.760332000192  -41.473976652304    7.454687104187
              H     57.570106872253  -41.126961368461    6.369925734539
              H     59.328267761634  -38.429509955130    7.372033145493
              H     58.773990781242  -45.235473344910   10.065586064645
              H     56.457827178832  -44.853911961311   12.469516565381
              H     55.592674202845  -44.362655324348    9.255997343951
              C     66.169166135165  -27.138468578952   10.439912850075
              S     63.452122180021  -29.321038841761   10.318831517260
              C     61.069331826196  -26.775936020751   10.541536349873
              O     63.412144970835  -30.592479789455   12.783018515747
              H     66.135655984729  -26.147376137145   12.232955658643
              H     67.898325423718  -28.234989532095   10.318006370650
              H     66.055869206925  -25.837137959754    8.862399086895
              H     59.229568636630  -27.655800378155   10.746919495715
              H     61.465988019992  -25.598540414851   12.170515648469
              H     61.147798712256  -25.696347278452    8.806116462526
              C     47.262934961823  -42.000865729004   -2.631413368062
              S     47.943568291231  -42.136056609272   -6.032282009380
              C     50.429285334983  -44.541586625313   -5.747834133980
              O     49.251798697487  -39.752551317796   -6.656516458085
              H     49.028776586282  -41.833693476810   -1.604164391541
              H     46.061501519699  -40.378743201237   -2.275815499590
              H     46.281027700843  -43.725716258574   -2.121961224546
              H     49.515173453913  -46.354236346954   -5.468190080857
              H     51.507962121125  -44.552779083098   -7.490263568838
              H     51.629979789353  -44.067507064303   -4.154113934553
              C     67.674466450372  -16.920966880919   -2.615563619594
              S     66.668618379962  -19.375124009804   -0.347048269170
              C     68.273820003206  -21.953931504698   -2.036091298369
              O     63.953181745184  -19.757931878268   -0.844521992642
              H     69.718500332662  -16.836535579767   -2.552496724917
              H     67.002638711282  -17.402156252863   -4.489767958738
              H     66.859485323672  -15.132619562015   -2.029754845269
              H     67.884123459174  -21.840100239898   -4.043551653848
              H     70.272499046731  -21.763483077803   -1.643795662564
              H     67.552958143559  -23.717415971937   -1.286411629040
              C     50.095805519150  -39.471580864568    9.366460069196
              S     52.524846450635  -39.968267983945    6.944362931201
              C     50.372472175632  -39.416669877143    4.261234305960
              O     52.973034508298  -42.731143405984    6.863988723238
              H     49.287253621265  -37.610746687053    9.086601421940
              H     48.674043775005  -40.938401943720    9.205789767693
              H     51.029657954393  -39.576261900886   11.186542288686
              H     48.591342585586  -40.380078648600    4.570442698073
              H     50.100331054725  -37.395377511245    4.065570841589
              H     51.280279666665  -40.179135259791    2.586909359573
              C     53.819692813214  -36.682005203630   -7.140323125953
              S     53.336887600350  -38.762574247907   -4.425788706978
              C     51.370267331608  -36.545701422528   -2.678941210426
              O     55.868279118007  -38.581274282454   -3.121657673702
              H     54.533700240119  -34.877981724805   -6.486071425227
              H     55.188448446427  -37.572019968662   -8.378756363779
              H     52.022691667670  -36.493584921624   -8.095191003058
              H     50.906748704836  -37.396133813253   -0.875778930162
              H     52.415519241920  -34.809934838959   -2.383964105324
              H     49.676976162517  -36.233331166576   -3.780024772808
$End
$Single_Point_Data
   &GeometryIndex 66
   &FinalEnergy [&Type "Double"]      -2.1302511996050001e+02  "Final single point energy"
   &Converged [&Type "Boolean"] true
$End
$Geometry
   &GeometryIndex 67
   &NAtoms [&Type "Integer"] 148
   &NCorelessECP [&Type "Integer"] 0
   &NGhostAtoms [&Type "Integer"] 0
   &CartesianCoordinates [&Type "Coordinates", &Dim(148,4), &Units "Bohr"] 
              C     61.956990794190  -27.330553042031    3.604596778299
              C     63.482256010469  -29.730867785707    3.362507597519
              C     59.115335518155  -27.344206863236    3.500899235859
              C     63.185425349115  -25.097965919296    3.900438566932
              C     61.921239907402  -32.030048526450    2.515183899010
              C     65.822682172013  -29.175004055588    1.748069692265
              C     57.849342663598  -29.860103436364    2.840534450640
              C     65.897725523777  -24.906111986640    3.781164294982
              C     61.844074298530  -22.590758324240    4.113032800914
              C     59.515844663224  -31.368932036291    1.041610177392
              C     67.413097697209  -27.196456451796    3.097286753445
              C     67.111503452176  -22.688503262349    4.223468034790
              C     63.166322792323  -20.823085866284    5.968631644656
              C     65.919419788180  -20.506151246007    5.305961167170
              O     67.074989237066  -18.558937060599    5.815449002795
              H     64.198639436900  -30.179740877680    5.261049447374
              C     60.025534813645  -29.834494866012   -1.357463274123
              C     63.195200224342  -34.034853191099    0.870681523710
              C     60.970035514796  -35.610157544612   -0.120260811109
              C     58.518586018387  -34.019874413582    0.247665187770
              O     57.112245600948  -33.844534956064   -1.987327189483
              H     61.312278305926  -32.970828311700    4.253285827637
              C     56.894121011928  -35.355745430096    2.297865544829
              C     54.468384688114  -34.237624346238    2.695401773451
              N     52.497049875523  -33.420926811216    3.074942367329
              H     58.551043666359  -25.933214406951    2.101081306693
              H     58.367580897739  -26.702350722356    5.318358272802
              H     65.265170959028  -28.484066879292   -0.112581162459
              H     66.942259207291  -30.884484509691    1.506512481614
              H     56.004312773334  -29.484572873141    2.003067628754
              H     57.560952632385  -30.939038829448    4.571032752951
              H     59.882448154253  -22.814059492381    4.688064939082
              H     61.878298498090  -21.695081000596    2.246533100327
              H     69.039834807498  -26.644554248532    1.955478673354
              H     68.156874581331  -28.011085147481    4.849559167640
              H     69.103089284216  -22.519660269941    3.837968300974
              H     63.079396342610  -21.582960511883    7.893216661812
              H     62.252340037576  -18.975985495260    5.991393545332
              H     58.235080433498  -29.348811382641   -2.237888347600
              H     61.101356890449  -30.939173859472   -2.709659188652
              H     61.048295685138  -28.107074603244   -0.938913505407
              H     64.202535370568  -33.172394059469   -0.701543442332
              H     64.525677357034  -35.180533843399    1.945933252489
              H     60.822918196833  -37.395540319945    0.893241577049
              H     61.187337961651  -36.046524743564   -2.120342274162
              H     56.690555846975  -35.595628229928   -2.484366808619
              H     56.564198461176  -37.293608778871    1.648790284004
              H     57.891185050653  -35.392061392034    4.105355603399
              C     57.467268128791  -43.794522603714   -2.593384237465
              S     55.691047140295  -42.148327908377   -0.109019590905
              C     55.891562551791  -44.824840508420    2.123244842967
              O     53.001481431944  -42.238070820819   -0.913027269106
              H     56.491626983739  -45.524885913456   -3.097768275980
              H     57.584240257553  -42.536444049272   -4.202310666911
              H     59.343607587051  -44.194741709561   -1.875650995312
              H     57.852094040209  -45.089907232194    2.655967605690
              H     54.768900467366  -44.355284255115    3.779552522394
              H     55.138093846290  -46.516195642212    1.249761814373
              C     58.575591242407  -33.943636899720   12.655312751655
              S     57.871251041151  -32.774773575122    9.482851349385
              C     54.558911165576  -33.820522917296    9.483174644423
              O     59.187236495751  -34.492972656244    7.706414913685
              H     57.424635679474  -32.879861989378   13.975139389746
              H     58.150999323351  -35.944600354389   12.757278031481
              H     60.563688348592  -33.587239487299   13.018183179050
              H     53.752939876941  -33.449646427463    7.634260039440
              H     54.514184519987  -35.831353054780    9.891987606553
              H     53.561277171690  -32.750805279283   10.916292080475
              C     74.077437323883  -23.733652349433    5.714408391384
              S     71.446856420803  -24.781722335751    7.743508706877
              C     71.269747067765  -21.837305807691    9.594674927519
              O     72.506621048810  -26.701130839038    9.444973461954
              H     73.437840527582  -22.150781066410    4.580686184503
              H     75.677674580848  -23.215032953784    6.883123468544
              H     74.593158314488  -25.307768022633    4.505465610231
              H     70.492836487955  -20.373346899305    8.392239171943
              H     70.022211989044  -22.191481425007   11.182956664362
              H     73.130527033092  -21.326366592101   10.280490956755
              C     69.607264476441  -14.463326151309    3.356146111327
              S     71.425357742314  -17.291091405977    4.184513301123
              C     74.531551311477  -15.659758963916    3.914750069693
              O     71.369574461348  -18.945960181237    1.939837588281
              H     67.647098766109  -15.034131816327    3.202362757645
              H     69.821825995108  -13.114021388263    4.881660539236
              H     70.282924784391  -13.690546171562    1.584026879833
              H     74.623260921933  -14.187647829067    5.334563500341
              H     76.004175140862  -17.045325508221    4.253717057013
              H     74.755199245092  -14.877397123464    2.035165500414
              C     59.017750686961  -40.425055516790    7.632515928482
              S     57.927129435681  -40.828406117640   10.892918704403
              C     57.142733529606  -44.190544358392   10.615087377512
              O     55.455262582601  -39.515621555696   11.023761355131
              H     60.777747285092  -41.450804061394    7.420964300293
              H     57.581836131767  -41.118949210272    6.351931341334
              H     59.331650171697  -38.414399071838    7.349267371661
              H     58.813381244006  -45.218642139922   10.029366693503
              H     56.509792368053  -44.855276967532   12.448631645133
              H     55.623647319691  -44.357100107204    9.241932373623
              C     66.163136930351  -27.123465101515   10.438911088693
              S     63.447539400575  -29.307653851460   10.311375044707
              C     61.062357137200  -26.763213538578   10.533846951265
              O     63.404789952066  -30.584056897692   12.771236063937
              H     66.125594947288  -26.131461793453   12.231131250660
              H     67.892876751535  -28.219984273907   10.321748379212
              H     66.054741191217  -25.824104153131    8.859150114795
              H     59.221608183565  -27.643125932205   10.727791778908
              H     61.451935593881  -25.592726056522   12.169604822556
              H     61.148707800923  -25.676154407848    8.803403338723
              C     47.256709217621  -42.014155774183   -2.620607192838
              S     47.938133783282  -42.148719353212   -6.021282197762
              C     50.429427652306  -44.548876308381   -5.737328506587
              O     49.240351465172  -39.762459196872   -6.647664989826
              H     49.020891724086  -41.843690478360   -1.590685160683
              H     46.052593995751  -40.393387154357   -2.267783549940
              H     46.276961226414  -43.740005985407   -2.111027087779
              H     49.518187958478  -46.361352706995   -5.448022442573
              H     51.501631883669  -44.565683179532   -7.483714695422
              H     51.635330095533  -44.066850988456   -4.150071615104
              C     67.695104570656  -16.928810497888   -2.616071294516
              S     66.682196660251  -19.383389908527   -0.349169674613
              C     68.286981152106  -21.963730688248   -2.035512158114
              O     63.967485695650  -19.761627345468   -0.853197406895
              H     69.739404475258  -16.847553733938   -2.551686526445
              H     67.024500853823  -17.409546185721   -4.490677920422
              H     66.882522293452  -15.140635488899   -2.027572948053
              H     67.901218356749  -21.846041483668   -4.043522347560
              H     70.285480463441  -21.780555890933   -1.637505597087
              H     67.559068291276  -23.725736416564   -1.289074654747
              C     50.113674341457  -39.468180127939    9.371689026606
              S     52.535951324089  -39.973091575350    6.943220066653
              C     50.378591878234  -39.421998293726    4.264861127135
              O     52.978195702181  -42.737218395158    6.868055709605
              H     49.307519557265  -37.605954868967    9.094396935228
              H     48.688081908158  -40.932020112750    9.216707365585
              H     51.052499527079  -39.576147499751   11.189140134067
              H     48.598137654265  -40.385081409810    4.579621373033
              H     50.106567885731  -37.400964118950    4.067957510489
              H     51.280890844334  -40.185969767301    2.588214691457
              C     53.804430968923  -36.690132053077   -7.142245417658
              S     53.322583372541  -38.764087635730   -4.421263221893
              C     51.352337586849  -36.547336975905   -2.679546242097
              O     55.853408370114  -38.575143254910   -3.116020019720
              H     54.518841110517  -34.884585994937   -6.492451674077
              H     55.173017212976  -37.585273995171   -8.377661269369
              H     52.007971077366  -36.504966924801   -8.098872503279
              H     50.890819381225  -37.395670568626   -0.874706700290
              H     52.394291669119  -34.808996733382   -2.387853125486
              H     49.659006267500  -36.239709303331   -3.782292114970
$End
$Single_Point_Data
   &GeometryIndex 67
   &FinalEnergy [&Type "Double"]      -2.1302515438293000e+02  "Final single point energy"
   &Converged [&Type "Boolean"] true
$End
$Geometry
   &GeometryIndex 68
   &NAtoms [&Type "Integer"] 148
   &NCorelessECP [&Type "Integer"] 0
   &NGhostAtoms [&Type "Integer"] 0
   &CartesianCoordinates [&Type "Coordinates", &Dim(148,4), &Units "Bohr"] 
              C     61.952774803885  -27.330795322834    3.606479077105
              C     63.474241390281  -29.733218229401    3.365201445887
              C     59.111247266042  -27.341747544821    3.507207370018
              C     63.184658674363  -25.100139735932    3.901712642755
              C     61.911248197491  -32.030979458899    2.517256672563
              C     65.816733350764  -29.181798318787    1.751750727074
              C     57.841968952154  -29.854905831358    2.843686693061
              C     65.897402340786  -24.912839938512    3.782675071984
              C     61.847451631477  -22.590396906856    4.113662933596
              C     59.506493631016  -31.364736761573    1.043965526595
              C     67.410024363935  -27.205658626937    3.100812964463
              C     67.114776412534  -22.696869683658    4.223974507993
              C     63.172796956563  -20.823167936494    5.966824896585
              C     65.926996984898  -20.512041561986    5.305231013918
              O     67.084564998641  -18.566285260881    5.815494192710
              H     64.189264644611  -30.179806339099    5.264726822605
              C     60.016952063651  -29.830158314323   -1.354946276863
              C     63.181680941935  -34.036780282077    0.870918062272
              C     60.954132566440  -35.606552169518   -0.122902792495
              C     58.505014436821  -34.013591604825    0.249124669445
              O     57.094854569772  -33.837795641717   -1.983707222402
              H     61.301718413093  -32.972422883487    4.254415068058
              C     56.881908264167  -35.348755382002    2.301377241111
              C     54.457301989211  -34.229118329634    2.700526811859
              N     52.485557825024  -33.412881882828    3.079192051003
              H     58.546591684348  -25.927121630465    2.111080281345
              H     58.367311786993  -26.704410429603    5.327678935327
              H     65.260515490068  -28.491561235283   -0.109499577826
              H     66.933841229261  -30.892943212939    1.510827774201
              H     55.997470502471  -29.477737421576    2.005562748118
              H     57.552352932853  -30.935231240666    4.573150668106
              H     59.886278531983  -22.810910658753    4.690222809351
              H     61.879797031865  -21.695485408773    2.246781513062
              H     69.037985300486  -26.655532663516    1.960468449517
              H     68.151140146861  -28.020494871205    4.854313939516
              H     69.106572498097  -22.533635194850    3.836905220788
              H     63.082731485554  -21.580037314267    7.892753680055
              H     62.264362637090  -18.973256665332    5.986575557325
              H     58.226802240028  -29.346466905503   -2.236681315828
              H     61.095686057494  -30.933741028900   -2.705989409061
              H     61.038008667778  -28.101646390005   -0.934950791064
              H     64.190998346614  -33.174010191231   -0.700209742873
              H     64.509905810902  -35.186285003088    1.944674713827
              H     60.804638126616  -37.393049955022    0.888422939186
              H     61.168961108362  -36.040701740212   -2.123540195308
              H     56.673964368150  -35.588817130322   -2.481459654791
              H     56.550868301899  -37.286537367486    1.652854374435
              H     57.881593635000  -35.385884043077    4.107286528764
              C     57.463442242747  -43.786682768926   -2.593436104362
              S     55.687635069623  -42.144749166259   -0.106446747663
              C     55.894817486609  -44.824116853835    2.122740288673
              O     52.996894554015  -42.236666506870   -0.906092125845
              H     56.493211564432  -45.520427934780   -3.095233070518
              H     57.570973896429  -42.528519940353   -4.203663938903
              H     59.343119855868  -44.179263794685   -1.880657618570
              H     57.856275098982  -45.085261118107    2.652843997405
              H     54.772744851111  -44.359110076422    3.780156664417
              H     55.145391646789  -46.516661847568    1.248480686578
              C     58.565835726924  -33.939885142539   12.658820091290
              S     57.858775347884  -32.763530561230    9.490022156625
              C     54.549721230033  -33.818501549516    9.485585295850
              O     59.180756411541  -34.471842028961    7.708122824564
              H     57.417100138148  -32.878782600054   13.982929820449
              H     58.141644170965  -35.941090944816   12.759862283394
              H     60.554932040494  -33.585940509515   13.018795633752
              H     53.743144515610  -33.441786732476    7.637901357196
              H     54.510050765861  -35.830281229238    9.890016940466
              H     53.549614248012  -32.755556847147   10.922343837109
              C     74.088790367640  -23.718684312298    5.737020545808
              S     71.446580447808  -24.777115250825    7.745378843490
              C     71.246008434178  -21.835954731461    9.599287960054
              O     72.500929527703  -26.694665641370    9.452139546521
              H     73.447340862486  -22.151046332213    4.583625409268
              H     75.672570021732  -23.177140303875    6.917990992641
              H     74.632704482129  -25.296677848079    4.545110540477
              H     70.473539007407  -20.372623841514    8.392748675586
              H     69.986531328813  -22.197809807887   11.176351429152
              H     73.099563746814  -21.321072885576   10.301386897159
              C     69.622192907094  -14.470723016848    3.353920565923
              S     71.431292602924  -17.304470622148    4.180065585018
              C     74.541910283392  -15.680842524054    3.912129026262
              O     71.372183042987  -18.957352547918    1.933788847632
              H     67.660023871655  -15.034596980395    3.198525379583
              H     69.841119605242  -13.122045269570    4.879269961465
              H     70.299335269118  -13.699379826495    1.581387475810
              H     74.641116047698  -14.213531008709    5.336359322445
              H     76.011014078322  -17.071610343439    4.245633447016
              H     74.767745848954  -14.893167145550    2.035193519185
              C     59.030734525447  -40.404752803581    7.602307104674
              S     57.956043667414  -40.814700266355   10.867211617238
              C     57.187216921519  -44.181038663695   10.585673812409
              O     55.479425944902  -39.511600191921   11.011666755071
              H     60.793483276164  -41.424178055990    7.380805946031
              H     57.591933945044  -41.101644083207    6.325475664306
              H     59.339781774183  -38.391975432837    7.323114717254
              H     58.860192069262  -45.195670873454    9.984434622208
              H     56.572808099950  -44.853670591705   12.422768592544
              H     55.658481908424  -44.352335056463    9.224124908928
              C     66.161385954591  -27.109218012965   10.444028410806
              S     63.448220584530  -29.296305325739   10.307011018909
              C     61.061393193346  -26.752776120467   10.532803301901
              O     63.401248844563  -30.580562995550   12.761346502401
              H     66.118947719911  -26.116762773906   12.235677271151
              H     67.892959818677  -28.203061787223   10.329085732790
              H     66.054552136028  -25.810283854505    8.863435774424
              H     59.219916901435  -27.633609524766   10.714596237850
              H     61.443318422515  -25.591928422418   12.177324381587
              H     61.155601504030  -25.654656117674    8.809567315783
              C     47.251853855808  -42.034530671985   -2.626470680616
              S     47.943817989738  -42.167355677128   -6.025061118087
              C     50.443804943680  -44.557162744225   -5.734088340243
              O     49.239465474381  -39.776818400117   -6.648722605620
              H     49.010362448311  -41.857684132580   -1.588004244034
              H     46.043038295190  -40.416595396566   -2.279760884085
              H     46.274977078370  -43.762322393153   -2.120165163295
              H     49.538413598181  -46.371248467389   -5.436795769393
              H     51.513626018401  -44.577508158001   -7.481862294065
              H     51.649513864351  -44.063619739189   -4.150076606286
              C     67.708033595740  -16.938569730010   -2.615065771060
              S     66.688283813010  -19.392597356170   -0.348701412248
              C     68.288676430276  -21.975964345448   -2.032981695039
              O     63.973602717577  -19.764789261110   -0.855982865791
              H     69.752401705044  -16.862444729864   -2.550703429023
              H     67.036664407577  -17.416485990294   -4.489977273704
              H     66.899294488196  -15.149845857506   -2.023244778101
              H     67.902403230249  -21.856596516196   -4.040775385021
              H     70.287763289675  -21.798472973431   -1.634257006775
              H     67.556060987615  -23.735934444299   -1.286326198806
              C     50.125065535863  -39.465795924649    9.378592403238
              S     52.542672937940  -39.977624945972    6.945597010066
              C     50.381327186567  -39.426748619834    4.270825877726
              O     52.980298375826  -42.742177032592    6.875643262370
              H     49.321073224034  -37.602527395583    9.102624400173
              H     48.696826506928  -40.927578712319    9.228219847565
              H     51.067430060897  -39.575172575661   11.194008095978
              H     48.601566468900  -40.390225706575    4.588637189714
              H     50.108351989146  -37.405838171877    4.073888789777
              H     51.280142938677  -40.190732524945    2.592111896881
              C     53.795496434350  -36.697079000635   -7.145403883499
              S     53.312642417067  -38.765405663173   -4.419719621454
              C     51.337058185177  -36.548679472349   -2.683305768565
              O     55.842008339929  -38.570239028904   -3.111007077473
              H     54.512166386084  -34.891242633978   -6.500050983691
              H     55.162679622477  -37.598327979502   -8.378354310087
              H     51.999109249012  -36.513308888902   -8.102421597231
              H     50.874278605679  -37.395520675431   -0.878210469720
              H     52.375845162174  -34.807633026727   -2.392230689258
              H     49.645606185030  -36.244197850759   -3.789328892654
$End
$Single_Point_Data
   &GeometryIndex 68
   &FinalEnergy [&Type "Double"]      -2.1302518621860000e+02  "Final single point energy"
   &Converged [&Type "Boolean"] true
$End
$Geometry
   &GeometryIndex 69
   &NAtoms [&Type "Integer"] 148
   &NCorelessECP [&Type "Integer"] 0
   &NGhostAtoms [&Type "Integer"] 0
   &CartesianCoordinates [&Type "Coordinates", &Dim(148,4), &Units "Bohr"] 
              C     61.943903275077  -27.326566454886    3.602518231024
              C     63.463668035528  -29.730156656572    3.360226786750
              C     59.101978416957  -27.336916103624    3.506735104083
              C     63.177925504641  -25.097517157814    3.898096404638
              C     61.900565014478  -32.027799752184    2.513223431568
              C     65.805675564381  -29.180814467614    1.745289009359
              C     57.831848953753  -29.849449294669    2.842541328390
              C     65.890748146038  -24.913806073694    3.778490869187
              C     61.843554728083  -22.587014856740    4.110802422218
              C     59.494412849309  -31.359453297879    1.042214918718
              C     67.401573703895  -27.206551763483    3.092980320358
              C     67.111581881305  -22.700034247717    4.223056315083
              C     63.170140888244  -20.821911586698    5.964185195611
              C     65.925569161197  -20.514644503102    5.305006964858
              O     67.084544373864  -18.570397320568    5.817794471675
              H     64.179865298085  -30.174346605747    5.259771561069
              C     60.003058945983  -29.826013583990   -1.358294702385
              C     63.169584571325  -34.032339896377    0.864535675640
              C     60.940801008110  -35.600346645542   -0.128499138531
              C     58.492392319371  -34.008050824064    0.247925830120
              O     57.077059850133  -33.833245346836   -1.981648403802
              H     61.291856380992  -32.971152832821    4.249379147322
              C     56.872218948464  -35.344253906549    2.302203352516
              C     54.446997342638  -34.226461584512    2.702969350718
              N     52.474066165447  -33.411866733802    3.080894575441
              H     58.535929009091  -25.920442985131    2.113042096774
              H     58.359278280959  -26.703567706421    5.329288265231
              H     65.247997236149  -28.491891602635   -0.115973533417
              H     66.920281360257  -30.893422918772    1.503430335464
              H     55.986677384367  -29.472846856580    2.005663221008
              H     57.543812521674  -30.930379395312    4.572033859744
              H     59.881703009062  -22.806923733993    4.687272450213
              H     61.874909436998  -21.691080481578    2.244375590712
              H     69.028709766948  -26.656822878012    1.951496450436
              H     68.143782500317  -28.022337827106    4.845743272734
              H     69.103915305251  -22.540699261798    3.837012184047
              H     63.078165396770  -21.577777226752    7.890077643392
              H     62.266351242590  -18.969996545001    5.982343549726
              H     58.211545240274  -29.344464488200   -2.238620446103
              H     61.082126730677  -30.928508130052   -2.709811094632
              H     61.022433630373  -28.096136244370   -0.939292068215
              H     64.177760607099  -33.168743595350   -0.706792556350
              H     64.498584285884  -35.183880190321    1.935083514838
              H     60.791900970419  -37.387301615578    0.882153163490
              H     61.151861607680  -36.033779428638   -2.130098757276
              H     56.656233638269  -35.584405755056   -2.477912332920
              H     56.541856172529  -37.282577663727    1.653887697048
              H     57.873723298005  -35.383223205787    4.107256283049
              C     57.471185920615  -43.771425476331   -2.587991649842
              S     55.685684921438  -42.139016821435   -0.100841546229
              C     55.908526178892  -44.818769410972    2.127313938265
              O     52.995907659558  -42.243770590872   -0.900451727366
              H     56.514776080218  -45.513763650023   -3.086949410526
              H     57.564691232335  -42.513811803878   -4.199885864457
              H     59.355280101068  -44.147210032818   -1.877513778010
              H     57.871788516833  -45.066059523161    2.656044456918
              H     54.783441621313  -44.361548778916    3.784391467295
              H     55.171608897535  -46.516935578588    1.253479716256
              C     58.554193132019  -33.935108090402   12.663169873039
              S     57.849548135654  -32.755101235229    9.495240154546
              C     54.540016404719  -33.808594235057    9.487544056314
              O     59.172170241704  -34.460865727686    7.711580672040
              H     57.409806922193  -32.873033309298   13.989966358888
              H     58.126191814613  -35.935306941305   12.763684710935
              H     60.544800526949  -33.586686844525   13.021366930943
              H     53.733357591623  -33.426555795566    7.640845544392
              H     54.498889853772  -35.820720248708    9.889529800674
              H     53.540409012967  -32.747105682075   10.926064341209
              C     74.107027063920  -23.718052270116    5.733107566339
              S     71.457463927079  -24.783525947651    7.728784689185
              C     71.267323842616  -21.855514485234    9.602570929917
              O     72.504595654640  -26.716468820785    9.423804270814
              H     73.466858073711  -22.157601715364    4.570119423358
              H     75.682293701931  -23.165659578788    6.920112590371
              H     74.664423763660  -25.296628935638    4.548634470961
              H     70.510679905699  -20.377803100684    8.402972041798
              H     69.998613617508  -22.220723839844   11.171292110488
              H     73.120823707143  -21.359122845485   10.317972826800
              C     69.632743863908  -14.473285886981    3.365781005607
              S     71.432075209518  -17.313063769367    4.190584246290
              C     74.547355332702  -15.695652789435    3.933141905840
              O     71.375716417192  -18.961767815228    1.941171999779
              H     67.668372254905  -15.028787372371    3.206938405019
              H     69.855684979585  -13.125039426835    4.890949392523
              H     70.313665737837  -13.703005394698    1.593762710284
              H     74.649264791757  -14.231706803078    5.360751110061
              H     76.011855932304  -17.091233463943    4.266906173746
              H     74.779963251464  -14.903796393528    2.059058170837
              C     59.037935274411  -40.389665821321    7.596212837867
              S     57.969773086234  -40.799036060405   10.862916375981
              C     57.208903765978  -44.168477905151   10.583059352380
              O     55.491028183704  -39.499793971307   11.009231168035
              H     60.804750769596  -41.401820248896    7.373264274908
              H     57.599138482689  -41.091785001560    6.323066446827
              H     59.340551158461  -38.376965378674    7.313996456251
              H     58.884197398385  -45.175506420840    9.975449865682
              H     56.605422200750  -44.843029954008   12.423225922797
              H     55.676292201132  -44.345149150495    9.227166956707
              C     66.158186049494  -27.101666154177   10.439734148491
              S     63.446877365218  -29.290880759482   10.294147113514
              C     61.060278522596  -26.747208849721   10.524737229350
              O     63.397097689269  -30.582010373438   12.744259565582
              H     66.111521383559  -26.108314306058   12.230831509575
              H     67.891732399389  -28.192561574174   10.324946513038
              H     66.050659741962  -25.801865935750    8.859836832493
              H     59.217684844062  -27.626782733708   10.698684176482
              H     61.438209097494  -25.593870078600   12.175553640966
              H     61.159361367244  -25.640776825502    8.807154198818
              C     47.249102398893  -42.072468828870   -2.633435825133
              S     47.952785221038  -42.196091248820   -6.030455566829
              C     50.471277852776  -44.566956305174   -5.739037550182
              O     49.230412003952  -39.794188303182   -6.647618766011
              H     49.001709597366  -41.883216293948   -1.586292324829
              H     46.028919440630  -40.460813604290   -2.291907807259
              H     46.280962975079  -43.806962051380   -2.132279545504
              H     49.579658004023  -46.387995771472   -5.443150251699
              H     51.541307963662  -44.577712136562   -7.486673139794
              H     51.671698992659  -44.063956734706   -4.153920897167
              C     67.725495918724  -16.936559876333   -2.605202592167
              S     66.699251372140  -19.393179606257   -0.343193260097
              C     68.296353890067  -21.975817859179   -2.031039497477
              O     63.984187691809  -19.759275357133   -0.852794353562
              H     69.769613907413  -16.864554486280   -2.538446662277
              H     67.055149718052  -17.408682791277   -4.482047764239
              H     66.918701888685  -15.148013195580   -2.010354578371
              H     67.911463346354  -21.849860510014   -4.038672661508
              H     70.295104765995  -21.802730150354   -1.629979697434
              H     67.559670959817  -23.735931849015   -1.289258948024
              C     50.128077966659  -39.463083939667    9.382235456036
              S     52.545824911164  -39.982689076849    6.949755104052
              C     50.384659141003  -39.433453377483    4.274678336816
              O     52.979592889534  -42.747212699954    6.886667960173
              H     49.327687254541  -37.598434985586    9.105220974542
              H     48.697325302650  -40.922584687889    9.233165288528
              H     51.070207348898  -39.573059345702   11.197967215851
              H     48.604310766697  -40.395786078581    4.592776645613
              H     50.112371068421  -37.412776420131    4.075855717039
              H     51.282561994608  -40.199109450321    2.596147226282
              C     53.779548014008  -36.711120283349   -7.145656167438
              S     53.296733433359  -38.770553303817   -4.413469226842
              C     51.317549731487  -36.551983650313   -2.685160996730
              O     55.824787039262  -38.566268060627   -3.102288605993
              H     54.493894906256  -34.901581081553   -6.506734039115
              H     55.149168744648  -37.617022388578   -8.373677639339
              H     51.983034078703  -36.534273482644   -8.103626068493
              H     50.857479521076  -37.394741101612   -0.877341423411
              H     52.352904155589  -34.808170340294   -2.398539274193
              H     49.625714578207  -36.253253929895   -3.792903769174
$End
$Single_Point_Data
   &GeometryIndex 69
   &FinalEnergy [&Type "Double"]      -2.1302521460719001e+02  "Final single point energy"
   &Converged [&Type "Boolean"] true
$End
$Geometry
   &GeometryIndex 70
   &NAtoms [&Type "Integer"] 148
   &NCorelessECP [&Type "Integer"] 0
   &NGhostAtoms [&Type "Integer"] 0
   &CartesianCoordinates [&Type "Coordinates", &Dim(148,4), &Units "Bohr"] 
              C     61.940418292223  -27.324194873484    3.601856124578
              C     63.457517979149  -29.729812628929    3.358212526373
              C     59.098696435557  -27.331953260058    3.507042334083
              C     63.176601387101  -25.096388435375    3.898678178120
              C     61.891887239952  -32.026103829154    2.511303221938
              C     65.799691161947  -29.182232679569    1.742852766524
              C     57.825160066960  -29.842823886012    2.841204525585
              C     65.889251070516  -24.916274661435    3.777185899906
              C     61.846531923775  -22.583720484175    4.114454281014
              C     59.485213103148  -31.355023258456    1.041181839810
              C     67.397730279457  -27.209850337705    3.090411856100
              C     67.115361937909  -22.704859420226    4.222882288590
              C     63.177025520153  -20.821332043563    5.967224890372
              C     65.932686578516  -20.518553874593    5.306594802105
              O     67.095822289526  -18.576478001106    5.819194744920
              H     64.172399801964  -30.173210923525    5.258315838577
              C     59.994873970650  -29.823575966582   -1.360712655591
              C     63.158648787269  -34.031086050617    0.861765884294
              C     60.927599508053  -35.597076577599   -0.129760787254
              C     58.480679308261  -34.003613237549    0.247909492280
              O     57.062235375405  -33.829659538824   -1.980193804753
              H     61.281580799207  -32.968954413265    4.246744310458
              C     56.861541937157  -35.337005128999    2.303917065236
              C     54.437533036079  -34.217416225673    2.706349934708
              N     52.464393293243  -33.404168178152    3.083554519870
              H     58.533178069602  -25.913041559015    2.115883777006
              H     58.356365084448  -26.701467665668    5.330787955147
              H     65.241651302144  -28.493458454777   -0.118199517931
              H     66.911243032288  -30.896611770499    1.500042086155
              H     55.980220620161  -29.463630758458    2.004971149000
              H     57.535868597201  -30.923628354166    4.570633863579
              H     59.885019490256  -22.802528032671    4.692943200702
              H     61.875951331181  -21.686627752489    2.248516163782
              H     69.027074150996  -26.662356967368    1.951300793445
              H     68.137586008917  -28.027206630885    4.843933430438
              H     69.107809050616  -22.547864997597    3.835227583313
              H     63.086054412428  -21.577171188124    7.893235594253
              H     62.277158458246  -18.967433590008    5.985417978210
              H     58.202757176737  -29.342536085700   -2.240835243651
              H     61.073572550348  -30.926185521733   -2.712104723295
              H     61.013220328200  -28.093232589907   -0.942939409802
              H     64.166933173921  -33.169127523932   -0.710232020242
              H     64.487300485310  -35.184997592608    1.930305976951
              H     60.777497416327  -37.384318980377    0.880172850419
              H     61.136189530985  -36.030875905023   -2.132099099057
              H     56.644318164147  -35.581691501535   -2.477101857274
              H     56.528295150702  -37.275796387385    1.657712492098
              H     57.864727703520  -35.376031504876    4.107683087147
              C     57.468878129697  -43.766058234783   -2.588172903534
              S     55.682567226261  -42.137181206714   -0.099019870374
              C     55.912269583614  -44.818355966289    2.127609581063
              O     52.992215172905  -42.244654792771   -0.895446143018
              H     56.516490849453  -45.509914030052   -3.087292494881
              H     57.558789832663  -42.506199534478   -4.198921098623
              H     59.353612484463  -44.137443302242   -1.877761021510
              H     57.876590605883  -45.058821285510    2.655821924301
              H     54.785878063667  -44.365334242118    3.784723126702
              H     55.181849826986  -46.519553524867    1.253831191831
              C     58.545562865512  -33.930283621446   12.666992085338
              S     57.839587113960  -32.743892108127    9.501519405918
              C     54.531773411755  -33.802356329350    9.490890016305
              O     59.164726080199  -34.443153944214    7.713364083263
              H     57.406823388119  -32.868167600610   13.998424814988
              H     58.114021768111  -35.930041628434   12.763809681969
              H     60.537623575674  -33.585915853395   13.022936982944
              H     53.723453127627  -33.417489696943    7.645340937201
              H     54.492602870217  -35.815312314175    9.889263810486
              H     53.530438157210  -32.744215909013   10.930894179667
              C     74.118150785336  -23.708429798434    5.738353303864
              S     71.462796996692  -24.782851998121    7.722529945416
              C     71.251460611961  -21.861569639144    9.605405295817
              O     72.510330215209  -26.714310884998    9.419566880170
              H     73.474416228107  -22.158330400555    4.563061410562
              H     75.682603813667  -23.138784721986    6.931479279490
              H     74.693171932860  -25.291397658936    4.567091301712
              H     70.494612058264  -20.381983862027    8.407901081563
              H     69.977213751170  -22.236192355000   11.167609796874
              H     73.099986761943  -21.361095188883   10.331790672538
              C     69.647492526963  -14.481232534263    3.369461520315
              S     71.440543324422  -17.325526902877    4.189999041919
              C     74.559324715159  -15.714007196587    3.935065819649
              O     71.381167912557  -18.970687980195    1.937425062326
              H     67.681694358376  -15.030666791764    3.211049482655
              H     69.875187238041  -13.133981616339    4.894624149324
              H     70.329471120587  -13.711082131710    1.597574025347
              H     74.663880972236  -14.249868565023    5.362193133359
              H     76.019845839850  -17.112944321118    4.270974906324
              H     74.795112619879  -14.922917137344    2.061304879395
              C     59.048038468957  -40.370657580951    7.579939048477
              S     57.986204892345  -40.784645602172   10.847735307799
              C     57.236952150265  -44.157103973576   10.567184118134
              O     55.503475449069  -39.493139774556   10.999721004313
              H     60.817850165503  -41.376883878198    7.355627997906
              H     57.608633348894  -41.077144119177    6.308896803154
              H     59.343903387510  -38.356182333992    7.297931195642
              H     58.914375125066  -45.156162245902    9.952002106715
              H     56.645199097346  -44.834893497735   12.409981399282
              H     55.699195758110  -44.339217133799    9.217950544893
              C     66.157167387690  -27.096541212843   10.442836559669
              S     63.446142622828  -29.285905520214   10.287009848472
              C     61.061823371779  -26.741500538165   10.523082496802
              O     63.391736077359  -30.584626550308   12.733660387332
              H     66.104489991604  -26.103342567108   12.234104290959
              H     67.892311399054  -28.184948102860   10.329620253236
              H     66.049408805281  -25.794762291549    8.864400311748
              H     59.217578277495  -27.619947980919   10.687833485487
              H     61.435797164066  -25.597157829203   12.181104673650
              H     61.167062147474  -25.625046064264    8.812160405619
              C     47.247220551243  -42.095552037575   -2.641811793485
              S     47.961173057473  -42.219548751431   -6.036561818821
              C     50.488161907997  -44.578879753175   -5.736861365511
              O     49.233312472992  -39.813236165617   -6.649229945369
              H     48.994028295471  -41.898419545451   -1.587066858004
              H     46.021891496231  -40.486402958567   -2.307727521377
              H     46.282098548729  -43.831933136639   -2.142659423568
              H     49.604593287699  -46.403003330024   -5.435142673700
              H     51.558304548878  -44.589870430808   -7.484422265879
              H     51.685513267898  -44.064040153592   -4.152695667251
              C     67.735868337753  -16.938527127840   -2.600459741237
              S     66.703725100232  -19.391681349970   -0.337917382534
              C     68.293446979524  -21.978226526500   -2.026221060169
              O     63.987817659063  -19.751701704363   -0.845717956511
              H     69.779854142002  -16.872176867352   -2.533531604642
              H     67.063979917863  -17.406665422983   -4.477678200680
              H     66.933448034326  -15.147604306582   -2.006657058271
              H     67.906611348667  -21.852508668096   -4.033466615336
              H     70.293306953789  -21.807438839786   -1.628265577526
              H     67.555679396553  -23.737605043002   -1.282369367333
              C     50.132317973656  -39.465398339721    9.385162697426
              S     52.550100671730  -39.986108893910    6.952864089001
              C     50.387546866385  -39.438235101774    4.278001453635
              O     52.983932510033  -42.749571553932    6.891951475249
              H     49.332957399403  -37.600409613883    9.107908647884
              H     48.701724139979  -40.924841350781    9.235136781373
              H     51.074157570045  -39.574936314735   11.201131762779
              H     48.607497876571  -40.401172452433    4.595237336322
              H     50.114007633169  -37.417641788999    4.079646787403
              H     51.286163792007  -40.203329680529    2.599588288336
              C     53.771140463054  -36.717051061373   -7.144454285487
              S     53.289608011293  -38.775186851208   -4.411513667766
              C     51.304801432698  -36.559142955871   -2.683921507861
              O     55.817083189998  -38.565912013480   -3.098884349441
              H     54.486015097093  -34.907307765758   -6.507944851673
              H     55.140014987117  -37.624166446497   -8.372561511822
              H     51.973474995668  -36.540650285183   -8.099940586469
              H     50.844815313904  -37.404137261658   -0.876356083194
              H     52.337223628642  -34.813259236370   -2.396203286157
              H     49.612813257931  -36.262757888281   -3.792015492205
$End
$Single_Point_Data
   &GeometryIndex 70
   &FinalEnergy [&Type "Double"]      -2.1302523842264000e+02  "Final single point energy"
   &Converged [&Type "Boolean"] true
$End
$Geometry
   &GeometryIndex 71
   &NAtoms [&Type "Integer"] 148
   &NCorelessECP [&Type "Integer"] 0
   &NGhostAtoms [&Type "Integer"] 0
   &CartesianCoordinates [&Type "Coordinates", &Dim(148,4), &Units "Bohr"] 
              C     61.934903374413  -27.320883364914    3.599627099344
              C     63.450710957830  -29.727289171685    3.353419487915
              C     59.093195410149  -27.327301429816    3.505833606110
              C     63.172089850154  -25.093729432323    3.897673362006
              C     61.882956494194  -32.022354164420    2.507003667744
              C     65.791785288595  -29.178962526358    1.736724201329
              C     57.817607717231  -29.837947937810    2.840418081763
              C     65.884369781840  -24.914983395099    3.774675629954
              C     61.843941681028  -22.580259379336    4.116763756231
              C     59.474982529247  -31.350913246399    1.039089573464
              C     67.391134496975  -27.208318669210    3.085079245273
              C     67.113291140434  -22.705506526629    4.222722206582
              C     63.176307007906  -20.820453619227    5.970311617046
              C     65.931951433236  -20.519525635679    5.308653224263
              O     67.098706117531  -18.579663457236    5.822490481154
              H     64.165630702332  -30.171765434574    5.253179255778
              C     59.983482216931  -29.819881096739   -1.363231304820
              C     63.148165669372  -34.027178253865    0.856547111493
              C     60.915537375063  -35.593906686644   -0.130488911647
              C     58.469397135499  -33.999812885766    0.247126631703
              O     57.050660784557  -33.825556339314   -1.980912036754
              H     61.271784642076  -32.964983901500    4.242373795637
              C     56.851300264659  -35.331454205820    2.304653303666
              C     54.427099598016  -34.211722599431    2.708482871895
              N     52.453519237933  -33.400209320811    3.087179355243
              H     58.527019757684  -25.907467887121    2.116141271087
              H     58.351011017738  -26.697778494136    5.330095067374
              H     65.232953640982  -28.488552917854   -0.123397203668
              H     66.901744691084  -30.894185648156    1.491975234360
              H     55.972002070657  -29.456887227411    2.006611535784
              H     57.529203658559  -30.918551044627    4.570192239098
              H     59.882484330970  -22.799338330524    4.695801195462
              H     61.873624816649  -21.681675252036    2.251540026787
              H     69.021910932679  -26.662509603551    1.946740740144
              H     68.130852058836  -28.028331569103    4.837310713345
              H     69.105113142594  -22.548163973623    3.834645850892
              H     63.087228823054  -21.577658267650    7.895860972771
              H     62.277299860291  -18.966227419283    5.990007377468
              H     58.190623520711  -29.339821950834   -2.242495680630
              H     61.061953085503  -30.921488617331   -2.715565970159
              H     61.000080436489  -28.088455687278   -0.946109668635
              H     64.154429460678  -33.166766585348   -0.717403849691
              H     64.478316409684  -35.181204351158    1.923339727264
              H     60.765680048072  -37.380413927123    0.880564740134
              H     61.121893376383  -36.029848134074   -2.132917434244
              H     56.634004307805  -35.578072498263   -2.476826054308
              H     56.515982867415  -37.270971532844    1.660259804758
              H     57.855427943245  -35.369966778542    4.107855656644
              C     57.474318039582  -43.756629497054   -2.585061466333
              S     55.682270979887  -42.133779766253   -0.095356349632
              C     55.921147405885  -44.814554923755    2.130959404285
              O     52.992219809296  -42.248870293389   -0.892020817214
              H     56.529249328627  -45.504645384032   -3.084141782880
              H     57.560368236891  -42.495399599949   -4.194482673231
              H     59.359501548086  -44.120416649701   -1.872649624776
              H     57.886189081395  -45.047732908475    2.659114147142
              H     54.794156428147  -44.364539491115    3.788451809162
              H     55.196483600183  -46.518698322563    1.258474712347
              C     58.537289667895  -33.926068917477   12.670331406089
              S     57.830849110226  -32.734614430557    9.506500837964
              C     54.523723307972  -33.795713393251    9.494768081110
              O     59.156408433705  -34.429985752668    7.715232842793
              H     57.404127728617  -32.862804951210   14.005409228402
              H     58.100378801289  -35.924522929318   12.762754824240
              H     60.530465349625  -33.586506640418   13.025164704213
              H     53.713810275490  -33.410528495998    7.649907361850
              H     54.485546785110  -35.809318062941    9.890167617217
              H     53.521091970907  -32.739461974529   10.935277356363
              C     74.130125166296  -23.712015539695    5.734845135322
              S     71.470163846223  -24.788702779559    7.713095515506
              C     71.261013680426  -21.870253470829    9.600115180818
              O     72.513215479825  -26.723984419890    9.408878558035
              H     73.485578936812  -22.168122059143    4.553320726789
              H     75.689161732204  -23.131948978636    6.930341387451
              H     74.712219092633  -25.297343967733    4.571216262721
              H     70.510170708289  -20.386075031625    8.404089199291
              H     69.983530949366  -22.242969571331   11.159947548745
              H     73.109135688920  -21.375445812540   10.331340575290
              C     69.657303307552  -14.486361308935    3.376736841147
              S     71.446102588233  -17.334065421865    4.194048053475
              C     74.567602667482  -15.726865867630    3.944111044366
              O     71.386335111464  -18.975592831025    1.938652934145
              H     67.690221546266  -15.031396846318    3.217970168559
              H     69.888017066174  -13.140581617012    4.902954391220
              H     70.342153073822  -13.715676902018    1.606332366869
              H     74.671557621354  -14.262518745409    5.371347815888
              H     76.025093007475  -17.128366099051    4.282292065217
              H     74.806142831727  -14.936162910234    2.070590260333
              C     59.057869883927  -40.357800745465    7.575727972776
              S     57.993680073626  -40.775466259898   10.842456968216
              C     57.248610139912  -44.148800341535   10.563430498137
              O     55.509431251459  -39.487105271549   10.993554303696
              H     60.828468983915  -41.362736291412    7.353937151373
              H     57.619180790763  -41.063618474333    6.302861202232
              H     59.351611528601  -38.342694619335    7.295688865393
              H     58.927032588389  -45.146088166671    9.946835599238
              H     56.661224150117  -44.826687206412   12.407491689330
              H     55.709258554358  -44.334320033653    9.216268156127
              C     66.156120729787  -27.099498774533   10.442892010456
              S     63.443428456586  -29.286041936399   10.279056641829
              C     61.062447503232  -26.739983412814   10.520800612592
              O     63.385268546760  -30.590327249673   12.723759005777
              H     66.099703726608  -26.106989870708   12.234673699629
              H     67.891606557189  -28.186904233823   10.330288348332
              H     66.047713092660  -25.794844963368    8.867204559932
              H     59.216803423563  -27.616756489437   10.679051661562
              H     61.435102987683  -25.602975755409   12.184171220638
              H     61.171421863265  -25.615842458838    8.815140867620
              C     47.248991621761  -42.120586160827   -2.647820070271
              S     47.970182291881  -42.241487200334   -6.041323599456
              C     50.507733120164  -44.588337914276   -5.738381523647
              O     49.232186318687  -39.828945608118   -6.651240739540
              H     48.991885418476  -41.916333755377   -1.588153010883
              H     46.017059117963  -40.515616177319   -2.316657037556
              H     46.288785943070  -43.860558150794   -2.151036728222
              H     49.634060919621  -46.417082935197   -5.435632168607
              H     51.579111060807  -44.594011290135   -7.485197931567
              H     51.701172206399  -44.065553624433   -4.153796045316
              C     67.746930358099  -16.937803920916   -2.595505092155
              S     66.708468403015  -19.387899561933   -0.334332598569
              C     68.292420901537  -21.978360969219   -2.023688177045
              O     63.991327479926  -19.741403174403   -0.841254010512
              H     69.790870466139  -16.876708335038   -2.526714048523
              H     67.074382843194  -17.402435925979   -4.473536817578
              H     66.948469407341  -15.144260363350   -2.003355880134
              H     67.908078773909  -21.851583023403   -4.031322525904
              H     70.291544034455  -21.809767690754   -1.624123513369
              H     67.551393203676  -23.736805066222   -1.281291561342
              C     50.135816229614  -39.466428057772    9.386346442238
              S     52.553955451653  -39.987826137409    6.955382767151
              C     50.390818458284  -39.440665925690    4.280140191579
              O     52.988436484095  -42.750651102015    6.894993513783
              H     49.338249414770  -37.600821817030    9.107857265489
              H     48.704904241472  -40.925294331809    9.234145122997
              H     51.076003955756  -39.575458218259   11.202957021519
              H     48.610048897601  -40.402620249984    4.596437422506
              H     50.118065442040  -37.419944030414    4.081768932978
              H     51.290330058661  -40.206181128480    2.602366356845
              C     53.765125139410  -36.722735292556   -7.142051943344
              S     53.284291696996  -38.779378792636   -4.408756143347
              C     51.293804494155  -36.564456905645   -2.686310790975
              O     55.809927457210  -38.563858058110   -3.093780118020
              H     54.476659717765  -34.911001660525   -6.506935161261
              H     55.136379715773  -37.628177088255   -8.368608956606
              H     51.967310009478  -36.549497483589   -8.097867596919
              H     50.830933814712  -37.408982313760   -0.879664609224
              H     52.325116141818  -34.818298739568   -2.397537213965
              H     49.603060791454  -36.270000133078   -3.796612206520
$End
$Single_Point_Data
   &GeometryIndex 71
   &FinalEnergy [&Type "Double"]      -2.1302525907999001e+02  "Final single point energy"
   &Converged [&Type "Boolean"] true
$End
$Calculation_Info
   &GeometryIndex 71
   &Mult [&Type "Integer"] 1
   &Charge [&Type "Integer"] 0
   &NumOfAtoms [&Type "Integer"] 148
   &NumOfElectrons [&Type "Integer"] 0
   &NumOfBasisFuncts [&Type "Integer"] 0
   &NumOfAuxCBasisFuncts [&Type "Integer"] 0
   &NumOfAuxJBasisFuncts [&Type "Integer"] 0
   &NumOfAuxJKBasisFuncts [&Type "Integer"] 0
   &NumOfCABSBasisFuncts [&Type "Integer"] 0
$End
$Calculation_Timings
   &GeometryIndex 71
   &GSTEP [&Type "Double"]       4.7891000000000005e+01
   &XTB [&Type "Double"]       3.5901999999999980e+01
   &XTBGRAD [&Type "Double"]       4.7699999999995102e-01
   &SUM [&Type "Double"]       8.4269999999999925e+01
$End
