*************************************************
******************* ORCA 6.1.1 ******************
*************************************************
$Calculation_Status
   &GeometryIndex 5
   &version [&Type "String"] "6.1.1"
   &progName [&Type "String"] "LeanSCF"
   &Status [&Type "String"] "NORMAL TERMINATION"
$End
$Geometry
   &GeometryIndex 1
   &NAtoms [&Type "Integer"] 27
   &NCorelessECP [&Type "Integer"] 0
   &NGhostAtoms [&Type "Integer"] 0
   &CartesianCoordinates [&Type "Coordinates", &Dim(27,4), &Units "Bohr"] 
              O      1.329065827208    4.837340598663    0.000000000000
              C      0.545963317311    2.243823760686    0.000000000000
              C     -1.010849763598    1.618721252846   -2.364255263410
              C     -1.710369686592   -1.202091844519   -2.372777928274
              C     -3.267333945591   -1.815024516057    0.000000000000
              C     -1.710369686592   -1.202091844519    2.372777928274
              C      0.723200731410   -2.785077632383    2.368809503393
              C      2.283358627576   -2.164056932993    0.000000000000
              C      0.723200731410   -2.785077632383   -2.368809503393
              C      2.961430158950    0.660252157720    0.000000000000
              C     -1.010849763598    1.618721252846    2.364255263410
              H     -0.172453867021    5.872041246030    0.000000000000
              H      0.095773860427    2.108746136633   -4.049702002255
              H     -2.734506764870    2.783094907523   -2.388443757924
              H     -2.823531763040   -1.632684841395   -4.071074804829
              H     -3.800368996187   -3.821119985305    0.000000000000
              H     -5.026952435192   -0.712463803220    0.000000000000
              H     -2.823531763040   -1.632684841395    4.071074804829
              H      0.251978622655   -4.806517677839    2.397571135151
              H      1.833433732350   -2.387592637374    4.077178620242
              H      4.029673445194   -3.285344831817    0.000000000000
              H      0.251978622655   -4.806517677839   -2.397571135151
              H      1.833433732350   -2.387592637374   -4.077178620242
              H      4.088047085471    1.145571623434   -1.672917854576
              H      4.088047085471    1.145571623434    1.672917854576
              H      0.095773860427    2.108746136633    4.049702002255
              H     -2.734506764870    2.783094907523    2.388443757924
$End
$SCF_Mulliken_Population_Analysis
   &GeometryIndex 1
   &NAtoms [&Type "Integer"] 27
   &ATNO [&Type "ArrayOfIntegers", &Dim (27,1)] 
                                                         0

0                                                        8
1                                                        6
2                                                        6
3                                                        6
4                                                        6
5                                                        6
6                                                        6
7                                                        6
8                                                        6
9                                                        6
10                                                       6
11                                                       1
12                                                       1
13                                                       1
14                                                       1
15                                                       1
16                                                       1
17                                                       1
18                                                       1
19                                                       1
20                                                       1
21                                                       1
22                                                       1
23                                                       1
24                                                       1
25                                                       1
26                                                       1
   &AtomicCharges [&Type "ArrayOfDoubles", &Dim (27,1)] 
                                                         0

0                                     -4.9147360526819206e-01
1                                      2.1915172584207010e-01
2                                     -4.3004152665082263e-01
3                                      5.2018383747270747e-02
4                                     -4.5850707984953942e-01
5                                      5.2018383747270747e-02
6                                     -4.5716910182446924e-01
7                                      4.6983943366813996e-02
8                                     -4.5716910182446924e-01
9                                     -4.6797275121232129e-01
10                                    -4.3004152665082263e-01
11                                     3.3885241983810355e-01
12                                     1.6884763926588098e-01
13                                     1.6781402804523360e-01
14                                     1.6063958137923806e-01
15                                     1.6754924759149303e-01
16                                     1.6204416980046621e-01
17                                     1.6063958137923806e-01
18                                     1.6761475907850421e-01
19                                     1.6207197756944713e-01
20                                     1.6074476642121149e-01
21                                     1.6761475907850409e-01
22                                     1.6207197756944713e-01
23                                     1.6951784112463852e-01
24                                     1.6951784112463852e-01
25                                     1.6884763926588087e-01
26                                     1.6781402804523360e-01
   &Method [&Type "String"] "SCF"
   &Level [&Type "String"] "Relaxed density"
   &Mult [&Type "Integer"] 1
   &State [&Type "Integer"] -1
   &Irrep [&Type "Integer"] 0
$End
$SCF_Loewdin_Population_Analysis
   &GeometryIndex 1
   &NAtoms [&Type "Integer"] 27
   &ATNO [&Type "ArrayOfIntegers", &Dim (27,1)] 
                                                         0

0                                                        8
1                                                        6
2                                                        6
3                                                        6
4                                                        6
5                                                        6
6                                                        6
7                                                        6
8                                                        6
9                                                        6
10                                                       6
11                                                       1
12                                                       1
13                                                       1
14                                                       1
15                                                       1
16                                                       1
17                                                       1
18                                                       1
19                                                       1
20                                                       1
21                                                       1
22                                                       1
23                                                       1
24                                                       1
25                                                       1
26                                                       1
   &AtomicCharges [&Type "ArrayOfDoubles", &Dim (27,1)] 
                                                         0

0                                     -6.2377852196817329e-01
1                                      7.5331951652699125e-02
2                                     -2.5781761117580526e-01
3                                     -2.0818564286397656e-01
4                                     -2.8377041201109421e-01
5                                     -2.0818564286397656e-01
6                                     -2.8332459905851337e-01
7                                     -2.0724834692948679e-01
8                                     -2.8332459905851515e-01
9                                     -2.4662179412676988e-01
10                                    -2.5781761117580615e-01
11                                     2.8509657508914787e-01
12                                     1.7079002689951528e-01
13                                     1.6985167030040671e-01
14                                     1.6387943260646121e-01
15                                     1.6423127327008513e-01
16                                     1.6338475175625811e-01
17                                     1.6387943260646154e-01
18                                     1.6416159485439219e-01
19                                     1.6340627098261040e-01
20                                     1.6405292755829715e-01
21                                     1.6416159485439186e-01
22                                     1.6340627098260996e-01
23                                     1.7189965530940521e-01
24                                     1.7189965530940499e-01
25                                     1.7079002689951528e-01
26                                     1.6985167030040671e-01
   &Method [&Type "String"] "SCF"
   &Level [&Type "String"] "Relaxed density"
   &Mult [&Type "Integer"] 1
   &State [&Type "Integer"] -1
   &Irrep [&Type "Integer"] 0
$End
$SCF_Mayer_Population_Analysis
   &GeometryIndex 1
   &NAtoms [&Type "Integer"] 27 "Total number of atoms"
   &NBondOrdersPrint [&Type "Integer"] 29 "The number of bond orders larger than threshold"
   &bondThresh [&Type "Double"]       1.0000000000000001e-01  "The threshold for printing"
   &components [&Type "ArrayOfIntegers", &Dim (29,4)] "The indices and atomic numbers of the bonding atoms"
                                                         0                           1                           2                           3

0                                                        0                           8                           1                           6
1                                                        0                           8                          11                           1
2                                                        1                           6                           2                           6
3                                                        1                           6                           9                           6
4                                                        1                           6                          10                           6
5                                                        2                           6                           3                           6
6                                                        2                           6                          12                           1
7                                                        2                           6                          13                           1
8                                                        3                           6                           4                           6
9                                                        3                           6                           8                           6
10                                                       3                           6                          14                           1
11                                                       4                           6                           5                           6
12                                                       4                           6                          15                           1
13                                                       4                           6                          16                           1
14                                                       5                           6                           6                           6
15                                                       5                           6                          10                           6
16                                                       5                           6                          17                           1
17                                                       6                           6                           7                           6
18                                                       6                           6                          18                           1
19                                                       6                           6                          19                           1
20                                                       7                           6                           8                           6
21                                                       7                           6                           9                           6
22                                                       7                           6                          20                           1
23                                                       8                           6                          21                           1
24                                                       8                           6                          22                           1
25                                                       9                           6                          23                           1
26                                                       9                           6                          24                           1
27                                                      10                           6                          25                           1
28                                                      10                           6                          26                           1
   &BondOrders [&Type "ArrayOfDoubles", &Dim (29,1)] "The bond orders"
                                                         0

0                                      8.4885970305028691e-01
1                                      8.7718102474108572e-01
2                                      9.5068165053158415e-01
3                                      9.6484028286902535e-01
4                                      9.5068165053158404e-01
5                                      8.8781911602512231e-01
6                                      9.5955642640406857e-01
7                                      9.5755343785440239e-01
8                                      9.3008435082341068e-01
9                                      9.3133930876003701e-01
10                                     8.6950444352025502e-01
11                                     9.3008435082341090e-01
12                                     9.6445630499566481e-01
13                                     9.6314004604657211e-01
14                                     9.3133930876003701e-01
15                                     8.8781911602512276e-01
16                                     8.6950444352025458e-01
17                                     9.3030444762194153e-01
18                                     9.6410273349480402e-01
19                                     9.6212642761117884e-01
20                                     9.3030444762194175e-01
21                                     9.0084713647193460e-01
22                                     8.7404194661359147e-01
23                                     9.6410273349480391e-01
24                                     9.6212642761117861e-01
25                                     9.6157232310026897e-01
26                                     9.6157232310026897e-01
27                                     9.5955642640406857e-01
28                                     9.5755343785440217e-01
   &ATNO [&Type "ArrayOfIntegers", &Dim (27,1)] "Atomic number of the elements"
                                                         0

0                                                        8
1                                                        6
2                                                        6
3                                                        6
4                                                        6
5                                                        6
6                                                        6
7                                                        6
8                                                        6
9                                                        6
10                                                       6
11                                                       1
12                                                       1
13                                                       1
14                                                       1
15                                                       1
16                                                       1
17                                                       1
18                                                       1
19                                                       1
20                                                       1
21                                                       1
22                                                       1
23                                                       1
24                                                       1
25                                                       1
26                                                       1
   &NA [&Type "ArrayOfDoubles", &Dim (27,1)] "Mulliken gross atomic population"
                                                         0

0                                      8.4914736052681867e+00
1                                      5.7808482741579352e+00
2                                      6.4300415266508244e+00
3                                      5.9479816162527221e+00
4                                      6.4585070798495430e+00
5                                      5.9479816162527204e+00
6                                      6.4571691018244719e+00
7                                      5.9530160566331887e+00
8                                      6.4571691018244719e+00
9                                      6.4679727512123257e+00
10                                     6.4300415266508253e+00
11                                     6.6114758016189656e-01
12                                     8.3115236073411869e-01
13                                     8.3218597195476685e-01
14                                     8.3936041862076161e-01
15                                     8.3245075240850697e-01
16                                     8.3795583019953401e-01
17                                     8.3936041862076216e-01
18                                     8.3238524092149591e-01
19                                     8.3792802243055298e-01
20                                     8.3925523357878873e-01
21                                     8.3238524092149613e-01
22                                     8.3792802243055275e-01
23                                     8.3048215887536148e-01
24                                     8.3048215887536148e-01
25                                     8.3115236073411936e-01
26                                     8.3218597195476640e-01
   &ZA [&Type "ArrayOfDoubles", &Dim (27,1)] "Total nuclear charge"
                                                         0

0                                      8.0000000000000000e+00
1                                      6.0000000000000000e+00
2                                      6.0000000000000000e+00
3                                      6.0000000000000000e+00
4                                      6.0000000000000000e+00
5                                      6.0000000000000000e+00
6                                      6.0000000000000000e+00
7                                      6.0000000000000000e+00
8                                      6.0000000000000000e+00
9                                      6.0000000000000000e+00
10                                     6.0000000000000000e+00
11                                     1.0000000000000000e+00
12                                     1.0000000000000000e+00
13                                     1.0000000000000000e+00
14                                     1.0000000000000000e+00
15                                     1.0000000000000000e+00
16                                     1.0000000000000000e+00
17                                     1.0000000000000000e+00
18                                     1.0000000000000000e+00
19                                     1.0000000000000000e+00
20                                     1.0000000000000000e+00
21                                     1.0000000000000000e+00
22                                     1.0000000000000000e+00
23                                     1.0000000000000000e+00
24                                     1.0000000000000000e+00
25                                     1.0000000000000000e+00
26                                     1.0000000000000000e+00
   &QA [&Type "ArrayOfDoubles", &Dim (27,1)] "Mulliken gross atomic charge"
                                                         0

0                                     -4.9147360526818673e-01
1                                      2.1915172584206477e-01
2                                     -4.3004152665082440e-01
3                                      5.2018383747277852e-02
4                                     -4.5850707984954298e-01
5                                      5.2018383747279628e-02
6                                     -4.5716910182447190e-01
7                                      4.6983943366811332e-02
8                                     -4.5716910182447190e-01
9                                     -4.6797275121232573e-01
10                                    -4.3004152665082529e-01
11                                     3.3885241983810344e-01
12                                     1.6884763926588131e-01
13                                     1.6781402804523315e-01
14                                     1.6063958137923839e-01
15                                     1.6754924759149303e-01
16                                     1.6204416980046599e-01
17                                     1.6063958137923784e-01
18                                     1.6761475907850409e-01
19                                     1.6207197756944702e-01
20                                     1.6074476642121127e-01
21                                     1.6761475907850387e-01
22                                     1.6207197756944725e-01
23                                     1.6951784112463852e-01
24                                     1.6951784112463852e-01
25                                     1.6884763926588064e-01
26                                     1.6781402804523360e-01
   &VA [&Type "ArrayOfDoubles", &Dim (27,1)] "Mayer's total valence"
                                                         0

0                                      1.7281107684583610e+00
1                                      3.6435345163067674e+00
2                                      3.6395288684441773e+00
3                                      3.4459519432197170e+00
4                                      3.7296906812518742e+00
5                                      3.4459519432197099e+00
6                                      3.7279047761332222e+00
7                                      3.4762788157196289e+00
8                                      3.7279047761332209e+00
9                                      3.7475564466803259e+00
10                                     3.6395288684441756e+00
11                                     8.8629424530514656e-01
12                                     9.6173403284462899e-01
13                                     9.6180556790451843e-01
14                                     9.5059668616375181e-01
15                                     9.5806945739217431e-01
16                                     9.6040145208668282e-01
17                                     9.5059668616375270e-01
18                                     9.5797753615964520e-01
19                                     9.6025372736177406e-01
20                                     9.5130648108397975e-01
21                                     9.5797753615964587e-01
22                                     9.6025372736177361e-01
23                                     9.5984434943815711e-01
24                                     9.5984434943815722e-01
25                                     9.6173403284462966e-01
26                                     9.6180556790451799e-01
   &BVA [&Type "ArrayOfDoubles", &Dim (27,1)] "Mayer's bonded valence"
                                                         0

0                                      1.7281107684583921e+00
1                                      3.6435345163067989e+00
2                                      3.6395288684441791e+00
3                                      3.4459519432197445e+00
4                                      3.7296906812518595e+00
5                                      3.4459519432197423e+00
6                                      3.7279047761332280e+00
7                                      3.4762788157196201e+00
8                                      3.7279047761332298e+00
9                                      3.7475564466803313e+00
10                                     3.6395288684441809e+00
11                                     8.8629424530514878e-01
12                                     9.6173403284462966e-01
13                                     9.6180556790451921e-01
14                                     9.5059668616375315e-01
15                                     9.5806945739217186e-01
16                                     9.6040145208667949e-01
17                                     9.5059668616375281e-01
18                                     9.5797753615964465e-01
19                                     9.6025372736177139e-01
20                                     9.5130648108397753e-01
21                                     9.5797753615964476e-01
22                                     9.6025372736177095e-01
23                                     9.5984434943815566e-01
24                                     9.5984434943815566e-01
25                                     9.6173403284463010e-01
26                                     9.6180556790451910e-01
   &FA [&Type "ArrayOfDoubles", &Dim (27,1)] "Mayer's free valence"
                                                         0

0                                      0.0000000000000000e+00
1                                      0.0000000000000000e+00
2                                      0.0000000000000000e+00
3                                      0.0000000000000000e+00
4                                      0.0000000000000000e+00
5                                      0.0000000000000000e+00
6                                      0.0000000000000000e+00
7                                      0.0000000000000000e+00
8                                      0.0000000000000000e+00
9                                      0.0000000000000000e+00
10                                     0.0000000000000000e+00
11                                     0.0000000000000000e+00
12                                     0.0000000000000000e+00
13                                     0.0000000000000000e+00
14                                     0.0000000000000000e+00
15                                     0.0000000000000000e+00
16                                     0.0000000000000000e+00
17                                     0.0000000000000000e+00
18                                     0.0000000000000000e+00
19                                     0.0000000000000000e+00
20                                     0.0000000000000000e+00
21                                     0.0000000000000000e+00
22                                     0.0000000000000000e+00
23                                     0.0000000000000000e+00
24                                     0.0000000000000000e+00
25                                     0.0000000000000000e+00
26                                     0.0000000000000000e+00
   &Method [&Type "String"] "SCF"
   &Level [&Type "String"] "Relaxed density"
   &Mult [&Type "Integer"] 1
   &State [&Type "Integer"] -1
   &Irrep [&Type "Integer"] 0
$End
$SCF_Energy
   &GeometryIndex 1
   &Method [&Type "String"] "SCF"
   &totalEnergy [&Type "ArrayOfDoubles", &Dim (1,1)] "Total energy of each state"
                                                         0

0                                     -4.6585477754343037e+02
   &Mult [&Type "ArrayOfIntegers", &Dim (1,1)] "Multiplicity of each state"
                                                         0

0                                                        1
   &Irrep [&Type "ArrayOfIntegers", &Dim (1,1)] "Irreducible representation of each state"
                                                         0

0                                                        0
$End
$DFT_Energy
   &GeometryIndex 1
   &nAlphaEl [&Type "Integer"] 41
   &nBetaEl [&Type "Integer"] 41
   &nTotalEl [&Type "Integer"] 83
   &finalEn [&Type "Double"]      -4.6585477754343037e+02  "No Van der Waals correction"
   &eExchange [&Type "Double"]      -6.6112083639369104e+01
   &eCorr [&Type "Double"]      -2.7070910382109190e+00
   &eXC [&Type "Double"]      -6.8819174677580023e+01
   &eCNL [&Type "Double"]       0.0000000000000000e+00
$End
$Solvation_Details
   &GeometryIndex 1
   &Solvent [&Type "String"] "METHANOL"
   &Epsilon [&Type "Double"]       3.2613000000000000e+01
   &Refrac [&Type "Double"]       1.3288000000000000e+00
   &RSolv [&Type "Double"]       1.3000000000000000e+00
   &SurfaceType [&Type "String"] "GAUSSIAN VDW"
   &CPCMDielEnergy [&Type "Double"]      -1.4043392000000000e-02
   &NPoints [&Type "Integer"] 1760
   &SurfaceArea [&Type "Double"]       6.2796228709599995e+02
$End
$SCF_Timings
   &GeometryIndex 1
   &TOTAL [&Type "Double"]       4.6460999999999999e+01
   &PREP [&Type "Double"]       3.6810000000000000e+00
   &FOCK [&Type "Double"]       4.2337000000000010e+01
   &DENS [&Type "Double"]       3.3299999999999841e-01
   &ETOT [&Type "Double"]       1.1999999999999211e-01
   &POP [&Type "Double"]       9.9999999999994316e-02
   &TRAFO [&Type "Double"]       1.1100000000000065e-01
   &DIIS [&Type "Double"]       4.6800000000000175e-01
   &SOSCF [&Type "Double"]       3.3099999999999952e-01
   &XC [&Type "Double"]       3.0358000000000001e+01
   &FOCKSTART [&Type "Double"]       2.8000000000010239e-02
   &SOLV [&Type "Double"]       8.0949999999999989e+00
   &SOLV_INIT [&Type "Double"]       2.9960000000000004e+00
   &INT_BF [&Type "Double"]       4.6060000000001766e+00
   &INT_DENS [&Type "Double"]       9.5159999999997424e+00
   &INT_DENSIO [&Type "Double"]       1.7987151400000011e+05
   &INT_FUNC [&Type "Double"]       1.2440000000001419e+00
   &INT_POT [&Type "Double"]       1.1573999999999963e+01
   &INT_POTIO [&Type "Double"]       2.8199999999996628e-01
   &SPLITRIJ [&Type "Double"]       5.7709999999999946e+00
$End
$VdW_Correction
   &GeometryIndex 1
   &vdW [&Type "Double"]      -1.0810224001718939e-02
$End
$gCP_Energy
   &GeometryIndex 1
   &gCP_Energy [&Type "Double"]       1.1289282400000000e-02
$End
$Single_Point_Data
   &GeometryIndex 1
   &FinalEnergy [&Type "Double"]      -4.6585429848503207e+02  "Final single point energy"
   &Converged [&Type "Boolean"] true
$End
$SCF_Nuc_Gradient
   &GeometryIndex 1
   &NAtoms [&Type "Integer"] 27
   &gradNorm [&Type "Double"]       9.8246343312380306e-03
   &grad [&Type "ArrayOfDoubles", &Dim (81,1)] 
                                                         0

0                                     -1.9093962149921602e-03
1                                     -3.5939349727853566e-03
2                                     -1.2001064064526720e-09
3                                      1.7019270482413595e-03
4                                      7.3812822399548931e-03
5                                     -5.3099142120359087e-10
6                                      8.1413942085044831e-04
7                                     -1.7263127791227058e-03
8                                     -2.8910186838763003e-04
9                                     -5.6665181493868613e-04
10                                     3.4240239727037556e-04
11                                    -1.3536999944583364e-04
12                                     1.0624776809112658e-04
13                                    -4.3410106477449024e-04
14                                    -3.1808851308638249e-09
15                                    -5.6664869854032118e-04
16                                     3.4240265493508263e-04
17                                     1.3536826020780932e-04
18                                     6.7223694464813377e-05
19                                    -2.0941889036614974e-04
20                                    -9.2548696301719620e-05
21                                    -2.7795502952888512e-04
22                                     6.3487945456260867e-04
23                                    -2.3916889994109173e-09
24                                     6.7220622290617822e-05
25                                    -2.0941303932555316e-04
26                                     9.2556969224135940e-05
27                                     6.2602304483121629e-04
28                                    -5.0541381642561800e-04
29                                    -2.2888247311469663e-09
30                                     8.1414062023704866e-04
31                                    -1.7263147371799359e-03
32                                     2.8910585523829897e-04
33                                     2.1476999168569310e-03
34                                    -1.6492517191802529e-03
35                                     7.5340235830790669e-10
36                                    -3.3199174516593581e-04
37                                     5.2231750575995248e-04
38                                     7.1548332196802466e-04
39                                    -4.4262656485850264e-04
40                                    -9.8238108051856908e-06
41                                    -3.9914864206303945e-04
42                                    -7.3197784002671375e-06
43                                    -2.6042612903048803e-04
44                                     3.7367640167119113e-05
45                                    -2.3263086093733691e-04
46                                     2.0787878554938671e-04
47                                     1.5196984606533153e-09
48                                    -1.7578287952560315e-05
49                                    -2.2533374253837950e-04
50                                     1.2516962801493450e-10
51                                    -7.3165954699032267e-06
52                                    -2.6042344176369688e-04
53                                    -3.7372753532433669e-05
54                                    -8.5393442788547405e-06
55                                     9.1235907409780456e-05
56                                     2.5985547593717088e-04
57                                    -1.5328471228426247e-04
58                                    -1.6537896106393442e-04
59                                    -1.9125118639411778e-04
60                                    -1.3936303253511879e-04
61                                    -6.5217634190416662e-05
62                                     1.2326753791147418e-09
63                                    -8.5388351923109459e-06
64                                     9.1236800833476863e-05
65                                    -2.5985517624519799e-04
66                                    -1.5328262679661892e-04
67                                    -1.6538106808800321e-04
68                                     1.9124823309931501e-04
69                                    -3.7344180355762969e-04
70                                     5.4000751720087664e-04
71                                     8.4882199076607968e-04
72                                    -3.7343883527101308e-04
73                                     5.4001039384372418e-04
74                                    -8.4881907921599531e-04
75                                    -3.3199359594327286e-04
76                                     5.2231810091828493e-04
77                                    -7.1548157244225009e-04
78                                    -4.4262375850821176e-04
79                                    -9.8259489195656811e-06
80                                     3.9914718921767102e-04
   &Method [&Type "String"] "SCF"
   &Level [&Type "String"] "Relaxed density"
   &Mult [&Type "Integer"] 1
   &State [&Type "Integer"] 0
   &Irrep [&Type "Integer"] 0
$End
$Geometry
   &GeometryIndex 2
   &NAtoms [&Type "Integer"] 27
   &NCorelessECP [&Type "Integer"] 0
   &NGhostAtoms [&Type "Integer"] 0
   &CartesianCoordinates [&Type "Coordinates", &Dim(27,4), &Units "Bohr"] 
              O      1.315144822658    4.846496560463    0.000000000000
              C      0.546124563166    2.237937506684    0.000000000000
              C     -1.009519613985    1.619031785287   -2.364272344489
              C     -1.708139510184   -1.201278219467   -2.372615226987
              C     -3.265585009245   -1.812002378264    0.000000000000
              C     -1.708139510184   -1.201278219467    2.372615226987
              C      0.724812219015   -2.785934889513    2.369155714715
              C      2.285670265806   -2.168153630096    0.000000000000
              C      0.724812219015   -2.785934889513   -2.369155714715
              C      2.964289958256    0.655407304442    0.000000000000
              C     -1.009519613985    1.619031785287    2.364272344489
              H     -0.196718970748    5.875433745304    0.000000000000
              H      0.098527672942    2.104943530816   -4.052215641106
              H     -2.730278316153    2.785857947257   -2.385061239371
              H     -2.821850563817   -1.629482395052   -4.071061267039
              H     -3.799201101052   -3.818348219046    0.000000000000
              H     -5.023799778477   -0.706613126429    0.000000000000
              H     -2.821850563817   -1.629482395052    4.071061267039
              H      0.252165773798   -4.807307623140    2.396974415902
              H      1.835791487299   -2.388230968346    4.077923184434
              H      4.031922153419   -3.289971535811    0.000000000000
              H      0.252165773798   -4.807307623140   -2.396974415902
              H      1.835791487299   -2.388230968346   -4.077923184434
              H      4.092347112108    1.135637021344   -1.676108413810
              H      4.092347112108    1.135637021344    1.676108413810
              H      0.098527672942    2.104943530816    4.052215641106
              H     -2.730278316153    2.785857947257    2.385061239371
$End
$SCF_Energy
   &GeometryIndex 2
   &Method [&Type "String"] "SCF"
   &totalEnergy [&Type "ArrayOfDoubles", &Dim (1,1)] "Total energy of each state"
                                                         0

0                                     -4.6585487150590046e+02
   &Mult [&Type "ArrayOfIntegers", &Dim (1,1)] "Multiplicity of each state"
                                                         0

0                                                        1
   &Irrep [&Type "ArrayOfIntegers", &Dim (1,1)] "Irreducible representation of each state"
                                                         0

0                                                        0
$End
$DFT_Energy
   &GeometryIndex 2
   &nAlphaEl [&Type "Integer"] 41
   &nBetaEl [&Type "Integer"] 41
   &nTotalEl [&Type "Integer"] 83
   &finalEn [&Type "Double"]      -4.6585487150590046e+02  "No Van der Waals correction"
   &eExchange [&Type "Double"]      -6.6107747972777531e+01
   &eCorr [&Type "Double"]      -2.7068908707230861e+00
   &eXC [&Type "Double"]      -6.8814638843500617e+01
   &eCNL [&Type "Double"]       0.0000000000000000e+00
$End
$Solvation_Details
   &GeometryIndex 2
   &Solvent [&Type "String"] "METHANOL"
   &Epsilon [&Type "Double"]       3.2613000000000000e+01
   &Refrac [&Type "Double"]       1.3288000000000000e+00
   &RSolv [&Type "Double"]       1.3000000000000000e+00
   &SurfaceType [&Type "String"] "GAUSSIAN VDW"
   &CPCMDielEnergy [&Type "Double"]      -1.4254100000000000e-02
   &NPoints [&Type "Integer"] 1760
   &SurfaceArea [&Type "Double"]       6.2827847913799997e+02
$End
$SCF_Timings
   &GeometryIndex 2
   &TOTAL [&Type "Double"]       2.7143000000000001e+01
   &PREP [&Type "Double"]       4.6800000000000003e-01
   &FOCK [&Type "Double"]       2.3739000000000001e+01
   &DENS [&Type "Double"]       2.8099999999999881e-01
   &ETOT [&Type "Double"]       8.1999999999998074e-02
   &TRAFO [&Type "Double"]       4.1999999999998039e-02
   &DIIS [&Type "Double"]       6.4999999999999503e-02
   &SOSCF [&Type "Double"]       4.6700000000000141e-01
   &XC [&Type "Double"]       1.7397000000000002e+01
   &FOCKSTART [&Type "Double"]       1.7999999999997240e-02
   &SOLV [&Type "Double"]       4.9880000000000067e+00
   &SOLV_INIT [&Type "Double"]       1.8500000000000003e-01
   &INT_BF [&Type "Double"]       3.1100000000000603e+00
   &INT_DENS [&Type "Double"]       5.9300000000000166e+00
   &INT_DENSIO [&Type "Double"]       6.5129382000000012e+04
   &INT_FUNC [&Type "Double"]       7.7600000000005642e-01
   &INT_POT [&Type "Double"]       6.2009999999998575e+00
   &INT_POTIO [&Type "Double"]       1.0100000000000220e-01
   &SPLITRIJ [&Type "Double"]       3.3350000000000035e+00
$End
$VdW_Correction
   &GeometryIndex 2
   &vdW [&Type "Double"]      -1.0809781022621472e-02
$End
$gCP_Energy
   &GeometryIndex 2
   &gCP_Energy [&Type "Double"]       1.1284805900000000e-02
$End
$Single_Point_Data
   &GeometryIndex 2
   &FinalEnergy [&Type "Double"]      -4.6585439648102306e+02  "Final single point energy"
   &Converged [&Type "Boolean"] true
$End
$SCF_Nuc_Gradient
   &GeometryIndex 2
   &NAtoms [&Type "Integer"] 27
   &gradNorm [&Type "Double"]       5.5904082364555824e-03
   &grad [&Type "ArrayOfDoubles", &Dim (81,1)] 
                                                         0

0                                     -5.8260498694358981e-04
1                                     -2.5744550136066538e-03
2                                     -4.9374644101914921e-10
3                                      1.2283931714874535e-03
4                                      3.9973348391419555e-03
5                                      1.7496666115701503e-09
6                                     -2.3061238814310180e-05
7                                     -1.0838376447908395e-03
8                                      8.8000741098661088e-05
9                                     -2.4957365702184958e-04
10                                     3.8246616741873532e-04
11                                     2.2564032874398607e-06
12                                     1.8448787566668510e-04
13                                    -2.0260637689971289e-05
14                                    -1.2847068890439256e-09
15                                    -2.4957280157572571e-04
16                                     3.8246819430473388e-04
17                                    -2.2547812127504229e-06
18                                     6.9718740702041991e-05
19                                    -7.8559590721631337e-05
20                                    -1.6923710590718711e-04
21                                     1.0130943347296754e-04
22                                     4.2404649596433142e-04
23                                    -4.6737104027286444e-10
24                                     6.9718237017225967e-05
25                                    -7.8557956589884765e-05
26                                     1.6924302138518347e-04
27                                    -2.2242911271983743e-05
28                                    -1.6405025490775641e-03
29                                    -1.2797103643862434e-09
30                                    -2.3057280048772685e-05
31                                    -1.0838377257317046e-03
32                                    -8.8001385712495892e-05
33                                     6.1560310862684769e-05
34                                     3.4897996168235318e-04
35                                     6.4344377168650706e-10
36                                    -1.6078199214261289e-05
37                                     3.8674363098643470e-04
38                                     9.7476960464918413e-05
39                                    -1.4837471514527823e-04
40                                    -3.7099375978743302e-05
41                                    -2.2311712739496003e-04
42                                    -2.5875754031738597e-06
43                                    -8.3563700403480046e-05
44                                     3.6194332289767668e-05
45                                    -1.2812466113922116e-04
46                                     6.3739030230578451e-05
47                                    -1.3780145349509966e-10
48                                    -7.9617187443936654e-05
49                                    -7.6445322507404101e-05
50                                    -1.3247868750581942e-09
51                                    -2.5877772713905011e-06
52                                    -8.3563256073233906e-05
53                                    -3.6194117801479183e-05
54                                     1.2121824825626245e-05
55                                     1.1777960071351445e-06
56                                     1.2396174622033543e-04
57                                    -1.1170105600566340e-05
58                                    -6.7045525090061499e-05
59                                     2.3176460722564398e-05
60                                    -3.0276130690984598e-05
61                                    -1.2349991428597110e-04
62                                    -1.3839811664345093e-10
63                                     1.2122291045661181e-05
64                                     1.1790889150270034e-06
65                                    -1.2396237859695389e-04
66                                    -1.1170388423359438e-05
67                                    -6.7043674019798811e-05
68                                    -2.3176335523157729e-05
69                                     2.5612771679525345e-06
70                                     3.8024700101758023e-04
71                                     1.2749956529120815e-04
72                                     2.5631356927590808e-06
73                                     3.8024814550271190e-04
74                                    -1.2749879055357289e-04
75                                    -1.6080591864228250e-05
76                                     3.8674053453200151e-04
77                                    -9.7482329998846797e-05
78                                    -1.4837609130146745e-04
79                                    -3.7098997446898490e-05
80                                     2.2311785640733361e-04
   &Method [&Type "String"] "SCF"
   &Level [&Type "String"] "Relaxed density"
   &Mult [&Type "Integer"] 1
   &State [&Type "Integer"] 0
   &Irrep [&Type "Integer"] 0
$End
$Geometry
   &GeometryIndex 3
   &NAtoms [&Type "Integer"] 27
   &NCorelessECP [&Type "Integer"] 0
   &NGhostAtoms [&Type "Integer"] 0
   &CartesianCoordinates [&Type "Coordinates", &Dim(27,4), &Units "Bohr"] 
              O      1.308459317846    4.851985941343    0.000000000000
              C      0.545723782822    2.232398114404    0.000000000000
              C     -1.007979268150    1.619020549969   -2.364696442880
              C     -1.707290198237   -1.201487813193   -2.372759953225
              C     -3.265036027434   -1.811258564008    0.000000000000
              C     -1.707290198237   -1.201487813193    2.372759953225
              C      0.725248887075   -2.786159792759    2.369311179228
              C      2.286300044648   -2.168862972382    0.000000000000
              C      0.725248887075   -2.786159792759   -2.369311179228
              C      2.965745947707    0.655490914427    0.000000000000
              C     -1.007979268150    1.619020549969    2.364696442880
              H     -0.209556607774    5.872505772239    0.000000000000
              H      0.101804151961    2.099468303693   -4.053412917812
              H     -2.725866072682    2.788993054873   -2.383419488743
              H     -2.821048052402   -1.628183167883   -4.071598997285
              H     -3.798243533596   -3.817884211221    0.000000000000
              H     -5.022150659755   -0.704203714664    0.000000000000
              H     -2.821048052402   -1.628183167883    4.071598997285
              H      0.252138502959   -4.807507176738    2.395394334207
              H      1.836407920425   -2.388436958231    4.078090097516
              H      4.033032973731   -3.289668824598    0.000000000000
              H      0.252138502959   -4.807507176738   -2.395394334207
              H      1.836407920425   -2.388436958231   -4.078090097516
              H      4.093895819517    1.131006072080   -1.677883454757
              H      4.093895819517    1.131006072080    1.677883454757
              H      0.101804151961    2.099468303693    4.053412917812
              H     -2.725866072682    2.788993054873    2.383419488743
$End
$SCF_Energy
   &GeometryIndex 3
   &Method [&Type "String"] "SCF"
   &totalEnergy [&Type "ArrayOfDoubles", &Dim (1,1)] "Total energy of each state"
                                                         0

0                                     -4.6585489858517423e+02
   &Mult [&Type "ArrayOfIntegers", &Dim (1,1)] "Multiplicity of each state"
                                                         0

0                                                        1
   &Irrep [&Type "ArrayOfIntegers", &Dim (1,1)] "Irreducible representation of each state"
                                                         0

0                                                        0
$End
$DFT_Energy
   &GeometryIndex 3
   &nAlphaEl [&Type "Integer"] 41
   &nBetaEl [&Type "Integer"] 41
   &nTotalEl [&Type "Integer"] 83
   &finalEn [&Type "Double"]      -4.6585489858517423e+02  "No Van der Waals correction"
   &eExchange [&Type "Double"]      -6.6106585680505447e+01
   &eCorr [&Type "Double"]      -2.7068086576602459e+00
   &eXC [&Type "Double"]      -6.8813394338165693e+01
   &eCNL [&Type "Double"]       0.0000000000000000e+00
$End
$Solvation_Details
   &GeometryIndex 3
   &Solvent [&Type "String"] "METHANOL"
   &Epsilon [&Type "Double"]       3.2613000000000000e+01
   &Refrac [&Type "Double"]       1.3288000000000000e+00
   &RSolv [&Type "Double"]       1.3000000000000000e+00
   &SurfaceType [&Type "String"] "GAUSSIAN VDW"
   &CPCMDielEnergy [&Type "Double"]      -1.4397294000000000e-02
   &NPoints [&Type "Integer"] 1760
   &SurfaceArea [&Type "Double"]       6.2837276247099999e+02
$End
$SCF_Timings
   &GeometryIndex 3
   &TOTAL [&Type "Double"]       2.2279000000000003e+01
   &PREP [&Type "Double"]       4.4700000000000001e-01
   &FOCK [&Type "Double"]       1.9085000000000001e+01
   &DENS [&Type "Double"]       9.7000000000001307e-02
   &ETOT [&Type "Double"]       6.1000000000003496e-02
   &TRAFO [&Type "Double"]       4.2000000000001592e-02
   &DIIS [&Type "Double"]       6.0000000000000497e-02
   &SOSCF [&Type "Double"]       2.9499999999999549e-01
   &XC [&Type "Double"]       1.4693999999999996e+01
   &FOCKSTART [&Type "Double"]       1.5000000000002789e-02
   &SOLV [&Type "Double"]       3.9709999999999974e+00
   &SOLV_INIT [&Type "Double"]       2.2399999999999998e-01
   &INT_BF [&Type "Double"]       2.4109999999999450e+00
   &INT_DENS [&Type "Double"]       4.9140000000000228e+00
   &INT_DENSIO [&Type "Double"]       4.2317499000000018e+04
   &INT_FUNC [&Type "Double"]       6.4100000000000223e-01
   &INT_POT [&Type "Double"]       5.6650000000000142e+00
   &INT_POTIO [&Type "Double"]       8.9000000000003077e-02
   &SPLITRIJ [&Type "Double"]       2.6619999999999981e+00
$End
$VdW_Correction
   &GeometryIndex 3
   &vdW [&Type "Double"]      -1.0810323152643311e-02
$End
$gCP_Energy
   &GeometryIndex 3
   &gCP_Energy [&Type "Double"]       1.1283312800000000e-02
$End
$Single_Point_Data
   &GeometryIndex 3
   &FinalEnergy [&Type "Double"]      -4.6585442559552689e+02  "Final single point energy"
   &Converged [&Type "Boolean"] true
$End
$SCF_Nuc_Gradient
   &GeometryIndex 3
   &NAtoms [&Type "Integer"] 27
   &gradNorm [&Type "Double"]       2.1167965595716861e-03
   &grad [&Type "ArrayOfDoubles", &Dim (81,1)] 
                                                         0

0                                     -3.4934325466894729e-04
1                                     -8.1435030152053048e-04
2                                      1.2086244920838438e-09
3                                      4.2933232568789813e-04
4                                      1.0123624964110960e-03
5                                      6.8847518060521581e-10
6                                     -2.2265635693875758e-04
7                                     -4.1260543923062032e-04
8                                      8.9374388928751213e-05
9                                      4.1746386096711124e-05
10                                     2.2691487416199910e-04
11                                     2.9481474968829903e-05
12                                     1.0803120136631270e-04
13                                     1.1586255272621305e-04
14                                     3.3032417104267940e-09
15                                     4.1747272576374793e-05
16                                     2.2691591747096685e-04
17                                    -2.9483644387279988e-05
18                                    -3.8438669887188513e-06
19                                    -1.9413433933512317e-05
20                                    -7.6880274869838244e-05
21                                     1.5810879804851449e-04
22                                     2.5496671197364635e-04
23                                    -2.9746148812210908e-10
24                                    -3.8472564933820542e-06
25                                    -1.9407943782720052e-05
26                                     7.6890117906682170e-05
27                                    -1.5785910287070370e-04
28                                    -1.1563599585044560e-03
29                                    -1.3326064252884576e-09
30                                    -2.2265664386329726e-04
31                                    -4.1260865864334946e-04
32                                    -8.9376246798664465e-05
33                                    -1.1935967958575863e-04
34                                     4.7965018712309277e-04
35                                     4.6606266899012512e-10
36                                     5.9170428523057768e-05
37                                     1.5430640077849256e-04
38                                    -1.0584642763468335e-04
39                                     4.1423521578149445e-05
40                                    -3.1050508644214715e-06
41                                    -4.6448044990512631e-05
42                                     1.7437534316348032e-06
43                                     4.5652104094515481e-06
44                                    -1.9239426854913012e-06
45                                    -3.8384134762845689e-05
46                                    -1.6526613620355480e-05
47                                    -2.6099455926342399e-10
48                                    -3.8875216747490029e-05
49                                     2.9859841809184019e-06
50                                     9.8290396448136186e-10
51                                     1.7455251289236261e-06
52                                     4.5665321058011764e-06
53                                     1.9206870520062521e-06
54                                    -3.5455342476440699e-07
55                                    -1.9489210543064620e-05
56                                     2.5891555768464819e-05
57                                     1.4483573367702739e-05
58                                    -4.0991537526338098e-06
59                                     5.0035294392057042e-05
60                                    -1.6798568241033381e-05
61                                    -5.4011064684419952e-05
62                                    -7.4306161283098558e-10
63                                    -3.5387222855393812e-07
64                                    -1.9492462945633891e-05
65                                    -2.5894553645446877e-05
66                                     1.4484787177894366e-05
67                                    -4.1025642630775018e-06
68                                    -5.0039466721372799e-05
69                                     8.0860934065320731e-05
70                                     1.6063745497123092e-04
71                                    -1.1163189343056353e-04
72                                     8.0861298078140618e-05
73                                     1.6063699951564101e-04
74                                     1.1163276834462140e-04
75                                     5.9168066504920969e-05
76                                     1.5430739014195172e-04
77                                     1.0584743671189419e-04
78                                     4.1424635482479601e-05
79                                    -3.1068511324951653e-06
80                                     4.6446756830862895e-05
   &Method [&Type "String"] "SCF"
   &Level [&Type "String"] "Relaxed density"
   &Mult [&Type "Integer"] 1
   &State [&Type "Integer"] 0
   &Irrep [&Type "Integer"] 0
$End
$Geometry
   &GeometryIndex 4
   &NAtoms [&Type "Integer"] 27
   &NCorelessECP [&Type "Integer"] 0
   &NGhostAtoms [&Type "Integer"] 0
   &CartesianCoordinates [&Type "Coordinates", &Dim(27,4), &Units "Bohr"] 
              O      1.308573179713    4.853278954513    0.000000000000
              C      0.545680614213    2.230622179012    0.000000000000
              C     -1.007412736220    1.619056615518   -2.364781227552
              C     -1.707627206355   -1.201953556548   -2.372764547303
              C     -3.265470968643   -1.811890292500    0.000000000000
              C     -1.707627206355   -1.201953556548    2.372764547303
              C      0.725036522456   -2.786108091557    2.369282379005
              C      2.286056072365   -2.168385526215    0.000000000000
              C      0.725036522456   -2.786108091557   -2.369282379005
              C      2.966079800256    0.657025455867    0.000000000000
              C     -1.007412736220    1.619056615518    2.364781227552
              H     -0.211714774483    5.869602870454    0.000000000000
              H      0.103051238772    2.096867832551   -4.053341290848
              H     -2.724447604683    2.790235353432   -2.383182645508
              H     -2.821290199939   -1.628276125834   -4.071757796678
              H     -3.798057862059   -3.818617366179    0.000000000000
              H     -5.022384485918   -0.704678536737    0.000000000000
              H     -2.821290199939   -1.628276125834    4.071757796678
              H      0.252132961843   -4.807477211994    2.394550250061
              H      1.836123256079   -2.388395449988    4.077978058192
              H      4.033152958965   -3.288530807296    0.000000000000
              H      0.252132961843   -4.807477211994   -2.394550250061
              H      1.836123256079   -2.388395449988   -4.077978058192
              H      4.094010721776    1.130472013585   -1.678117438026
              H      4.094010721776    1.130472013585    1.678117438026
              H      0.103051238772    2.096867832551    4.053341290848
              H     -2.724447604683    2.790235353432    2.383182645508
$End
$SCF_Energy
   &GeometryIndex 4
   &Method [&Type "String"] "SCF"
   &totalEnergy [&Type "ArrayOfDoubles", &Dim (1,1)] "Total energy of each state"
                                                         0

0                                     -4.6585490285440579e+02
   &Mult [&Type "ArrayOfIntegers", &Dim (1,1)] "Multiplicity of each state"
                                                         0

0                                                        1
   &Irrep [&Type "ArrayOfIntegers", &Dim (1,1)] "Irreducible representation of each state"
                                                         0

0                                                        0
$End
$DFT_Energy
   &GeometryIndex 4
   &nAlphaEl [&Type "Integer"] 41
   &nBetaEl [&Type "Integer"] 41
   &nTotalEl [&Type "Integer"] 83
   &finalEn [&Type "Double"]      -4.6585490285440579e+02  "No Van der Waals correction"
   &eExchange [&Type "Double"]      -6.6106592795582088e+01
   &eCorr [&Type "Double"]      -2.7067865121977808e+00
   &eXC [&Type "Double"]      -6.8813379307779869e+01
   &eCNL [&Type "Double"]       0.0000000000000000e+00
$End
$Solvation_Details
   &GeometryIndex 4
   &Solvent [&Type "String"] "METHANOL"
   &Epsilon [&Type "Double"]       3.2613000000000000e+01
   &Refrac [&Type "Double"]       1.3288000000000000e+00
   &RSolv [&Type "Double"]       1.3000000000000000e+00
   &SurfaceType [&Type "String"] "GAUSSIAN VDW"
   &CPCMDielEnergy [&Type "Double"]      -1.4435272000000001e-02
   &NPoints [&Type "Integer"] 1758
   &SurfaceArea [&Type "Double"]       6.2836166077300004e+02
$End
$SCF_Timings
   &GeometryIndex 4
   &TOTAL [&Type "Double"]       2.2407999999999998e+01
   &PREP [&Type "Double"]       5.6000000000000005e-01
   &FOCK [&Type "Double"]       1.8981000000000002e+01
   &DENS [&Type "Double"]       1.3700000000000045e-01
   &ETOT [&Type "Double"]       6.4000000000002721e-02
   &TRAFO [&Type "Double"]       4.3999999999996930e-02
   &DIIS [&Type "Double"]       5.7999999999999829e-02
   &SOSCF [&Type "Double"]       2.9099999999999770e-01
   &XC [&Type "Double"]       1.4678000000000001e+01
   &FOCKSTART [&Type "Double"]       1.5999999999998349e-02
   &SOLV [&Type "Double"]       3.9850000000000030e+00
   &SOLV_INIT [&Type "Double"]       2.5100000000000000e-01
   &INT_BF [&Type "Double"]       2.5939999999999914e+00
   &INT_DENS [&Type "Double"]       5.2919999999999954e+00
   &INT_DENSIO [&Type "Double"]       4.2856201999999976e+04
   &INT_FUNC [&Type "Double"]       6.5299999999993474e-01
   &INT_POT [&Type "Double"]       5.5690000000000666e+00
   &INT_POTIO [&Type "Double"]       8.1000000000008843e-02
   &SPLITRIJ [&Type "Double"]       2.6190000000000015e+00
$End
$VdW_Correction
   &GeometryIndex 4
   &vdW [&Type "Double"]      -1.0810563451590465e-02
$End
$gCP_Energy
   &GeometryIndex 4
   &gCP_Energy [&Type "Double"]       1.1283473500000000e-02
$End
$Single_Point_Data
   &GeometryIndex 4
   &FinalEnergy [&Type "Double"]      -4.6585442994435738e+02  "Final single point energy"
   &Converged [&Type "Boolean"] true
$End
$SCF_Nuc_Gradient
   &GeometryIndex 4
   &NAtoms [&Type "Integer"] 27
   &gradNorm [&Type "Double"]       5.9923454730110030e-04
   &grad [&Type "ArrayOfDoubles", &Dim (81,1)] 
                                                         0

0                                     -1.5832107907545864e-04
1                                     -9.7248671478099118e-05
2                                     -9.4408342596657457e-10
3                                      5.9586740357770867e-05
4                                      1.8637714206258904e-05
5                                     -6.1577262404107500e-10
6                                     -9.4394922287404628e-05
7                                     -1.1193655143813544e-04
8                                      1.7699650379734044e-06
9                                      7.6893961924771103e-05
10                                     7.7544676520991545e-05
11                                     5.6253491684012656e-06
12                                     1.3329132659258084e-05
13                                     4.8927121425464099e-05
14                                     1.0375299643591002e-09
15                                     7.6892929469215795e-05
16                                     7.7545846766267473e-05
17                                    -5.6269123673182819e-06
18                                    -3.0241130059390508e-05
19                                    -2.0675114521439682e-05
20                                    -6.0929115841511770e-06
21                                     6.4403289901850558e-05
22                                     1.2637539682297928e-04
23                                    -4.7633503432998819e-09
24                                    -3.0238994873771687e-05
25                                    -2.0669806544895895e-05
26                                     6.0994175568694761e-06
27                                    -4.1452589343870887e-05
28                                    -4.0335237736466122e-04
29                                    -2.6376689715143752e-09
30                                    -9.4395562771906814e-05
31                                    -1.1193855822939631e-04
32                                    -1.7719801274989852e-06
33                                    -3.9886853276038196e-06
34                                     1.9197441714685143e-04
35                                    -1.0779457090704743e-09
36                                     2.2480727879282551e-05
37                                     3.5284606285369175e-05
38                                    -4.6128599461015105e-05
39                                     4.7582932679140631e-05
40                                     2.8136892075180493e-05
41                                     9.9105140602860295e-06
42                                    -1.5099055246053472e-07
43                                     7.9949857189704827e-06
44                                    -6.4565258652748622e-06
45                                    -5.6908330202313075e-06
46                                    -1.0150018763024449e-05
47                                     3.1172818173639803e-10
48                                    -4.8020545266977584e-06
49                                     1.6235292530136097e-05
50                                     2.3096995922655331e-10
51                                    -1.5087700911913904e-07
52                                     7.9920578607716217e-06
53                                     6.4590933013441358e-06
54                                    -9.3538883459593240e-06
55                                    -4.8412453342671735e-06
56                                    -2.4152378760757230e-06
57                                     3.8921537005270467e-06
58                                     6.8002183954906324e-06
59                                     1.6022867127699428e-05
60                                    -1.1015236528684024e-05
61                                    -1.7155119373302077e-05
62                                     1.6204913093034875e-10
63                                    -9.3537480847053238e-06
64                                    -4.8398826217683415e-06
65                                     2.4153528416575908e-06
66                                     3.8908295629220906e-06
67                                     6.8020273436137762e-06
68                                    -1.6021031477706361e-05
69                                     2.7266395893564262e-05
70                                     4.4567878041579069e-05
71                                    -5.3321379286213710e-05
72                                     2.7268272414502628e-05
73                                     4.4567922108870579e-05
74                                     5.3324276027948972e-05
75                                     2.2479029285572366e-05
76                                     3.5284446311633575e-05
77                                     4.6128038638432504e-05
78                                     4.7584196899563586e-05
79                                     2.8135848610643291e-05
80                                    -9.9119983798063113e-06
   &Method [&Type "String"] "SCF"
   &Level [&Type "String"] "Relaxed density"
   &Mult [&Type "Integer"] 1
   &State [&Type "Integer"] 0
   &Irrep [&Type "Integer"] 0
$End
$Geometry
   &GeometryIndex 5
   &NAtoms [&Type "Integer"] 27
   &NCorelessECP [&Type "Integer"] 0
   &NGhostAtoms [&Type "Integer"] 0
   &CartesianCoordinates [&Type "Coordinates", &Dim(27,4), &Units "Bohr"] 
              O      1.309562349705    4.853276657539    0.000000000000
              C      0.545796586978    2.230485786804    0.000000000000
              C     -1.007360184254    1.619137811131   -2.364697787516
              C     -1.707960184991   -1.202144092985   -2.372699982243
              C     -3.265791804871   -1.812319809150    0.000000000000
              C     -1.707960184991   -1.202144092985    2.372699982243
              C      0.724890052233   -2.786027466451    2.369257259357
              C      2.285849430833   -2.168196843071    0.000000000000
              C      0.724890052233   -2.786027466451   -2.369257259357
              C      2.966100988205    0.657721723595    0.000000000000
              C     -1.007360184254    1.619137811131    2.364697787516
              H     -0.211430153171    5.868197207520    0.000000000000
              H      0.103174513464    2.096246227107   -4.053187116317
              H     -2.724464133724    2.790301543441   -2.383218075567
              H     -2.821582434565   -1.628388992233   -4.071721703845
              H     -3.798063386842   -3.819078561212    0.000000000000
              H     -5.022802671486   -0.705314040476    0.000000000000
              H     -2.821582434565   -1.628388992233    4.071721703845
              H      0.252185737939   -4.807431156053    2.394436079202
              H      1.835927847224   -2.388273093955    4.077905785613
              H      4.033067724977   -3.288153443460    0.000000000000
              H      0.252185737939   -4.807431156053   -2.394436079202
              H      1.835927847224   -2.388273093955   -4.077905785613
              H      4.094013150118    1.130493977929   -1.678047752993
              H      4.094013150118    1.130493977929    1.678047752993
              H      0.103174513464    2.096246227107    4.053187116317
              H     -2.724464133724    2.790301543441    2.383218075567
$End
$SCF_Mulliken_Population_Analysis
   &GeometryIndex 5
   &NAtoms [&Type "Integer"] 27
   &ATNO [&Type "ArrayOfIntegers", &Dim (27,1)] 
                                                         0

0                                                        8
1                                                        6
2                                                        6
3                                                        6
4                                                        6
5                                                        6
6                                                        6
7                                                        6
8                                                        6
9                                                        6
10                                                       6
11                                                       1
12                                                       1
13                                                       1
14                                                       1
15                                                       1
16                                                       1
17                                                       1
18                                                       1
19                                                       1
20                                                       1
21                                                       1
22                                                       1
23                                                       1
24                                                       1
25                                                       1
26                                                       1
   &AtomicCharges [&Type "ArrayOfDoubles", &Dim (27,1)] 
                                                         0

0                                     -5.0068984586453702e-01
1                                      2.2171834686818848e-01
2                                     -4.2959455416395453e-01
3                                      5.2293938812357332e-02
4                                     -4.5930878293532729e-01
5                                      5.2293938812362661e-02
6                                     -4.5785867196325736e-01
7                                      4.7465463379448458e-02
8                                     -4.5785867196324936e-01
9                                     -4.6881963992843723e-01
10                                    -4.2959455416397319e-01
11                                     3.4061753241673820e-01
12                                     1.6944061809668720e-01
13                                     1.6844145860786730e-01
14                                     1.6068935947980345e-01
15                                     1.6764956053595292e-01
16                                     1.6225510657676445e-01
17                                     1.6068935947979535e-01
18                                     1.6781518479123370e-01
19                                     1.6241761792003517e-01
20                                     1.6125562044713426e-01
21                                     1.6781518479123170e-01
22                                     1.6241761792003162e-01
23                                     1.7028336767130181e-01
24                                     1.7028336767129848e-01
25                                     1.6944061809668587e-01
26                                     1.6844145860786641e-01
   &Method [&Type "String"] "SCF"
   &Level [&Type "String"] "Relaxed density"
   &Mult [&Type "Integer"] 1
   &State [&Type "Integer"] -1
   &Irrep [&Type "Integer"] 0
$End
$SCF_Loewdin_Population_Analysis
   &GeometryIndex 5
   &NAtoms [&Type "Integer"] 27
   &ATNO [&Type "ArrayOfIntegers", &Dim (27,1)] 
                                                         0

0                                                        8
1                                                        6
2                                                        6
3                                                        6
4                                                        6
5                                                        6
6                                                        6
7                                                        6
8                                                        6
9                                                        6
10                                                       6
11                                                       1
12                                                       1
13                                                       1
14                                                       1
15                                                       1
16                                                       1
17                                                       1
18                                                       1
19                                                       1
20                                                       1
21                                                       1
22                                                       1
23                                                       1
24                                                       1
25                                                       1
26                                                       1
   &AtomicCharges [&Type "ArrayOfDoubles", &Dim (27,1)] 
                                                         0

0                                     -6.2839924880484332e-01
1                                      7.5436374868079525e-02
2                                     -2.5728247765149792e-01
3                                     -2.0823905484063143e-01
4                                     -2.8372619362762297e-01
5                                     -2.0823905484064031e-01
6                                     -2.8337690337174060e-01
7                                     -2.0712774542295165e-01
8                                     -2.8337690337174504e-01
9                                     -2.4754863025180462e-01
10                                    -2.5728247765150147e-01
11                                     2.8589823590258634e-01
12                                     1.7129290320265889e-01
13                                     1.7028680714860922e-01
14                                     1.6388150315182748e-01
15                                     1.6429933055976742e-01
16                                     1.6359040758633125e-01
17                                     1.6388150315182104e-01
18                                     1.6435261557515757e-01
19                                     1.6361903520853038e-01
20                                     1.6421324410133831e-01
21                                     1.6435261557515579e-01
22                                     1.6361903520852672e-01
23                                     1.7214768412168557e-01
24                                     1.7214768412168335e-01
25                                     1.7129290320265733e-01
26                                     1.7028680714860811e-01
   &Method [&Type "String"] "SCF"
   &Level [&Type "String"] "Relaxed density"
   &Mult [&Type "Integer"] 1
   &State [&Type "Integer"] -1
   &Irrep [&Type "Integer"] 0
$End
$SCF_Mayer_Population_Analysis
   &GeometryIndex 5
   &NAtoms [&Type "Integer"] 27 "Total number of atoms"
   &NBondOrdersPrint [&Type "Integer"] 29 "The number of bond orders larger than threshold"
   &bondThresh [&Type "Double"]       1.0000000000000001e-01  "The threshold for printing"
   &components [&Type "ArrayOfIntegers", &Dim (29,4)] "The indices and atomic numbers of the bonding atoms"
                                                         0                           1                           2                           3

0                                                        0                           8                           1                           6
1                                                        0                           8                          11                           1
2                                                        1                           6                           2                           6
3                                                        1                           6                           9                           6
4                                                        1                           6                          10                           6
5                                                        2                           6                           3                           6
6                                                        2                           6                          12                           1
7                                                        2                           6                          13                           1
8                                                        3                           6                           4                           6
9                                                        3                           6                           8                           6
10                                                       3                           6                          14                           1
11                                                       4                           6                           5                           6
12                                                       4                           6                          15                           1
13                                                       4                           6                          16                           1
14                                                       5                           6                           6                           6
15                                                       5                           6                          10                           6
16                                                       5                           6                          17                           1
17                                                       6                           6                           7                           6
18                                                       6                           6                          18                           1
19                                                       6                           6                          19                           1
20                                                       7                           6                           8                           6
21                                                       7                           6                           9                           6
22                                                       7                           6                          20                           1
23                                                       8                           6                          21                           1
24                                                       8                           6                          22                           1
25                                                       9                           6                          23                           1
26                                                       9                           6                          24                           1
27                                                      10                           6                          25                           1
28                                                      10                           6                          26                           1
   &BondOrders [&Type "ArrayOfDoubles", &Dim (29,1)] "The bond orders"
                                                         0

0                                      8.3711112217761452e-01
1                                      8.7579263741614199e-01
2                                      9.5395384526242166e-01
3                                      9.6245063676346998e-01
4                                      9.5395384526242799e-01
5                                      8.8766033409174250e-01
6                                      9.5993693069174568e-01
7                                      9.5698028731931739e-01
8                                      9.2954794357571069e-01
9                                      9.3106978261808904e-01
10                                     8.6953196349749329e-01
11                                     9.2954794357570503e-01
12                                     9.6453690691576977e-01
13                                     9.6301589605544702e-01
14                                     9.3106978261809226e-01
15                                     8.8766033409173994e-01
16                                     8.6953196349750161e-01
17                                     9.2970171880017238e-01
18                                     9.6404652666174528e-01
19                                     9.6192018198311968e-01
20                                     9.2970171880015640e-01
21                                     9.0220293222790360e-01
22                                     8.7421169306537660e-01
23                                     9.6404652666174839e-01
24                                     9.6192018198312890e-01
25                                     9.6120834708150638e-01
26                                     9.6120834708151293e-01
27                                     9.5993693069175023e-01
28                                     9.5698028731931795e-01
   &ATNO [&Type "ArrayOfIntegers", &Dim (27,1)] "Atomic number of the elements"
                                                         0

0                                                        8
1                                                        6
2                                                        6
3                                                        6
4                                                        6
5                                                        6
6                                                        6
7                                                        6
8                                                        6
9                                                        6
10                                                       6
11                                                       1
12                                                       1
13                                                       1
14                                                       1
15                                                       1
16                                                       1
17                                                       1
18                                                       1
19                                                       1
20                                                       1
21                                                       1
22                                                       1
23                                                       1
24                                                       1
25                                                       1
26                                                       1
   &NA [&Type "ArrayOfDoubles", &Dim (27,1)] "Mulliken gross atomic population"
                                                         0

0                                      8.5006898458645423e+00
1                                      5.7782816531318115e+00
2                                      6.4295945541639536e+00
3                                      5.9477060611876400e+00
4                                      6.4593087829353273e+00
5                                      5.9477060611876338e+00
6                                      6.4578586719632600e+00
7                                      5.9525345366205524e+00
8                                      6.4578586719632503e+00
9                                      6.4688196399284346e+00
10                                     6.4295945541639714e+00
11                                     6.5938246758326158e-01
12                                     8.3055938190331291e-01
13                                     8.3155854139213281e-01
14                                     8.3931064052019688e-01
15                                     8.3235043946404752e-01
16                                     8.3774489342323566e-01
17                                     8.3931064052020454e-01
18                                     8.3218481520876686e-01
19                                     8.3758238207996460e-01
20                                     8.3874437955286540e-01
21                                     8.3218481520876864e-01
22                                     8.3758238207996838e-01
23                                     8.2971663232869852e-01
24                                     8.2971663232870163e-01
25                                     8.3055938190331402e-01
26                                     8.3155854139213348e-01
   &ZA [&Type "ArrayOfDoubles", &Dim (27,1)] "Total nuclear charge"
                                                         0

0                                      8.0000000000000000e+00
1                                      6.0000000000000000e+00
2                                      6.0000000000000000e+00
3                                      6.0000000000000000e+00
4                                      6.0000000000000000e+00
5                                      6.0000000000000000e+00
6                                      6.0000000000000000e+00
7                                      6.0000000000000000e+00
8                                      6.0000000000000000e+00
9                                      6.0000000000000000e+00
10                                     6.0000000000000000e+00
11                                     1.0000000000000000e+00
12                                     1.0000000000000000e+00
13                                     1.0000000000000000e+00
14                                     1.0000000000000000e+00
15                                     1.0000000000000000e+00
16                                     1.0000000000000000e+00
17                                     1.0000000000000000e+00
18                                     1.0000000000000000e+00
19                                     1.0000000000000000e+00
20                                     1.0000000000000000e+00
21                                     1.0000000000000000e+00
22                                     1.0000000000000000e+00
23                                     1.0000000000000000e+00
24                                     1.0000000000000000e+00
25                                     1.0000000000000000e+00
26                                     1.0000000000000000e+00
   &QA [&Type "ArrayOfDoubles", &Dim (27,1)] "Mulliken gross atomic charge"
                                                         0

0                                     -5.0068984586454235e-01
1                                      2.2171834686818848e-01
2                                     -4.2959455416395365e-01
3                                      5.2293938812359997e-02
4                                     -4.5930878293532729e-01
5                                      5.2293938812366214e-02
6                                     -4.5785867196326002e-01
7                                      4.7465463379447570e-02
8                                     -4.5785867196325025e-01
9                                     -4.6881963992843456e-01
10                                    -4.2959455416397141e-01
11                                     3.4061753241673842e-01
12                                     1.6944061809668709e-01
13                                     1.6844145860786719e-01
14                                     1.6068935947980312e-01
15                                     1.6764956053595248e-01
16                                     1.6225510657676434e-01
17                                     1.6068935947979546e-01
18                                     1.6781518479123314e-01
19                                     1.6241761792003540e-01
20                                     1.6125562044713460e-01
21                                     1.6781518479123136e-01
22                                     1.6241761792003162e-01
23                                     1.7028336767130148e-01
24                                     1.7028336767129837e-01
25                                     1.6944061809668598e-01
26                                     1.6844145860786652e-01
   &VA [&Type "ArrayOfDoubles", &Dim (27,1)] "Mayer's total valence"
                                                         0

0                                      1.7181170627476181e+00
1                                      3.6359011918839972e+00
2                                      3.6461458496738222e+00
3                                      3.4440385351054816e+00
4                                      3.7293940722275671e+00
5                                      3.4440385351054696e+00
6                                      3.7283706203275147e+00
7                                      3.4764611280148578e+00
8                                      3.7283706203274982e+00
9                                      3.7509037401159229e+00
10                                     3.6461458496738133e+00
11                                     8.8500782227850139e-01
12                                     9.6157539098779032e-01
13                                     9.6169759717011383e-01
14                                     9.5060704303400634e-01
15                                     9.5802671157333474e-01
16                                     9.6030175811909013e-01
17                                     9.5060704303400834e-01
18                                     9.5789660183801484e-01
19                                     9.6011916185243495e-01
20                                     9.5116455099132313e-01
21                                     9.5789660183801539e-01
22                                     9.6011916185243651e-01
23                                     9.5956942778838750e-01
24                                     9.5956942778838872e-01
25                                     9.6157539098779088e-01
26                                     9.6169759717011383e-01
   &BVA [&Type "ArrayOfDoubles", &Dim (27,1)] "Mayer's bonded valence"
                                                         0

0                                      1.7181170627475773e+00
1                                      3.6359011918840016e+00
2                                      3.6461458496737622e+00
3                                      3.4440385351054728e+00
4                                      3.7293940722275729e+00
5                                      3.4440385351054443e+00
6                                      3.7283706203275329e+00
7                                      3.4764611280148690e+00
8                                      3.7283706203275115e+00
9                                      3.7509037401159024e+00
10                                     3.6461458496737911e+00
11                                     8.8500782227849473e-01
12                                     9.6157539098778511e-01
13                                     9.6169759717010717e-01
14                                     9.5060704303400068e-01
15                                     9.5802671157333541e-01
16                                     9.6030175811908758e-01
17                                     9.5060704303401722e-01
18                                     9.5789660183802239e-01
19                                     9.6011916185243262e-01
20                                     9.5116455099132025e-01
21                                     9.5789660183802650e-01
22                                     9.6011916185244417e-01
23                                     9.5956942778838716e-01
24                                     9.5956942778839371e-01
25                                     9.6157539098778844e-01
26                                     9.6169759717010628e-01
   &FA [&Type "ArrayOfDoubles", &Dim (27,1)] "Mayer's free valence"
                                                         0

0                                      0.0000000000000000e+00
1                                      0.0000000000000000e+00
2                                      0.0000000000000000e+00
3                                      0.0000000000000000e+00
4                                      0.0000000000000000e+00
5                                      0.0000000000000000e+00
6                                      0.0000000000000000e+00
7                                      0.0000000000000000e+00
8                                      0.0000000000000000e+00
9                                      0.0000000000000000e+00
10                                     0.0000000000000000e+00
11                                     0.0000000000000000e+00
12                                     0.0000000000000000e+00
13                                     0.0000000000000000e+00
14                                     0.0000000000000000e+00
15                                     0.0000000000000000e+00
16                                     0.0000000000000000e+00
17                                     0.0000000000000000e+00
18                                     0.0000000000000000e+00
19                                     0.0000000000000000e+00
20                                     0.0000000000000000e+00
21                                     0.0000000000000000e+00
22                                     0.0000000000000000e+00
23                                     0.0000000000000000e+00
24                                     0.0000000000000000e+00
25                                     0.0000000000000000e+00
26                                     0.0000000000000000e+00
   &Method [&Type "String"] "SCF"
   &Level [&Type "String"] "Relaxed density"
   &Mult [&Type "Integer"] 1
   &State [&Type "Integer"] -1
   &Irrep [&Type "Integer"] 0
$End
$SCF_Energy
   &GeometryIndex 5
   &Method [&Type "String"] "SCF"
   &totalEnergy [&Type "ArrayOfDoubles", &Dim (1,1)] "Total energy of each state"
                                                         0

0                                     -4.6585490350940967e+02
   &Mult [&Type "ArrayOfIntegers", &Dim (1,1)] "Multiplicity of each state"
                                                         0

0                                                        1
   &Irrep [&Type "ArrayOfIntegers", &Dim (1,1)] "Irreducible representation of each state"
                                                         0

0                                                        0
$End
$DFT_Energy
   &GeometryIndex 5
   &nAlphaEl [&Type "Integer"] 41
   &nBetaEl [&Type "Integer"] 41
   &nTotalEl [&Type "Integer"] 83
   &finalEn [&Type "Double"]      -4.6585490350940967e+02  "No Van der Waals correction"
   &eExchange [&Type "Double"]      -6.6106670399235810e+01
   &eCorr [&Type "Double"]      -2.7067822180719743e+00
   &eXC [&Type "Double"]      -6.8813452617307789e+01
   &eCNL [&Type "Double"]       0.0000000000000000e+00
$End
$Solvation_Details
   &GeometryIndex 5
   &Solvent [&Type "String"] "METHANOL"
   &Epsilon [&Type "Double"]       3.2613000000000000e+01
   &Refrac [&Type "Double"]       1.3288000000000000e+00
   &RSolv [&Type "Double"]       1.3000000000000000e+00
   &SurfaceType [&Type "String"] "GAUSSIAN VDW"
   &CPCMDielEnergy [&Type "Double"]      -1.4437393999999999e-02
   &NPoints [&Type "Integer"] 1758
   &SurfaceArea [&Type "Double"]       6.2834500565799999e+02
$End
$SCF_Timings
   &GeometryIndex 5
   &TOTAL [&Type "Double"]       1.6530000000000001e+01
   &PREP [&Type "Double"]       4.5300000000000001e-01
   &FOCK [&Type "Double"]       1.3718000000000000e+01
   &DENS [&Type "Double"]       1.0800000000000054e-01
   &ETOT [&Type "Double"]       4.4000000000000483e-02
   &POP [&Type "Double"]       1.2199999999999989e-01
   &TRAFO [&Type "Double"]       3.8000000000000256e-02
   &DIIS [&Type "Double"]       5.6000000000000050e-02
   &SOSCF [&Type "Double"]       1.9799999999999951e-01
   &XC [&Type "Double"]       1.1010999999999997e+01
   &FOCKSTART [&Type "Double"]       1.5000000000000624e-02
   &SOLV [&Type "Double"]       2.8520000000000003e+00
   &SOLV_INIT [&Type "Double"]       1.9600000000000004e-01
   &INT_BF [&Type "Double"]       1.7830000000000106e+00
   &INT_DENS [&Type "Double"]       3.9169999999999527e+00
   &INT_DENSIO [&Type "Double"]       2.3292770999999990e+04
   &INT_FUNC [&Type "Double"]       4.4500000000003537e-01
   &INT_POT [&Type "Double"]       4.1219999999999795e+00
   &INT_POTIO [&Type "Double"]       6.4000000000014490e-02
   &SPLITRIJ [&Type "Double"]       1.8810000000000011e+00
$End
$VdW_Correction
   &GeometryIndex 5
   &vdW [&Type "Double"]      -1.0810595804635222e-02
$End
$gCP_Energy
   &GeometryIndex 5
   &gCP_Energy [&Type "Double"]       1.1283637799999999e-02
$End
$Single_Point_Data
   &GeometryIndex 5
   &FinalEnergy [&Type "Double"]      -4.6585443046741432e+02  "Final single point energy"
   &Converged [&Type "Boolean"] true
$End
$SCF_Dipole_Moment
   &GeometryIndex 5
   &dipoleMagnitude [&Type "Double", &Units "a.u."]       1.0251008461904794e+00
   &dipoleElecContrib [&Type "ArrayOfDoubles", &Dim (3,1)] "Electronic contribution"
                                                         0

0                                      8.6138734737290390e-01
1                                      3.1825299923391812e+00
2                                      0.0000000000000000e+00
   &dipoleNucContrib [&Type "ArrayOfDoubles", &Dim (3,1)] "Nuclear contribution"
                                                         0

0                                     -1.7376529252476445e+00
1                                     -3.7144983954349700e+00
2                                      0.0000000000000000e+00
   &dipoleTotal [&Type "ArrayOfDoubles", &Dim (3,1)] "Total"
                                                         0

0                                     -8.7626557787474058e-01
1                                     -5.3196840309578874e-01
2                                      0.0000000000000000e+00
   &doAtomicDipole [&Type "Boolean"] false
   &Method [&Type "String"] "SCF"
   &Level [&Type "String"] "Relaxed density"
   &Mult [&Type "Integer"] 1
   &State [&Type "Integer"] -1
   &Irrep [&Type "Integer"] 0
$End
$THERMOCHEMISTRY_Energies
   &GeometryIndex 5
   &temperature [&Type "Double"]       2.9814999999999998e+02
   &pressure [&Type "Double"]       1.0000000000000000e+00
   &totalMass [&Type "Double"]       1.5223700000000002e+02
   &spinDegeneracy [&Type "Integer"] 1
   &elEnergy [&Type "Double"]      -4.6585443046741432e+02
   &transEnergy [&Type "Double"]       1.4162714244859817e-03
   &rotEnergy [&Type "Double"]       1.4162714244859817e-03
   &vibEnergy [&Type "Double"]       5.4718166465399726e-03
   &numOfFreqs [&Type "Integer"] 81
   &freqScalingFactor [&Type "Double"]       1.0000000000000000e+00
   &FREQ [&Type "ArrayOfDoubles", &Units "cm^-1", &Dim (81,1)] 
                                                         0

0                                      0.0000000000000000e+00
1                                      0.0000000000000000e+00
2                                      0.0000000000000000e+00
3                                      0.0000000000000000e+00
4                                      0.0000000000000000e+00
5                                      0.0000000000000000e+00
6                                      2.3661656117990742e+02
7                                      2.7291303547544385e+02
8                                      2.8280768792584234e+02
9                                      3.1915261216221074e+02
10                                     3.9832307051671017e+02
11                                     4.0549123762589511e+02
12                                     4.0603952164214485e+02
13                                     4.0802934833568054e+02
14                                     4.2869995295310599e+02
15                                     4.6644703467837297e+02
16                                     4.6878156211967934e+02
17                                     5.5382957725915287e+02
18                                     6.5301837140434236e+02
19                                     6.5557940578989496e+02
20                                     7.2881552103771389e+02
21                                     7.8074038689006682e+02
22                                     8.1768774412968003e+02
23                                     8.1860125132323367e+02
24                                     8.9026725793947935e+02
25                                     8.9030807179938802e+02
26                                     8.9605599370251093e+02
27                                     9.2738447144194868e+02
28                                     9.3693257810096316e+02
29                                     9.3761902393667447e+02
30                                     9.8219748056444212e+02
31                                     9.8479499984824622e+02
32                                     9.8933793342084414e+02
33                                     1.0411563912534352e+03
34                                     1.0432232354232551e+03
35                                     1.0458194527859423e+03
36                                     1.0889589855093884e+03
37                                     1.1085094068282403e+03
38                                     1.1093624768046066e+03
39                                     1.1131908460407401e+03
40                                     1.1160258705504798e+03
41                                     1.1200342882095772e+03
42                                     1.1607155731473815e+03
43                                     1.1938602399964188e+03
44                                     1.2179995346265746e+03
45                                     1.2766435320592925e+03
46                                     1.2993940771603727e+03
47                                     1.3027572654365604e+03
48                                     1.3040935644866856e+03
49                                     1.3087631870460161e+03
50                                     1.3284958555297228e+03
51                                     1.3291683426127049e+03
52                                     1.3376851502755906e+03
53                                     1.3467960323719853e+03
54                                     1.3639983265982196e+03
55                                     1.3698003210938894e+03
56                                     1.3744119329297973e+03
57                                     1.3858606692823689e+03
58                                     1.4089448439423766e+03
59                                     1.4518559470011003e+03
60                                     1.4532818411965318e+03
61                                     1.4608498312172737e+03
62                                     1.4609176218305322e+03
63                                     1.4656063297498233e+03
64                                     1.4793608638956448e+03
65                                     2.9880410802330707e+03
66                                     2.9908189512869735e+03
67                                     2.9931745918647816e+03
68                                     2.9939333232446047e+03
69                                     2.9947882451576070e+03
70                                     2.9976812341661725e+03
71                                     3.0176776270329315e+03
72                                     3.0199101660607812e+03
73                                     3.0283062171382066e+03
74                                     3.0440068977488277e+03
75                                     3.0450336492681668e+03
76                                     3.0456558109055986e+03
77                                     3.0474524209586111e+03
78                                     3.0476255967250177e+03
79                                     3.0523886150708749e+03
80                                     3.7653437144605559e+03
   &zpe [&Type "Double"]       2.4484800623479569e-01
   &innerEnergyU [&Type "Double"]      -4.6560127810168399e+02
   &enthalpyH [&Type "Double"]      -4.6560033389264174e+02
   &qEl [&Type "Double"]       0.0000000000000000e+00
   &qRot [&Type "Double"]       1.3926549293945711e-02
   &qVib [&Type "Double"]       7.9783391712667552e-03
   &qTrans [&Type "Double"]       1.9466456147481100e-02
   &entropyS [&Type "Double"]       4.1371344612693567e-02
   &freeEnergyG [&Type "Double"]      -4.6564170523725443e+02
   &isLinear [&Type "Boolean"] false
$End
$Hessian
   &GeometryIndex 5
   &HESSIAN [&Type "ArrayOfDoubles", &Dim (81,81)] "The Hessian"
                                                         0                           1                           2                           3                           4                           5                           6                           7

0                                      4.8050440917854892e-01        -1.5807390967700674e-01        -2.1489803132520094e-09        -1.0171598865439910e-01        -3.1563806801855887e-03         8.5747713896073638e-10        -6.9952032705240929e-03        -2.8978103963650231e-02
1                                     -1.5807390967700674e-01         4.1529705166085057e-01         5.2317565873072000e-09        -4.6014200162228611e-02        -1.4807732286177980e-01        -1.6748169077905409e-09        -9.3075494076180626e-03        -3.3349848456346906e-02
2                                     -2.1489803132520094e-09         5.2317565873072000e-09         5.9485157747603039e-02        -1.5252223504816182e-09        -9.4442867890637803e-10        -6.2167014324965506e-02        -9.1953875465286480e-03        -3.3209295010969496e-02
3                                     -1.0171598865439910e-01        -4.6014200162228611e-02        -1.5252223504816182e-09         5.0408912075691381e-01        -2.5603201609345469e-02         2.8289302029388397e-09        -1.0311055182880591e-01         4.5272827588280391e-03
4                                     -3.1563806801855887e-03        -1.4807732286177980e-01        -9.4442867890637803e-10        -2.5603201609345469e-02         4.6083961795875494e-01         5.2904774614989658e-09        -4.2573126133326512e-03        -6.9569967040188196e-02
5                                      8.5747713896073638e-10        -1.6748169077905409e-09        -6.2167014324965506e-02         2.8289302029388397e-09         5.2904774614989658e-09         4.7869127982222437e-01        -3.7597199834751072e-02         8.6584558529251288e-05
6                                     -6.9952032705240929e-03        -9.3075494076180626e-03        -9.1953875465286480e-03        -1.0311055182880591e-01        -4.2573126133326512e-03        -3.7597199834751072e-02         5.5640406231187323e-01        -5.1323385009853742e-02
7                                     -2.8978103963650231e-02        -3.3349848456346906e-02        -3.3209295010969496e-02         4.5272827588280391e-03        -6.9569967040188196e-02         8.6584558529251288e-05        -5.1323385009853742e-02         4.7318942660581753e-01
8                                     -9.6482664144005277e-04        -2.2775625899330576e-03         2.7383661923684049e-03        -4.0113283957835200e-02        -1.0942759070312981e-02        -1.4439817491992624e-01        -5.9542506074538024e-02        -3.4881649967909434e-02
9                                     -1.8639724237761229e-03        -3.4299163400988569e-03        -3.7985642204231441e-03        -4.7610766670281440e-03        -1.8624467766348188e-02        -5.7183080718146290e-05        -8.1970782730237210e-02        -2.0653074017826855e-02
10                                     1.5220434308218893e-03         3.9430130525443460e-03         6.5111061963318492e-04        -9.6237707296324138e-03        -1.4620912470483520e-02        -9.6560116645392699e-03        -2.0353411111846610e-02        -1.5532888951191934e-01
11                                    -5.4838386260544518e-03        -6.6029174873030293e-03        -5.5111608677846195e-03        -3.7260168972921073e-03        -2.5638682683774477e-02         3.9155819847408718e-03        -3.4457019429797882e-03        -1.7171448717220872e-03
12                                     6.3558886043757912e-04         1.0063908699727668e-03        -9.3837352258186448e-10        -7.6190606018845548e-04        -4.5908119179445349e-04        -7.2739623228607911e-10        -7.2400132880331217e-03        -6.8683698947532915e-03
13                                     4.5624749951762552e-04         1.6918718018351861e-04        -2.5987776114101005e-09         1.3186895854987472e-04         1.6199796981115760e-03         2.9806966651271724e-10        -2.1513664990195257e-02        -1.3712003226714831e-02
14                                    -1.2417478271639848e-09         2.3891021985466334e-10        -6.9122645663839515e-04         1.1118012592620551e-09         1.5897409176909318e-09         1.4774880310409119e-03         4.1907478870408851e-03         7.3913483204854843e-03
15                                    -1.8639721079247132e-03        -3.4299164840153294e-03         3.7985629488938560e-03        -4.7610747421949311e-03        -1.8624465971425912e-02         5.7184663297965219e-05         5.6999764894311369e-04         7.7688957499571533e-04
16                                     1.5220423286430654e-03         3.9430116623723650e-03        -6.5111263905046068e-04        -9.6237732525845908e-03        -1.4620911628395702e-02         9.6560066949610765e-03         5.8152651246752909e-04         7.5742023420901847e-04
17                                     5.4838410774547819e-03         6.6029159562115873e-03        -5.5111613016813697e-03         3.7260121968163157e-03         2.5638676195986525e-02         3.9155869548665144e-03        -1.6101453997435615e-03        -1.2031718766727251e-03
18                                    -6.7925224088717651e-04        -3.1516729124743441e-04         4.0121349217677187e-04         1.0235780006725235e-03         5.7747945759582201e-04        -8.0960170673148851e-04        -1.2137203648419914e-04         9.6593318237128342e-05
19                                    -1.9519036073288587e-04         6.4854601745459838e-04        -4.0391786267419960e-04         2.5357492899161861e-04         1.1609645539967508e-03         4.3316380236443734e-04         2.6024491949447337e-04        -3.7731776869670097e-04
20                                     3.3217631726447429e-04        -8.4970240468522969e-04         7.5321033435416049e-06        -6.3468074326869777e-04         1.0298911304107670e-03        -1.0087790350057999e-04        -2.1470720388813702e-04         3.2315032996532711e-04
21                                    -6.4335036071874706e-03         7.4675563538283305e-03         2.4572536207266603e-09         1.3242332825291789e-02         2.2560798867943530e-02        -4.0464470812995459e-10         1.4119013447218380e-03        -1.5245398868144137e-03
22                                     2.9280301291431500e-03         8.1600761302001029e-04        -2.1796932081769493e-09         2.6893716561748049e-03        -2.8641189573180879e-02        -4.5524705349797718e-10        -2.2537453561006365e-04         1.2807319705465704e-03
23                                    -1.7662196389930224e-10         3.5305720785483204e-10         2.0070459185601180e-04        -6.6817878282914609e-10         1.1886339649492870e-09        -1.9931953143793239e-04         3.6626935253491512e-04        -2.9539661827002878e-04
24                                    -6.7925288462911473e-04        -3.1516992427664645e-04        -4.0121488977261615e-04         1.0235760277374417e-03         5.7748315190144991e-04         8.0960171978301191e-04         5.6691859465368179e-03         2.8527349933441457e-03
25                                    -1.9519026089240450e-04         6.4854786716953515e-04         4.0391509197570052e-04         2.5357105114717099e-04         1.1609609343959685e-03        -4.3316014975389215e-04         2.9649746185205349e-02        -2.9741811640684034e-02
26                                    -3.3217418309441649e-04         8.4970309338783159e-04         7.5311593659046615e-06         6.3468146982791681e-04        -1.0298969188403308e-03        -1.0087979070895849e-04         1.9703305388061297e-04         8.5979774917272324e-04
27                                     9.7495696509957725e-03        -5.3677500946791960e-03         1.5844268216259647e-10        -1.5601895434762092e-01         4.8440975226864615e-02        -1.0881395865018052e-09        -2.3470381760602989e-02         9.7239879105272525e-03
28                                     3.3754690047700570e-02        -4.2323823543290548e-02        -4.0391403408901750e-10         3.0737608216856144e-02        -8.8618925779491028e-02         9.1351097712483734e-10        -1.2765857075187521e-03         5.7158809604756500e-03
29                                     3.6021161085004241e-10        -5.7827486541634293e-10         1.6023436793350344e-03         1.0925480549067129e-09        -7.2442532044597183e-10        -7.9463231633542825e-02        -2.6896884284959982e-02         1.5294513557629409e-02
30                                    -6.9952051756684720e-03        -9.3075502893018545e-03         9.1953881302161943e-03        -1.0311054668476247e-01        -4.2573112193661292e-03         3.7597204609125925e-02         1.0415870613134794e-02         4.5878718177602348e-03
31                                    -2.8978104839383574e-02        -3.3349847291462544e-02         3.3209294287511217e-02         4.5272811329681410e-03        -6.9569967920824580e-02        -8.6573626743940979e-05         4.5878728330574717e-03         4.4570008932117780e-03
32                                     9.6482633242878871e-04         2.2775666732880659e-03         2.7383672444476273e-03         4.0113283251234547e-02         1.0942757260920540e-02        -1.4439816677523198e-01         1.2941182307205652e-02         3.1681993080254350e-03
33                                    -3.7279849418511080e-01         2.2821195088118212e-01         4.1167469721282975e-10         8.0261507859081208e-03        -1.0186221205737422e-02         2.8146706081608042e-09         1.8647840718025326e-03        -1.9102036760293992e-03
34                                     1.8155870083571279e-01        -1.6964795258432125e-01        -8.4941324384250636e-10         3.5283814063044844e-02        -2.8030744042017136e-02        -6.4482563059482662e-10         6.0147152465106794e-04         2.1361517425972530e-03
35                                     1.1945615112439186e-10        -1.3375533918268387e-09        -2.0065929383316899e-03         6.2487095104963494e-10         3.3013569130903228e-10        -1.4225301499413440e-03         1.5556296799843950e-03        -3.1839519769879653e-04
36                                     9.2728478323168676e-04         1.7157468823827899e-03         9.5231931708195409e-04         7.7129079228144409e-03         3.6371861198699375e-03        -1.5091794625454957e-02        -1.2128088298864600e-01        -2.8674969837819225e-02
37                                     7.2128291424467677e-04         1.3581630358255189e-03        -2.3627283975364969e-04         3.5496278996114562e-03        -6.5451410761361174e-04        -5.4663983764616335e-03        -2.7700156274242077e-02        -5.6919360191608162e-02
38                                     2.5608411519281076e-04         2.8633400410068644e-04         2.6573757284153654e-03         1.5935533703066090e-02         7.0202851851416340e-03        -2.4733097225517801e-02         1.0964161234992381e-01         4.4430334908229771e-02
39                                     1.5801553946862279e-03        -1.3917176056963245e-04         6.7336527704521271e-04        -1.7352155915404614e-02         1.1133609034569718e-02         4.7065853189561316e-04        -2.1829698724881941e-01         1.1539557042729755e-01
40                                    -4.5937638569789360e-04         2.4789376797963352e-03         3.9299630918287597e-04        -5.8872695130662463e-03         1.1137755615256845e-03        -2.6362855092327414e-04         1.1476501261277226e-01        -1.2100796458559498e-01
41                                     1.6675975729951000e-03         1.6375130044371292e-03         1.1448076327602848e-03        -2.3699995816131511e-02         1.5807653274842976e-02        -1.8164786410303103e-03         1.5935529067958218e-03        -2.4525514339824705e-04
42                                    -4.4632692183947475e-04        -8.2194554609624909e-04        -7.1371877208881000e-04         1.3551934237441346e-03        -9.0197341245886603e-04         1.5380426718680108e-03        -4.7666262698786242e-03        -1.9492152158969835e-03
43                                    -2.0134284583593221e-03        -2.9301874201234728e-03        -2.2587248992011208e-03         1.1973346681212567e-03        -4.1135698101536951e-03         3.8894959041323833e-03        -1.8527599293011895e-02        -9.0011501932155021e-03
44                                    -1.6143191918315892e-04        -2.4849395219192022e-04        -1.3841631427543300e-04         7.0716342474191549e-04         5.2122638781569586e-04         1.6722354396051841e-03         7.2367024291200132e-04         1.2855757519980365e-04
45                                    -1.1793648014773344e-04        -3.0677175784014758e-04        -1.9161314500505984e-09         5.7685463089874852e-04         6.7445622980723350e-04        -9.5882374765311777e-11        -1.4854653572457920e-03         1.8533297531472381e-04
46                                    -2.2483718031729078e-04        -4.9319139155905246e-04         4.4846511614020768e-10         7.0569677197597058e-04         5.9838930962085018e-04         8.6386244450016514e-10        -9.5479386877466571e-04         1.3637578746302035e-03
47                                    -4.6414946033511296e-10        -1.2653264614480311e-09         7.1559186657830826e-04         5.1839455642377515e-09         2.1127453596031499e-09        -1.3947534923485420e-03         3.6501577322518453e-03         9.9753424953103256e-05
48                                    -1.0145089271359272e-04        -2.6244419254452527e-04         2.3820079035058212e-10        -4.9055060607475524e-05         8.8004336365228673e-05        -3.1127857721928222e-09         3.0334227746294309e-04         8.5538446711443204e-04
49                                     3.3929127843411184e-05         9.5943654682932892e-05         2.6233915341532776e-10         7.1091827220208471e-05        -5.6986631386492974e-06        -2.0905610889951248e-09        -6.7744005471062543e-04         7.0232919829571927e-04
50                                    -5.5547889636149293e-10        -1.1172930833323240e-09         1.4341761338707603e-04         3.8180598061066533e-09         7.1994305359011641e-10        -3.3581207878306932e-04        -3.3231117955765223e-04        -1.1150490930529459e-03
51                                    -4.4632748541574660e-04        -8.2194723132693391e-04         7.1372044630448668e-04         1.3551983559728083e-03        -9.0197438777727020e-04        -1.5380453109100876e-03        -2.3080250054068849e-04        -1.7913581250709803e-04
52                                    -2.0134298195537618e-03        -2.9301884640008744e-03         2.2587254043401586e-03         1.1973381590742547e-03        -4.1135688769318559e-03        -3.8894971681725584e-03        -6.4752892127888442e-06         4.7296726415033000e-05
53                                     1.6143073012821164e-04         2.4849347752708446e-04        -1.3841678220985612e-04        -7.0715800558361457e-04        -5.2122542260800778e-04         1.6722327589821498e-03        -2.8888643957374234e-04        -5.1017174680293917e-04
54                                     4.8056162178959844e-04        -8.6524497438797971e-05        -2.5063631970009039e-04        -1.0050564986435221e-03         1.8095264080075280e-04         5.9926629359637724e-04         3.2779456461551424e-05        -6.4595692482708736e-05
55                                    -1.9620355734224816e-04        -4.9508727125020812e-04         1.8911462876059003e-04         1.5733761811148703e-04         9.2996014729816723e-04        -7.0066462489455552e-04        -1.4401438325796506e-04        -5.2783652443919677e-05
56                                    -2.2974774170047915e-04         1.3943598655838659e-04         1.0834807520431916e-04         5.9949509215991145e-04        -6.4437509820985516e-04        -1.2413835945510710e-04        -1.2032221437363464e-05        -3.3672822092385810e-05
57                                     1.1966835658876319e-04         1.5192433075230015e-04        -7.1694479803220682e-05        -2.6837317911510515e-04         2.7682686896978110e-05         9.6550583474346247e-05         7.2788988531941927e-05        -6.2893169853516515e-05
58                                    -2.0038694119100427e-05        -1.9756591467224619e-05         1.5896403334377509e-05         5.1506891705904744e-05         7.5976969732094977e-05        -5.8794435183432510e-05        -6.8950163814461205e-06         8.4814693534156134e-05
59                                    -2.0289822485746118e-05         2.5010726610993482e-04         2.3209094053242324e-05         1.0175160475454959e-04        -1.1769708842815374e-04        -1.4582040212881119e-04        -1.4217881798941987e-05        -1.0077023318501776e-04
60                                     4.0774929703430330e-04        -3.2028078076170934e-04        -2.0100075062616925e-09         3.5558925741400321e-04        -1.8724743227399015e-03         1.9186418577865552e-09         9.0653529980713396e-05        -4.1832969816069272e-04
61                                     2.2076037852873259e-03        -2.6042314957706691e-03         1.1622742647774351e-09        -5.7144961023869647e-03        -2.6783667522175016e-03        -7.5474144481608120e-10        -4.8749170750631704e-04         9.9196921920581722e-05
62                                     4.1675396653197299e-10         3.4187580528165716e-09         1.5836968806209691e-04        -5.1509358589011052e-10        -1.9937112615064940e-09         6.4277241607272337e-04         2.0455940123714897e-04        -5.5632416001473320e-04
63                                     4.8056019444657960e-04        -8.6527563086159182e-05         2.5063799700774574e-04        -1.0050479553111761e-03         1.8095662970614651e-04        -5.9926566699063306e-04        -4.9742709747529540e-03         2.5503065155753862e-03
64                                    -1.9620170221395960e-04        -4.9508460405446467e-04        -1.8911285642241493e-04         1.5733485555465915e-04         9.2995622593352971e-04         7.0065765821741800e-04         4.4254257417450441e-03        -3.8969015913952604e-04
65                                     2.2974740751252509e-04        -1.3943739119929574e-04         1.0834714244670917e-04        -5.9949590955616164e-04         6.4437567944634856e-04        -1.2413500278233756e-04        -4.9688074442367060e-04         2.6228487495957690e-04
66                                     1.1966858122354300e-04         1.5192307251138417e-04         7.1696451826303693e-05        -2.6837374939343855e-04         2.7682495086366553e-05        -9.6550814129720930e-05         8.2786425565856787e-04        -1.4388029266591070e-03
67                                    -2.0039095475272290e-05        -1.9757285741069820e-05        -1.5896412990400997e-05         5.1508359736104101e-05         7.5970909300288731e-05         5.8793127920045559e-05         2.6581360800689976e-04         9.7650833973825365e-04
68                                     2.0292244192107549e-05        -2.5010330157959490e-04         2.3209160655083418e-05        -1.0176541159540370e-04         1.1769241797814718e-04        -1.4582361073063566e-04        -1.3668589402846833e-04         1.1852141785819933e-04
69                                     1.8121143934889579e-03        -9.0846179665077156e-04        -7.2966918425480809e-04        -1.7466544138101156e-02        -7.0381946490230777e-03         2.3990226180881747e-02         1.1239508950018247e-03        -5.5493181796684860e-04
70                                    -1.5222090405951193e-04         1.7503853674499731e-03        -1.6913697857294415e-04         9.6522051549564510e-03         2.1754215024512346e-03        -1.5114527067897163e-02        -7.8530683194117322e-04         4.0408190598653702e-04
71                                    -1.8213259882050446e-04        -6.2979677278827929e-04         2.4956336139210923e-04        -3.1109585109722476e-05         4.9539616712090950e-04        -2.1836750048450882e-03        -8.6081542338015127e-04        -2.1497619440582366e-04
72                                     1.8121153699427899e-03        -9.0846086465849046e-04         7.2967069124304693e-04        -1.7466541719264324e-02        -7.0382014813015464e-03        -2.3990233933340564e-02        -3.8721784025352209e-03         4.0613226483377316e-03
73                                    -1.5222178894024941e-04         1.7503850331351027e-03         1.6913866409814409e-04         9.6522039420316053e-03         2.1754221072458101e-03         1.5114520371278157e-02         3.3448680355930294e-03        -2.0415163392765593e-03
74                                     1.8213189429172280e-04         6.2979541492385899e-04         2.4956297847879413e-04         3.1114141204505175e-05        -4.9539664671307236e-04        -2.1836784023059911e-03        -3.0144460132518897e-04         6.9385104140931401e-04
75                                     9.2728473449342594e-04         1.7157449161704168e-03        -9.5232136047472505e-04         7.7129050717240242e-03         3.6371862297967898e-03         1.5091788230465360e-02        -1.2504694496608877e-03        -8.2276028031818453e-04
76                                     7.2128163617903843e-04         1.3581623201831810e-03         2.3627493410339822e-04         3.5496280254709873e-03        -6.5451264481194548e-04         5.4663973172479445e-03        -8.4331906233737043e-04         7.7819657525936715e-05
77                                    -2.5608499366066911e-04        -2.8633711755979068e-04         2.6573772178685355e-03        -1.5935527923242432e-02        -7.0202807578132031e-03        -2.4733100192211963e-02         5.0535978148151519e-03         1.8744574206748686e-03
78                                     1.5801559133154430e-03        -1.3916887889742907e-04        -6.7336200358207761e-04        -1.7352159858251125e-02         1.1133604046039032e-02        -4.7066066219414796e-04         2.7880676665731401e-04        -3.3482106619997357e-04
79                                    -4.5937713362004555e-04         2.4789371165001030e-03        -3.9299875255839698e-04        -5.8872722132938173e-03         1.1137762928611853e-03         2.6364040626001423e-04         5.3647743818265102e-05         1.9988504092444744e-04
80                                    -1.6675990339655319e-03        -1.6375153478766285e-03         1.1448067082653758e-03         2.3699996574109317e-02        -1.5807653504144079e-02        -1.8164699661377230e-03         7.3916840804806117e-04        -4.9615708089127426e-04
                                                         8                           9                          10                          11                          12                          13                          14                          15

0                                     -9.6482664144005277e-04        -1.8639724237761229e-03         1.5220434308218893e-03        -5.4838386260544518e-03         6.3558886043757912e-04         4.5624749951762552e-04        -1.2417478271639848e-09        -1.8639721079247132e-03
1                                     -2.2775625899330576e-03        -3.4299163400988569e-03         3.9430130525443460e-03        -6.6029174873030293e-03         1.0063908699727668e-03         1.6918718018351861e-04         2.3891021985466334e-10        -3.4299164840153294e-03
2                                      2.7383661923684049e-03        -3.7985642204231441e-03         6.5111061963318492e-04        -5.5111608677846195e-03        -9.3837352258186448e-10        -2.5987776114101005e-09        -6.9122645663839515e-04         3.7985629488938560e-03
3                                     -4.0113283957835200e-02        -4.7610766670281440e-03        -9.6237707296324138e-03        -3.7260168972921073e-03        -7.6190606018845548e-04         1.3186895854987472e-04         1.1118012592620551e-09        -4.7610747421949311e-03
4                                     -1.0942759070312981e-02        -1.8624467766348188e-02        -1.4620912470483520e-02        -2.5638682683774477e-02        -4.5908119179445349e-04         1.6199796981115760e-03         1.5897409176909318e-09        -1.8624465971425912e-02
5                                     -1.4439817491992624e-01        -5.7183080718146290e-05        -9.6560116645392699e-03         3.9155819847408718e-03        -7.2739623228607911e-10         2.9806966651271724e-10         1.4774880310409119e-03         5.7184663297965219e-05
6                                     -5.9542506074538024e-02        -8.1970782730237210e-02        -2.0353411111846610e-02        -3.4457019429797882e-03        -7.2400132880331217e-03        -2.1513664990195257e-02         4.1907478870408851e-03         5.6999764894311369e-04
7                                     -3.4881649967909434e-02        -2.0653074017826855e-02        -1.5532888951191934e-01        -1.7171448717220872e-03        -6.8683698947532915e-03        -1.3712003226714831e-02         7.3913483204854843e-03         7.7688957499571533e-04
8                                      5.2102892642555476e-01        -3.2100755335710482e-03        -3.8384516628549303e-04        -8.1036225791493971e-02         8.9090874238098496e-03         2.9789794386626975e-02        -2.4824445294184972e-03        -3.6056802513934928e-04
9                                     -3.2100755335710482e-03         4.9168583272940275e-01         1.8070481033265900e-02         7.4718457692215953e-02        -1.0426668140482610e-01        -1.0222498647882734e-02         3.7079096218499974e-02         1.3443012745363921e-02
10                                    -3.8384516628549303e-04         1.8070481033265900e-02         4.4436910078708369e-01         2.9099540762036968e-02        -1.0422980730358229e-02        -8.0659617679788159e-02         1.4935160693959205e-02         4.3393688251923794e-03
11                                    -8.1036225791493971e-02         7.4718457692215953e-02         2.9099540762036968e-02         5.5640830849460388e-01         3.6858481607270635e-02         1.4141907863018157e-02        -1.3790676231587887e-01         1.1987903342450860e-02
12                                     8.9090874238098496e-03        -1.0426668140482610e-01        -1.0422980730358229e-02         3.6858481607270635e-02         5.3776370807370877e-01        -2.5671455679302374e-02         7.8306038083907764e-09        -1.0426667264806161e-01
13                                     2.9789794386626975e-02        -1.0222498647882734e-02        -8.0659617679788159e-02         1.4141907863018157e-02        -2.5671455679302374e-02         5.9488565735228571e-01        -1.0685924432644878e-09        -1.0222493620255400e-02
14                                    -2.4824445294184972e-03         3.7079096218499974e-02         1.4935160693959205e-02        -1.3790676231587887e-01         7.8306038083907764e-09        -1.0685924432644878e-09         4.1228300308161059e-01        -3.7079100174347013e-02
15                                    -3.6056802513934928e-04         1.3443012745363921e-02         4.3393688251923794e-03         1.1987903342450860e-02        -1.0426667264806161e-01        -1.0222493620255400e-02        -3.7079100174347013e-02         4.9168582678352996e-01
16                                     3.4992384820533434e-04         4.3393704326223099e-03         2.3862362675902485e-03         4.6977844966612017e-03        -1.0422978913132729e-02        -8.0659612604005643e-02        -1.4935156630512217e-02         1.8070470405236128e-02
17                                     1.2029254805532071e-03        -1.1987907429094669e-02        -4.6977849057608639e-03        -3.5638119395874641e-02        -3.6858483761843572e-02        -1.4141912815298557e-02        -1.3790677151742048e-01        -7.4718448493108963e-02
18                                    -1.5770177497999565e-04         8.8295672785863866e-04         2.5084016288975497e-04         1.0547538304364122e-03        -2.3818583640330432e-02         1.1136737685084819e-02        -8.4352035506211273e-03        -1.3965500873383599e-01
19                                     5.4384055474455267e-04         2.1842691528537210e-04        -2.0947750189329040e-04         5.6271160037234605e-04        -3.2036743603334784e-03         3.6545646633375124e-03         2.8242691161606652e-03         3.9705967154313647e-02
20                                    -5.9398675955407362e-04         1.0673906996862834e-03         5.9202824076959662e-04         1.7113802401234179e-03        -2.6875390941994960e-02         1.5845865608581412e-02        -1.7604364970519974e-03         1.3055030666068446e-03
21                                    -2.7912786497293366e-04        -2.3836152097533151e-02        -2.5297695632884587e-03        -2.7393392376207290e-02         1.6938920370910982e-03        -1.3489255355449287e-03         1.6464628715115864e-09        -2.3836150000357666e-02
22                                     5.3826597482947713e-04         1.0085067149620729e-02         5.0739816940889235e-03         1.6087608657216035e-02        -1.3642556642246683e-03         5.0608365310450022e-04        -1.6315931090814103e-10         1.0085066156331979e-02
23                                    -2.3075930686176048e-04        -8.9733883451510246e-03         4.1672929621939872e-03        -8.3144326896426868e-04         1.3268076511192705e-09        -1.5247352830937832e-09         2.0862613848390485e-04         8.9733847993788002e-03
24                                     4.9705983485148417e-04        -1.3965501326111807e-01         4.0554945043335053e-02        -1.4170254059219373e-03        -2.3818580942302846e-02         1.1136737615176237e-02         8.4352025705149783e-03         8.8295144355502245e-04
25                                    -6.7122988783003580e-04         3.9705968677095173e-02        -1.0294642924073394e-01        -9.0477127822790465e-04        -3.2036725064128121e-03         3.6545633445094067e-03        -2.8242650113108267e-03         2.1842094161001694e-04
26                                     4.2824302831254157e-04        -1.3055048436572611e-03        -7.4406676167481853e-04        -8.0119344428029787e-02         2.6875388985123781e-02        -1.5845862869567771e-02        -1.7604365763940720e-03        -1.0673888380869521e-03
27                                    -6.4971790963475815e-03         5.2977824022945423e-04        -2.5136106947391823e-04         7.5795157940541664e-04        -9.4894612656759580e-04        -4.2875638857074912e-04         4.6304096976553004e-10         5.2977759381963186e-04
28                                     3.4442959300655732e-03         1.0012861023706242e-03         7.3403003195549391e-04         1.0042484355078625e-03        -1.6734507920163934e-04        -1.4721867479053092e-04         3.8133709234043745e-10         1.0012868883668672e-03
29                                    -2.7669777664860139e-03         1.4227065346103917e-03         6.9373085359453190e-06         1.4118518290253106e-03        -1.1961049983297633e-09         1.8125083972292600e-09        -9.0995278028332960e-05        -1.4227064583778228e-03
30                                    -1.2941181241555279e-02         5.6999985947274456e-04         5.8152706922482214e-04         1.6101463491305836e-03        -7.2400157615244397e-03        -2.1513666001667930e-02        -4.1907471464308092e-03        -8.1970797467564444e-02
31                                    -3.1682031292708870e-03         7.7688664420877580e-04         7.5741816935900527e-04         1.2031739318146845e-03        -6.8683693275513914e-03        -1.3712002702754219e-02        -7.3913520862417745e-03        -2.0653072157217935e-02
32                                    -3.4395159451458254e-02         3.6056607529524973e-04        -3.4992223404995901e-04         1.2029275095478634e-03        -8.9090876368286033e-03        -2.9789794180120951e-02        -2.4824457921044166e-03         3.2100641271357519e-03
33                                     7.9020431102104797e-04        -4.8561046040361707e-04        -4.8662028625955328e-05        -3.5854007808376495e-04         2.5001315953602663e-05         3.0017865687305607e-05        -1.7336770866162800e-09        -4.8560836747133543e-04
34                                    -8.9046211674884915e-04         9.0568306904402897e-05        -6.5391431687830594e-05         8.4909591057704238e-04        -1.3808664293816705e-04        -2.8076128989657260e-06        -2.4404055489273438e-10         9.0567374647137588e-05
35                                     1.0670144722481247e-04        -2.0608858003980896e-04         3.4474703911690488e-05         2.1384293879424870e-04        -1.3433503136526704e-09         1.7905893495775148e-10         1.4561218192280553e-04         2.0608784741083194e-04
36                                     1.1170944504066252e-01        -5.9647692664014417e-03        -1.2349849712211050e-03         6.7364704850008160e-03         5.5243345527160878e-04        -2.4941194095527853e-03        -9.2472912276855748e-04        -3.1871304500439841e-04
37                                     4.4972527343276808e-02        -1.6536893951180725e-02        -7.6563721805696597e-03         2.6401491533933528e-02        -5.7664326271499207e-04        -6.4877935280593328e-03        -1.4992321917662969e-03        -1.8061984380591926e-04
38                                    -2.1088928157681808e-01        -8.6383782740251554e-04        -8.6087813889603598e-05         9.9938918973945879e-04        -4.3775362949193160e-04        -3.1188285565292469e-04         1.6350576383927611e-03        -1.6436189086638589e-04
39                                     7.8477851822059564e-04         6.8250877631703954e-03        -4.8936342193204169e-03         7.0460882656377967e-04         6.8117472162635014e-04        -2.1926017767843055e-04        -8.0559609199400573e-05         1.3716712634874060e-05
40                                     1.0722377170555887e-03         2.6880401569233589e-02        -1.8292912305519757e-02         4.7580294235842469e-04         1.2880193058759561e-03         1.3508715979078396e-03        -6.9167478897668236e-04        -1.4205581759110436e-04
41                                    -4.7217936843355041e-02         1.7239180455233553e-03        -4.2578219375493959e-04        -1.4269846694247813e-03        -3.6738513846718457e-04         6.0081850903639889e-04         7.0847047510935922e-05        -6.3412827823637000e-05
42                                    -6.1159574237967806e-03        -1.1780952318799923e-01        -2.7528183613889867e-02        -1.1054474142083680e-01         9.7444828140171823e-03         4.1081971589863875e-03         1.6165521728706753e-02        -1.8309992861048380e-03
43                                    -2.8002695445565287e-02        -2.7549528832925437e-02        -5.5660495214098112e-02        -4.2327606902814563e-02         4.1390208908341089e-03         7.3508457985857088e-04         6.5135390840635812e-03        -1.1213204549037142e-03
44                                     5.3370576118182914e-04        -1.1048562002205273e-01        -4.2211480973445181e-02        -2.1410228752903121e-01        -1.4127325144080384e-02        -5.5864020097111831e-03        -2.2644765788269555e-02         5.1749665896009206e-03
45                                     2.9724934105995423e-03        -5.6548316923177673e-03        -1.6363916003392279e-02        -2.2586244501921100e-04        -6.2566794233701317e-02        -5.7744252541562818e-02        -1.0535873584507144e-09        -5.6548318861502009e-03
46                                     1.8347471870798233e-03        -7.9487530870733444e-04        -7.3423377412265645e-03        -1.1883711200864899e-04        -5.9681707880612479e-02        -2.8255419752924460e-01        -4.8175171903110487e-11        -7.9487544180379885e-04
47                                    -4.5828412386640840e-03         6.7745501856127004e-03         2.7218599878915561e-02        -4.9294987027487421e-04        -4.1049582476307654e-10        -8.6732381032753868e-10        -4.4789481978848300e-02        -6.7745476364834446e-03
48                                    -6.5252691781941602e-04        -1.5339751559783146e-02         9.4335865629036099e-03        -8.7607778049853674e-05        -2.2242832525583953e-01         1.1269015006825503e-01        -1.0981816725360662e-10        -1.5339749269153224e-02
49                                     4.8213885229354521e-05        -6.3885425107919804e-03         1.9677707178229311e-03        -1.0651831257946567e-04         1.1451395103550975e-01        -1.2175571701222457e-01        -1.4845671318345193e-09        -6.3885407492619735e-03
50                                     1.0134062556262794e-03         2.3690794807187106e-02        -1.5426817583709035e-02        -2.8746836488205332e-04        -4.5772604151090310e-10        -1.6513889514841699e-09        -4.5151053049543560e-02        -2.3690788314145460e-02
51                                    -2.4410536502389273e-05        -1.8309956421554993e-03        -1.0545687118167289e-03        -3.0016222490140774e-03         9.7444796135455272e-03         4.1081972690871094e-03        -1.6165523311531621e-02        -1.1780952043940926e-01
52                                    -4.9257734066367881e-04        -1.1213219029919900e-03         3.2155237926376548e-04        -8.8757586314615680e-04         4.1390197779408956e-03         7.3508560352273690e-04        -6.5135406368386911e-03        -2.7549526553429432e-02
53                                     4.3473149133448075e-04        -5.1749683192155015e-03        -2.0410447978763775e-03        -2.9579490886637930e-03         1.4127324922827790e-02         5.5864021263916175e-03        -2.2644765372016439e-02         1.1048562404021109e-01
54                                    -4.5534018981889128e-05        -1.1930968882589666e-04         2.7219932360176896e-05         1.4178852576413623e-04         1.4905002949473466e-03         4.1047739412476431e-04         5.1287143460259569e-04         5.8367521711065982e-03
55                                    -1.6649446377004244e-04         1.7840490428704925e-04        -2.5771350089148163e-05         1.9988699278116449e-04        -1.1635746154872190e-03         5.0106571937244505e-04        -4.7191787669292103e-04        -4.5898609511441993e-03
56                                     7.8357824264439806e-05         9.6348562761975509e-05        -3.0909227814538960e-05        -4.6990300190499014e-05        -5.0905304522259366e-05         6.5313399444128992e-04         1.0151656936014041e-04        -6.4030315730047608e-04
57                                     7.6617371555568175e-06        -3.7200689722315344e-04        -8.0917440498382356e-05         4.9847498517881922e-04        -4.3722366079708384e-03         4.7013488610672064e-03         1.6151508669389400e-03        -1.5801281134444692e-02
58                                    -9.9730594945502717e-06        -5.6610238139469422e-05        -6.9108749936374085e-05        -3.3935836585096855e-04         2.7229919526530941e-03        -1.7834291132215814e-03        -4.9842355455618961e-04         9.4037695828057596e-03
59                                     1.0810444026804590e-04         4.8559058281121871e-04        -3.7605799231977361e-04         3.2489884600714336e-04         2.6689779154768362e-04         2.9824154810127301e-04         1.6553431949373728e-03         4.1615761836328452e-04
60                                     5.0501361227046210e-05        -4.2297954193349502e-05        -2.1392622682187895e-03        -3.8402369362524839e-03         6.9146069175360543e-04        -1.1492275216699139e-05        -1.2809108694443805e-09        -4.2297779188252282e-05
61                                    -3.0138160387156937e-04        -7.3787890075776262e-04         3.4375746876803793e-04        -1.2678901897333755e-03         1.1951264293315854e-04        -9.3467613044747146e-05         1.7849328933807270e-10        -7.3787538968952959e-04
62                                    -3.8631554512544622e-05        -2.2694804803493705e-03        -2.3811189549466146e-03        -4.7692596705571806e-03         1.7643644389880647e-09         6.0171212150955542e-10        -6.2219787807424689e-04         2.2694794164578426e-03
63                                     5.3162941752269810e-04         5.8367546886838213e-03         2.7627830294932543e-02         6.7525218852522591e-04         1.4904999668779706e-03         4.1047760043205718e-04        -5.1287242760279989e-04        -1.1930666238910918e-04
64                                    -2.5302684940198375e-04        -4.5898635565798131e-03        -1.7890735286423938e-02         2.5649453032276440e-04        -1.1635751661433669e-03         5.0106351737940770e-04         4.7192048621645384e-04         1.7840240729364613e-04
65                                     5.8032639986354065e-04         6.4030460375130238e-04         9.2234586954882680e-04        -1.4780378566915968e-03         5.0905565848050668e-05        -6.5313049208517320e-04         1.0151633074904417e-04        -9.6346491267088589e-05
66                                     2.5000786790519043e-04        -1.5801284083119652e-02        -6.4122670991988932e-03         2.3512903967824531e-02        -4.3722362758544710e-03         4.7013495781618314e-03        -1.6151493559525571e-03        -3.7200581354063819e-04
67                                    -7.6828689426624913e-04         9.4037711467380783e-03         1.9665246300409880e-03        -1.5224393492666301e-02         2.7229945795430432e-03        -1.7834322601695896e-03         4.9842174771400733e-04        -5.6608916713354245e-05
68                                     1.5160323954481654e-04        -4.1615947958604030e-04        -3.6426529017620501e-05         2.0642909138841956e-04        -2.6690074986029586e-04        -2.9824177268771295e-04         1.6553455555091785e-03        -4.8559485526828133e-04
69                                     1.3631768364987230e-03        -1.3118669475916311e-04         9.4239681232082873e-05        -1.1861384222923668e-04         1.7707924274830617e-04         1.8653317630104062e-05         7.9807031158466476e-05         4.3682201030057887e-04
70                                    -5.1475926619317140e-04        -8.8213248192192673e-06        -2.6690513599939898e-04        -6.9611407374236525e-05         2.8665803379992398e-05         8.7505591027668670e-05         3.9754880310276063e-05         2.5114450779821712e-04
71                                     4.7708669878969152e-04         2.1993930967099642e-04         1.9451443490249064e-04         8.9875936142077705e-05        -5.6495529846911727e-05        -5.7307387799889300e-05        -5.3238472895343870e-05        -1.8219428563325674e-04
72                                     1.7918923416151041e-03         4.3682327663704511e-04         5.3260915783321424e-04         2.3740449302305042e-04         1.7708030337914476e-04         1.8657521748035449e-05        -7.9804287227895924e-05        -1.3118604000373311e-04
73                                    -1.7787768537796814e-04         2.5114523690093543e-04        -4.3431742781107707e-04        -5.8001001176292803e-05         2.8669801557439068e-05         8.7510417851970792e-05        -3.9750028250658693e-05        -8.8190235940260094e-06
74                                     1.5229642775210529e-03         1.8219203971314626e-04         1.2610794079030100e-04        -1.3449121791429776e-04         5.6496746836192779e-05         5.7307507245985597e-05        -5.3236745242502031e-05        -2.1994368454513857e-04
75                                     2.7339180600457168e-03        -3.1871399324139070e-04        -1.7006505173726601e-04        -2.1890485423729095e-06         5.5243684563178455e-04        -2.4941201869234757e-03         9.2472890583002263e-04        -5.9647696869927491e-03
76                                     1.7491578714837050e-03        -1.8061782202285701e-04        -1.3180671206044169e-04         3.6786417055498059e-04        -5.7664162471463866e-04        -6.4877941894166263e-03         1.4992303820336554e-03        -1.6536894206415315e-02
77                                    -3.2316252621828988e-03         1.6436517894302064e-04         6.7978693925717631e-04         2.8173166528274590e-04         4.3775114798846014e-04         3.1188133029254675e-04         1.6350588346793248e-03         8.6383876379598958e-04
78                                    -1.3983515173710635e-03         1.3713674123320312e-05         1.0824923101099445e-04         2.0993297268856697e-04         6.8117400821092748e-04        -2.1926162236942347e-04         8.0558252661225922e-05         6.8250880005381147e-03
79                                    -2.7414463170829335e-04        -1.4205280994282051e-04        -2.6190525827682722e-04        -6.5613744773507579e-05         1.2880245626903438e-03         1.3508708278806309e-03         6.9167376242844575e-04         2.6880396602315226e-02
80                                     1.4585960383235634e-03         6.3415825983181634e-05         2.0076733062501318e-04        -2.6743089739056976e-05         3.6738625491503844e-04        -6.0081871951493671e-04         7.0843643627980379e-05        -1.7239168385142951e-03
                                                        16                          17                          18                          19                          20                          21                          22                          23

0                                      1.5220423286430654e-03         5.4838410774547819e-03        -6.7925224088717651e-04        -1.9519036073288587e-04         3.3217631726447429e-04        -6.4335036071874706e-03         2.9280301291431500e-03        -1.7662196389930224e-10
1                                      3.9430116623723650e-03         6.6029159562115873e-03        -3.1516729124743441e-04         6.4854601745459838e-04        -8.4970240468522969e-04         7.4675563538283305e-03         8.1600761302001029e-04         3.5305720785483204e-10
2                                     -6.5111263905046068e-04        -5.5111613016813697e-03         4.0121349217677187e-04        -4.0391786267419960e-04         7.5321033435416049e-06         2.4572536207266603e-09        -2.1796932081769493e-09         2.0070459185601180e-04
3                                     -9.6237732525845908e-03         3.7260121968163157e-03         1.0235780006725235e-03         2.5357492899161861e-04        -6.3468074326869777e-04         1.3242332825291789e-02         2.6893716561748049e-03        -6.6817878282914609e-10
4                                     -1.4620911628395702e-02         2.5638676195986525e-02         5.7747945759582201e-04         1.1609645539967508e-03         1.0298911304107670e-03         2.2560798867943530e-02        -2.8641189573180879e-02         1.1886339649492870e-09
5                                      9.6560066949610765e-03         3.9155869548665144e-03        -8.0960170673148851e-04         4.3316380236443734e-04        -1.0087790350057999e-04        -4.0464470812995459e-10        -4.5524705349797718e-10        -1.9931953143793239e-04
6                                      5.8152651246752909e-04        -1.6101453997435615e-03        -1.2137203648419914e-04         2.6024491949447337e-04        -2.1470720388813702e-04         1.4119013447218380e-03        -2.2537453561006365e-04         3.6626935253491512e-04
7                                      7.5742023420901847e-04        -1.2031718766727251e-03         9.6593318237128342e-05        -3.7731776869670097e-04         3.2315032996532711e-04        -1.5245398868144137e-03         1.2807319705465704e-03        -2.9539661827002878e-04
8                                      3.4992384820533434e-04         1.2029254805532071e-03        -1.5770177497999565e-04         5.4384055474455267e-04        -5.9398675955407362e-04        -2.7912786497293366e-04         5.3826597482947713e-04        -2.3075930686176048e-04
9                                      4.3393704326223099e-03        -1.1987907429094669e-02         8.8295672785863866e-04         2.1842691528537210e-04         1.0673906996862834e-03        -2.3836152097533151e-02         1.0085067149620729e-02        -8.9733883451510246e-03
10                                     2.3862362675902485e-03        -4.6977849057608639e-03         2.5084016288975497e-04        -2.0947750189329040e-04         5.9202824076959662e-04        -2.5297695632884587e-03         5.0739816940889235e-03         4.1672929621939872e-03
11                                     4.6977844966612017e-03        -3.5638119395874641e-02         1.0547538304364122e-03         5.6271160037234605e-04         1.7113802401234179e-03        -2.7393392376207290e-02         1.6087608657216035e-02        -8.3144326896426868e-04
12                                    -1.0422978913132729e-02        -3.6858483761843572e-02        -2.3818583640330432e-02        -3.2036743603334784e-03        -2.6875390941994960e-02         1.6938920370910982e-03        -1.3642556642246683e-03         1.3268076511192705e-09
13                                    -8.0659612604005643e-02        -1.4141912815298557e-02         1.1136737685084819e-02         3.6545646633375124e-03         1.5845865608581412e-02        -1.3489255355449287e-03         5.0608365310450022e-04        -1.5247352830937832e-09
14                                    -1.4935156630512217e-02        -1.3790677151742048e-01        -8.4352035506211273e-03         2.8242691161606652e-03        -1.7604364970519974e-03         1.6464628715115864e-09        -1.6315931090814103e-10         2.0862613848390485e-04
15                                     1.8070470405236128e-02        -7.4718448493108963e-02        -1.3965500873383599e-01         3.9705967154313647e-02         1.3055030666068446e-03        -2.3836150000357666e-02         1.0085066156331979e-02         8.9733847993788002e-03
16                                     4.4436909912769151e-01        -2.9099532507818660e-02         4.0554940798705044e-02        -1.0294642617104188e-01         7.4406217233993072e-04        -2.5297716062100926e-03         5.0739818023647631e-03        -4.1672919151695270e-03
17                                    -2.9099532507818660e-02         5.5640833420291858e-01         1.4170256715244217e-03         9.0476411328236153e-04        -8.0119342552777625e-02         2.7393388044454559e-02        -1.6087606881824017e-02        -8.3144471502354794e-04
18                                     4.0554940798705044e-02         1.4170256715244217e-03         4.6326896841971893e-01         4.5766485032494204e-02         6.6662413612593008e-02        -1.0485919915884181e-01        -8.4580052716864175e-03         3.7967906969903570e-02
19                                    -1.0294642617104188e-01         9.0476411328236153e-04         4.5766485032494204e-02         5.6399112151427777e-01         1.6479496861738954e-02        -7.8113723789720313e-03        -8.1830022660144261e-02         1.5185395437047004e-02
20                                     7.4406217233993072e-04        -8.0119342552777625e-02         6.6662413612593008e-02         1.6479496861738954e-02         5.1805917410123503e-01         3.8157771150824672e-02         1.5831116313819373e-02        -1.3575705582215850e-01
21                                    -2.5297716062100926e-03         2.7393388044454559e-02        -1.0485919915884181e-01        -7.8113723789720313e-03         3.8157771150824672e-02         5.6335123190081571e-01        -7.9325258645585206e-02        -1.2042218852192747e-08
22                                     5.0739818023647631e-03        -1.6087606881824017e-02        -8.4580052716864175e-03        -8.1830022660144261e-02         1.5831116313819373e-02        -7.9325258645585206e-02         4.8985479264786602e-01         1.0298607489153330e-08
23                                    -4.1672919151695270e-03        -8.3144471502354794e-04         3.7967906969903570e-02         1.5185395437047004e-02        -1.3575705582215850e-01        -1.2042218852192747e-08         1.0298607489153330e-08         4.4182446203197534e-01
24                                     2.5084242657911733e-04        -1.0547478519607302e-03         1.1624266657187670e-02         3.7755385824141002e-03         1.2149150593961645e-02        -1.0485920950826116e-01        -8.4580078552738969e-03        -3.7967894616912731e-02
25                                    -2.0947815888684111e-04        -5.6271486364820218e-04         3.7755428743394422e-03         1.7597978541421082e-03         5.5227463121107837e-03        -7.8113756192980006e-03        -8.1830028136468697e-02        -1.5185403376716354e-02
26                                    -5.9202887128555204e-04         1.7113762501654185e-03        -1.2149150685476191e-02        -5.5227450884061391e-03        -3.5517964427087649e-02        -3.8157767590766584e-02        -1.5831124632127887e-02        -1.3575706038555002e-01
27                                    -2.5136016243874730e-04        -7.5795014526280902e-04        -6.7332437488382777e-03        -2.0767195936639195e-02         2.8862529620198533e-03        -8.5717285434528348e-02        -1.6332113609113345e-02         1.5447632642508907e-09
28                                     7.3402925759206983e-04        -1.0042482931581593e-03        -8.4379310919982832e-03        -1.3529522476777110e-02         6.8441955094652035e-03        -1.6030120353415458e-02        -1.5874587488519970e-01        -7.0522829368082054e-10
29                                    -6.9368293098030429e-06         1.4118539588495044e-03         9.2104990994529307e-03         3.0073801837070702e-02        -2.8906508619013210e-03        -4.3418656436671944e-11        -3.3087053435702300e-09        -7.5359760357574579e-02
30                                    -2.0353398636441387e-02         3.4457082535520761e-03         5.6691858706009284e-03         2.9649747093704992e-02        -1.9703517489495803e-04         1.4118974873431958e-03        -2.2537175834414684e-04        -3.6626957839667670e-04
31                                    -1.5532889247412290e-01         1.7171542579297247e-03         2.8527387345470001e-03        -2.9741810175048969e-02        -8.5979717652333917e-04        -1.5245399262770361e-03         1.2807304119123279e-03         2.9539808321845523e-04
32                                     3.8384540772515990e-04        -8.1036228881095837e-02        -4.9705969740865990e-04         6.7123173768828242e-04         4.2824474915930701e-04         2.7913064665664798e-04        -5.3826919887167354e-04        -2.3076259050837291e-04
33                                    -4.8663032271454177e-05         3.5854562718978333e-04         1.6311842233139828e-04         2.2297506874573549e-04        -9.8273721201234433e-05         1.2628152407382628e-04        -7.6580990558504586e-04         2.7284043049161775e-10
34                                    -6.5391931813408265e-05        -8.4909522480707054e-04         1.9028111684591618e-04         1.2824492578740156e-04        -9.8108694373986739e-05         2.4506000126620795e-03        -9.4034978789722667e-06        -1.3600715416472316e-09
35                                    -3.4475318036664019e-05         2.1384285266476868e-04        -1.7087102704237882e-04        -1.8291749567746993e-04         2.7407805120477934e-05        -1.1160318734598494e-09         5.2486290640172445e-10         6.2891293887005714e-04
36                                    -1.7006769644417998e-04         2.1882618865846568e-06         5.0162983273864970e-06         6.1080000796434890e-05         3.0213117714906470e-05         3.5325422003272175e-06        -3.2584505204060903e-04         4.1176998438157537e-05
37                                    -1.3180574769463139e-04        -3.6786300212404265e-04        -5.0322814286568184e-05         9.9529168676911687e-05        -2.3049947876692964e-05        -7.2076421490102497e-06        -1.5844933297291721e-04        -8.1536334575217141e-05
38                                    -6.7978473351618801e-04         2.8173338450972196e-04         1.3256522418413785e-04        -1.0616797768062450e-04         9.5717313287753533e-05        -1.9966217453355457e-04         7.8464018199943817e-05        -1.3513240781092397e-04
39                                     1.0824955648191094e-04        -2.0993132826555082e-04        -3.1505753391712328e-05        -5.3390573709418028e-05         1.2057360677520767e-04        -5.9803258376010457e-05        -5.2538085473895560e-04         1.1635154445425577e-04
40                                    -2.6190568607348242e-04         6.5617783459854520e-05         5.4775560596169383e-05         1.2066424774118437e-04        -1.1067972169316771e-04        -2.2937747391181627e-04        -6.0480673381320231e-05        -4.0129329775073384e-04
41                                    -2.0076812455809565e-04        -2.6747409871362903e-05         3.4703888433868760e-05        -3.9394982209355403e-06         1.1570383543152177e-04         1.5643604928638425e-04        -5.6888670410323557e-04        -5.6854939976183324e-05
42                                    -1.0545692168285820e-03         3.0016249844286181e-03        -3.4970119234168577e-04        -4.1521569622837706e-06         4.6509846084374744e-04        -4.0354146850027414e-03         4.3997703801172752e-03         1.8059732540986351e-03
43                                     3.2154936594917978e-04         8.8757727119839931e-04        -6.1107767982432039e-05         1.6957274152975665e-05        -3.7709474005088035e-04         3.0729845128193876e-03        -1.9518248868103443e-03        -9.6206285580142503e-04
44                                     2.0410470848545820e-03        -2.9579528405865620e-03         4.9304577170913248e-04        -2.6767128488381763e-04         3.1453358583760811e-04         2.4806026959923316e-04         3.2134030987763552e-04         1.5010924797021711e-03
45                                    -1.6363913767410147e-02         2.2586449322036135e-04         6.0375765770536577e-04        -9.5579771813347780e-04         4.7328493279644298e-04        -6.4028292914486656e-05         2.6848348044160059e-05         2.3767992306249221e-09
46                                    -7.3423384862001690e-03         1.1883690479806350e-04         6.7763864258886725e-04         4.1231362156241198e-04         5.2174260351795204e-04        -2.5371421808075955e-04         6.6450326228056493e-05        -1.4331111500583152e-09
47                                    -2.7218598025979923e-02        -4.9295174986403820e-04         1.0813636119867370e-03        -5.4191432182423675e-04         1.0586774304448135e-03         4.1970949201925059e-10         3.9295219973813070e-10        -2.2131757597613466e-04
48                                     9.4335862755347347e-03         8.7607251404445835e-05        -1.6418345542163273e-04        -2.1529000525329807e-03        -3.8310127926063859e-03         7.2463664421115390e-04         9.1143014570991242e-05         8.9454820448908698e-10
49                                     1.9677717491651623e-03         1.0652228688983953e-04        -7.9016152079582763e-04         4.8784878054177681e-04        -6.4379861318136821e-04         3.5687401569512410e-05        -1.9541802453678400e-04         9.4737148039959439e-10
50                                     1.5426821449401711e-02        -2.8747241957090448e-04        -2.7199695544629409e-03        -2.4251992240994632e-03        -4.8532699145576270e-03        -3.2641496122997475e-10         2.5896548642786965e-09        -6.4976862042491262e-04
51                                    -2.7528183537682615e-02         1.1054474082868215e-01        -1.5881692102867689e-02        -5.8265206071799781e-03         2.2683129180989841e-02        -4.0354115378057435e-03         4.3997695980957183e-03        -1.8059747568974303e-03
52                                    -5.5660493435695242e-02         4.2327606930191615e-02         1.0566757250885985e-02         3.1538310995200712e-03        -1.5950659543963311e-02         3.0729839980205482e-03        -1.9518256540957879e-03         9.6206272588233738e-04
53                                     4.2211484031097306e-02        -2.1410229039031323e-01        -8.6536027585014906e-04        -3.6414718092137640e-04         6.2424794565232433e-04        -2.4805880132557079e-04        -3.2134334387268508e-04         1.5010902404922304e-03
54                                     2.7627827341967039e-02        -6.7525148916632819e-04        -5.9546198028615722e-02        -5.7815568303366781e-02        -1.0751002849518462e-03        -5.3058988825081740e-03        -1.8253293262836839e-02        -5.8130022477727999e-04
55                                    -1.7890736432827375e-02        -2.5650013487156325e-04        -5.6910565601880778e-02        -2.8332934466088966e-01         1.0802684437473606e-03        -1.5785038065812620e-03        -6.8504785007751159e-03        -4.2986082433985051e-04
56                                    -9.2234622835726267e-04        -1.4780360316134188e-03        -1.5115660361962641e-03        -5.9889620409042253e-04        -4.7015564228262079e-02         5.6749774650175543e-03         2.6377008229480130e-02        -1.3668621740930151e-03
57                                    -6.4122670190186921e-03        -2.3512909682849158e-02        -1.1742556066942861e-01        -2.7353598806387200e-02        -1.1026572358439704e-01         9.7072690846270390e-03         3.4919627805999362e-03         1.5413742848880909e-02
58                                     1.9665277759139729e-03         1.5224395561093194e-02        -2.8194665505215315e-02        -5.8412882018220764e-02        -4.2159310738686340e-02         3.4609561005612948e-03        -4.8907778607942386e-04         5.6743870556433401e-03
59                                     3.6423320080284163e-05         2.0643223059956233e-04        -1.0991327776563403e-01        -4.0754724089872962e-02        -2.1382040580828032e-01        -1.4916371576458219e-02        -5.8565526723696939e-03        -2.2786735911185567e-02
60                                    -2.1392610898048510e-03         3.8402451546503662e-03        -1.5016007787230012e-02         9.1078114432798906e-03         2.0473093425163805e-04        -2.2417278511575356e-01         1.1505594698851879e-01         1.5600381639464373e-09
61                                     3.4375822328100978e-04         1.2678869483163753e-03        -7.3035931578683492e-03         3.7991933279285526e-03         4.9042865989662801e-05         1.1471967413791498e-01        -1.1876140642822132e-01         4.8845896134406293e-10
62                                     2.3811158660209213e-03        -4.7692612672985638e-03         2.3781702740519564e-02        -1.5349848992416502e-02        -9.4296003325856784e-04         2.8168547203224273e-09        -2.8262925365006930e-09        -4.5258943662041334e-02
63                                     2.7222341593155486e-05        -1.4179189535776205e-04         3.8482027081745745e-04         1.8171635725652802e-04         1.1887961607347846e-03        -5.3058972121743028e-03        -1.8253293273821209e-02         5.8129758725652785e-04
64                                    -2.5771467078423093e-05        -1.9989039725082293e-04         1.4029692728789758e-04         2.3373382785314321e-04         7.4407159443374703e-04        -1.5785047475465001e-03        -6.8504790688239661e-03         4.2985873204058958e-04
65                                     3.0907895897621355e-05        -4.6993797955623698e-05        -9.5202109924869406e-05        -9.1925095117027160e-04         1.3561929113284710e-03        -5.6749786506632132e-03        -2.6377006754391485e-02        -1.3668631436061368e-03
66                                    -8.0916254645524606e-05        -4.9848100735217470e-04        -1.5607686256601818e-03        -1.2026269651933910e-03        -3.2470577533381248e-03         9.7072700584306480e-03         3.4919652758079490e-03        -1.5413743128321377e-02
67                                    -6.9107780339226071e-05         3.3935692680397338e-04        -6.2590479794053617e-04         2.8635374064976942e-04        -6.6297073149143527e-04         3.4609619611409874e-03        -4.8908107082440595e-04        -5.6743835083416403e-03
68                                     3.7605461705585846e-04         3.2489964837017701e-04        -5.1668842271507462e-03        -2.2167564854697801e-03        -3.2601264930982969e-03         1.4916370413082768e-02         5.8565536956237795e-03        -2.2786736810916912e-02
69                                     5.3261390107681335e-04        -2.3740862524442626e-04         9.6581826046003398e-04        -1.2082185411662416e-03        -8.8489775091067559e-04        -4.4016176135187306e-03        -1.6999086190822108e-03         4.5121094531591077e-03
70                                    -4.3431720002534734e-04         5.7992956243893296e-05        -1.0337579291284978e-03        -6.7175746662648458e-03        -1.7575683892603168e-03        -1.7982259583362165e-02        -7.4593972324824833e-03         2.6531366388696121e-02
71                                    -1.2610916428222813e-04        -1.3448618165898783e-04        -5.3756194184722758e-04         5.1569890907594493e-04         1.4283276250920953e-03        -8.9139081587217683e-04         2.0911937070541148e-05        -9.2304032826071025e-04
72                                     9.4240414333247066e-05         1.1861136870792554e-04         5.2206970063805713e-05         1.7547698446957220e-04        -5.1935540419096118e-04        -4.4016167880411251e-03        -1.6999113682341603e-03        -4.5121084298163838e-03
73                                    -2.6690912200332131e-04         6.9605115650311358e-05         4.1590620760239986e-04         1.5289814620074536e-03        -1.1572315889175886e-03        -1.7982265154632734e-02        -7.4593945203941282e-03        -2.6531367144471293e-02
74                                    -1.9451373437566119e-04         8.9872152569782935e-05         5.1095100595045123e-04         5.0105463901869811e-04         5.7770649261731845e-04         8.9139128458174972e-04        -2.0913868933280372e-05        -9.2304161642041242e-04
75                                    -1.2349788520433901e-03        -6.7364737896277761e-03         3.2333856969562710e-04         9.6036303900784382e-04         4.2618021832322773e-04         3.5289188473129987e-06        -3.2584216324585598e-04        -4.1176030929261295e-05
76                                    -7.6563758007604545e-03        -2.6401485429232617e-02        -8.2655544945932054e-04         1.5615188996608844e-03        -7.3082067749413845e-04        -7.2032863541768668e-06        -1.5845061337473759e-04         8.1536958777297355e-05
77                                     8.6089470422733017e-05         9.9938695464354792e-04         1.1206462358704858e-05         1.0983755382264681e-04         1.7795544389484914e-04         1.9966690486358514e-04        -7.8465325812411123e-05        -1.3513051927578189e-04
78                                    -4.8936345379228842e-03        -7.0460756779141035e-04         8.7524504873540132e-04        -1.8264181841775601e-03        -2.5498208909352656e-04        -5.9801174849566201e-05        -5.2538140839805854e-04        -1.1634949099686856e-04
79                                    -1.8292911339165285e-02        -4.7579612749697674e-04        -4.0120581449781837e-03        -5.9497868803135186e-03        -1.8490088807371745e-04        -2.2938214764138022e-04        -6.0477573486003230e-05         4.0129411920852712e-04
80                                     4.2578161943707940e-04        -1.4269836181045967e-03         2.1561140144630284e-04         8.1084636440304154e-04         6.4983971892008290e-04        -1.5643907980245671e-04         5.6889053295502284e-04        -5.6854733312636046e-05
                                                        24                          25                          26                          27                          28                          29                          30                          31

0                                     -6.7925288462911473e-04        -1.9519026089240450e-04        -3.3217418309441649e-04         9.7495696509957725e-03         3.3754690047700570e-02         3.6021161085004241e-10        -6.9952051756684720e-03        -2.8978104839383574e-02
1                                     -3.1516992427664645e-04         6.4854786716953515e-04         8.4970309338783159e-04        -5.3677500946791960e-03        -4.2323823543290548e-02        -5.7827486541634293e-10        -9.3075502893018545e-03        -3.3349847291462544e-02
2                                     -4.0121488977261615e-04         4.0391509197570052e-04         7.5311593659046615e-06         1.5844268216259647e-10        -4.0391403408901750e-10         1.6023436793350344e-03         9.1953881302161943e-03         3.3209294287511217e-02
3                                      1.0235760277374417e-03         2.5357105114717099e-04         6.3468146982791681e-04        -1.5601895434762092e-01         3.0737608216856144e-02         1.0925480549067129e-09        -1.0311054668476247e-01         4.5272811329681410e-03
4                                      5.7748315190144991e-04         1.1609609343959685e-03        -1.0298969188403308e-03         4.8440975226864615e-02        -8.8618925779491028e-02        -7.2442532044597183e-10        -4.2573112193661292e-03        -6.9569967920824580e-02
5                                      8.0960171978301191e-04        -4.3316014975389215e-04        -1.0087979070895849e-04        -1.0881395865018052e-09         9.1351097712483734e-10        -7.9463231633542825e-02         3.7597204609125925e-02        -8.6573626743940979e-05
6                                      5.6691859465368179e-03         2.9649746185205349e-02         1.9703305388061297e-04        -2.3470381760602989e-02        -1.2765857075187521e-03        -2.6896884284959982e-02         1.0415870613134794e-02         4.5878728330574717e-03
7                                      2.8527349933441457e-03        -2.9741811640684034e-02         8.5979774917272324e-04         9.7239879105272525e-03         5.7158809604756500e-03         1.5294513557629409e-02         4.5878718177602348e-03         4.4570008932117780e-03
8                                      4.9705983485148417e-04        -6.7122988783003580e-04         4.2824302831254157e-04        -6.4971790963475815e-03         3.4442959300655732e-03        -2.7669777664860139e-03        -1.2941181241555279e-02        -3.1682031292708870e-03
9                                     -1.3965501326111807e-01         3.9705968677095173e-02        -1.3055048436572611e-03         5.2977824022945423e-04         1.0012861023706242e-03         1.4227065346103917e-03         5.6999985947274456e-04         7.7688664420877580e-04
10                                     4.0554945043335053e-02        -1.0294642924073394e-01        -7.4406676167481853e-04        -2.5136106947391823e-04         7.3403003195549391e-04         6.9373085359453190e-06         5.8152706922482214e-04         7.5741816935900527e-04
11                                    -1.4170254059219373e-03        -9.0477127822790465e-04        -8.0119344428029787e-02         7.5795157940541664e-04         1.0042484355078625e-03         1.4118518290253106e-03         1.6101463491305836e-03         1.2031739318146845e-03
12                                    -2.3818580942302846e-02        -3.2036725064128121e-03         2.6875388985123781e-02        -9.4894612656759580e-04        -1.6734507920163934e-04        -1.1961049983297633e-09        -7.2400157615244397e-03        -6.8683693275513914e-03
13                                     1.1136737615176237e-02         3.6545633445094067e-03        -1.5845862869567771e-02        -4.2875638857074912e-04        -1.4721867479053092e-04         1.8125083972292600e-09        -2.1513666001667930e-02        -1.3712002702754219e-02
14                                     8.4352025705149783e-03        -2.8242650113108267e-03        -1.7604365763940720e-03         4.6304096976553004e-10         3.8133709234043745e-10        -9.0995278028332960e-05        -4.1907471464308092e-03        -7.3913520862417745e-03
15                                     8.8295144355502245e-04         2.1842094161001694e-04        -1.0673888380869521e-03         5.2977759381963186e-04         1.0012868883668672e-03        -1.4227064583778228e-03        -8.1970797467564444e-02        -2.0653072157217935e-02
16                                     2.5084242657911733e-04        -2.0947815888684111e-04        -5.9202887128555204e-04        -2.5136016243874730e-04         7.3402925759206983e-04        -6.9368293098030429e-06        -2.0353398636441387e-02        -1.5532889247412290e-01
17                                    -1.0547478519607302e-03        -5.6271486364820218e-04         1.7113762501654185e-03        -7.5795014526280902e-04        -1.0042482931581593e-03         1.4118539588495044e-03         3.4457082535520761e-03         1.7171542579297247e-03
18                                     1.1624266657187670e-02         3.7755428743394422e-03        -1.2149150685476191e-02        -6.7332437488382777e-03        -8.4379310919982832e-03         9.2104990994529307e-03         5.6691858706009284e-03         2.8527387345470001e-03
19                                     3.7755385824141002e-03         1.7597978541421082e-03        -5.5227450884061391e-03        -2.0767195936639195e-02        -1.3529522476777110e-02         3.0073801837070702e-02         2.9649747093704992e-02        -2.9741810175048969e-02
20                                     1.2149150593961645e-02         5.5227463121107837e-03        -3.5517964427087649e-02         2.8862529620198533e-03         6.8441955094652035e-03        -2.8906508619013210e-03        -1.9703517489495803e-04        -8.5979717652333917e-04
21                                    -1.0485920950826116e-01        -7.8113756192980006e-03        -3.8157767590766584e-02        -8.5717285434528348e-02        -1.6030120353415458e-02        -4.3418656436671944e-11         1.4118974873431958e-03        -1.5245399262770361e-03
22                                    -8.4580078552738969e-03        -8.1830028136468697e-02        -1.5831124632127887e-02        -1.6332113609113345e-02        -1.5874587488519970e-01        -3.3087053435702300e-09        -2.2537175834414684e-04         1.2807304119123279e-03
23                                    -3.7967894616912731e-02        -1.5185403376716354e-02        -1.3575706038555002e-01         1.5447632642508907e-09        -7.0522829368082054e-10        -7.5359760357574579e-02        -3.6626957839667670e-04         2.9539808321845523e-04
24                                     4.6326897742351947e-01         4.5766489578139197e-02        -6.6662418794823416e-02        -6.7332412047422822e-03        -8.4379327918214751e-03        -9.2105007136058063e-03        -1.2136976970136826e-04         9.6594332503084288e-05
25                                     4.5766489578139197e-02         5.6399114790512683e-01        -1.6479483883794950e-02        -2.0767190774253295e-02        -1.3529526348011129e-02        -3.0073800724239132e-02         2.6024492765656850e-04        -3.7731517467571641e-04
26                                    -6.6662418794823416e-02        -1.6479483883794950e-02         5.1805918551517272e-01        -2.8862522718312821e-03        -6.8441928264295973e-03        -2.8906491260308181e-03         2.1470744884342745e-04        -3.2315258227893703e-04
27                                    -6.7332412047422822e-03        -2.0767190774253295e-02        -2.8862522718312821e-03         5.1991645430055666e-01         3.5056395802484118e-02        -8.3668440231665642e-09        -2.3470384621722046e-02         9.7239915829612951e-03
28                                    -8.4379327918214751e-03        -1.3529526348011129e-02        -6.8441928264295973e-03         3.5056395802484118e-02         4.3999883729062994e-01        -3.4254533242024376e-09        -1.2765829144782345e-03         5.7158788324084830e-03
29                                    -9.2105007136058063e-03        -3.0073800724239132e-02        -2.8906491260308181e-03        -8.3668440231665642e-09        -3.4254533242024376e-09         6.0668591395379590e-01         2.6896883632485585e-02        -1.5294513335914146e-02
30                                    -1.2136976970136826e-04         2.6024492765656850e-04         2.1470744884342745e-04        -2.3470384621722046e-02        -1.2765829144782345e-03         2.6896883632485585e-02         5.5640408836925537e-01        -5.1323394014128026e-02
31                                     9.6594332503084288e-05        -3.7731517467571641e-04        -3.2315258227893703e-04         9.7239915829612951e-03         5.7158788324084830e-03        -1.5294513335914146e-02        -5.1323394014128026e-02         4.7318941714709484e-01
32                                     1.5770001710062667e-04        -5.4384017642078106e-04        -5.9398609234005174e-04         6.4971805400797847e-03        -3.4442922782721014e-03        -2.7669801898868238e-03         5.9542502765227455e-02         3.4881635396032451e-02
33                                     1.6311796547014464e-04         2.2297522144032087e-04         9.8275554092041445e-05         8.2136960350927095e-04        -6.2199058153628549e-04        -1.4930839069368906e-10         1.8647829235010410e-03        -1.9102048564453222e-03
34                                     1.9028082095989940e-04         1.2824120720763405e-04         9.8107773794076667e-05        -4.0461755737717870e-03        -7.1365922691349858e-03         2.2721962464093472e-09         6.0147449853448741e-04         2.1361513974197475e-03
35                                     1.7087185237368621e-04         1.8291734435461437e-04         2.7407434456918274e-05         1.5039856264493521e-09        -3.4500158777204604e-10        -5.0028506588978804e-05        -1.5556301544594796e-03         3.1839622048381987e-04
36                                     3.2333831770655751e-04         9.6036704901745313e-04        -4.2618014383184201e-04         1.1007934451051856e-03         2.2964581490554430e-04        -4.8522506755970972e-04        -1.2504680142801977e-03        -8.2276175050382551e-04
37                                    -8.2655310146233230e-04         1.5615117484511455e-03         7.3081643324292246e-04         1.8802601676999879e-04        -7.8515493954520003e-06         5.0206724362458310e-04        -8.4332085877860514e-04         7.7819601707765449e-05
38                                    -1.1206201478605867e-05        -1.0983664735028306e-04         1.7795490619344946e-04         1.6351885209113202e-03        -3.4764527096741099e-04         8.1455461322977544e-04        -5.0536023247652597e-03        -1.8744589787364012e-03
39                                     8.7524416927274411e-04        -1.8264138085639873e-03         2.5498563536583096e-04        -4.8657178936053688e-04        -2.0801626514774848e-03        -4.1674360524089271e-03         2.7880421413900455e-04        -3.3482109484746182e-04
40                                    -4.0120602673501806e-03        -5.9497876489689547e-03         1.8489730496273608e-04        -1.6141803418620367e-03         5.6623509758433005e-04        -1.1538119562279304e-03         5.3647100460592519e-05         1.9988991236145599e-04
41                                    -2.1561121065908609e-04        -8.1084228414308047e-04         6.4984014400689153e-04        -2.1480880556901984e-03        -1.9375141335867105e-03        -4.2751817439805433e-03        -7.3916530594036870e-04         4.9615405142420653e-04
42                                    -1.5881689434155102e-02        -5.8265231661060258e-03        -2.2683129514929165e-02         4.6777933827749692e-04         4.7367447207161042e-04         4.3756511455722395e-04        -2.3080200920603974e-04        -1.7913370593377774e-04
43                                     1.0566756155477586e-02         3.1538275142583656e-03         1.5950658225145013e-02         3.6450019692738783e-04        -3.0816085840222737e-04         1.7788501821692300e-04        -6.4732476439491879e-06         4.7296310788360382e-05
44                                     8.6535691476458381e-04         3.6414518837722242e-04         6.2424981886807090e-04         1.7505081996552208e-04         4.0322019733933859e-05         1.4197207084726184e-05         2.8888607368010924e-04         5.1016640488089210e-04
45                                     6.0375893982961715e-04        -9.5579713983827506e-04        -4.7328881093898576e-04         1.4056624777800402e-04        -5.8269300047496513e-06         1.5507724708085807e-09        -1.4854652222086326e-03         1.8533275067857732e-04
46                                     6.7763853659391811e-04         4.1231183377082696e-04        -5.2174628107520935e-04         1.5949791108470202e-04        -1.2482577526436666e-04        -2.0645005215053776e-09        -9.5479457160697716e-04         1.3637614981286579e-03
47                                    -1.0813655850025880e-03         5.4191269818365474e-04         1.0586785044720314e-03        -6.3240866010105729e-10         4.7637560231519611e-11         8.1091803191939810e-05        -3.6501619572056219e-03        -9.9755699707018003e-05
48                                    -1.6418226195592800e-04        -2.1529023357733032e-03         3.8310118808626862e-03         1.3876096682806024e-04         1.0143646150199471e-04        -4.7518550432417030e-10         3.0334124329195813e-04         8.5538177803852890e-04
49                                    -7.9016154238487329e-04         4.8785120495066622e-04         6.4379703206785465e-04         5.2833791222424127e-06         4.5777631022526216e-05         1.8170077236235026e-09        -6.7743930686953646e-04         7.0232738978510414e-04
50                                     2.7199668708499511e-03         2.4251965482675938e-03        -4.8532695465314506e-03        -2.4872233270263980e-09         6.7328940526202496e-10         8.5786852110407864e-05         3.3230743672043846e-04         1.1150480186357674e-03
51                                    -3.4970029076166029e-04        -4.1502546634149956e-06        -4.6510181216717107e-04         4.6777785487599807e-04         4.7367640749799858e-04        -4.3756533565866840e-04        -4.7666297341734465e-03        -1.9492135870310093e-03
52                                    -6.1107299291031570e-05         1.6957277317287576e-05         3.7709720069722518e-04         3.6450110165719410e-04        -3.0815967906529381e-04        -1.7788397781395068e-04        -1.8527600150791239e-02        -9.0011545540893880e-03
53                                    -4.9304412086152542e-04         2.6767123040011883e-04         3.1453159214986284e-04        -1.7505143993141667e-04        -4.0320013702230696e-05         1.4194642036483365e-05        -7.2367733237799128e-04        -1.2855932286240076e-04
54                                     3.8482123009153581e-04         1.8171295638493685e-04        -1.1887942805343269e-03        -1.4972738523482082e-03        -5.7269029410811009e-05         4.0506022576864255e-03        -4.9742738012986676e-03         2.5503095278247602e-03
55                                     1.4029855761665553e-04         2.3373486886345556e-04        -7.4407370599238417e-04        -7.8399849130373657e-04         1.3820019261607773e-03         1.7097024998159252e-03         4.4254217280427664e-03        -3.8968895965470901e-04
56                                     9.5202495091532076e-05         9.1925409621782710e-04         1.3561923259646346e-03         2.5716831190878671e-03         2.6055594832167465e-04        -4.5967454401651345e-03         4.9688128969118230e-04        -2.6228415465809612e-04
57                                    -1.5607687962069313e-03        -1.2026218334415906e-03         3.2470608799377541e-03         7.7033856290747169e-04         6.0310193129870936e-04        -5.2624792993936171e-05         8.2786317931386787e-04        -1.4388036018782389e-03
58                                    -6.2590385398265068e-04         2.8635248456714262e-04         6.6297148757863593e-04         4.5472890696216916e-04         4.4675124975009041e-04         5.9275081386323610e-04         2.6581090674670377e-04         9.7650510387354856e-04
59                                     5.1668856293033373e-03         2.2167550892873422e-03        -3.2601271670629414e-03        -1.0406599444722291e-03        -1.0109903161391524e-03         7.8101372027816751e-04         1.3669257199280262e-04        -1.1851829331899146e-04
60                                    -1.5016005059541915e-02         9.1078110892808088e-03        -2.0473523637414524e-04         7.4977333886420243e-03        -5.5570842807015136e-03         4.5805904548036969e-10         9.0655663795735641e-05        -4.1832958150460169e-04
61                                    -7.3035935298693139e-03         3.7991948002961094e-03        -4.9043001858002817e-05         2.7705853634466433e-02        -2.0060789796127031e-02         6.1635098854750549e-10        -4.8749298684669460e-04         9.9195571813235055e-05
62                                    -2.3781703977806247e-02         1.5349849174632760e-02        -9.4296184839746315e-04        -1.7619424503087251e-09        -1.8885528986430644e-10        -6.6504456181271251e-04        -2.0455890616799034e-04         5.5632540718644828e-04
63                                    -5.9546199050796611e-02        -5.7815571567066522e-02         1.0751015292510581e-03        -1.4972780754131040e-03        -5.7266206980969084e-05        -4.0505999183947242e-03         3.2776832685145431e-05        -6.4596844156491605e-05
64                                    -5.6910564198065387e-02        -2.8332934204419091e-01        -1.0802660297757408e-03        -7.8399612197686298e-04         1.3820028587614320e-03        -1.7097033021618597e-03        -1.4401330575139926e-04        -5.2780232783319848e-05
65                                     1.5115669794232862e-03         5.9889353587988590e-04        -4.7015562380317358e-02        -2.5716845914374453e-03        -2.6055697136592639e-04        -4.5967482742075329e-03         1.2029899177087541e-05         3.3673540573813374e-05
66                                    -1.1742556260899775e-01        -2.7353602131255737e-02         1.1026572583896965e-01         7.7033936322652133e-04         6.0310370200506911e-04         5.2623202470426832e-05         7.2787510343395005e-05        -6.2892403877625185e-05
67                                    -2.8194668881554058e-02        -5.8412881775598988e-02         4.2159309587057506e-02         4.5472718673299954e-04         4.4675270114155868e-04        -5.9275394870957824e-04        -6.8940234914266778e-06         8.4813658012119824e-05
68                                     1.0991327869896995e-01         4.0754723422183857e-02        -2.1382040462138588e-01         1.0406640022712491e-03         1.0109893076071896e-03         7.8100956610246486e-04         1.4220521959184217e-05         1.0077560784914558e-04
69                                     5.2206670888674429e-05         1.7547455081364741e-04         5.1935265409101762e-04        -1.1847085060422012e-01        -2.8963165325787278e-02         1.0733963526072085e-01        -3.8721728659928227e-03         4.0613171715796577e-03
70                                     4.1590618417619053e-04         1.5289831891233158e-03         1.1572335843038513e-03        -3.0037596681785243e-02        -5.6442642576180597e-02         4.4854215737398118e-02         3.3448688654067974e-03        -2.0415150442788846e-03
71                                    -5.1094669930537226e-04        -5.0105038229444183e-04         5.7770397744450613e-04         1.0926203117969710e-01         4.4753342757078561e-02        -2.1490509927949281e-01         3.0144363947783026e-04        -6.9384994275027440e-04
72                                     9.6581838112266317e-04        -1.2082180745339403e-03         8.8489654597108391e-04        -1.1847085065263829e-01        -2.8963162330654570e-02        -1.0733963066937048e-01         1.1239471816932977e-03        -5.5493010686876918e-04
73                                    -1.0337559252749824e-03        -6.7175742945605084e-03         1.7575697834998245e-03        -3.0037598776136654e-02        -5.6442645031757825e-02        -4.4854219295400621e-02        -7.8530900633166619e-04         4.0408760630020711e-04
74                                     5.3756271215294783e-04        -5.1569612993246534e-04         1.4283277607893908e-03        -1.0926202771777009e-01        -4.4753343602223550e-02        -2.1490509893386051e-01         8.6081625756182986e-04         2.1497208243384942e-04
75                                     5.0185715050908900e-06         6.1077878357320185e-05        -3.0213387045068484e-05         1.1007926224491783e-03         2.2964320521669392e-04         4.8522602687912550e-04        -1.2128088293475679e-01        -2.8674973052832259e-02
76                                    -5.0325156459850938e-05         9.9528870808474794e-05         2.3049416786941794e-05         1.8802488929886769e-04        -7.8526221050136949e-06        -5.0206408585386957e-04        -2.7700152099570149e-02        -5.6919357713980323e-02
77                                    -1.3256887185480451e-04         1.0616991584558267e-04         9.5718753809489283e-05        -1.6351886989411767e-03         3.4764636924890886e-04         8.1455510765971254e-04        -1.0964161573239128e-01        -4.4430339287955936e-02
78                                    -3.1506671252670899e-05        -5.3392268404506933e-05        -1.2057486696725930e-04        -4.8656896059809732e-04        -2.0801628182121916e-03         4.1674378935762863e-03        -2.1829698688571056e-01         1.1539557145350336e-01
79                                     5.4777108866467701e-05         1.2066155782152073e-04         1.1067682428123819e-04        -1.6141806829307690e-03         5.6623402751055491e-04         1.1538153804073791e-03         1.1476501329243807e-01        -1.2100796126050106e-01
80                                    -3.4704164868353546e-05         3.9431050743428484e-06         1.1570521866450746e-04         2.1480909447328346e-03         1.9375121238581084e-03        -4.2751749791403839e-03        -1.5935494549824797e-03         2.4525619774869948e-04
                                                        32                          33                          34                          35                          36                          37                          38                          39

0                                      9.6482633242878871e-04        -3.7279849418511080e-01         1.8155870083571279e-01         1.1945615112439186e-10         9.2728478323168676e-04         7.2128291424467677e-04         2.5608411519281076e-04         1.5801553946862279e-03
1                                      2.2775666732880659e-03         2.2821195088118212e-01        -1.6964795258432125e-01        -1.3375533918268387e-09         1.7157468823827899e-03         1.3581630358255189e-03         2.8633400410068644e-04        -1.3917176056963245e-04
2                                      2.7383672444476273e-03         4.1167469721282975e-10        -8.4941324384250636e-10        -2.0065929383316899e-03         9.5231931708195409e-04        -2.3627283975364969e-04         2.6573757284153654e-03         6.7336527704521271e-04
3                                      4.0113283251234547e-02         8.0261507859081208e-03         3.5283814063044844e-02         6.2487095104963494e-10         7.7129079228144409e-03         3.5496278996114562e-03         1.5935533703066090e-02        -1.7352155915404614e-02
4                                      1.0942757260920540e-02        -1.0186221205737422e-02        -2.8030744042017136e-02         3.3013569130903228e-10         3.6371861198699375e-03        -6.5451410761361174e-04         7.0202851851416340e-03         1.1133609034569718e-02
5                                     -1.4439816677523198e-01         2.8146706081608042e-09        -6.4482563059482662e-10        -1.4225301499413440e-03        -1.5091794625454957e-02        -5.4663983764616335e-03        -2.4733097225517801e-02         4.7065853189561316e-04
6                                      1.2941182307205652e-02         1.8647840718025326e-03         6.0147152465106794e-04         1.5556296799843950e-03        -1.2128088298864600e-01        -2.7700156274242077e-02         1.0964161234992381e-01        -2.1829698724881941e-01
7                                      3.1681993080254350e-03        -1.9102036760293992e-03         2.1361517425972530e-03        -3.1839519769879653e-04        -2.8674969837819225e-02        -5.6919360191608162e-02         4.4430334908229771e-02         1.1539557042729755e-01
8                                     -3.4395159451458254e-02         7.9020431102104797e-04        -8.9046211674884915e-04         1.0670144722481247e-04         1.1170944504066252e-01         4.4972527343276808e-02        -2.1088928157681808e-01         7.8477851822059564e-04
9                                      3.6056607529524973e-04        -4.8561046040361707e-04         9.0568306904402897e-05        -2.0608858003980896e-04        -5.9647692664014417e-03        -1.6536893951180725e-02        -8.6383782740251554e-04         6.8250877631703954e-03
10                                    -3.4992223404995901e-04        -4.8662028625955328e-05        -6.5391431687830594e-05         3.4474703911690488e-05        -1.2349849712211050e-03        -7.6563721805696597e-03        -8.6087813889603598e-05        -4.8936342193204169e-03
11                                     1.2029275095478634e-03        -3.5854007808376495e-04         8.4909591057704238e-04         2.1384293879424870e-04         6.7364704850008160e-03         2.6401491533933528e-02         9.9938918973945879e-04         7.0460882656377967e-04
12                                    -8.9090876368286033e-03         2.5001315953602663e-05        -1.3808664293816705e-04        -1.3433503136526704e-09         5.5243345527160878e-04        -5.7664326271499207e-04        -4.3775362949193160e-04         6.8117472162635014e-04
13                                    -2.9789794180120951e-02         3.0017865687305607e-05        -2.8076128989657260e-06         1.7905893495775148e-10        -2.4941194095527853e-03        -6.4877935280593328e-03        -3.1188285565292469e-04        -2.1926017767843055e-04
14                                    -2.4824457921044166e-03        -1.7336770866162800e-09        -2.4404055489273438e-10         1.4561218192280553e-04        -9.2472912276855748e-04        -1.4992321917662969e-03         1.6350576383927611e-03        -8.0559609199400573e-05
15                                     3.2100641271357519e-03        -4.8560836747133543e-04         9.0567374647137588e-05         2.0608784741083194e-04        -3.1871304500439841e-04        -1.8061984380591926e-04        -1.6436189086638589e-04         1.3716712634874060e-05
16                                     3.8384540772515990e-04        -4.8663032271454177e-05        -6.5391931813408265e-05        -3.4475318036664019e-05        -1.7006769644417998e-04        -1.3180574769463139e-04        -6.7978473351618801e-04         1.0824955648191094e-04
17                                    -8.1036228881095837e-02         3.5854562718978333e-04        -8.4909522480707054e-04         2.1384285266476868e-04         2.1882618865846568e-06        -3.6786300212404265e-04         2.8173338450972196e-04        -2.0993132826555082e-04
18                                    -4.9705969740865990e-04         1.6311842233139828e-04         1.9028111684591618e-04        -1.7087102704237882e-04         5.0162983273864970e-06        -5.0322814286568184e-05         1.3256522418413785e-04        -3.1505753391712328e-05
19                                     6.7123173768828242e-04         2.2297506874573549e-04         1.2824492578740156e-04        -1.8291749567746993e-04         6.1080000796434890e-05         9.9529168676911687e-05        -1.0616797768062450e-04        -5.3390573709418028e-05
20                                     4.2824474915930701e-04        -9.8273721201234433e-05        -9.8108694373986739e-05         2.7407805120477934e-05         3.0213117714906470e-05        -2.3049947876692964e-05         9.5717313287753533e-05         1.2057360677520767e-04
21                                     2.7913064665664798e-04         1.2628152407382628e-04         2.4506000126620795e-03        -1.1160318734598494e-09         3.5325422003272175e-06        -7.2076421490102497e-06        -1.9966217453355457e-04        -5.9803258376010457e-05
22                                    -5.3826919887167354e-04        -7.6580990558504586e-04        -9.4034978789722667e-06         5.2486290640172445e-10        -3.2584505204060903e-04        -1.5844933297291721e-04         7.8464018199943817e-05        -5.2538085473895560e-04
23                                    -2.3076259050837291e-04         2.7284043049161775e-10        -1.3600715416472316e-09         6.2891293887005714e-04         4.1176998438157537e-05        -8.1536334575217141e-05        -1.3513240781092397e-04         1.1635154445425577e-04
24                                     1.5770001710062667e-04         1.6311796547014464e-04         1.9028082095989940e-04         1.7087185237368621e-04         3.2333831770655751e-04        -8.2655310146233230e-04        -1.1206201478605867e-05         8.7524416927274411e-04
25                                    -5.4384017642078106e-04         2.2297522144032087e-04         1.2824120720763405e-04         1.8291734435461437e-04         9.6036704901745313e-04         1.5615117484511455e-03        -1.0983664735028306e-04        -1.8264138085639873e-03
26                                    -5.9398609234005174e-04         9.8275554092041445e-05         9.8107773794076667e-05         2.7407434456918274e-05        -4.2618014383184201e-04         7.3081643324292246e-04         1.7795490619344946e-04         2.5498563536583096e-04
27                                     6.4971805400797847e-03         8.2136960350927095e-04        -4.0461755737717870e-03         1.5039856264493521e-09         1.1007934451051856e-03         1.8802601676999879e-04         1.6351885209113202e-03        -4.8657178936053688e-04
28                                    -3.4442922782721014e-03        -6.2199058153628549e-04        -7.1365922691349858e-03        -3.4500158777204604e-10         2.2964581490554430e-04        -7.8515493954520003e-06        -3.4764527096741099e-04        -2.0801626514774848e-03
29                                    -2.7669801898868238e-03        -1.4930839069368906e-10         2.2721962464093472e-09        -5.0028506588978804e-05        -4.8522506755970972e-04         5.0206724362458310e-04         8.1455461322977544e-04        -4.1674360524089271e-03
30                                     5.9542502765227455e-02         1.8647829235010410e-03         6.0147449853448741e-04        -1.5556301544594796e-03        -1.2504680142801977e-03        -8.4332085877860514e-04        -5.0536023247652597e-03         2.7880421413900455e-04
31                                     3.4881635396032451e-02        -1.9102048564453222e-03         2.1361513974197475e-03         3.1839622048381987e-04        -8.2276175050382551e-04         7.7819601707765449e-05        -1.8744589787364012e-03        -3.3482109484746182e-04
32                                     5.2102891462907297e-01        -7.9021084431305714e-04         8.9046207420801111e-04         1.0670267091707631e-04        -2.7339151921186283e-03        -1.7491587162360603e-03        -3.2316261955258087e-03         1.3983498787583605e-03
33                                    -7.9021084431305714e-04         3.6173442144398271e-01        -2.1403418014442621e-01        -1.3227064076706710e-09        -3.9374078195963491e-05         1.4501893107889721e-04         5.6210322341141740e-06        -5.6468867054299172e-04
34                                     8.9046207420801111e-04        -2.1403418014442621e-01         1.9977206124739644e-01        -8.5098607925587358e-10        -1.5558101027063158e-04        -2.7985431279790401e-05        -7.8523329205340282e-06        -8.1476811996614845e-04
35                                     1.0670267091707631e-04        -1.3227064076706710e-09        -8.5098607925587358e-10         2.1756417149987710e-03         2.9299865774348852e-06        -2.3281561627531641e-05        -1.8001448307504355e-04        -4.5576547472339591e-04
36                                    -2.7339151921186283e-03        -3.9374078195963491e-05        -1.5558101027063158e-04         2.9299865774348852e-06         1.2892458152017150e-01         3.3977156735915441e-02        -1.1932896174874183e-01        -1.2325646697605410e-02
37                                    -1.7491587162360603e-03         1.4501893107889721e-04        -2.7985431279790401e-05        -2.3281561627531641e-05         3.3977156735915441e-02         6.3662306445974565e-02        -4.9406044398196944e-02         8.5806550599748111e-03
38                                    -3.2316261955258087e-03         5.6210322341141740e-06        -7.8523329205340282e-06        -1.8001448307504355e-04        -1.1932896174874183e-01        -4.9406044398196944e-02         2.3196744824437979e-01        -1.2588550961770140e-03
39                                     1.3983498787583605e-03        -5.6468867054299172e-04        -8.1476811996614845e-04        -4.5576547472339591e-04        -1.2325646697605410e-02         8.5806550599748111e-03        -1.2588550961770140e-03         2.3741464107794727e-01
40                                     2.7414062170778289e-04         5.9680675704423824e-04        -6.3870858920402301e-06         7.7288591718187722e-05        -6.2594332655028532e-03         3.7462722359458832e-03        -2.7133600965211467e-04        -1.2561940944907088e-01
41                                     1.4585979105707098e-03         3.1523318247986227e-04        -6.7944663529095157e-04         2.5905753308291224e-05         1.9917559291725492e-02        -1.4312346968634676e-02         6.1520589639623368e-04         2.7879556498098734e-03
42                                     2.4413222048288649e-05        -3.5165231755985747e-05         6.8115158570572940e-05         5.7370008923655368e-05         9.9375306488258888e-06         2.4157976409555160e-04         1.7785828860445102e-05         6.0658048097489122e-04
43                                     4.9257838325341297e-04        -1.5842037907645620e-04         3.4208584328105360e-04         1.4635816005405933e-04         1.9401884195758548e-04         1.3447054030841891e-03         4.9325209982903275e-04         6.6124353825741580e-04
44                                     4.3473160036104283e-04        -3.0461530669096440e-05         6.3012425804477492e-05         1.6134682512944427e-05        -8.8045862445406244e-05        -4.1775100665146546e-04         6.2649515561698666e-04         1.3811266420602191e-04
45                                    -2.9724939359691907e-03        -7.3656342539293738e-06         4.8464377679471928e-05        -2.9600937827509875e-10        -1.1569417216170359e-04        -1.0817066491988806e-03         2.8461377934371675e-05         2.3471783362904463e-04
46                                    -1.8347429591153187e-03         1.7893154566491170e-06         5.7892048600067812e-05         1.1973477551775033e-09        -4.4789571600615028e-04        -6.2001747986656190e-04        -6.5157994377152437e-05         3.9294409056181228e-05
47                                    -4.5828439013525244e-03        -5.5681349903953389e-11         7.3164137093345220e-10        -7.9229608185969858e-05         8.7628177115339691e-04         1.8108947649942946e-03         4.7990290273686184e-05        -1.5745801653659346e-04
48                                     6.5252425455383616e-04        -4.2471986400111799e-06         7.6271863882609926e-06        -5.8286194838543360e-10         2.9458989732996792e-04        -7.0104034216557205e-05         1.1139380833209917e-04         1.2399608862783995e-04
49                                    -4.8215442874830448e-05        -5.7555770579085120e-06        -2.6592811953850013e-05        -1.4383258639511611e-09         3.4107749482390650e-05         1.8345906460598567e-04        -5.8426098647941608e-05         8.4858824506219531e-05
50                                     1.0134053507862228e-03        -6.6340350171215590e-10         7.2475710024072796e-10        -8.6896608108006095e-06        -3.1761182219604446e-04        -1.7067903864600504e-04        -7.7644071441338987e-05        -2.5342550820124790e-04
51                                     6.1159591277716438e-03        -3.5164581910466987e-05         6.8115644979783538e-05        -5.7369221750544690e-05         3.5520896793364069e-05         1.0672872426325718e-04         1.2872029121847967e-04         1.4440732763628289e-05
52                                     2.8002693470010467e-02        -1.5842100101152166e-04         3.4208566512941498e-04        -1.4635819736937429e-04         8.1995840221719772e-05         9.5165020784365888e-05         1.9163568215178518e-04         6.2733506649894399e-05
53                                     5.3370397014870091e-04         3.0458510522252293e-05        -6.3012014986270999e-05         1.6135042104281095e-05         1.4448196639336416e-04         1.6086943794270839e-04        -2.2925007224285394e-05        -5.9532573512848701e-06
54                                    -5.3162635722993215e-04        -1.5856279619092710e-05        -1.3849751624991956e-04         3.3455263839873368e-05        -2.5812212517541240e-05        -4.3297028150004438e-06        -7.0244801117467327e-05         5.0788646691571145e-05
55                                     2.5303187159746512e-04         3.6435620727616469e-05         4.5780733420551408e-05        -6.3592119157504729e-05         1.8520034140771514e-05         8.4301987402152898e-06         8.3179556754652172e-05         3.7440985742398102e-05
56                                     5.8032573963223352e-04        -3.2596272976671253e-05         7.7344269784341050e-05         1.8111467079513708e-05        -8.8788239844482814e-06        -5.3558027090473559e-06         4.2766115499141003e-06        -5.4035519548366413e-05
57                                    -2.5000644363837592e-04         1.9341901504139138e-05        -2.3804510418388441e-05         5.6970338785969136e-07         4.2236630298714053e-05         8.3619078393390602e-05        -2.5819840677087790e-05        -1.4098741669650092e-05
58                                     7.6828233429093598e-04        -1.1682778835865105e-05         3.0575945662607999e-06        -1.5003145798139914e-06        -5.6031247819200605e-06        -4.4655909660008301e-05        -6.7848319477132091e-06        -1.6916060367637686e-05
59                                     1.5160522670495924e-04         1.6586489664756137e-06         2.0494653432388368e-05        -6.7581474751655654e-06         2.0697712054705151e-05         1.2910799829068804e-05        -1.0617220492010592e-05        -1.3522286215940214e-05
60                                    -5.0503767104376467e-05         8.1723537709468927e-06        -2.3586611277603763e-04         1.1102251093659335e-09         5.8986079724537160e-06         8.4293447228755942e-05        -2.0919662297429241e-05        -1.4140375910813433e-05
61                                     3.0138555942454091e-04        -7.1514248473605833e-05        -7.5620014526644943e-04         2.8142285743885580e-10         2.7944603282674903e-05         5.9939220497945052e-06         9.8008193342529731e-05         1.9158523425277443e-04
62                                    -3.8629767632012357e-05         1.2811314296469883e-09        -5.3522608819584192e-10        -2.6124562444107533e-05         4.6078793042291668e-05         2.9655143133664528e-05        -2.3220454050071695e-06         6.3016444619143282e-05
63                                     4.5535228303486010e-05        -1.5857327858679679e-05        -1.3849511220394273e-04        -3.3454368065300692e-05         4.8842114194575797e-05        -1.8812510143084672e-04        -1.5178958703450580e-04         3.3932083533369864e-04
64                                     1.6649967718405760e-04         3.6436760855286884e-05         4.5778774053021178e-05         6.3593763046876755e-05        -1.7630781277458993e-05         2.5223108347088722e-04         7.1309588640673454e-05        -2.3422196100197207e-04
65                                     7.8360201272534638e-05         3.2597509945025944e-05        -7.7344717031358493e-05         1.8110676609894558e-05        -2.2174706806157201e-04        -3.1563703172926967e-04         1.5278920410499358e-04        -8.6646003385257986e-05
66                                    -7.6590513149901555e-06         1.9341151663449381e-05        -2.3804682161399638e-05        -5.7007437303023225e-07         4.0762277213639281e-04         4.8150641352049295e-04        -2.7372326924580612e-04         3.2881528331906801e-05
67                                     9.9772066796116198e-06        -1.1680145262662694e-05         3.0563436157948915e-06         1.4997775392274635e-06        -1.6716427739390207e-05        -9.3674782272713808e-05         1.9656381773411081e-04        -1.4973945294253471e-05
68                                     1.0810930049519568e-04        -1.6566897996012000e-06        -2.0497645211320119e-05        -6.7564431533628515e-06        -7.3330096387569995e-05        -3.5227405483435290e-04         5.7025184738424147e-05        -3.9426450096385657e-05
69                                    -1.7918861992183444e-03         1.2780478692431621e-04        -2.8500861856231168e-04        -2.1260954351372689e-04        -3.8649626223624580e-05         6.2370273456306225e-05        -6.9235373017225224e-04         3.1344594191859399e-04
70                                     1.7788137400848614e-04        -1.3163746045411601e-04         3.3461698059597371e-04        -3.5604428199306938e-06        -1.6537080663465528e-04         2.4419803471669552e-05         2.0796385117596709e-04        -1.7018150643398268e-04
71                                     1.5229649036500904e-03        -1.2088260960734073e-04        -9.5445667444903049e-05         1.0018300193843260e-04         1.6360899003384064e-05         1.8163707838850224e-04         4.3094491418091012e-04        -1.5718109215674388e-05
72                                    -1.3631718618710407e-03         1.2780455473697247e-04        -2.8500999777502311e-04         2.1261131351706639e-04         1.7237760252414134e-04         6.2835184092842320e-05        -1.0262251695651939e-04        -1.1194739029074037e-03
73                                     5.1476493691070572e-04        -1.3163691049745138e-04         3.3461647931155099e-04         3.5617780509844549e-06        -8.4104778334151653e-05        -5.6715447609906620e-05        -2.7507403410146345e-04         9.5617917374173512e-04
74                                     4.7708797681267931e-04         1.2088153070905638e-04         9.5445672653112970e-05         1.0018265005165177e-04         1.0206385839192539e-04         3.2549873837273716e-06         2.9379819062762627e-04        -3.9761841496200299e-04
75                                    -1.1170944582611393e-01        -3.9372192661039928e-05        -1.5558037102024686e-04        -2.9293745038071824e-06         6.3603595719717815e-04         4.9065507264457509e-05         8.2870221196835049e-04         1.5706344756771359e-04
76                                    -4.4972523916400650e-02         1.4501802379566619e-04        -2.7984967635172928e-05         2.3281802290194142e-05         4.9065453447103263e-05         4.1064780060249005e-04         5.3013493113997798e-04        -2.9174563903986052e-04
77                                    -2.1088928494435738e-01        -5.6214323927381840e-06         7.8532347956883656e-06        -1.8001669804020167e-04        -8.2870304480504842e-04        -5.3013286074295955e-04        -1.8099677930429627e-03         4.7324466267163290e-05
78                                    -7.8477552994451506e-04        -5.6468859670856324e-04        -8.1476928693428126e-04         4.5576461281010821e-04         1.5705980711197456e-04        -2.9174228578419562e-04        -4.7327077880115337e-05         7.2301276467280303e-04
79                                    -1.0722400613541044e-03         5.9680626320657770e-04        -6.3871712023050639e-06        -7.7287166285695805e-05        -8.7790925135546442e-05         2.8541155211340389e-05        -1.3041026232247678e-04        -5.1540440153833179e-05
80                                    -4.7217934402085694e-02        -3.1523473158793862e-04         6.7944692057643149e-04         2.5905939471718525e-05        -8.7771965759032706e-05         2.0037377033504570e-04         2.3487156071635724e-04        -2.9329890884857750e-04
                                                        40                          41                          42                          43                          44                          45                          46                          47

0                                     -4.5937638569789360e-04         1.6675975729951000e-03        -4.4632692183947475e-04        -2.0134284583593221e-03        -1.6143191918315892e-04        -1.1793648014773344e-04        -2.2483718031729078e-04        -4.6414946033511296e-10
1                                      2.4789376797963352e-03         1.6375130044371292e-03        -8.2194554609624909e-04        -2.9301874201234728e-03        -2.4849395219192022e-04        -3.0677175784014758e-04        -4.9319139155905246e-04        -1.2653264614480311e-09
2                                      3.9299630918287597e-04         1.1448076327602848e-03        -7.1371877208881000e-04        -2.2587248992011208e-03        -1.3841631427543300e-04        -1.9161314500505984e-09         4.4846511614020768e-10         7.1559186657830826e-04
3                                     -5.8872695130662463e-03        -2.3699995816131511e-02         1.3551934237441346e-03         1.1973346681212567e-03         7.0716342474191549e-04         5.7685463089874852e-04         7.0569677197597058e-04         5.1839455642377515e-09
4                                      1.1137755615256845e-03         1.5807653274842976e-02        -9.0197341245886603e-04        -4.1135698101536951e-03         5.2122638781569586e-04         6.7445622980723350e-04         5.9838930962085018e-04         2.1127453596031499e-09
5                                     -2.6362855092327414e-04        -1.8164786410303103e-03         1.5380426718680108e-03         3.8894959041323833e-03         1.6722354396051841e-03        -9.5882374765311777e-11         8.6386244450016514e-10        -1.3947534923485420e-03
6                                      1.1476501261277226e-01         1.5935529067958218e-03        -4.7666262698786242e-03        -1.8527599293011895e-02         7.2367024291200132e-04        -1.4854653572457920e-03        -9.5479386877466571e-04         3.6501577322518453e-03
7                                     -1.2100796458559498e-01        -2.4525514339824705e-04        -1.9492152158969835e-03        -9.0011501932155021e-03         1.2855757519980365e-04         1.8533297531472381e-04         1.3637578746302035e-03         9.9753424953103256e-05
8                                      1.0722377170555887e-03        -4.7217936843355041e-02        -6.1159574237967806e-03        -2.8002695445565287e-02         5.3370576118182914e-04         2.9724934105995423e-03         1.8347471870798233e-03        -4.5828412386640840e-03
9                                      2.6880401569233589e-02         1.7239180455233553e-03        -1.1780952318799923e-01        -2.7549528832925437e-02        -1.1048562002205273e-01        -5.6548316923177673e-03        -7.9487530870733444e-04         6.7745501856127004e-03
10                                    -1.8292912305519757e-02        -4.2578219375493959e-04        -2.7528183613889867e-02        -5.5660495214098112e-02        -4.2211480973445181e-02        -1.6363916003392279e-02        -7.3423377412265645e-03         2.7218599878915561e-02
11                                     4.7580294235842469e-04        -1.4269846694247813e-03        -1.1054474142083680e-01        -4.2327606902814563e-02        -2.1410228752903121e-01        -2.2586244501921100e-04        -1.1883711200864899e-04        -4.9294987027487421e-04
12                                     1.2880193058759561e-03        -3.6738513846718457e-04         9.7444828140171823e-03         4.1390208908341089e-03        -1.4127325144080384e-02        -6.2566794233701317e-02        -5.9681707880612479e-02        -4.1049582476307654e-10
13                                     1.3508715979078396e-03         6.0081850903639889e-04         4.1081971589863875e-03         7.3508457985857088e-04        -5.5864020097111831e-03        -5.7744252541562818e-02        -2.8255419752924460e-01        -8.6732381032753868e-10
14                                    -6.9167478897668236e-04         7.0847047510935922e-05         1.6165521728706753e-02         6.5135390840635812e-03        -2.2644765788269555e-02        -1.0535873584507144e-09        -4.8175171903110487e-11        -4.4789481978848300e-02
15                                    -1.4205581759110436e-04        -6.3412827823637000e-05        -1.8309992861048380e-03        -1.1213204549037142e-03         5.1749665896009206e-03        -5.6548318861502009e-03        -7.9487544180379885e-04        -6.7745476364834446e-03
16                                    -2.6190568607348242e-04        -2.0076812455809565e-04        -1.0545692168285820e-03         3.2154936594917978e-04         2.0410470848545820e-03        -1.6363913767410147e-02        -7.3423384862001690e-03        -2.7218598025979923e-02
17                                     6.5617783459854520e-05        -2.6747409871362903e-05         3.0016249844286181e-03         8.8757727119839931e-04        -2.9579528405865620e-03         2.2586449322036135e-04         1.1883690479806350e-04        -4.9295174986403820e-04
18                                     5.4775560596169383e-05         3.4703888433868760e-05        -3.4970119234168577e-04        -6.1107767982432039e-05         4.9304577170913248e-04         6.0375765770536577e-04         6.7763864258886725e-04         1.0813636119867370e-03
19                                     1.2066424774118437e-04        -3.9394982209355403e-06        -4.1521569622837706e-06         1.6957274152975665e-05        -2.6767128488381763e-04        -9.5579771813347780e-04         4.1231362156241198e-04        -5.4191432182423675e-04
20                                    -1.1067972169316771e-04         1.1570383543152177e-04         4.6509846084374744e-04        -3.7709474005088035e-04         3.1453358583760811e-04         4.7328493279644298e-04         5.2174260351795204e-04         1.0586774304448135e-03
21                                    -2.2937747391181627e-04         1.5643604928638425e-04        -4.0354146850027414e-03         3.0729845128193876e-03         2.4806026959923316e-04        -6.4028292914486656e-05        -2.5371421808075955e-04         4.1970949201925059e-10
22                                    -6.0480673381320231e-05        -5.6888670410323557e-04         4.3997703801172752e-03        -1.9518248868103443e-03         3.2134030987763552e-04         2.6848348044160059e-05         6.6450326228056493e-05         3.9295219973813070e-10
23                                    -4.0129329775073384e-04        -5.6854939976183324e-05         1.8059732540986351e-03        -9.6206285580142503e-04         1.5010924797021711e-03         2.3767992306249221e-09        -1.4331111500583152e-09        -2.2131757597613466e-04
24                                    -4.0120602673501806e-03        -2.1561121065908609e-04        -1.5881689434155102e-02         1.0566756155477586e-02         8.6535691476458381e-04         6.0375893982961715e-04         6.7763853659391811e-04        -1.0813655850025880e-03
25                                    -5.9497876489689547e-03        -8.1084228414308047e-04        -5.8265231661060258e-03         3.1538275142583656e-03         3.6414518837722242e-04        -9.5579713983827506e-04         4.1231183377082696e-04         5.4191269818365474e-04
26                                     1.8489730496273608e-04         6.4984014400689153e-04        -2.2683129514929165e-02         1.5950658225145013e-02         6.2424981886807090e-04        -4.7328881093898576e-04        -5.2174628107520935e-04         1.0586785044720314e-03
27                                    -1.6141803418620367e-03        -2.1480880556901984e-03         4.6777933827749692e-04         3.6450019692738783e-04         1.7505081996552208e-04         1.4056624777800402e-04         1.5949791108470202e-04        -6.3240866010105729e-10
28                                     5.6623509758433005e-04        -1.9375141335867105e-03         4.7367447207161042e-04        -3.0816085840222737e-04         4.0322019733933859e-05        -5.8269300047496513e-06        -1.2482577526436666e-04         4.7637560231519611e-11
29                                    -1.1538119562279304e-03        -4.2751817439805433e-03         4.3756511455722395e-04         1.7788501821692300e-04         1.4197207084726184e-05         1.5507724708085807e-09        -2.0645005215053776e-09         8.1091803191939810e-05
30                                     5.3647100460592519e-05        -7.3916530594036870e-04        -2.3080200920603974e-04        -6.4732476439491879e-06         2.8888607368010924e-04        -1.4854652222086326e-03        -9.5479457160697716e-04        -3.6501619572056219e-03
31                                     1.9988991236145599e-04         4.9615405142420653e-04        -1.7913370593377774e-04         4.7296310788360382e-05         5.1016640488089210e-04         1.8533275067857732e-04         1.3637614981286579e-03        -9.9755699707018003e-05
32                                     2.7414062170778289e-04         1.4585979105707098e-03         2.4413222048288649e-05         4.9257838325341297e-04         4.3473160036104283e-04        -2.9724939359691907e-03        -1.8347429591153187e-03        -4.5828439013525244e-03
33                                     5.9680675704423824e-04         3.1523318247986227e-04        -3.5165231755985747e-05        -1.5842037907645620e-04        -3.0461530669096440e-05        -7.3656342539293738e-06         1.7893154566491170e-06        -5.5681349903953389e-11
34                                    -6.3870858920402301e-06        -6.7944663529095157e-04         6.8115158570572940e-05         3.4208584328105360e-04         6.3012425804477492e-05         4.8464377679471928e-05         5.7892048600067812e-05         7.3164137093345220e-10
35                                     7.7288591718187722e-05         2.5905753308291224e-05         5.7370008923655368e-05         1.4635816005405933e-04         1.6134682512944427e-05        -2.9600937827509875e-10         1.1973477551775033e-09        -7.9229608185969858e-05
36                                    -6.2594332655028532e-03         1.9917559291725492e-02         9.9375306488258888e-06         1.9401884195758548e-04        -8.8045862445406244e-05        -1.1569417216170359e-04        -4.4789571600615028e-04         8.7628177115339691e-04
37                                     3.7462722359458832e-03        -1.4312346968634676e-02         2.4157976409555160e-04         1.3447054030841891e-03        -4.1775100665146546e-04        -1.0817066491988806e-03        -6.2001747986656190e-04         1.8108947649942946e-03
38                                    -2.7133600965211467e-04         6.1520589639623368e-04         1.7785828860445102e-05         4.9325209982903275e-04         6.2649515561698666e-04         2.8461377934371675e-05        -6.5157994377152437e-05         4.7990290273686184e-05
39                                    -1.2561940944907088e-01         2.7879556498098734e-03         6.0658048097489122e-04         6.6124353825741580e-04         1.3811266420602191e-04         2.3471783362904463e-04         3.9294409056181228e-05        -1.5745801653659346e-04
40                                     1.3515334368662449e-01         1.2687672240420638e-04        -1.4700125956274099e-04         1.2856986559478755e-03        -3.5240886908158254e-04        -2.0865776704124519e-04         2.1996103215738316e-04        -3.3799784058653531e-04
41                                     1.2687672240420638e-04         4.9850958394032197e-02         3.3190157620468938e-04         4.0031513170759843e-05         1.1525893428461433e-04        -5.2166688169986120e-05        -2.2048650782338449e-05        -8.9123614477132602e-06
42                                    -1.4700125956274099e-04         3.3190157620468938e-04         1.3014942267620674e-01         2.9619145931804244e-02         1.1832973693330885e-01         5.8948394541434893e-04         1.3907268288996583e-04        -8.1164872272696670e-04
43                                     1.2856986559478755e-03         4.0031513170759843e-05         2.9619145931804244e-02         6.4052777769527475e-02         4.5176638890542437e-02         4.8417739978377143e-04         3.5109658735052283e-04        -2.4066335036077545e-04
44                                    -3.5240886908158254e-04         1.1525893428461433e-04         1.1832973693330885e-01         4.5176638890542437e-02         2.3323527051076826e-01        -2.1536022514541051e-04         3.6660198328755970e-04         9.6713191689821098e-04
45                                    -2.0865776704124519e-04        -5.2166688169986120e-05         5.8948394541434893e-04         4.8417739978377143e-04        -2.1536022514541051e-04         6.6322513801760546e-02         6.7421836323491940e-02         4.5290936739621928e-09
46                                     2.1996103215738316e-04        -2.2048650782338449e-05         1.3907268288996583e-04         3.5109658735052283e-04         3.6660198328755970e-04         6.7421836323491940e-02         3.0663113646021384e-01         9.3900573030185211e-10
47                                    -3.3799784058653531e-04        -8.9123614477132602e-06        -8.1164872272696670e-04        -2.4066335036077545e-04         9.6713191689821098e-04         4.5290936739621928e-09         9.3900573030185211e-10         5.2243923430315461e-02
48                                    -6.0939390264434475e-04         9.1172167431622102e-06         8.8037511457384843e-04        -8.2970731709081807e-05         7.6107182675711968e-05         7.3817668724688390e-03        -4.6062510235819632e-03         9.5213226667886289e-10
49                                     1.7649728527440795e-04         1.1780745476596633e-04         2.5111537404059418e-04         1.4905445990938203e-04        -4.3908074924787826e-04         2.4822053019533222e-02        -1.4421362636819852e-02         1.7689524616570866e-09
50                                     3.8340347012436613e-04         9.5901301491303076e-05        -7.2583448119418114e-04        -4.3062878270903274e-04         1.0367619649757531e-03         1.0812962284850972e-09         7.3195445126354394e-10        -6.9486083899467522e-04
51                                    -2.1531086589526762e-06         5.6778508849690253e-05         4.9468723765754420e-04         1.5084059049887859e-04        -1.0502720796042569e-03         5.8948385731012894e-04         1.3907178673738872e-04         8.1164640988731947e-04
52                                     1.5783945217234785e-05         3.7955380031224221e-05         1.5083854115624466e-04         2.8584303561656561e-04        -3.0565736429145538e-04         4.8417888244192236e-04         3.5109632301536387e-04         2.4066504133901006e-04
53                                     9.7122156483658614e-05        -1.2553425098584270e-05         1.0502734163269846e-03         3.0565654553850523e-04        -1.7588239575341746e-03         2.1535878817211906e-04        -3.6660120934923612e-04         9.6712993556415106e-04
54                                    -9.8454388448735414e-06         3.8965914250720266e-05         5.8470786080541399e-05        -3.2615254513266885e-05        -3.9661109295289939e-05        -1.4455976174556739e-04        -3.2508148960554611e-04        -8.9368777552870576e-05
55                                     3.2883246237392391e-06         3.2665834410336717e-05         2.1247171956375010e-05        -3.0832616703415581e-05         8.5476904911222824e-05         3.1440230088436845e-04         4.4442601030181191e-04         4.5276809976006239e-04
56                                    -3.3755362307647327e-06        -6.1189822146706969e-05        -6.0916233814314614e-05        -5.9573921783196627e-06        -1.2836414406345411e-05        -1.0413990114425926e-04         8.2806874063042450e-05         7.8715373131548020e-05
57                                    -3.6232256393807926e-05         4.2047899305235143e-06         2.2002951853924919e-04        -4.8216257678336819e-05        -2.1718518368339559e-04         2.2294401357970354e-04         1.2474699742423201e-05         3.6234062716301700e-04
58                                    -1.0359113690094171e-05         2.4006192735169919e-07        -7.3995838185418735e-05         5.1078216011513812e-06         2.3430313468746861e-05         8.9072809728674374e-05         2.7803511101056390e-04         8.0202875676209498e-05
59                                     1.0273126005767205e-04         9.0513090721535958e-06        -2.0789733126551401e-04         6.6666084278051119e-05        -1.3161753147844422e-05        -2.6474356639601377e-05        -1.2960071472022466e-04        -6.5358951398396473e-05
60                                     1.5644701986136650e-04         8.5612960961439430e-05        -1.1499325935120425e-03         7.5833229636698848e-04        -1.6693573424960751e-05        -5.9491641456518826e-05        -7.5053757539742823e-05        -2.8825314144801894e-10
61                                     5.6855728422572549e-05         1.3251573090967896e-04        -2.2309651827664206e-04         3.0149489414944928e-04        -1.1435682397070777e-04         2.9427759376093532e-05        -1.3871706583851097e-05         1.2929722903405046e-10
62                                     1.5524866552643231e-04         6.8265750242577710e-05        -1.7125770594842262e-03         8.8054766762227818e-04        -1.2606744849272890e-04        -1.8551273212358145e-09        -7.4027653736177490e-10         8.9794225976051037e-05
63                                     1.8584865536446396e-03         1.8213715378807924e-04         1.1261457852286912e-03        -7.8164624673161083e-04        -1.8145313054195912e-04        -1.4456052823769600e-04        -3.2508136817068005e-04         8.9368953488590263e-05
64                                    -1.4426805977767873e-03        -3.0049634670288475e-04         4.8445795301235283e-05         6.6005910529863554e-04         3.6731580262236527e-04         3.1440195883805888e-04         4.4442665653869910e-04        -4.5276947183535855e-04
65                                     2.6018360306723042e-04         3.7305835414177217e-04         2.4002763911077447e-04         1.6423234498529104e-04         1.0916213788126849e-04         1.0414204635789923e-04        -8.2807939355882421e-05         7.8714261002630186e-05
66                                    -1.4993970136605107e-04        -3.7558460991722771e-04         8.5660350484505210e-04        -7.0803394718128528e-04        -3.5046052666193317e-04         2.2294332245241313e-04         1.2475028531717900e-05        -3.6234070095104878e-04
67                                     2.3566088135581757e-04         1.2340455047257694e-04        -7.1309711002312038e-04         5.3936094018199737e-04         2.3678439378120510e-04         8.9073902231719734e-05         2.7803492458209407e-04        -8.0202318567669832e-05
68                                    -1.5681308856594131e-04         1.4185255871590902e-04         3.2704342895170939e-04        -3.1769891944796768e-04         6.8895553892688206e-04         2.6472826414118734e-05         1.2960117131553543e-04        -6.5360419004942299e-05
69                                     1.8460804919645974e-04        -1.2583076007791164e-04        -4.7889165083655942e-05        -8.0577286028475181e-05        -5.9623090004961473e-05        -5.3396010240679210e-05        -4.5542257789053693e-05        -7.3322577360527199e-05
70                                    -6.9771982056460370e-05        -6.2060255375139952e-05        -5.3324902139451419e-05         6.6335410249669083e-05        -3.7665350359815751e-05         3.0054277409428030e-05         1.9551748871538013e-05         2.5876566967781040e-05
71                                    -1.2395339749949425e-04         1.6290580257916526e-04         3.3489095017567982e-05         2.1493577811519591e-05        -1.4967665141691949e-05         1.0926550369311049e-05         1.9622770463120965e-05         2.2172965387331514e-05
72                                    -2.7791474770431820e-04        -1.5699302121637497e-03        -2.5085823294817806e-05        -1.7148256860133161e-04        -4.5462583473230431e-05        -5.3395206382922660e-05        -4.5543161059522572e-05         7.3322919537288110e-05
73                                     3.6616924583064741e-04         8.4831636992914710e-04        -1.5923260966947732e-04         2.2693993105156514e-04        -1.4722196431028302e-05         3.0056404678358726e-05         1.9553250011287003e-05        -2.5877338088506291e-05
74                                    -1.6417806216982616e-04         1.3849583074785986e-05        -7.6519067252994085e-05        -4.6262142797838873e-05        -8.5152820590140069e-05        -1.0929253927083973e-05        -1.9623143369994477e-05         2.2171753537770364e-05
75                                    -8.7791805832666586e-05         8.7770077117862777e-05         3.5520913060609703e-05         8.1995050171469047e-05        -1.4448063888136995e-04        -1.1569158572462748e-04        -4.4790041759087891e-04        -8.7628081030232752e-04
76                                     2.8541850644423420e-05        -2.0037237894220654e-04         1.0672902115391067e-04         9.5162854126565287e-05        -1.6087298438998549e-04        -1.0817070073831576e-03        -6.2001457202499584e-04        -1.8108960793751180e-03
77                                     1.3040905397966433e-04         2.3487295473199258e-04        -1.2872230562478417e-04        -1.9163429088701607e-04        -2.2925015845573309e-05        -2.8461508237235145e-05         6.5157272208591374e-05         4.7991610036220007e-05
78                                    -5.1539514879571781e-05         2.9329483129949836e-04         1.4442730905099826e-05         6.2733635623829446e-05         5.9521863940614945e-06         2.3471658206280737e-04         3.9296803886159487e-05         1.5745631252711963e-04
79                                    -1.6197290007446003e-05        -2.0775343383595864e-04        -2.1501624118140168e-06         1.5783243123201002e-05        -9.7127447512081435e-05        -2.0865768890558284e-04         2.1996270219580766e-04         3.3799598698519779e-04
80                                     2.0775521083680893e-04        -2.4404330602011636e-04        -5.6777484651925229e-05        -3.7955721017090845e-05        -1.2559187184288705e-05         5.2165404724490100e-05         2.2050461816826887e-05        -8.9133804499591570e-06
                                                        48                          49                          50                          51                          52                          53                          54                          55

0                                     -1.0145089271359272e-04         3.3929127843411184e-05        -5.5547889636149293e-10        -4.4632748541574660e-04        -2.0134298195537618e-03         1.6143073012821164e-04         4.8056162178959844e-04        -1.9620355734224816e-04
1                                     -2.6244419254452527e-04         9.5943654682932892e-05        -1.1172930833323240e-09        -8.2194723132693391e-04        -2.9301884640008744e-03         2.4849347752708446e-04        -8.6524497438797971e-05        -4.9508727125020812e-04
2                                      2.3820079035058212e-10         2.6233915341532776e-10         1.4341761338707603e-04         7.1372044630448668e-04         2.2587254043401586e-03        -1.3841678220985612e-04        -2.5063631970009039e-04         1.8911462876059003e-04
3                                     -4.9055060607475524e-05         7.1091827220208471e-05         3.8180598061066533e-09         1.3551983559728083e-03         1.1973381590742547e-03        -7.0715800558361457e-04        -1.0050564986435221e-03         1.5733761811148703e-04
4                                      8.8004336365228673e-05        -5.6986631386492974e-06         7.1994305359011641e-10        -9.0197438777727020e-04        -4.1135688769318559e-03        -5.2122542260800778e-04         1.8095264080075280e-04         9.2996014729816723e-04
5                                     -3.1127857721928222e-09        -2.0905610889951248e-09        -3.3581207878306932e-04        -1.5380453109100876e-03        -3.8894971681725584e-03         1.6722327589821498e-03         5.9926629359637724e-04        -7.0066462489455552e-04
6                                      3.0334227746294309e-04        -6.7744005471062543e-04        -3.3231117955765223e-04        -2.3080250054068849e-04        -6.4752892127888442e-06        -2.8888643957374234e-04         3.2779456461551424e-05        -1.4401438325796506e-04
7                                      8.5538446711443204e-04         7.0232919829571927e-04        -1.1150490930529459e-03        -1.7913581250709803e-04         4.7296726415033000e-05        -5.1017174680293917e-04        -6.4595692482708736e-05        -5.2783652443919677e-05
8                                     -6.5252691781941602e-04         4.8213885229354521e-05         1.0134062556262794e-03        -2.4410536502389273e-05        -4.9257734066367881e-04         4.3473149133448075e-04        -4.5534018981889128e-05        -1.6649446377004244e-04
9                                     -1.5339751559783146e-02        -6.3885425107919804e-03         2.3690794807187106e-02        -1.8309956421554993e-03        -1.1213219029919900e-03        -5.1749683192155015e-03        -1.1930968882589666e-04         1.7840490428704925e-04
10                                     9.4335865629036099e-03         1.9677707178229311e-03        -1.5426817583709035e-02        -1.0545687118167289e-03         3.2155237926376548e-04        -2.0410447978763775e-03         2.7219932360176896e-05        -2.5771350089148163e-05
11                                    -8.7607778049853674e-05        -1.0651831257946567e-04        -2.8746836488205332e-04        -3.0016222490140774e-03        -8.8757586314615680e-04        -2.9579490886637930e-03         1.4178852576413623e-04         1.9988699278116449e-04
12                                    -2.2242832525583953e-01         1.1451395103550975e-01        -4.5772604151090310e-10         9.7444796135455272e-03         4.1390197779408956e-03         1.4127324922827790e-02         1.4905002949473466e-03        -1.1635746154872190e-03
13                                     1.1269015006825503e-01        -1.2175571701222457e-01        -1.6513889514841699e-09         4.1081972690871094e-03         7.3508560352273690e-04         5.5864021263916175e-03         4.1047739412476431e-04         5.0106571937244505e-04
14                                    -1.0981816725360662e-10        -1.4845671318345193e-09        -4.5151053049543560e-02        -1.6165523311531621e-02        -6.5135406368386911e-03        -2.2644765372016439e-02         5.1287143460259569e-04        -4.7191787669292103e-04
15                                    -1.5339749269153224e-02        -6.3885407492619735e-03        -2.3690788314145460e-02        -1.1780952043940926e-01        -2.7549526553429432e-02         1.1048562404021109e-01         5.8367521711065982e-03        -4.5898609511441993e-03
16                                     9.4335862755347347e-03         1.9677717491651623e-03         1.5426821449401711e-02        -2.7528183537682615e-02        -5.5660493435695242e-02         4.2211484031097306e-02         2.7627827341967039e-02        -1.7890736432827375e-02
17                                     8.7607251404445835e-05         1.0652228688983953e-04        -2.8747241957090448e-04         1.1054474082868215e-01         4.2327606930191615e-02        -2.1410229039031323e-01        -6.7525148916632819e-04        -2.5650013487156325e-04
18                                    -1.6418345542163273e-04        -7.9016152079582763e-04        -2.7199695544629409e-03        -1.5881692102867689e-02         1.0566757250885985e-02        -8.6536027585014906e-04        -5.9546198028615722e-02        -5.6910565601880778e-02
19                                    -2.1529000525329807e-03         4.8784878054177681e-04        -2.4251992240994632e-03        -5.8265206071799781e-03         3.1538310995200712e-03        -3.6414718092137640e-04        -5.7815568303366781e-02        -2.8332934466088966e-01
20                                    -3.8310127926063859e-03        -6.4379861318136821e-04        -4.8532699145576270e-03         2.2683129180989841e-02        -1.5950659543963311e-02         6.2424794565232433e-04        -1.0751002849518462e-03         1.0802684437473606e-03
21                                     7.2463664421115390e-04         3.5687401569512410e-05        -3.2641496122997475e-10        -4.0354115378057435e-03         3.0729839980205482e-03        -2.4805880132557079e-04        -5.3058988825081740e-03        -1.5785038065812620e-03
22                                     9.1143014570991242e-05        -1.9541802453678400e-04         2.5896548642786965e-09         4.3997695980957183e-03        -1.9518256540957879e-03        -3.2134334387268508e-04        -1.8253293262836839e-02        -6.8504785007751159e-03
23                                     8.9454820448908698e-10         9.4737148039959439e-10        -6.4976862042491262e-04        -1.8059747568974303e-03         9.6206272588233738e-04         1.5010902404922304e-03        -5.8130022477727999e-04        -4.2986082433985051e-04
24                                    -1.6418226195592800e-04        -7.9016154238487329e-04         2.7199668708499511e-03        -3.4970029076166029e-04        -6.1107299291031570e-05        -4.9304412086152542e-04         3.8482123009153581e-04         1.4029855761665553e-04
25                                    -2.1529023357733032e-03         4.8785120495066622e-04         2.4251965482675938e-03        -4.1502546634149956e-06         1.6957277317287576e-05         2.6767123040011883e-04         1.8171295638493685e-04         2.3373486886345556e-04
26                                     3.8310118808626862e-03         6.4379703206785465e-04        -4.8532695465314506e-03        -4.6510181216717107e-04         3.7709720069722518e-04         3.1453159214986284e-04        -1.1887942805343269e-03        -7.4407370599238417e-04
27                                     1.3876096682806024e-04         5.2833791222424127e-06        -2.4872233270263980e-09         4.6777785487599807e-04         3.6450110165719410e-04        -1.7505143993141667e-04        -1.4972738523482082e-03        -7.8399849130373657e-04
28                                     1.0143646150199471e-04         4.5777631022526216e-05         6.7328940526202496e-10         4.7367640749799858e-04        -3.0815967906529381e-04        -4.0320013702230696e-05        -5.7269029410811009e-05         1.3820019261607773e-03
29                                    -4.7518550432417030e-10         1.8170077236235026e-09         8.5786852110407864e-05        -4.3756533565866840e-04        -1.7788397781395068e-04         1.4194642036483365e-05         4.0506022576864255e-03         1.7097024998159252e-03
30                                     3.0334124329195813e-04        -6.7743930686953646e-04         3.3230743672043846e-04        -4.7666297341734465e-03        -1.8527600150791239e-02        -7.2367733237799128e-04        -4.9742738012986676e-03         4.4254217280427664e-03
31                                     8.5538177803852890e-04         7.0232738978510414e-04         1.1150480186357674e-03        -1.9492135870310093e-03        -9.0011545540893880e-03        -1.2855932286240076e-04         2.5503095278247602e-03        -3.8968895965470901e-04
32                                     6.5252425455383616e-04        -4.8215442874830448e-05         1.0134053507862228e-03         6.1159591277716438e-03         2.8002693470010467e-02         5.3370397014870091e-04        -5.3162635722993215e-04         2.5303187159746512e-04
33                                    -4.2471986400111799e-06        -5.7555770579085120e-06        -6.6340350171215590e-10        -3.5164581910466987e-05        -1.5842100101152166e-04         3.0458510522252293e-05        -1.5856279619092710e-05         3.6435620727616469e-05
34                                     7.6271863882609926e-06        -2.6592811953850013e-05         7.2475710024072796e-10         6.8115644979783538e-05         3.4208566512941498e-04        -6.3012014986270999e-05        -1.3849751624991956e-04         4.5780733420551408e-05
35                                    -5.8286194838543360e-10        -1.4383258639511611e-09        -8.6896608108006095e-06        -5.7369221750544690e-05        -1.4635819736937429e-04         1.6135042104281095e-05         3.3455263839873368e-05        -6.3592119157504729e-05
36                                     2.9458989732996792e-04         3.4107749482390650e-05        -3.1761182219604446e-04         3.5520896793364069e-05         8.1995840221719772e-05         1.4448196639336416e-04        -2.5812212517541240e-05         1.8520034140771514e-05
37                                    -7.0104034216557205e-05         1.8345906460598567e-04        -1.7067903864600504e-04         1.0672872426325718e-04         9.5165020784365888e-05         1.6086943794270839e-04        -4.3297028150004438e-06         8.4301987402152898e-06
38                                     1.1139380833209917e-04        -5.8426098647941608e-05        -7.7644071441338987e-05         1.2872029121847967e-04         1.9163568215178518e-04        -2.2925007224285394e-05        -7.0244801117467327e-05         8.3179556754652172e-05
39                                     1.2399608862783995e-04         8.4858824506219531e-05        -2.5342550820124790e-04         1.4440732763628289e-05         6.2733506649894399e-05        -5.9532573512848701e-06         5.0788646691571145e-05         3.7440985742398102e-05
40                                    -6.0939390264434475e-04         1.7649728527440795e-04         3.8340347012436613e-04        -2.1531086589526762e-06         1.5783945217234785e-05         9.7122156483658614e-05        -9.8454388448735414e-06         3.2883246237392391e-06
41                                     9.1172167431622102e-06         1.1780745476596633e-04         9.5901301491303076e-05         5.6778508849690253e-05         3.7955380031224221e-05        -1.2553425098584270e-05         3.8965914250720266e-05         3.2665834410336717e-05
42                                     8.8037511457384843e-04         2.5111537404059418e-04        -7.2583448119418114e-04         4.9468723765754420e-04         1.5083854115624466e-04         1.0502734163269846e-03         5.8470786080541399e-05         2.1247171956375010e-05
43                                    -8.2970731709081807e-05         1.4905445990938203e-04        -4.3062878270903274e-04         1.5084059049887859e-04         2.8584303561656561e-04         3.0565654553850523e-04        -3.2615254513266885e-05        -3.0832616703415581e-05
44                                     7.6107182675711968e-05        -4.3908074924787826e-04         1.0367619649757531e-03        -1.0502720796042569e-03        -3.0565736429145538e-04        -1.7588239575341746e-03        -3.9661109295289939e-05         8.5476904911222824e-05
45                                     7.3817668724688390e-03         2.4822053019533222e-02         1.0812962284850972e-09         5.8948385731012894e-04         4.8417888244192236e-04         2.1535878817211906e-04        -1.4455976174556739e-04         3.1440230088436845e-04
46                                    -4.6062510235819632e-03        -1.4421362636819852e-02         7.3195445126354394e-10         1.3907178673738872e-04         3.5109632301536387e-04        -3.6660120934923612e-04        -3.2508148960554611e-04         4.4442601030181191e-04
47                                     9.5213226667886289e-10         1.7689524616570866e-09        -6.9486083899467522e-04         8.1164640988731947e-04         2.4066504133901006e-04         9.6712993556415106e-04        -8.9368777552870576e-05         4.5276809976006239e-04
48                                     2.4432849344420968e-01        -1.2434959446679061e-01         2.3890597622284169e-09         8.8037543696718062e-04        -8.2971275872032943e-05        -7.6106109548474722e-05         1.4621023682087283e-04         1.5435675111693503e-04
49                                    -1.2434959446679061e-01         1.2755901817264734e-01         2.1691919012094946e-09         2.5111558930923953e-04         1.4905277511571271e-04         4.3908075705237901e-04        -1.4108377724781926e-04         3.0311306387883694e-04
50                                     2.3890597622284169e-09         2.1691919012094946e-09         5.2483167220617841e-02         7.2583264927021879e-04         4.3062877553875644e-04         1.0367621203689549e-03         3.4139867296058594e-04        -1.4599212052402808e-04
51                                     8.8037543696718062e-04         2.5111558930923953e-04         7.2583264927021879e-04         1.3014942236650406e-01         2.9619147646142235e-02        -1.1832973737248062e-01         1.1261461804698038e-03         4.8444004928426074e-05
52                                    -8.2971275872032943e-05         1.4905277511571271e-04         4.3062877553875644e-04         2.9619147646142235e-02         6.4052769663098585e-02        -4.5176640265065134e-02        -7.8164765659818544e-04         6.6006004423691206e-04
53                                    -7.6106109548474722e-05         4.3908075705237901e-04         1.0367621203689549e-03        -1.1832973737248062e-01        -4.5176640265065134e-02         2.3323527856408138e-01         1.8145472314703894e-04        -3.6731306921822552e-04
54                                     1.4621023682087283e-04        -1.4108377724781926e-04         3.4139867296058594e-04         1.1261461804698038e-03        -7.8164765659818544e-04         1.8145472314703894e-04         6.5901598146321599e-02         6.0868005476659812e-02
55                                     1.5435675111693503e-04         3.0311306387883694e-04        -1.4599212052402808e-04         4.8444004928426074e-05         6.6006004423691206e-04        -3.6731306921822552e-04         6.0868005476659812e-02         3.0974983284271107e-01
56                                     4.0368042911915392e-05         1.2653134265361628e-05        -1.1530983750268861e-05        -2.4002785032131734e-04        -1.6423418274721165e-04         1.0916363100514016e-04        -2.0997586901156441e-03        -2.0223010663552149e-03
57                                    -1.1584303436123844e-03         9.5429730652748384e-06        -1.9385064712509024e-03         8.5660284161805014e-04        -7.0803465391484758e-04         3.5046350989885564e-04        -3.8520543138792530e-03        -7.2027724370071766e-04
58                                     6.5998804542049248e-04         4.0031618206333805e-04         7.7572451617902616e-04        -7.1309555420363911e-04         5.3936086315602323e-04        -2.3678669847540594e-04        -1.5457452677385110e-02        -4.6474824457967481e-03
59                                     5.1455800059313234e-06        -8.5539786491693314e-05        -4.6209582895509506e-05        -3.2704125815774662e-04         3.1769884837690409e-04         6.8895366500512601e-04         9.9383154701862281e-04         4.1265334433349295e-04
60                                    -1.2183317375292688e-04         6.4722655705462632e-05        -4.4686605905144671e-10        -1.1499346429921771e-03         7.5833282636697150e-04         1.6689329218508048e-05         3.2368524024251532e-04        -3.2596012684155216e-04
61                                     1.1283303008008875e-05        -1.9937405873558038e-05        -4.3831784634261795e-10        -2.2309597804590447e-04         3.0149484982765001e-04         1.1435873441033892e-04         1.5835688245246699e-04         5.6684641629936746e-04
62                                     5.9862223024995418e-10         8.2082875327618464e-10         3.6067363589414267e-04         1.7125776668049631e-03        -8.8054473572426475e-04        -1.2606761421650995e-04        -6.8622876930188965e-04         1.8126145196045371e-04
63                                     1.4620845793920126e-04        -1.4108325345372797e-04        -3.4139778415787829e-04         5.8468987685871671e-05        -3.2615762373937707e-05         3.9661604582066253e-05         3.1128033468985275e-04         3.1189078164744794e-04
64                                     1.5435708768431008e-04         3.0311169133044125e-04         1.4599254112734845e-04         2.1245691755662223e-05        -3.0832275662052422e-05        -8.5475654734865693e-05         3.1189066384387884e-04         3.2174503964378231e-04
65                                    -4.0367083936485361e-05        -1.2653187841784298e-05        -1.1529549425841399e-05         6.0915869546164099e-05         5.9588271842011669e-06        -1.2836444257979380e-05         1.1596689598296895e-04         3.3559881209282094e-04
66                                    -1.1584313581260422e-03         9.5434376312248921e-06         1.9385063508935018e-03         2.2003091487229353e-04        -4.8215979829063716e-05         2.1718509953126686e-04        -1.2025981523975312e-04        -7.3874717136470952e-06
67                                     6.5998873677563640e-04         4.0031719572719793e-04        -7.7572414518037064e-04        -7.3999592510377602e-05         5.1069711950656342e-06        -2.3429507139734919e-05         2.1472772811093193e-04         2.9028924575827793e-04
68                                    -5.1454199311762230e-06         8.5536320842222109e-05        -4.6209996876141548e-05         2.0789791247333449e-04        -6.6666277521428772e-05        -1.3161730898954016e-05        -1.1489464300317004e-04         1.0155301178273396e-04
69                                    -2.0522621934367861e-05         1.0392047009811122e-05        -2.4675509575073249e-05        -2.5085674357043027e-05        -1.7148274900833326e-04         4.5466807716214186e-05        -3.7991572544490397e-05        -4.6177983607559119e-05
70                                    -6.2096566209953065e-05        -8.3961669064081540e-06        -7.3802543424965938e-05        -1.5923416616921387e-04         2.2694143479464038e-04         1.4723648108906625e-05        -1.4822830928334155e-03        -6.2485787339276364e-04
71                                     2.7453083309892523e-05        -1.9834905655119163e-05         1.3625267142091853e-05         7.6518806250882302e-05         4.6263234020519299e-05        -8.5153752290534544e-05         3.9904002494086120e-04         8.6327998115818974e-05
72                                    -2.0522290640760581e-05         1.0391642594693340e-05         2.4677470139119442e-05        -4.7891123885021896e-05        -8.0576022995595725e-05         5.9626488968422922e-05         1.1278311576174524e-04         1.0558556161912805e-05
73                                    -6.2098017153778141e-05        -8.3950335443291560e-06         7.3801106019342685e-05        -5.3325122204827287e-05         6.6335241667482434e-05         3.7670647483055565e-05         4.4385363581309631e-04         8.6939023767132050e-05
74                                    -2.7453511236029174e-05         1.9833476160719006e-05         1.3625227411420699e-05        -3.3488836794791122e-05        -2.1492977548756742e-05        -1.4966832235967063e-05         6.6109706555679307e-05        -7.7492505740034781e-05
75                                     2.9459203814471096e-04         3.4109895877734812e-05         3.1761284232634625e-04         9.9387332658661294e-06         1.9402113984080989e-04         8.8046762483879899e-05         4.8841791550083443e-05        -1.7630125091378125e-05
76                                    -7.0105162100646336e-05         1.8345874312996130e-04         1.7067891015685600e-04         2.4157901987339591e-04         1.3447057594409592e-03         4.1775204965664107e-04        -1.8812441093166136e-04         2.5223097309405834e-04
77                                    -1.1139277482021777e-04         5.8426421136307087e-05        -7.7645043650624354e-05        -1.7786449983186450e-05        -4.9325293759738711e-04         6.2649589794868364e-04         1.5178800018401730e-04        -7.1310453393333965e-05
78                                     1.2399602330477605e-04         8.4858043946339074e-05         2.5342355117338288e-04         6.0658174597233851e-04         6.6124248947971222e-04        -1.3811358457217391e-04         3.3932545476067337e-04        -2.3422034111287399e-04
79                                    -6.0939357815087403e-04         1.7649879504854870e-04        -3.8340428984121104e-04        -1.4699936439575585e-04         1.2856982612056088e-03         3.5240801739557523e-04         1.8584878292592449e-03        -1.4426808143474870e-03
80                                    -9.1190828457849522e-06        -1.1780936018191521e-04         9.5900912327288748e-05        -3.3190295773126704e-04        -4.0032663173840237e-05         1.1525890008635717e-04        -1.8213544817836740e-04         3.0049626422613677e-04
                                                        56                          57                          58                          59                          60                          61                          62                          63

0                                     -2.2974774170047915e-04         1.1966835658876319e-04        -2.0038694119100427e-05        -2.0289822485746118e-05         4.0774929703430330e-04         2.2076037852873259e-03         4.1675396653197299e-10         4.8056019444657960e-04
1                                      1.3943598655838659e-04         1.5192433075230015e-04        -1.9756591467224619e-05         2.5010726610993482e-04        -3.2028078076170934e-04        -2.6042314957706691e-03         3.4187580528165716e-09        -8.6527563086159182e-05
2                                      1.0834807520431916e-04        -7.1694479803220682e-05         1.5896403334377509e-05         2.3209094053242324e-05        -2.0100075062616925e-09         1.1622742647774351e-09         1.5836968806209691e-04         2.5063799700774574e-04
3                                      5.9949509215991145e-04        -2.6837317911510515e-04         5.1506891705904744e-05         1.0175160475454959e-04         3.5558925741400321e-04        -5.7144961023869647e-03        -5.1509358589011052e-10        -1.0050479553111761e-03
4                                     -6.4437509820985516e-04         2.7682686896978110e-05         7.5976969732094977e-05        -1.1769708842815374e-04        -1.8724743227399015e-03        -2.6783667522175016e-03        -1.9937112615064940e-09         1.8095662970614651e-04
5                                     -1.2413835945510710e-04         9.6550583474346247e-05        -5.8794435183432510e-05        -1.4582040212881119e-04         1.9186418577865552e-09        -7.5474144481608120e-10         6.4277241607272337e-04        -5.9926566699063306e-04
6                                     -1.2032221437363464e-05         7.2788988531941927e-05        -6.8950163814461205e-06        -1.4217881798941987e-05         9.0653529980713396e-05        -4.8749170750631704e-04         2.0455940123714897e-04        -4.9742709747529540e-03
7                                     -3.3672822092385810e-05        -6.2893169853516515e-05         8.4814693534156134e-05        -1.0077023318501776e-04        -4.1832969816069272e-04         9.9196921920581722e-05        -5.5632416001473320e-04         2.5503065155753862e-03
8                                      7.8357824264439806e-05         7.6617371555568175e-06        -9.9730594945502717e-06         1.0810444026804590e-04         5.0501361227046210e-05        -3.0138160387156937e-04        -3.8631554512544622e-05         5.3162941752269810e-04
9                                      9.6348562761975509e-05        -3.7200689722315344e-04        -5.6610238139469422e-05         4.8559058281121871e-04        -4.2297954193349502e-05        -7.3787890075776262e-04        -2.2694804803493705e-03         5.8367546886838213e-03
10                                    -3.0909227814538960e-05        -8.0917440498382356e-05        -6.9108749936374085e-05        -3.7605799231977361e-04        -2.1392622682187895e-03         3.4375746876803793e-04        -2.3811189549466146e-03         2.7627830294932543e-02
11                                    -4.6990300190499014e-05         4.9847498517881922e-04        -3.3935836585096855e-04         3.2489884600714336e-04        -3.8402369362524839e-03        -1.2678901897333755e-03        -4.7692596705571806e-03         6.7525218852522591e-04
12                                    -5.0905304522259366e-05        -4.3722366079708384e-03         2.7229919526530941e-03         2.6689779154768362e-04         6.9146069175360543e-04         1.1951264293315854e-04         1.7643644389880647e-09         1.4904999668779706e-03
13                                     6.5313399444128992e-04         4.7013488610672064e-03        -1.7834291132215814e-03         2.9824154810127301e-04        -1.1492275216699139e-05        -9.3467613044747146e-05         6.0171212150955542e-10         4.1047760043205718e-04
14                                     1.0151656936014041e-04         1.6151508669389400e-03        -4.9842355455618961e-04         1.6553431949373728e-03        -1.2809108694443805e-09         1.7849328933807270e-10        -6.2219787807424689e-04        -5.1287242760279989e-04
15                                    -6.4030315730047608e-04        -1.5801281134444692e-02         9.4037695828057596e-03         4.1615761836328452e-04        -4.2297779188252282e-05        -7.3787538968952959e-04         2.2694794164578426e-03        -1.1930666238910918e-04
16                                    -9.2234622835726267e-04        -6.4122670190186921e-03         1.9665277759139729e-03         3.6423320080284163e-05        -2.1392610898048510e-03         3.4375822328100978e-04         2.3811158660209213e-03         2.7222341593155486e-05
17                                    -1.4780360316134188e-03        -2.3512909682849158e-02         1.5224395561093194e-02         2.0643223059956233e-04         3.8402451546503662e-03         1.2678869483163753e-03        -4.7692612672985638e-03        -1.4179189535776205e-04
18                                    -1.5115660361962641e-03        -1.1742556066942861e-01        -2.8194665505215315e-02        -1.0991327776563403e-01        -1.5016007787230012e-02        -7.3035931578683492e-03         2.3781702740519564e-02         3.8482027081745745e-04
19                                    -5.9889620409042253e-04        -2.7353598806387200e-02        -5.8412882018220764e-02        -4.0754724089872962e-02         9.1078114432798906e-03         3.7991933279285526e-03        -1.5349848992416502e-02         1.8171635725652802e-04
20                                    -4.7015564228262079e-02        -1.1026572358439704e-01        -4.2159310738686340e-02        -2.1382040580828032e-01         2.0473093425163805e-04         4.9042865989662801e-05        -9.4296003325856784e-04         1.1887961607347846e-03
21                                     5.6749774650175543e-03         9.7072690846270390e-03         3.4609561005612948e-03        -1.4916371576458219e-02        -2.2417278511575356e-01         1.1471967413791498e-01         2.8168547203224273e-09        -5.3058972121743028e-03
22                                     2.6377008229480130e-02         3.4919627805999362e-03        -4.8907778607942386e-04        -5.8565526723696939e-03         1.1505594698851879e-01        -1.1876140642822132e-01        -2.8262925365006930e-09        -1.8253293273821209e-02
23                                    -1.3668621740930151e-03         1.5413742848880909e-02         5.6743870556433401e-03        -2.2786735911185567e-02         1.5600381639464373e-09         4.8845896134406293e-10        -4.5258943662041334e-02         5.8129758725652785e-04
24                                     9.5202495091532076e-05        -1.5607687962069313e-03        -6.2590385398265068e-04         5.1668856293033373e-03        -1.5016005059541915e-02        -7.3035935298693139e-03        -2.3781703977806247e-02        -5.9546199050796611e-02
25                                     9.1925409621782710e-04        -1.2026218334415906e-03         2.8635248456714262e-04         2.2167550892873422e-03         9.1078110892808088e-03         3.7991948002961094e-03         1.5349849174632760e-02        -5.7815571567066522e-02
26                                     1.3561923259646346e-03         3.2470608799377541e-03         6.6297148757863593e-04        -3.2601271670629414e-03        -2.0473523637414524e-04        -4.9043001858002817e-05        -9.4296184839746315e-04         1.0751015292510581e-03
27                                     2.5716831190878671e-03         7.7033856290747169e-04         4.5472890696216916e-04        -1.0406599444722291e-03         7.4977333886420243e-03         2.7705853634466433e-02        -1.7619424503087251e-09        -1.4972780754131040e-03
28                                     2.6055594832167465e-04         6.0310193129870936e-04         4.4675124975009041e-04        -1.0109903161391524e-03        -5.5570842807015136e-03        -2.0060789796127031e-02        -1.8885528986430644e-10        -5.7266206980969084e-05
29                                    -4.5967454401651345e-03        -5.2624792993936171e-05         5.9275081386323610e-04         7.8101372027816751e-04         4.5805904548036969e-10         6.1635098854750549e-10        -6.6504456181271251e-04        -4.0505999183947242e-03
30                                     4.9688128969118230e-04         8.2786317931386787e-04         2.6581090674670377e-04         1.3669257199280262e-04         9.0655663795735641e-05        -4.8749298684669460e-04        -2.0455890616799034e-04         3.2776832685145431e-05
31                                    -2.6228415465809612e-04        -1.4388036018782389e-03         9.7650510387354856e-04        -1.1851829331899146e-04        -4.1832958150460169e-04         9.9195571813235055e-05         5.5632540718644828e-04        -6.4596844156491605e-05
32                                     5.8032573963223352e-04        -2.5000644363837592e-04         7.6828233429093598e-04         1.5160522670495924e-04        -5.0503767104376467e-05         3.0138555942454091e-04        -3.8629767632012357e-05         4.5535228303486010e-05
33                                    -3.2596272976671253e-05         1.9341901504139138e-05        -1.1682778835865105e-05         1.6586489664756137e-06         8.1723537709468927e-06        -7.1514248473605833e-05         1.2811314296469883e-09        -1.5857327858679679e-05
34                                     7.7344269784341050e-05        -2.3804510418388441e-05         3.0575945662607999e-06         2.0494653432388368e-05        -2.3586611277603763e-04        -7.5620014526644943e-04        -5.3522608819584192e-10        -1.3849511220394273e-04
35                                     1.8111467079513708e-05         5.6970338785969136e-07        -1.5003145798139914e-06        -6.7581474751655654e-06         1.1102251093659335e-09         2.8142285743885580e-10        -2.6124562444107533e-05        -3.3454368065300692e-05
36                                    -8.8788239844482814e-06         4.2236630298714053e-05        -5.6031247819200605e-06         2.0697712054705151e-05         5.8986079724537160e-06         2.7944603282674903e-05         4.6078793042291668e-05         4.8842114194575797e-05
37                                    -5.3558027090473559e-06         8.3619078393390602e-05        -4.4655909660008301e-05         1.2910799829068804e-05         8.4293447228755942e-05         5.9939220497945052e-06         2.9655143133664528e-05        -1.8812510143084672e-04
38                                     4.2766115499141003e-06        -2.5819840677087790e-05        -6.7848319477132091e-06        -1.0617220492010592e-05        -2.0919662297429241e-05         9.8008193342529731e-05        -2.3220454050071695e-06        -1.5178958703450580e-04
39                                    -5.4035519548366413e-05        -1.4098741669650092e-05        -1.6916060367637686e-05        -1.3522286215940214e-05        -1.4140375910813433e-05         1.9158523425277443e-04         6.3016444619143282e-05         3.3932083533369864e-04
40                                    -3.3755362307647327e-06        -3.6232256393807926e-05        -1.0359113690094171e-05         1.0273126005767205e-04         1.5644701986136650e-04         5.6855728422572549e-05         1.5524866552643231e-04         1.8584865536446396e-03
41                                    -6.1189822146706969e-05         4.2047899305235143e-06         2.4006192735169919e-07         9.0513090721535958e-06         8.5612960961439430e-05         1.3251573090967896e-04         6.8265750242577710e-05         1.8213715378807924e-04
42                                    -6.0916233814314614e-05         2.2002951853924919e-04        -7.3995838185418735e-05        -2.0789733126551401e-04        -1.1499325935120425e-03        -2.2309651827664206e-04        -1.7125770594842262e-03         1.1261457852286912e-03
43                                    -5.9573921783196627e-06        -4.8216257678336819e-05         5.1078216011513812e-06         6.6666084278051119e-05         7.5833229636698848e-04         3.0149489414944928e-04         8.8054766762227818e-04        -7.8164624673161083e-04
44                                    -1.2836414406345411e-05        -2.1718518368339559e-04         2.3430313468746861e-05        -1.3161753147844422e-05        -1.6693573424960751e-05        -1.1435682397070777e-04        -1.2606744849272890e-04        -1.8145313054195912e-04
45                                    -1.0413990114425926e-04         2.2294401357970354e-04         8.9072809728674374e-05        -2.6474356639601377e-05        -5.9491641456518826e-05         2.9427759376093532e-05        -1.8551273212358145e-09        -1.4456052823769600e-04
46                                     8.2806874063042450e-05         1.2474699742423201e-05         2.7803511101056390e-04        -1.2960071472022466e-04        -7.5053757539742823e-05        -1.3871706583851097e-05        -7.4027653736177490e-10        -3.2508136817068005e-04
47                                     7.8715373131548020e-05         3.6234062716301700e-04         8.0202875676209498e-05        -6.5358951398396473e-05        -2.8825314144801894e-10         1.2929722903405046e-10         8.9794225976051037e-05         8.9368953488590263e-05
48                                     4.0368042911915392e-05        -1.1584303436123844e-03         6.5998804542049248e-04         5.1455800059313234e-06        -1.2183317375292688e-04         1.1283303008008875e-05         5.9862223024995418e-10         1.4620845793920126e-04
49                                     1.2653134265361628e-05         9.5429730652748384e-06         4.0031618206333805e-04        -8.5539786491693314e-05         6.4722655705462632e-05        -1.9937405873558038e-05         8.2082875327618464e-10        -1.4108325345372797e-04
50                                    -1.1530983750268861e-05        -1.9385064712509024e-03         7.7572451617902616e-04        -4.6209582895509506e-05        -4.4686605905144671e-10        -4.3831784634261795e-10         3.6067363589414267e-04        -3.4139778415787829e-04
51                                    -2.4002785032131734e-04         8.5660284161805014e-04        -7.1309555420363911e-04        -3.2704125815774662e-04        -1.1499346429921771e-03        -2.2309597804590447e-04         1.7125776668049631e-03         5.8468987685871671e-05
52                                    -1.6423418274721165e-04        -7.0803465391484758e-04         5.3936086315602323e-04         3.1769884837690409e-04         7.5833282636697150e-04         3.0149484982765001e-04        -8.8054473572426475e-04        -3.2615762373937707e-05
53                                     1.0916363100514016e-04         3.5046350989885564e-04        -2.3678669847540594e-04         6.8895366500512601e-04         1.6689329218508048e-05         1.1435873441033892e-04        -1.2606761421650995e-04         3.9661604582066253e-05
54                                    -2.0997586901156441e-03        -3.8520543138792530e-03        -1.5457452677385110e-02         9.9383154701862281e-04         3.2368524024251532e-04         1.5835688245246699e-04        -6.8622876930188965e-04         3.1128033468985275e-04
55                                    -2.0223010663552149e-03        -7.2027724370071766e-04        -4.6474824457967481e-03         4.1265334433349295e-04        -3.2596012684155216e-04         5.6684641629936746e-04         1.8126145196045371e-04         3.1189078164744794e-04
56                                     4.9648303177963454e-02        -4.9656555995733417e-03        -2.4417893524888330e-02         7.9349822667923670e-04        -4.0835447017738519e-04        -5.7154229858789310e-04         1.0164421927492168e-03        -1.1596853625476944e-04
57                                    -4.9656555995733417e-03         1.3018825645622270e-01         2.7925434989911069e-02         1.1908781159912807e-01         9.0113839431777321e-04         3.1384980273399711e-04        -7.1009208325340672e-04        -1.2026075062419284e-04
58                                    -2.4417893524888330e-02         2.7925434989911069e-02         5.9240184173928373e-02         4.4407436646460519e-02        -1.7666873008035169e-05         1.2325607984035224e-04        -4.0403385378269015e-04         2.1472821639105017e-04
59                                     7.9349822667923670e-04         1.1908781159912807e-01         4.4407436646460519e-02         2.3511793323853397e-01         9.6161535495136070e-05        -4.0078422132983202e-04         1.0383451421348269e-03         1.1489361168167734e-04
60                                    -4.0835447017738519e-04         9.0113839431777321e-04        -1.7666873008035169e-05         9.6161535495136070e-05         2.4414778308448581e-01        -1.2268142904953291e-01        -1.4942082713275892e-09         3.2368432887451342e-04
61                                    -5.7154229858789310e-04         3.1384980273399711e-04         1.2325607984035224e-04        -4.0078422132983202e-04        -1.2268142904953291e-01         1.3175821282218428e-01         1.0182522385763625e-09         1.5835732095784030e-04
62                                     1.0164421927492168e-03        -7.1009208325340672e-04        -4.0403385378269015e-04         1.0383451421348269e-03        -1.4942082713275892e-09         1.0182522385763625e-09         5.2446664220784887e-02         6.8623043465697287e-04
63                                    -1.1596853625476944e-04        -1.2026075062419284e-04         2.1472821639105017e-04         1.1489361168167734e-04         3.2368432887451342e-04         1.5835732095784030e-04         6.8623043465697287e-04         6.5901599372753430e-02
64                                    -3.3559994776316429e-04        -7.3885059075177735e-06         2.9029225400928869e-04        -1.0155371638668288e-04        -3.2595919078156439e-04         5.6684591531334515e-04        -1.8126209704774025e-04         6.0868006070765507e-02
65                                    -2.0782078780897002e-04        -1.5589736962481410e-04         1.8083262860016998e-04         2.8485168116744664e-04         4.0835553626311747e-04         5.7154153799342093e-04         1.0164404271227946e-03         2.0997559394399902e-03
66                                     1.5589692056970918e-04         5.8883870527025534e-04         9.3020537668651938e-05        -1.1035173453523193e-03         9.0113660791048744e-04         3.1385031335365635e-04         7.1009391274078342e-04        -3.8520536798334190e-03
67                                    -1.8083352416238633e-04         9.3021474431434042e-05         4.2040372376755101e-04        -1.1955909614913023e-04        -1.7668672134601104e-05         1.2325576413698682e-04         4.0403460014416960e-04        -1.5457455012467423e-02
68                                     2.8485282848516203e-04         1.1035178864924903e-03         1.1955876793916608e-04        -1.8212123421775107e-03        -9.6159767902834377e-05         4.0078364648008587e-04         1.0383440490344593e-03        -9.9383171410824013e-04
69                                     4.0764033358563375e-04         1.2820889793688182e-05         3.3014586475781241e-05         2.9224621879966547e-04         5.2381505443962204e-04        -1.0896854459677770e-04        -3.8086596112891461e-04         1.1278515432084523e-04
70                                     1.6844276294644834e-03         2.7134749123018599e-04         1.2006828649295138e-04        -1.5272202447828354e-04         6.1717035575897024e-04         1.3184355342240675e-03        -4.4847230678459610e-05         4.4385147515319141e-04
71                                    -3.1366809644306796e-05        -8.5532547871259679e-05        -4.2649489083119765e-05         2.5322650126409149e-04        -1.6381025336360908e-04         4.0469171290834563e-04         1.9320665688829730e-04        -6.6111558617168030e-05
72                                     9.1993952407930040e-05        -4.5571334739048222e-05        -1.0666870833064639e-04         2.8305937149262372e-04         5.2381556238812019e-04        -1.0896810694733649e-04         3.8086366408821975e-04        -3.7991454661604301e-05
73                                    -4.8965320642698824e-05         4.2036603266925064e-05         7.7756302003891302e-05         6.1609584913817231e-04         6.1717191196425055e-04         1.3184340762300920e-03         4.4847108654829477e-05        -1.4822845961135860e-03
74                                     2.4913241371994909e-04        -1.8418057927831633e-04         2.7136573065577467e-05         3.4106348515324230e-04         1.6381019823900000e-04        -4.0469027794853450e-04         1.9320889110970867e-04        -3.9904001136635526e-04
75                                     2.2174755861532409e-04         4.0762179875687818e-04        -1.6712135334849500e-05         7.3329550753694131e-05         5.8996098112627305e-06         2.7943223046610126e-05        -4.6079402890579396e-05        -2.5811588222671561e-05
76                                     3.1563501671687201e-04         4.8150799814859063e-04        -9.3675677924429579e-05         3.5227556367220536e-04         8.4294023125507643e-05         5.9946816901969274e-06        -2.9657590494659294e-05        -4.3297622224231607e-06
77                                     1.5278944091258497e-04         2.7372283715302930e-04        -1.9656565698440503e-04         5.7025017981166893e-05         2.0917607897009684e-05        -9.8006655308272012e-05        -2.3205426430184016e-06         7.0244007780588443e-05
78                                     8.6647480543313555e-05         3.2883447043594027e-05        -1.4976166314300196e-05         3.9429016188554896e-05        -1.4144549302338863e-05         1.9158749736664733e-04        -6.3015231717501312e-05         5.0787935743868520e-05
79                                    -2.6018559792638859e-04        -1.4994070489243638e-04         2.3566073618589412e-04         1.5681290902886508e-04         1.5644810263086572e-04         5.6854344729488053e-05        -1.5525257342261038e-04        -9.8459987185685777e-06
80                                     3.7305545383436230e-04         3.7558518229631504e-04        -1.2340445260411104e-04         1.4185226640431661e-04        -8.5612331446325104e-05        -1.3251701020046454e-04         6.8265160714214897e-05        -3.8967724978373770e-05
                                                        64                          65                          66                          67                          68                          69                          70                          71

0                                     -1.9620170221395960e-04         2.2974740751252509e-04         1.1966858122354300e-04        -2.0039095475272290e-05         2.0292244192107549e-05         1.8121143934889579e-03        -1.5222090405951193e-04        -1.8213259882050446e-04
1                                     -4.9508460405446467e-04        -1.3943739119929574e-04         1.5192307251138417e-04        -1.9757285741069820e-05        -2.5010330157959490e-04        -9.0846179665077156e-04         1.7503853674499731e-03        -6.2979677278827929e-04
2                                     -1.8911285642241493e-04         1.0834714244670917e-04         7.1696451826303693e-05        -1.5896412990400997e-05         2.3209160655083418e-05        -7.2966918425480809e-04        -1.6913697857294415e-04         2.4956336139210923e-04
3                                      1.5733485555465915e-04        -5.9949590955616164e-04        -2.6837374939343855e-04         5.1508359736104101e-05        -1.0176541159540370e-04        -1.7466544138101156e-02         9.6522051549564510e-03        -3.1109585109722476e-05
4                                      9.2995622593352971e-04         6.4437567944634856e-04         2.7682495086366553e-05         7.5970909300288731e-05         1.1769241797814718e-04        -7.0381946490230777e-03         2.1754215024512346e-03         4.9539616712090950e-04
5                                      7.0065765821741800e-04        -1.2413500278233756e-04        -9.6550814129720930e-05         5.8793127920045559e-05        -1.4582361073063566e-04         2.3990226180881747e-02        -1.5114527067897163e-02        -2.1836750048450882e-03
6                                      4.4254257417450441e-03        -4.9688074442367060e-04         8.2786425565856787e-04         2.6581360800689976e-04        -1.3668589402846833e-04         1.1239508950018247e-03        -7.8530683194117322e-04        -8.6081542338015127e-04
7                                     -3.8969015913952604e-04         2.6228487495957690e-04        -1.4388029266591070e-03         9.7650833973825365e-04         1.1852141785819933e-04        -5.5493181796684860e-04         4.0408190598653702e-04        -2.1497619440582366e-04
8                                     -2.5302684940198375e-04         5.8032639986354065e-04         2.5000786790519043e-04        -7.6828689426624913e-04         1.5160323954481654e-04         1.3631768364987230e-03        -5.1475926619317140e-04         4.7708669878969152e-04
9                                     -4.5898635565798131e-03         6.4030460375130238e-04        -1.5801284083119652e-02         9.4037711467380783e-03        -4.1615947958604030e-04        -1.3118669475916311e-04        -8.8213248192192673e-06         2.1993930967099642e-04
10                                    -1.7890735286423938e-02         9.2234586954882680e-04        -6.4122670991988932e-03         1.9665246300409880e-03        -3.6426529017620501e-05         9.4239681232082873e-05        -2.6690513599939898e-04         1.9451443490249064e-04
11                                     2.5649453032276440e-04        -1.4780378566915968e-03         2.3512903967824531e-02        -1.5224393492666301e-02         2.0642909138841956e-04        -1.1861384222923668e-04        -6.9611407374236525e-05         8.9875936142077705e-05
12                                    -1.1635751661433669e-03         5.0905565848050668e-05        -4.3722362758544710e-03         2.7229945795430432e-03        -2.6690074986029586e-04         1.7707924274830617e-04         2.8665803379992398e-05        -5.6495529846911727e-05
13                                     5.0106351737940770e-04        -6.5313049208517320e-04         4.7013495781618314e-03        -1.7834322601695896e-03        -2.9824177268771295e-04         1.8653317630104062e-05         8.7505591027668670e-05        -5.7307387799889300e-05
14                                     4.7192048621645384e-04         1.0151633074904417e-04        -1.6151493559525571e-03         4.9842174771400733e-04         1.6553455555091785e-03         7.9807031158466476e-05         3.9754880310276063e-05        -5.3238472895343870e-05
15                                     1.7840240729364613e-04        -9.6346491267088589e-05        -3.7200581354063819e-04        -5.6608916713354245e-05        -4.8559485526828133e-04         4.3682201030057887e-04         2.5114450779821712e-04        -1.8219428563325674e-04
16                                    -2.5771467078423093e-05         3.0907895897621355e-05        -8.0916254645524606e-05        -6.9107780339226071e-05         3.7605461705585846e-04         5.3261390107681335e-04        -4.3431720002534734e-04        -1.2610916428222813e-04
17                                    -1.9989039725082293e-04        -4.6993797955623698e-05        -4.9848100735217470e-04         3.3935692680397338e-04         3.2489964837017701e-04        -2.3740862524442626e-04         5.7992956243893296e-05        -1.3448618165898783e-04
18                                     1.4029692728789758e-04        -9.5202109924869406e-05        -1.5607686256601818e-03        -6.2590479794053617e-04        -5.1668842271507462e-03         9.6581826046003398e-04        -1.0337579291284978e-03        -5.3756194184722758e-04
19                                     2.3373382785314321e-04        -9.1925095117027160e-04        -1.2026269651933910e-03         2.8635374064976942e-04        -2.2167564854697801e-03        -1.2082185411662416e-03        -6.7175746662648458e-03         5.1569890907594493e-04
20                                     7.4407159443374703e-04         1.3561929113284710e-03        -3.2470577533381248e-03        -6.6297073149143527e-04        -3.2601264930982969e-03        -8.8489775091067559e-04        -1.7575683892603168e-03         1.4283276250920953e-03
21                                    -1.5785047475465001e-03        -5.6749786506632132e-03         9.7072700584306480e-03         3.4609619611409874e-03         1.4916370413082768e-02        -4.4016176135187306e-03        -1.7982259583362165e-02        -8.9139081587217683e-04
22                                    -6.8504790688239661e-03        -2.6377006754391485e-02         3.4919652758079490e-03        -4.8908107082440595e-04         5.8565536956237795e-03        -1.6999086190822108e-03        -7.4593972324824833e-03         2.0911937070541148e-05
23                                     4.2985873204058958e-04        -1.3668631436061368e-03        -1.5413743128321377e-02        -5.6743835083416403e-03        -2.2786736810916912e-02         4.5121094531591077e-03         2.6531366388696121e-02        -9.2304032826071025e-04
24                                    -5.6910564198065387e-02         1.5115669794232862e-03        -1.1742556260899775e-01        -2.8194668881554058e-02         1.0991327869896995e-01         5.2206670888674429e-05         4.1590618417619053e-04        -5.1094669930537226e-04
25                                    -2.8332934204419091e-01         5.9889353587988590e-04        -2.7353602131255737e-02        -5.8412881775598988e-02         4.0754723422183857e-02         1.7547455081364741e-04         1.5289831891233158e-03        -5.0105038229444183e-04
26                                    -1.0802660297757408e-03        -4.7015562380317358e-02         1.1026572583896965e-01         4.2159309587057506e-02        -2.1382040462138588e-01         5.1935265409101762e-04         1.1572335843038513e-03         5.7770397744450613e-04
27                                    -7.8399612197686298e-04        -2.5716845914374453e-03         7.7033936322652133e-04         4.5472718673299954e-04         1.0406640022712491e-03        -1.1847085060422012e-01        -3.0037596681785243e-02         1.0926203117969710e-01
28                                     1.3820028587614320e-03        -2.6055697136592639e-04         6.0310370200506911e-04         4.4675270114155868e-04         1.0109893076071896e-03        -2.8963165325787278e-02        -5.6442642576180597e-02         4.4753342757078561e-02
29                                    -1.7097033021618597e-03        -4.5967482742075329e-03         5.2623202470426832e-05        -5.9275394870957824e-04         7.8100956610246486e-04         1.0733963526072085e-01         4.4854215737398118e-02        -2.1490509927949281e-01
30                                    -1.4401330575139926e-04         1.2029899177087541e-05         7.2787510343395005e-05        -6.8940234914266778e-06         1.4220521959184217e-05        -3.8721728659928227e-03         3.3448688654067974e-03         3.0144363947783026e-04
31                                    -5.2780232783319848e-05         3.3673540573813374e-05        -6.2892403877625185e-05         8.4813658012119824e-05         1.0077560784914558e-04         4.0613171715796577e-03        -2.0415150442788846e-03        -6.9384994275027440e-04
32                                     1.6649967718405760e-04         7.8360201272534638e-05        -7.6590513149901555e-06         9.9772066796116198e-06         1.0810930049519568e-04        -1.7918861992183444e-03         1.7788137400848614e-04         1.5229649036500904e-03
33                                     3.6436760855286884e-05         3.2597509945025944e-05         1.9341151663449381e-05        -1.1680145262662694e-05        -1.6566897996012000e-06         1.2780478692431621e-04        -1.3163746045411601e-04        -1.2088260960734073e-04
34                                     4.5778774053021178e-05        -7.7344717031358493e-05        -2.3804682161399638e-05         3.0563436157948915e-06        -2.0497645211320119e-05        -2.8500861856231168e-04         3.3461698059597371e-04        -9.5445667444903049e-05
35                                     6.3593763046876755e-05         1.8110676609894558e-05        -5.7007437303023225e-07         1.4997775392274635e-06        -6.7564431533628515e-06        -2.1260954351372689e-04        -3.5604428199306938e-06         1.0018300193843260e-04
36                                    -1.7630781277458993e-05        -2.2174706806157201e-04         4.0762277213639281e-04        -1.6716427739390207e-05        -7.3330096387569995e-05        -3.8649626223624580e-05        -1.6537080663465528e-04         1.6360899003384064e-05
37                                     2.5223108347088722e-04        -3.1563703172926967e-04         4.8150641352049295e-04        -9.3674782272713808e-05        -3.5227405483435290e-04         6.2370273456306225e-05         2.4419803471669552e-05         1.8163707838850224e-04
38                                     7.1309588640673454e-05         1.5278920410499358e-04        -2.7372326924580612e-04         1.9656381773411081e-04         5.7025184738424147e-05        -6.9235373017225224e-04         2.0796385117596709e-04         4.3094491418091012e-04
39                                    -2.3422196100197207e-04        -8.6646003385257986e-05         3.2881528331906801e-05        -1.4973945294253471e-05        -3.9426450096385657e-05         3.1344594191859399e-04        -1.7018150643398268e-04        -1.5718109215674388e-05
40                                    -1.4426805977767873e-03         2.6018360306723042e-04        -1.4993970136605107e-04         2.3566088135581757e-04        -1.5681308856594131e-04         1.8460804919645974e-04        -6.9771982056460370e-05        -1.2395339749949425e-04
41                                    -3.0049634670288475e-04         3.7305835414177217e-04        -3.7558460991722771e-04         1.2340455047257694e-04         1.4185255871590902e-04        -1.2583076007791164e-04        -6.2060255375139952e-05         1.6290580257916526e-04
42                                     4.8445795301235283e-05         2.4002763911077447e-04         8.5660350484505210e-04        -7.1309711002312038e-04         3.2704342895170939e-04        -4.7889165083655942e-05        -5.3324902139451419e-05         3.3489095017567982e-05
43                                     6.6005910529863554e-04         1.6423234498529104e-04        -7.0803394718128528e-04         5.3936094018199737e-04        -3.1769891944796768e-04        -8.0577286028475181e-05         6.6335410249669083e-05         2.1493577811519591e-05
44                                     3.6731580262236527e-04         1.0916213788126849e-04        -3.5046052666193317e-04         2.3678439378120510e-04         6.8895553892688206e-04        -5.9623090004961473e-05        -3.7665350359815751e-05        -1.4967665141691949e-05
45                                     3.1440195883805888e-04         1.0414204635789923e-04         2.2294332245241313e-04         8.9073902231719734e-05         2.6472826414118734e-05        -5.3396010240679210e-05         3.0054277409428030e-05         1.0926550369311049e-05
46                                     4.4442665653869910e-04        -8.2807939355882421e-05         1.2475028531717900e-05         2.7803492458209407e-04         1.2960117131553543e-04        -4.5542257789053693e-05         1.9551748871538013e-05         1.9622770463120965e-05
47                                    -4.5276947183535855e-04         7.8714261002630186e-05        -3.6234070095104878e-04        -8.0202318567669832e-05        -6.5360419004942299e-05        -7.3322577360527199e-05         2.5876566967781040e-05         2.2172965387331514e-05
48                                     1.5435708768431008e-04        -4.0367083936485361e-05        -1.1584313581260422e-03         6.5998873677563640e-04        -5.1454199311762230e-06        -2.0522621934367861e-05        -6.2096566209953065e-05         2.7453083309892523e-05
49                                     3.0311169133044125e-04        -1.2653187841784298e-05         9.5434376312248921e-06         4.0031719572719793e-04         8.5536320842222109e-05         1.0392047009811122e-05        -8.3961669064081540e-06        -1.9834905655119163e-05
50                                     1.4599254112734845e-04        -1.1529549425841399e-05         1.9385063508935018e-03        -7.7572414518037064e-04        -4.6209996876141548e-05        -2.4675509575073249e-05        -7.3802543424965938e-05         1.3625267142091853e-05
51                                     2.1245691755662223e-05         6.0915869546164099e-05         2.2003091487229353e-04        -7.3999592510377602e-05         2.0789791247333449e-04        -2.5085674357043027e-05        -1.5923416616921387e-04         7.6518806250882302e-05
52                                    -3.0832275662052422e-05         5.9588271842011669e-06        -4.8215979829063716e-05         5.1069711950656342e-06        -6.6666277521428772e-05        -1.7148274900833326e-04         2.2694143479464038e-04         4.6263234020519299e-05
53                                    -8.5475654734865693e-05        -1.2836444257979380e-05         2.1718509953126686e-04        -2.3429507139734919e-05        -1.3161730898954016e-05         4.5466807716214186e-05         1.4723648108906625e-05        -8.5153752290534544e-05
54                                     3.1189066384387884e-04         1.1596689598296895e-04        -1.2025981523975312e-04         2.1472772811093193e-04        -1.1489464300317004e-04        -3.7991572544490397e-05        -1.4822830928334155e-03         3.9904002494086120e-04
55                                     3.2174503964378231e-04         3.3559881209282094e-04        -7.3874717136470952e-06         2.9028924575827793e-04         1.0155301178273396e-04        -4.6177983607559119e-05        -6.2485787339276364e-04         8.6327998115818974e-05
56                                    -3.3559994776316429e-04        -2.0782078780897002e-04         1.5589692056970918e-04        -1.8083352416238633e-04         2.8485282848516203e-04         4.0764033358563375e-04         1.6844276294644834e-03        -3.1366809644306796e-05
57                                    -7.3885059075177735e-06        -1.5589736962481410e-04         5.8883870527025534e-04         9.3021474431434042e-05         1.1035178864924903e-03         1.2820889793688182e-05         2.7134749123018599e-04        -8.5532547871259679e-05
58                                     2.9029225400928869e-04         1.8083262860016998e-04         9.3020537668651938e-05         4.2040372376755101e-04         1.1955876793916608e-04         3.3014586475781241e-05         1.2006828649295138e-04        -4.2649489083119765e-05
59                                    -1.0155371638668288e-04         2.8485168116744664e-04        -1.1035173453523193e-03        -1.1955909614913023e-04        -1.8212123421775107e-03         2.9224621879966547e-04        -1.5272202447828354e-04         2.5322650126409149e-04
60                                    -3.2595919078156439e-04         4.0835553626311747e-04         9.0113660791048744e-04        -1.7668672134601104e-05        -9.6159767902834377e-05         5.2381505443962204e-04         6.1717035575897024e-04        -1.6381025336360908e-04
61                                     5.6684591531334515e-04         5.7154153799342093e-04         3.1385031335365635e-04         1.2325576413698682e-04         4.0078364648008587e-04        -1.0896854459677770e-04         1.3184355342240675e-03         4.0469171290834563e-04
62                                    -1.8126209704774025e-04         1.0164404271227946e-03         7.1009391274078342e-04         4.0403460014416960e-04         1.0383440490344593e-03        -3.8086596112891461e-04        -4.4847230678459610e-05         1.9320665688829730e-04
63                                     6.0868006070765507e-02         2.0997559394399902e-03        -3.8520536798334190e-03        -1.5457455012467423e-02        -9.9383171410824013e-04         1.1278515432084523e-04         4.4385147515319141e-04        -6.6111558617168030e-05
64                                     3.0974983040787968e-01         2.0223031441564884e-03        -7.2027648102909042e-04        -4.6474828171618934e-03        -4.1265296132006295e-04         1.0559660820641824e-05         8.6940815133686303e-05         7.7493863816516619e-05
65                                     2.0223031441564884e-03         4.9648304792648860e-02         4.9656553112568790e-03         2.4417896501693910e-02         7.9349746464874309e-04        -9.1994132395162108e-05         4.8965039846497673e-05         2.4913221499531604e-04
66                                    -7.2027648102909042e-04         4.9656553112568790e-03         1.3018825986533419e-01         2.7925435669947860e-02        -1.1908781293192458e-01        -4.5570372699280169e-05         4.2037395931158333e-05         1.8418039560052580e-04
67                                    -4.6474828171618934e-03         2.4417896501693910e-02         2.7925435669947860e-02         5.9240197004021458e-02        -4.4407434415306243e-02        -1.0666962987993293e-04         7.7757520292683334e-05        -2.7135373443180930e-05
68                                    -4.1265296132006295e-04         7.9349746464874309e-04        -1.1908781293192458e-01        -4.4407434415306243e-02         2.3511792693626904e-01        -2.8305992959016656e-04        -6.1609532750922231e-04         3.4106724964658543e-04
69                                     1.0559660820641824e-05        -9.1994132395162108e-05        -4.5570372699280169e-05        -1.0666962987993293e-04        -2.8305992959016656e-04         1.3059061036550906e-01         3.2076800498710867e-02        -1.2081881932464703e-01
70                                     8.6940815133686303e-05         4.8965039846497673e-05         4.2037395931158333e-05         7.7757520292683334e-05        -6.1609532750922231e-04         3.2076800498710867e-02         6.4476227093128058e-02        -5.0028502974796066e-02
71                                     7.7493863816516619e-05         2.4913221499531604e-04         1.8418039560052580e-04        -2.7135373443180930e-05         3.4106724964658543e-04        -1.2081881932464703e-01        -5.0028502974796066e-02         2.2987952797720212e-01
72                                    -4.6180259634833213e-05        -4.0764248664646488e-04         1.2820776089422222e-05         3.3012413847783057e-05        -2.9224758891407921e-04         9.3093026063951236e-03         4.1751568837998338e-03         1.3677036068951792e-02
73                                    -6.2485933993825979e-04        -1.6844287850360201e-03         2.7134682482600226e-04         1.2006692101063387e-04         1.5272127130344781e-04         4.1751541893581441e-03         1.0582550097186999e-03         5.5755106981738717e-03
74                                    -8.6329016913085197e-05        -3.1365948802846615e-05         8.5531412091199833e-05         4.2648259375794310e-05         2.5322776682690804e-04        -1.3677033942011124e-02        -5.5755086439201766e-03        -1.7968130480341658e-02
75                                     1.8516645690333012e-05         8.8782371737495344e-06         4.2236008198193840e-05        -5.6043786184224918e-06        -2.0701593976971236e-05         1.7237495284262532e-04        -8.4106390234553355e-05        -1.0206499666986460e-04
76                                     8.4308293113575749e-06         5.3556207461866154e-06         8.3619440887457836e-05        -4.4653947347007279e-05        -1.2907388117933913e-05         6.2834889288775501e-05        -5.6715162517838408e-05        -3.2564806789401435e-06
77                                    -8.3180057104319062e-05         4.2777846180605119e-06         2.5820274880831103e-05         6.7836288350471978e-06        -1.0617862542941948e-05         1.0262354511282750e-04         2.7507394942588961e-04         2.9379757378864647e-04
78                                     3.7443221416161515e-05         5.4035709984363354e-05        -1.4098543522135298e-05        -1.6916697253799225e-05         1.3527226584355358e-05        -1.1194742653570663e-03         9.5618028551724575e-04         3.9761772536604930e-04
79                                     3.2888911231487958e-06         3.3747471776554163e-06        -3.6232582644850845e-05        -1.0359695073645993e-05        -1.0272876868842652e-04        -2.7791603052358736e-04         3.6616584709268078e-04         1.6417374944833273e-04
80                                    -3.2662659647793637e-05        -6.1188798745859409e-05        -4.2041559931686386e-06        -2.3849787860498190e-07         9.0551914280995365e-06         1.5699292827611451e-03        -8.4831845876362944e-04         1.3845347047592934e-05
                                                        72                          73                          74                          75                          76                          77                          78                          79

0                                      1.8121153699427899e-03        -1.5222178894024941e-04         1.8213189429172280e-04         9.2728473449342594e-04         7.2128163617903843e-04        -2.5608499366066911e-04         1.5801559133154430e-03        -4.5937713362004555e-04
1                                     -9.0846086465849046e-04         1.7503850331351027e-03         6.2979541492385899e-04         1.7157449161704168e-03         1.3581623201831810e-03        -2.8633711755979068e-04        -1.3916887889742907e-04         2.4789371165001030e-03
2                                      7.2967069124304693e-04         1.6913866409814409e-04         2.4956297847879413e-04        -9.5232136047472505e-04         2.3627493410339822e-04         2.6573772178685355e-03        -6.7336200358207761e-04        -3.9299875255839698e-04
3                                     -1.7466541719264324e-02         9.6522039420316053e-03         3.1114141204505175e-05         7.7129050717240242e-03         3.5496280254709873e-03        -1.5935527923242432e-02        -1.7352159858251125e-02        -5.8872722132938173e-03
4                                     -7.0382014813015464e-03         2.1754221072458101e-03        -4.9539664671307236e-04         3.6371862297967898e-03        -6.5451264481194548e-04        -7.0202807578132031e-03         1.1133604046039032e-02         1.1137762928611853e-03
5                                     -2.3990233933340564e-02         1.5114520371278157e-02        -2.1836784023059911e-03         1.5091788230465360e-02         5.4663973172479445e-03        -2.4733100192211963e-02        -4.7066066219414796e-04         2.6364040626001423e-04
6                                     -3.8721784025352209e-03         3.3448680355930294e-03        -3.0144460132518897e-04        -1.2504694496608877e-03        -8.4331906233737043e-04         5.0535978148151519e-03         2.7880676665731401e-04         5.3647743818265102e-05
7                                      4.0613226483377316e-03        -2.0415163392765593e-03         6.9385104140931401e-04        -8.2276028031818453e-04         7.7819657525936715e-05         1.8744574206748686e-03        -3.3482106619997357e-04         1.9988504092444744e-04
8                                      1.7918923416151041e-03        -1.7787768537796814e-04         1.5229642775210529e-03         2.7339180600457168e-03         1.7491578714837050e-03        -3.2316252621828988e-03        -1.3983515173710635e-03        -2.7414463170829335e-04
9                                      4.3682327663704511e-04         2.5114523690093543e-04         1.8219203971314626e-04        -3.1871399324139070e-04        -1.8061782202285701e-04         1.6436517894302064e-04         1.3713674123320312e-05        -1.4205280994282051e-04
10                                     5.3260915783321424e-04        -4.3431742781107707e-04         1.2610794079030100e-04        -1.7006505173726601e-04        -1.3180671206044169e-04         6.7978693925717631e-04         1.0824923101099445e-04        -2.6190525827682722e-04
11                                     2.3740449302305042e-04        -5.8001001176292803e-05        -1.3449121791429776e-04        -2.1890485423729095e-06         3.6786417055498059e-04         2.8173166528274590e-04         2.0993297268856697e-04        -6.5613744773507579e-05
12                                     1.7708030337914476e-04         2.8669801557439068e-05         5.6496746836192779e-05         5.5243684563178455e-04        -5.7664162471463866e-04         4.3775114798846014e-04         6.8117400821092748e-04         1.2880245626903438e-03
13                                     1.8657521748035449e-05         8.7510417851970792e-05         5.7307507245985597e-05        -2.4941201869234757e-03        -6.4877941894166263e-03         3.1188133029254675e-04        -2.1926162236942347e-04         1.3508708278806309e-03
14                                    -7.9804287227895924e-05        -3.9750028250658693e-05        -5.3236745242502031e-05         9.2472890583002263e-04         1.4992303820336554e-03         1.6350588346793248e-03         8.0558252661225922e-05         6.9167376242844575e-04
15                                    -1.3118604000373311e-04        -8.8190235940260094e-06        -2.1994368454513857e-04        -5.9647696869927491e-03        -1.6536894206415315e-02         8.6383876379598958e-04         6.8250880005381147e-03         2.6880396602315226e-02
16                                     9.4240414333247066e-05        -2.6690912200332131e-04        -1.9451373437566119e-04        -1.2349788520433901e-03        -7.6563758007604545e-03         8.6089470422733017e-05        -4.8936345379228842e-03        -1.8292911339165285e-02
17                                     1.1861136870792554e-04         6.9605115650311358e-05         8.9872152569782935e-05        -6.7364737896277761e-03        -2.6401485429232617e-02         9.9938695464354792e-04        -7.0460756779141035e-04        -4.7579612749697674e-04
18                                     5.2206970063805713e-05         4.1590620760239986e-04         5.1095100595045123e-04         3.2333856969562710e-04        -8.2655544945932054e-04         1.1206462358704858e-05         8.7524504873540132e-04        -4.0120581449781837e-03
19                                     1.7547698446957220e-04         1.5289814620074536e-03         5.0105463901869811e-04         9.6036303900784382e-04         1.5615188996608844e-03         1.0983755382264681e-04        -1.8264181841775601e-03        -5.9497868803135186e-03
20                                    -5.1935540419096118e-04        -1.1572315889175886e-03         5.7770649261731845e-04         4.2618021832322773e-04        -7.3082067749413845e-04         1.7795544389484914e-04        -2.5498208909352656e-04        -1.8490088807371745e-04
21                                    -4.4016167880411251e-03        -1.7982265154632734e-02         8.9139128458174972e-04         3.5289188473129987e-06        -7.2032863541768668e-06         1.9966690486358514e-04        -5.9801174849566201e-05        -2.2938214764138022e-04
22                                    -1.6999113682341603e-03        -7.4593945203941282e-03        -2.0913868933280372e-05        -3.2584216324585598e-04        -1.5845061337473759e-04        -7.8465325812411123e-05        -5.2538140839805854e-04        -6.0477573486003230e-05
23                                    -4.5121084298163838e-03        -2.6531367144471293e-02        -9.2304161642041242e-04        -4.1176030929261295e-05         8.1536958777297355e-05        -1.3513051927578189e-04        -1.1634949099686856e-04         4.0129411920852712e-04
24                                     9.6581838112266317e-04        -1.0337559252749824e-03         5.3756271215294783e-04         5.0185715050908900e-06        -5.0325156459850938e-05        -1.3256887185480451e-04        -3.1506671252670899e-05         5.4777108866467701e-05
25                                    -1.2082180745339403e-03        -6.7175742945605084e-03        -5.1569612993246534e-04         6.1077878357320185e-05         9.9528870808474794e-05         1.0616991584558267e-04        -5.3392268404506933e-05         1.2066155782152073e-04
26                                     8.8489654597108391e-04         1.7575697834998245e-03         1.4283277607893908e-03        -3.0213387045068484e-05         2.3049416786941794e-05         9.5718753809489283e-05        -1.2057486696725930e-04         1.1067682428123819e-04
27                                    -1.1847085065263829e-01        -3.0037598776136654e-02        -1.0926202771777009e-01         1.1007926224491783e-03         1.8802488929886769e-04        -1.6351886989411767e-03        -4.8656896059809732e-04        -1.6141806829307690e-03
28                                    -2.8963162330654570e-02        -5.6442645031757825e-02        -4.4753343602223550e-02         2.2964320521669392e-04        -7.8526221050136949e-06         3.4764636924890886e-04        -2.0801628182121916e-03         5.6623402751055491e-04
29                                    -1.0733963066937048e-01        -4.4854219295400621e-02        -2.1490509893386051e-01         4.8522602687912550e-04        -5.0206408585386957e-04         8.1455510765971254e-04         4.1674378935762863e-03         1.1538153804073791e-03
30                                     1.1239471816932977e-03        -7.8530900633166619e-04         8.6081625756182986e-04        -1.2128088293475679e-01        -2.7700152099570149e-02        -1.0964161573239128e-01        -2.1829698688571056e-01         1.1476501329243807e-01
31                                    -5.5493010686876918e-04         4.0408760630020711e-04         2.1497208243384942e-04        -2.8674973052832259e-02        -5.6919357713980323e-02        -4.4430339287955936e-02         1.1539557145350336e-01        -1.2100796126050106e-01
32                                    -1.3631718618710407e-03         5.1476493691070572e-04         4.7708797681267931e-04        -1.1170944582611393e-01        -4.4972523916400650e-02        -2.1088928494435738e-01        -7.8477552994451506e-04        -1.0722400613541044e-03
33                                     1.2780455473697247e-04        -1.3163691049745138e-04         1.2088153070905638e-04        -3.9372192661039928e-05         1.4501802379566619e-04        -5.6214323927381840e-06        -5.6468859670856324e-04         5.9680626320657770e-04
34                                    -2.8500999777502311e-04         3.3461647931155099e-04         9.5445672653112970e-05        -1.5558037102024686e-04        -2.7984967635172928e-05         7.8532347956883656e-06        -8.1476928693428126e-04        -6.3871712023050639e-06
35                                     2.1261131351706639e-04         3.5617780509844549e-06         1.0018265005165177e-04        -2.9293745038071824e-06         2.3281802290194142e-05        -1.8001669804020167e-04         4.5576461281010821e-04        -7.7287166285695805e-05
36                                     1.7237760252414134e-04        -8.4104778334151653e-05         1.0206385839192539e-04         6.3603595719717815e-04         4.9065453447103263e-05        -8.2870304480504842e-04         1.5705980711197456e-04        -8.7790925135546442e-05
37                                     6.2835184092842320e-05        -5.6715447609906620e-05         3.2549873837273716e-06         4.9065507264457509e-05         4.1064780060249005e-04        -5.3013286074295955e-04        -2.9174228578419562e-04         2.8541155211340389e-05
38                                    -1.0262251695651939e-04        -2.7507403410146345e-04         2.9379819062762627e-04         8.2870221196835049e-04         5.3013493113997798e-04        -1.8099677930429627e-03        -4.7327077880115337e-05        -1.3041026232247678e-04
39                                    -1.1194739029074037e-03         9.5617917374173512e-04        -3.9761841496200299e-04         1.5706344756771359e-04        -2.9174563903986052e-04         4.7324466267163290e-05         7.2301276467280303e-04        -5.1540440153833179e-05
40                                    -2.7791474770431820e-04         3.6616924583064741e-04        -1.6417806216982616e-04        -8.7791805832666586e-05         2.8541850644423420e-05         1.3040905397966433e-04        -5.1539514879571781e-05        -1.6197290007446003e-05
41                                    -1.5699302121637497e-03         8.4831636992914710e-04         1.3849583074785986e-05         8.7770077117862777e-05        -2.0037237894220654e-04         2.3487295473199258e-04         2.9329483129949836e-04        -2.0775343383595864e-04
42                                    -2.5085823294817806e-05        -1.5923260966947732e-04        -7.6519067252994085e-05         3.5520913060609703e-05         1.0672902115391067e-04        -1.2872230562478417e-04         1.4442730905099826e-05        -2.1501624118140168e-06
43                                    -1.7148256860133161e-04         2.2693993105156514e-04        -4.6262142797838873e-05         8.1995050171469047e-05         9.5162854126565287e-05        -1.9163429088701607e-04         6.2733635623829446e-05         1.5783243123201002e-05
44                                    -4.5462583473230431e-05        -1.4722196431028302e-05        -8.5152820590140069e-05        -1.4448063888136995e-04        -1.6087298438998549e-04        -2.2925015845573309e-05         5.9521863940614945e-06        -9.7127447512081435e-05
45                                    -5.3395206382922660e-05         3.0056404678358726e-05        -1.0929253927083973e-05        -1.1569158572462748e-04        -1.0817070073831576e-03        -2.8461508237235145e-05         2.3471658206280737e-04        -2.0865768890558284e-04
46                                    -4.5543161059522572e-05         1.9553250011287003e-05        -1.9623143369994477e-05        -4.4790041759087891e-04        -6.2001457202499584e-04         6.5157272208591374e-05         3.9296803886159487e-05         2.1996270219580766e-04
47                                     7.3322919537288110e-05        -2.5877338088506291e-05         2.2171753537770364e-05        -8.7628081030232752e-04        -1.8108960793751180e-03         4.7991610036220007e-05         1.5745631252711963e-04         3.3799598698519779e-04
48                                    -2.0522290640760581e-05        -6.2098017153778141e-05        -2.7453511236029174e-05         2.9459203814471096e-04        -7.0105162100646336e-05        -1.1139277482021777e-04         1.2399602330477605e-04        -6.0939357815087403e-04
49                                     1.0391642594693340e-05        -8.3950335443291560e-06         1.9833476160719006e-05         3.4109895877734812e-05         1.8345874312996130e-04         5.8426421136307087e-05         8.4858043946339074e-05         1.7649879504854870e-04
50                                     2.4677470139119442e-05         7.3801106019342685e-05         1.3625227411420699e-05         3.1761284232634625e-04         1.7067891015685600e-04        -7.7645043650624354e-05         2.5342355117338288e-04        -3.8340428984121104e-04
51                                    -4.7891123885021896e-05        -5.3325122204827287e-05        -3.3488836794791122e-05         9.9387332658661294e-06         2.4157901987339591e-04        -1.7786449983186450e-05         6.0658174597233851e-04        -1.4699936439575585e-04
52                                    -8.0576022995595725e-05         6.6335241667482434e-05        -2.1492977548756742e-05         1.9402113984080989e-04         1.3447057594409592e-03        -4.9325293759738711e-04         6.6124248947971222e-04         1.2856982612056088e-03
53                                     5.9626488968422922e-05         3.7670647483055565e-05        -1.4966832235967063e-05         8.8046762483879899e-05         4.1775204965664107e-04         6.2649589794868364e-04        -1.3811358457217391e-04         3.5240801739557523e-04
54                                     1.1278311576174524e-04         4.4385363581309631e-04         6.6109706555679307e-05         4.8841791550083443e-05        -1.8812441093166136e-04         1.5178800018401730e-04         3.3932545476067337e-04         1.8584878292592449e-03
55                                     1.0558556161912805e-05         8.6939023767132050e-05        -7.7492505740034781e-05        -1.7630125091378125e-05         2.5223097309405834e-04        -7.1310453393333965e-05        -2.3422034111287399e-04        -1.4426808143474870e-03
56                                     9.1993952407930040e-05        -4.8965320642698824e-05         2.4913241371994909e-04         2.2174755861532409e-04         3.1563501671687201e-04         1.5278944091258497e-04         8.6647480543313555e-05        -2.6018559792638859e-04
57                                    -4.5571334739048222e-05         4.2036603266925064e-05        -1.8418057927831633e-04         4.0762179875687818e-04         4.8150799814859063e-04         2.7372283715302930e-04         3.2883447043594027e-05        -1.4994070489243638e-04
58                                    -1.0666870833064639e-04         7.7756302003891302e-05         2.7136573065577467e-05        -1.6712135334849500e-05        -9.3675677924429579e-05        -1.9656565698440503e-04        -1.4976166314300196e-05         2.3566073618589412e-04
59                                     2.8305937149262372e-04         6.1609584913817231e-04         3.4106348515324230e-04         7.3329550753694131e-05         3.5227556367220536e-04         5.7025017981166893e-05         3.9429016188554896e-05         1.5681290902886508e-04
60                                     5.2381556238812019e-04         6.1717191196425055e-04         1.6381019823900000e-04         5.8996098112627305e-06         8.4294023125507643e-05         2.0917607897009684e-05        -1.4144549302338863e-05         1.5644810263086572e-04
61                                    -1.0896810694733649e-04         1.3184340762300920e-03        -4.0469027794853450e-04         2.7943223046610126e-05         5.9946816901969274e-06        -9.8006655308272012e-05         1.9158749736664733e-04         5.6854344729488053e-05
62                                     3.8086366408821975e-04         4.4847108654829477e-05         1.9320889110970867e-04        -4.6079402890579396e-05        -2.9657590494659294e-05        -2.3205426430184016e-06        -6.3015231717501312e-05        -1.5525257342261038e-04
63                                    -3.7991454661604301e-05        -1.4822845961135860e-03        -3.9904001136635526e-04        -2.5811588222671561e-05        -4.3297622224231607e-06         7.0244007780588443e-05         5.0787935743868520e-05        -9.8459987185685777e-06
64                                    -4.6180259634833213e-05        -6.2485933993825979e-04        -8.6329016913085197e-05         1.8516645690333012e-05         8.4308293113575749e-06        -8.3180057104319062e-05         3.7443221416161515e-05         3.2888911231487958e-06
65                                    -4.0764248664646488e-04        -1.6844287850360201e-03        -3.1365948802846615e-05         8.8782371737495344e-06         5.3556207461866154e-06         4.2777846180605119e-06         5.4035709984363354e-05         3.3747471776554163e-06
66                                     1.2820776089422222e-05         2.7134682482600226e-04         8.5531412091199833e-05         4.2236008198193840e-05         8.3619440887457836e-05         2.5820274880831103e-05        -1.4098543522135298e-05        -3.6232582644850845e-05
67                                     3.3012413847783057e-05         1.2006692101063387e-04         4.2648259375794310e-05        -5.6043786184224918e-06        -4.4653947347007279e-05         6.7836288350471978e-06        -1.6916697253799225e-05        -1.0359695073645993e-05
68                                    -2.9224758891407921e-04         1.5272127130344781e-04         2.5322776682690804e-04        -2.0701593976971236e-05        -1.2907388117933913e-05        -1.0617862542941948e-05         1.3527226584355358e-05        -1.0272876868842652e-04
69                                     9.3093026063951236e-03         4.1751541893581441e-03        -1.3677033942011124e-02         1.7237495284262532e-04         6.2834889288775501e-05         1.0262354511282750e-04        -1.1194742653570663e-03        -2.7791603052358736e-04
70                                     4.1751568837998338e-03         1.0582550097186999e-03        -5.5755086439201766e-03        -8.4106390234553355e-05        -5.6715162517838408e-05         2.7507394942588961e-04         9.5618028551724575e-04         3.6616584709268078e-04
71                                     1.3677036068951792e-02         5.5755106981738717e-03        -1.7968130480341658e-02        -1.0206499666986460e-04        -3.2564806789401435e-06         2.9379757378864647e-04         3.9761772536604930e-04         1.6417374944833273e-04
72                                     1.3059061297047356e-01         3.2076802510243030e-02         1.2081881408647843e-01        -3.8651482858055738e-05         6.2368632631372754e-05         6.9235293184345226e-04         3.1344755064448325e-04         1.8460637332863399e-04
73                                     3.2076802510243030e-02         6.4476224106642402e-02         5.0028504983731167e-02        -1.6537420835227221e-04         2.4420263841968049e-05        -2.0796372711272433e-04        -1.7017968446290471e-04        -6.9769920731974566e-05
74                                     1.2081881408647843e-01         5.0028504983731167e-02         2.2987953571769593e-01        -1.6357866031863809e-05        -1.8163703511261297e-04         4.3094376880260603e-04         1.5716152491646707e-05         1.2395257909954803e-04
75                                    -3.8651482858055738e-05        -1.6537420835227221e-04        -1.6357866031863809e-05         1.2892457971286436e-01         3.3977161440186171e-02         1.1932897229373740e-01        -1.2325647383487704e-02        -6.2594349154944324e-03
76                                     6.2368632631372754e-05         2.4420263841968049e-05        -1.8163703511261297e-04         3.3977161440186171e-02         6.3662296500588508e-02         4.9406041027776890e-02         8.5806543595680681e-03         3.7462746193100130e-03
77                                     6.9235293184345226e-04        -2.0796372711272433e-04         4.3094376880260603e-04         1.1932897229373740e-01         4.9406041027776890e-02         2.3196745436677238e-01         1.2588530922164002e-03         2.7133597450516595e-04
78                                     3.1344755064448325e-04        -1.7017968446290471e-04         1.5716152491646707e-05        -1.2325647383487704e-02         8.5806543595680681e-03         1.2588530922164002e-03         2.3741463943523688e-01        -1.2561940933037646e-01
79                                     1.8460637332863399e-04        -6.9769920731974566e-05         1.2395257909954803e-04        -6.2594349154944324e-03         3.7462746193100130e-03         2.7133597450516595e-04        -1.2561940933037646e-01         1.3515334374438140e-01
80                                     1.2583072523833473e-04         6.2062091492944775e-05         1.6290191091369491e-04        -1.9917558443614175e-02         1.4312347638993046e-02         6.1520148036281409e-04        -2.7879577954406211e-03        -1.2687843345514049e-04
                                                        80

0                                     -1.6675990339655319e-03
1                                     -1.6375153478766285e-03
2                                      1.1448067082653758e-03
3                                      2.3699996574109317e-02
4                                     -1.5807653504144079e-02
5                                     -1.8164699661377230e-03
6                                      7.3916840804806117e-04
7                                     -4.9615708089127426e-04
8                                      1.4585960383235634e-03
9                                      6.3415825983181634e-05
10                                     2.0076733062501318e-04
11                                    -2.6743089739056976e-05
12                                     3.6738625491503844e-04
13                                    -6.0081871951493671e-04
14                                     7.0843643627980379e-05
15                                    -1.7239168385142951e-03
16                                     4.2578161943707940e-04
17                                    -1.4269836181045967e-03
18                                     2.1561140144630284e-04
19                                     8.1084636440304154e-04
20                                     6.4983971892008290e-04
21                                    -1.5643907980245671e-04
22                                     5.6889053295502284e-04
23                                    -5.6854733312636046e-05
24                                    -3.4704164868353546e-05
25                                     3.9431050743428484e-06
26                                     1.1570521866450746e-04
27                                     2.1480909447328346e-03
28                                     1.9375121238581084e-03
29                                    -4.2751749791403839e-03
30                                    -1.5935494549824797e-03
31                                     2.4525619774869948e-04
32                                    -4.7217934402085694e-02
33                                    -3.1523473158793862e-04
34                                     6.7944692057643149e-04
35                                     2.5905939471718525e-05
36                                    -8.7771965759032706e-05
37                                     2.0037377033504570e-04
38                                     2.3487156071635724e-04
39                                    -2.9329890884857750e-04
40                                     2.0775521083680893e-04
41                                    -2.4404330602011636e-04
42                                    -5.6777484651925229e-05
43                                    -3.7955721017090845e-05
44                                    -1.2559187184288705e-05
45                                     5.2165404724490100e-05
46                                     2.2050461816826887e-05
47                                    -8.9133804499591570e-06
48                                    -9.1190828457849522e-06
49                                    -1.1780936018191521e-04
50                                     9.5900912327288748e-05
51                                    -3.3190295773126704e-04
52                                    -4.0032663173840237e-05
53                                     1.1525890008635717e-04
54                                    -1.8213544817836740e-04
55                                     3.0049626422613677e-04
56                                     3.7305545383436230e-04
57                                     3.7558518229631504e-04
58                                    -1.2340445260411104e-04
59                                     1.4185226640431661e-04
60                                    -8.5612331446325104e-05
61                                    -1.3251701020046454e-04
62                                     6.8265160714214897e-05
63                                    -3.8967724978373770e-05
64                                    -3.2662659647793637e-05
65                                    -6.1188798745859409e-05
66                                    -4.2041559931686386e-06
67                                    -2.3849787860498190e-07
68                                     9.0551914280995365e-06
69                                     1.5699292827611451e-03
70                                    -8.4831845876362944e-04
71                                     1.3845347047592934e-05
72                                     1.2583072523833473e-04
73                                     6.2062091492944775e-05
74                                     1.6290191091369491e-04
75                                    -1.9917558443614175e-02
76                                     1.4312347638993046e-02
77                                     6.1520148036281409e-04
78                                    -2.7879577954406211e-03
79                                    -1.2687843345514049e-04
80                                     4.9850960009811991e-02
   &MODES [&Type "ArrayOfDoubles", &Dim (81,81)] "The modes of vibrations"
                                                         0                           1                           2                           3                           4                           5                           6                           7

0                                      8.1047550079307570e-02         0.0000000000000000e+00         0.0000000000000000e+00        -1.2383287693285309e-01         0.0000000000000000e+00         0.0000000000000000e+00         0.0000000000000000e+00        -1.2974939184296427e-01
1                                      0.0000000000000000e+00         8.1047550079307570e-02         0.0000000000000000e+00         3.3413894308917266e-02         0.0000000000000000e+00         0.0000000000000000e+00         0.0000000000000000e+00         3.7528216176173614e-02
2                                      0.0000000000000000e+00         0.0000000000000000e+00         8.1047550079307570e-02         0.0000000000000000e+00         1.2703578193467527e-01        -1.8510891516356882e-02         2.1319175377056947e-02         0.0000000000000000e+00
3                                      8.1047550079307570e-02         0.0000000000000000e+00         0.0000000000000000e+00        -5.6911544803176006e-02         0.0000000000000000e+00         0.0000000000000000e+00         0.0000000000000000e+00         9.3283407025685824e-03
4                                      0.0000000000000000e+00         8.1047550079307570e-02         0.0000000000000000e+00         1.3926171194189594e-02         0.0000000000000000e+00         0.0000000000000000e+00         0.0000000000000000e+00        -3.1312278355960879e-03
5                                      0.0000000000000000e+00         0.0000000000000000e+00         8.1047550079307570e-02         0.0000000000000000e+00         5.8241528706989135e-02        -6.8138303997603740e-03        -1.4847985788441150e-02         0.0000000000000000e+00
6                                      8.1047550079307557e-02         0.0000000000000000e+00         0.0000000000000000e+00        -4.1312809355656364e-02         5.9909128292184640e-03        -7.1437459007676049e-02         1.9903391193835896e-03         7.0313683106572766e-02
7                                      0.0000000000000000e+00         8.1047550079307557e-02         0.0000000000000000e+00        -2.5703111222816134e-02         6.0280049796950404e-02         1.0256811217232228e-02        -8.9397062136529620e-03        -2.6825850139075121e-02
8                                      0.0000000000000000e+00         0.0000000000000000e+00         8.1047550079307557e-02         0.0000000000000000e+00         3.8722369224105414e-02         3.7455290565952683e-02        -2.1226426696136069e-02        -3.1515566517422232e-02
9                                      8.1047550079307557e-02         0.0000000000000000e+00         0.0000000000000000e+00         3.0673083779580976e-02         6.0111862236894159e-03        -7.1679205103429872e-02         4.0494246978779354e-03         1.4545421815801091e-02
10                                     0.0000000000000000e+00         8.1047550079307557e-02         0.0000000000000000e+00        -4.3579140098193074e-02         6.0484038949037887e-02         1.0291520515422462e-02        -1.5168722398830605e-02        -3.6501611160516759e-03
11                                     0.0000000000000000e+00         0.0000000000000000e+00         8.1047550079307557e-02         0.0000000000000000e+00        -3.4971718926993862e-02         4.6383166281711193e-02        -9.1245066494723952e-03        -2.7926036234723920e-03
12                                     8.1047550079307570e-02         0.0000000000000000e+00         0.0000000000000000e+00         4.6241908657898220e-02         0.0000000000000000e+00         0.0000000000000000e+00         0.0000000000000000e+00        -2.3951713399534929e-02
13                                     0.0000000000000000e+00         8.1047550079307570e-02         0.0000000000000000e+00        -8.3327702745481555e-02         0.0000000000000000e+00         0.0000000000000000e+00         0.0000000000000000e+00         1.0436013892084589e-01
14                                     0.0000000000000000e+00         0.0000000000000000e+00         8.1047550079307570e-02         0.0000000000000000e+00        -5.4472839212238916e-02         9.0798598947366652e-02        -8.3715548961387012e-03         0.0000000000000000e+00
15                                     8.1047550079307557e-02         0.0000000000000000e+00         0.0000000000000000e+00         3.0673083779580976e-02        -6.0111862236894159e-03         7.1679205103429872e-02        -4.0494246978779354e-03         1.4545421815801091e-02
16                                     0.0000000000000000e+00         8.1047550079307557e-02         0.0000000000000000e+00        -4.3579140098193074e-02        -6.0484038949037887e-02        -1.0291520515422462e-02         1.5168722398830605e-02        -3.6501611160516759e-03
17                                     0.0000000000000000e+00         0.0000000000000000e+00         8.1047550079307557e-02         0.0000000000000000e+00        -3.4971718926993862e-02         4.6383166281711193e-02        -9.1245066494723952e-03         2.7926036234723920e-03
18                                     8.1047550079307557e-02         0.0000000000000000e+00         0.0000000000000000e+00         7.1086365094948908e-02        -6.0024641566182634e-03         7.1575200534072944e-02         7.2905247871081534e-03        -1.2084881588252109e-02
19                                     0.0000000000000000e+00         8.1047550079307557e-02         0.0000000000000000e+00         1.8495797161809775e-02        -6.0396278260079553e-02        -1.0276587800171363e-02         3.2885093599099240e-02        -4.5577978535317663e-02
20                                     0.0000000000000000e+00         0.0000000000000000e+00         8.1047550079307557e-02         0.0000000000000000e+00        -6.9183944842054659e-02        -3.3983226772189623e-02         1.2419658226350189e-02        -2.6779927006816445e-02
21                                     8.1047550079307570e-02         0.0000000000000000e+00         0.0000000000000000e+00         5.5322222856841088e-02         0.0000000000000000e+00         0.0000000000000000e+00         0.0000000000000000e+00         1.0290850743127220e-02
22                                     0.0000000000000000e+00         8.1047550079307570e-02         0.0000000000000000e+00         5.8324165554362976e-02         0.0000000000000000e+00         0.0000000000000000e+00         0.0000000000000000e+00        -1.9342160075027323e-03
23                                     0.0000000000000000e+00         0.0000000000000000e+00         8.1047550079307570e-02         0.0000000000000000e+00        -4.9479764224751206e-02        -7.8459945999667449e-02        -2.1303634047590740e-03         0.0000000000000000e+00
24                                     8.1047550079307557e-02         0.0000000000000000e+00         0.0000000000000000e+00         7.1086365094948908e-02         6.0024641566182634e-03        -7.1575200534072944e-02        -7.2905247871081534e-03        -1.2084881588252109e-02
25                                     0.0000000000000000e+00         8.1047550079307557e-02         0.0000000000000000e+00         1.8495797161809775e-02         6.0396278260079553e-02         1.0276587800171363e-02        -3.2885093599099240e-02        -4.5577978535317663e-02
26                                     0.0000000000000000e+00         0.0000000000000000e+00         8.1047550079307557e-02         0.0000000000000000e+00        -6.9183944842054659e-02        -3.3983226772189623e-02         1.2419658226350189e-02         2.6779927006816445e-02
27                                     8.1047550079307570e-02         0.0000000000000000e+00         0.0000000000000000e+00        -1.6781976178401763e-02         0.0000000000000000e+00         0.0000000000000000e+00         0.0000000000000000e+00         2.2502277788897952e-02
28                                     0.0000000000000000e+00         8.1047550079307570e-02         0.0000000000000000e+00         7.5680997511704540e-02         0.0000000000000000e+00         0.0000000000000000e+00         0.0000000000000000e+00         1.3720538630594721e-02
29                                     0.0000000000000000e+00         0.0000000000000000e+00         8.1047550079307570e-02         0.0000000000000000e+00         2.4280967748588265e-02        -8.6752984372099565e-02        -3.5790617805846733e-02         0.0000000000000000e+00
30                                     8.1047550079307557e-02         0.0000000000000000e+00         0.0000000000000000e+00        -4.1312809355656364e-02        -5.9909128292184640e-03         7.1437459007676049e-02        -1.9903391193835896e-03         7.0313683106572766e-02
31                                     0.0000000000000000e+00         8.1047550079307557e-02         0.0000000000000000e+00        -2.5703111222816134e-02        -6.0280049796950404e-02        -1.0256811217232228e-02         8.9397062136529620e-03        -2.6825850139075121e-02
32                                     0.0000000000000000e+00         0.0000000000000000e+00         8.1047550079307557e-02         0.0000000000000000e+00         3.8722369224105414e-02         3.7455290565952683e-02        -2.1226426696136069e-02         3.1515566517422232e-02
33                                     8.1047550079307584e-02         0.0000000000000000e+00         0.0000000000000000e+00        -1.4972889325973143e-01         0.0000000000000000e+00         0.0000000000000000e+00         0.0000000000000000e+00        -1.9670791410736371e-01
34                                     0.0000000000000000e+00         8.1047550079307584e-02         0.0000000000000000e+00        -5.3947067074403832e-03         0.0000000000000000e+00         0.0000000000000000e+00         0.0000000000000000e+00        -6.2827078664771233e-02
35                                     0.0000000000000000e+00         0.0000000000000000e+00         8.1047550079307584e-02         0.0000000000000000e+00         1.4905437901252716e-01         3.1840442461880329e-02         9.3903323325426180e-01         0.0000000000000000e+00
36                                     8.1047550079307570e-02         0.0000000000000000e+00         0.0000000000000000e+00        -5.3486380311563032e-02         1.0268665544730434e-02        -1.2244667796491911e-01         8.8717911764254007e-03         1.4378674568964955e-01
37                                     0.0000000000000000e+00         8.1047550079307570e-02         0.0000000000000000e+00         2.6325300884167645e-03         1.0332242982499372e-01         1.7580586956885677e-02        -1.6589820502303822e-02        -6.9984231862372348e-02
38                                     0.0000000000000000e+00         0.0000000000000000e+00         8.1047550079307570e-02         0.0000000000000000e+00         5.3698166904632721e-02         5.9755106190139276e-03        -1.8593120952309351e-02         4.1731062447973449e-03
39                                     8.1047550079307570e-02         0.0000000000000000e+00         0.0000000000000000e+00        -7.1195419510613256e-02         6.0378335951069015e-03        -7.1996956430742595e-02         1.7692782902722708e-03         9.3140797498187378e-02
40                                     0.0000000000000000e+00         8.1047550079307570e-02         0.0000000000000000e+00        -6.9515557341121526e-02         6.0752162509135378e-02         1.0337142454158009e-02        -1.2363850109735390e-02         5.2780335018059611e-03
41                                     0.0000000000000000e+00         0.0000000000000000e+00         8.1047550079307570e-02         0.0000000000000000e+00         6.4227018631082211e-02         9.4408846753959705e-02        -3.4967603382570517e-02        -1.1528653334408058e-01
42                                     8.1047550079307570e-02         0.0000000000000000e+00         0.0000000000000000e+00         4.1548856144587420e-02         1.0315622538047979e-02        -1.2300660737482232e-01         6.0068870569386802e-03         1.2674840404631087e-02
43                                     0.0000000000000000e+00         8.1047550079307570e-02         0.0000000000000000e+00        -7.1993561263950540e-02         1.0379490705445557e-01         1.7660980217398148e-02        -2.3957319785431083e-02        -7.1731176418253616e-03
44                                     0.0000000000000000e+00         0.0000000000000000e+00         8.1047550079307570e-02         0.0000000000000000e+00        -4.8658743858927656e-02         7.8176840186692700e-02        -8.4212430662608719e-03        -7.2673442474413975e-04
45                                     8.1047550079307584e-02         0.0000000000000000e+00         0.0000000000000000e+00         9.7444987961445961e-02         0.0000000000000000e+00         0.0000000000000000e+00         0.0000000000000000e+00        -1.8551497062216182e-01
46                                     0.0000000000000000e+00         8.1047550079307584e-02         0.0000000000000000e+00        -9.6908779192592512e-02         0.0000000000000000e+00         0.0000000000000000e+00         0.0000000000000000e+00         1.4781489608639903e-01
47                                     0.0000000000000000e+00         0.0000000000000000e+00         8.1047550079307584e-02         0.0000000000000000e+00        -1.0697693119780444e-01         9.8174249117810919e-02         4.1126624179534093e-03         0.0000000000000000e+00
48                                     8.1047550079307584e-02         0.0000000000000000e+00         0.0000000000000000e+00         1.7996309078653676e-02         0.0000000000000000e+00         0.0000000000000000e+00         0.0000000000000000e+00         6.4588767149905219e-02
49                                     0.0000000000000000e+00         8.1047550079307584e-02         0.0000000000000000e+00        -1.2815838637798349e-01         0.0000000000000000e+00         0.0000000000000000e+00         0.0000000000000000e+00         2.4595913426056717e-01
50                                     0.0000000000000000e+00         0.0000000000000000e+00         8.1047550079307584e-02         0.0000000000000000e+00        -3.0704785545506721e-02         1.4867945867838167e-01        -1.5633564609438346e-02         0.0000000000000000e+00
51                                     8.1047550079307570e-02         0.0000000000000000e+00         0.0000000000000000e+00         4.1548856144587420e-02        -1.0315622538047979e-02         1.2300660737482232e-01        -6.0068870569386802e-03         1.2674840404631087e-02
52                                     0.0000000000000000e+00         8.1047550079307570e-02         0.0000000000000000e+00        -7.1993561263950540e-02        -1.0379490705445557e-01        -1.7660980217398148e-02         2.3957319785431083e-02        -7.1731176418253616e-03
53                                     0.0000000000000000e+00         0.0000000000000000e+00         8.1047550079307570e-02         0.0000000000000000e+00        -4.8658743858927656e-02         7.8176840186692700e-02        -8.4212430662608719e-03         7.2673442474413975e-04
54                                     8.1047550079307570e-02         0.0000000000000000e+00         0.0000000000000000e+00         1.2266311457557341e-01        -6.0662541747893749e-03         7.2335852030448053e-02         2.5377971314956664e-02        -4.0208634957915962e-02
55                                     0.0000000000000000e+00         8.1047550079307570e-02         0.0000000000000000e+00         6.4345982423856078e-03        -6.1038127938337121e-02        -1.0385800234499214e-02         2.9377753601516541e-02        -4.0209068216031318e-02
56                                     0.0000000000000000e+00         0.0000000000000000e+00         8.1047550079307570e-02         0.0000000000000000e+00        -1.2191044802063108e-01        -2.8470624229118967e-02         5.2410876625443054e-02        -1.0536198909670962e-01
57                                     8.1047550079307570e-02         0.0000000000000000e+00         0.0000000000000000e+00         6.0937537460667414e-02        -1.0331289781023337e-02         1.2319342832510502e-01         6.2053526115358115e-03        -2.9889058626972317e-02
58                                     0.0000000000000000e+00         8.1047550079307570e-02         0.0000000000000000e+00         4.6844275157837297e-02        -1.0395254950622512e-01        -1.7687803500940024e-02         7.6215658530719585e-02        -1.2173014216978194e-01
59                                     0.0000000000000000e+00         0.0000000000000000e+00         8.1047550079307570e-02         0.0000000000000000e+00        -5.6229738125869157e-02        -6.5822401242432105e-02         3.1678421087291018e-03         2.1466614440033929e-03
60                                     8.1047550079307584e-02         0.0000000000000000e+00         0.0000000000000000e+00         8.3898266971410493e-02         0.0000000000000000e+00         0.0000000000000000e+00         0.0000000000000000e+00         1.4635160178639936e-02
61                                     0.0000000000000000e+00         8.1047550079307584e-02         0.0000000000000000e+00         1.0290498862726673e-01         0.0000000000000000e+00         0.0000000000000000e+00         0.0000000000000000e+00         5.1197936633449485e-03
62                                     0.0000000000000000e+00         0.0000000000000000e+00         8.1047550079307584e-02         0.0000000000000000e+00        -7.3602765248032012e-02        -1.3610114624379341e-01         1.0061881172182761e-02         0.0000000000000000e+00
63                                     8.1047550079307570e-02         0.0000000000000000e+00         0.0000000000000000e+00         1.2266311457557341e-01         6.0662541747893749e-03        -7.2335852030448053e-02        -2.5377971314956664e-02        -4.0208634957915962e-02
64                                     0.0000000000000000e+00         8.1047550079307570e-02         0.0000000000000000e+00         6.4345982423856078e-03         6.1038127938337121e-02         1.0385800234499214e-02        -2.9377753601516541e-02        -4.0209068216031318e-02
65                                     0.0000000000000000e+00         0.0000000000000000e+00         8.1047550079307570e-02         0.0000000000000000e+00        -1.2191044802063108e-01        -2.8470624229118967e-02         5.2410876625443054e-02         1.0536198909670962e-01
66                                     8.1047550079307570e-02         0.0000000000000000e+00         0.0000000000000000e+00         6.0937537460667414e-02         1.0331289781023337e-02        -1.2319342832510502e-01        -6.2053526115358115e-03        -2.9889058626972317e-02
67                                     0.0000000000000000e+00         8.1047550079307570e-02         0.0000000000000000e+00         4.6844275157837297e-02         1.0395254950622512e-01         1.7687803500940024e-02        -7.6215658530719585e-02        -1.2173014216978194e-01
68                                     0.0000000000000000e+00         0.0000000000000000e+00         8.1047550079307570e-02         0.0000000000000000e+00        -5.6229738125869157e-02        -6.5822401242432105e-02         3.1678421087291018e-03        -2.1466614440033929e-03
69                                     8.1047550079307570e-02         0.0000000000000000e+00         0.0000000000000000e+00        -2.8844908609275948e-02         4.2512991996364637e-03        -5.0693779222124792e-02        -2.0706219624171199e-02         2.6281093171294567e-02
70                                     0.0000000000000000e+00         8.1047550079307570e-02         0.0000000000000000e+00         1.0446003027511674e-01         4.2776207025741773e-02         7.2784856935282846e-03        -1.1407526779223749e-02         8.6900295777692473e-04
71                                     0.0000000000000000e+00         0.0000000000000000e+00         8.1047550079307570e-02         0.0000000000000000e+00         3.9190254956889436e-02        -1.1877654504409144e-01        -5.3644565515807444e-02        -1.0075207043286284e-03
72                                     8.1047550079307570e-02         0.0000000000000000e+00         0.0000000000000000e+00        -2.8844908609275948e-02        -4.2512991996364637e-03         5.0693779222124792e-02         2.0706219624171199e-02         2.6281093171294567e-02
73                                     0.0000000000000000e+00         8.1047550079307570e-02         0.0000000000000000e+00         1.0446003027511674e-01        -4.2776207025741773e-02        -7.2784856935282846e-03         1.1407526779223749e-02         8.6900295777692473e-04
74                                     0.0000000000000000e+00         0.0000000000000000e+00         8.1047550079307570e-02         0.0000000000000000e+00         3.9190254956889436e-02        -1.1877654504409144e-01        -5.3644565515807444e-02         1.0075207043286284e-03
75                                     8.1047550079307570e-02         0.0000000000000000e+00         0.0000000000000000e+00        -5.3486380311563032e-02        -1.0268665544730434e-02         1.2244667796491911e-01        -8.8717911764254007e-03         1.4378674568964955e-01
76                                     0.0000000000000000e+00         8.1047550079307570e-02         0.0000000000000000e+00         2.6325300884167645e-03        -1.0332242982499372e-01        -1.7580586956885677e-02         1.6589820502303822e-02        -6.9984231862372348e-02
77                                     0.0000000000000000e+00         0.0000000000000000e+00         8.1047550079307570e-02         0.0000000000000000e+00         5.3698166904632721e-02         5.9755106190139276e-03        -1.8593120952309351e-02        -4.1731062447973449e-03
78                                     8.1047550079307570e-02         0.0000000000000000e+00         0.0000000000000000e+00        -7.1195419510613256e-02        -6.0378335951069015e-03         7.1996956430742595e-02        -1.7692782902722708e-03         9.3140797498187378e-02
79                                     0.0000000000000000e+00         8.1047550079307570e-02         0.0000000000000000e+00        -6.9515557341121526e-02        -6.0752162509135378e-02        -1.0337142454158009e-02         1.2363850109735390e-02         5.2780335018059611e-03
80                                     0.0000000000000000e+00         0.0000000000000000e+00         8.1047550079307570e-02         0.0000000000000000e+00         6.4227018631082211e-02         9.4408846753959705e-02        -3.4967603382570517e-02         1.1528653334408058e-01
                                                         8                           9                          10                          11                          12                          13                          14                          15

0                                      0.0000000000000000e+00         0.0000000000000000e+00        -9.7685617531439783e-02         0.0000000000000000e+00         0.0000000000000000e+00         2.0673757883893955e-02        -2.4714283658524610e-02        -4.2553020465945168e-02
1                                      0.0000000000000000e+00         0.0000000000000000e+00         2.8621922660059008e-02         0.0000000000000000e+00         0.0000000000000000e+00        -4.4298104335508300e-03        -1.0437889819385851e-01         1.7747280617251830e-02
2                                     -1.3703695517719516e-01         4.3449876551958921e-03         0.0000000000000000e+00        -5.6734754487840419e-02        -1.0547390005472523e-01         0.0000000000000000e+00         0.0000000000000000e+00         0.0000000000000000e+00
3                                      0.0000000000000000e+00         0.0000000000000000e+00         7.1770389105882959e-02         0.0000000000000000e+00         0.0000000000000000e+00         6.9653765523139524e-02        -1.8882211944712696e-02         4.3206442136163439e-02
4                                      0.0000000000000000e+00         0.0000000000000000e+00        -2.0773976096353463e-02         0.0000000000000000e+00         0.0000000000000000e+00        -1.6907580062727301e-02        -7.4934513695925298e-02        -1.0007786025240032e-02
5                                     -9.1853084415161263e-04         9.3041985138386568e-04         0.0000000000000000e+00        -4.9849603051290006e-02         8.6936202705608340e-02         0.0000000000000000e+00         0.0000000000000000e+00         0.0000000000000000e+00
6                                     -4.1214930750190004e-02        -7.6089431524939008e-02         4.6524681657812629e-02        -1.3926678486302345e-02         2.4546389807736591e-02         9.5594038108949581e-03        -1.7787813457622013e-02        -5.4609131356660186e-02
7                                     -1.3620544492742375e-02         2.1401396716825363e-02         5.9855298730185800e-03         7.7928513967971388e-02        -3.5273625278761452e-03        -4.3179017417709790e-02        -2.1478045797320305e-02         3.0015674508472766e-02
8                                      2.9970616357867692e-02         4.6163283640244308e-02         2.1737887628989060e-02        -4.2306527606810952e-02         8.4969384298769532e-02         3.8534072079712774e-02        -1.4259293668783457e-02         7.2366462330104284e-02
9                                     -6.7661266838945982e-04         4.4485665354985056e-02        -1.9676432207928175e-02        -2.5101338934223071e-02         9.3850658080623615e-03        -6.1137365466658565e-02        -7.9432801662328873e-03         3.0163185990687357e-02
10                                    -9.6416507474482646e-03        -8.6879052430125572e-03         3.2898394881581840e-02         9.2529761342451541e-02         1.5538215352853789e-02        -2.9950450299428014e-02         1.1916316286915727e-04         1.4978617330748990e-02
11                                     9.5425002796891128e-03        -2.5918223384941260e-02        -7.3872084453489818e-03        -1.1716671028017836e-02        -3.6458459919426305e-02         4.6372503756088791e-02        -1.5592248760545008e-02         1.7097148422648232e-02
12                                     0.0000000000000000e+00         0.0000000000000000e+00         2.7606945853610409e-02         0.0000000000000000e+00         0.0000000000000000e+00        -1.1748599201961264e-01        -2.5758932456076154e-02         2.2775423806490466e-03
13                                     0.0000000000000000e+00         0.0000000000000000e+00        -6.6264024659877546e-02         0.0000000000000000e+00         0.0000000000000000e+00        -3.7508338220323123e-02         8.9908576221493744e-02         4.7537293213000840e-02
14                                     1.3410319220847490e-02        -6.0576366259335844e-02         0.0000000000000000e+00        -2.5552957296081702e-02        -6.2181785240727504e-02         0.0000000000000000e+00         0.0000000000000000e+00         0.0000000000000000e+00
15                                     6.7661266838945982e-04        -4.4485665354985056e-02        -1.9676432207928175e-02         2.5101338934223071e-02        -9.3850658080623615e-03        -6.1137365466658565e-02        -7.9432801662328873e-03         3.0163185990687357e-02
16                                     9.6416507474482646e-03         8.6879052430125572e-03         3.2898394881581840e-02        -9.2529761342451541e-02        -1.5538215352853789e-02        -2.9950450299428014e-02         1.1916316286915727e-04         1.4978617330748990e-02
17                                     9.5425002796891128e-03        -2.5918223384941260e-02         7.3872084453489818e-03        -1.1716671028017836e-02        -3.6458459919426305e-02        -4.6372503756088791e-02         1.5592248760545008e-02        -1.7097148422648232e-02
18                                    -5.0462686700658496e-02        -4.8902182548063194e-02        -2.8998029433053824e-02         4.8476029863218292e-02         4.4607598203849345e-02        -1.2123684703368505e-02         4.2535940909124235e-02         1.2017073146268580e-02
19                                    -6.6732006693848767e-02         1.2958630325374563e-02         3.9198167252815941e-02        -5.1713670080615351e-02         5.6271523446155755e-02         3.6861978686384675e-02         6.9962297485956018e-02        -3.0401073063629460e-02
20                                    -2.9617420794984431e-02         3.1647206520741003e-02         4.6811004765408885e-02         7.7429801817082811e-02        -7.7771148684701915e-03        -4.8268142848725534e-02         3.9154637926982760e-02        -1.8861930915564033e-02
21                                     0.0000000000000000e+00         0.0000000000000000e+00        -4.9200337685265924e-02         0.0000000000000000e+00         0.0000000000000000e+00         4.8131888428363252e-02         1.9228239690916235e-02         4.2401151258244202e-02
22                                     0.0000000000000000e+00         0.0000000000000000e+00        -4.1629002256141641e-02         0.0000000000000000e+00         0.0000000000000000e+00         7.7751822729121581e-02        -7.5195865023721161e-03        -5.3843338140245403e-02
23                                     1.9710982166801949e-02         5.2934238896817365e-02         0.0000000000000000e+00         6.8738215248143192e-02        -4.4180265451651789e-02         0.0000000000000000e+00         0.0000000000000000e+00         0.0000000000000000e+00
24                                     5.0462686700658496e-02         4.8902182548063194e-02        -2.8998029433053824e-02        -4.8476029863218292e-02        -4.4607598203849345e-02        -1.2123684703368505e-02         4.2535940909124235e-02         1.2017073146268580e-02
25                                     6.6732006693848767e-02        -1.2958630325374563e-02         3.9198167252815941e-02         5.1713670080615351e-02        -5.6271523446155755e-02         3.6861978686384675e-02         6.9962297485956018e-02        -3.0401073063629460e-02
26                                    -2.9617420794984431e-02         3.1647206520741003e-02        -4.6811004765408885e-02         7.7429801817082811e-02        -7.7771148684701915e-03         4.8268142848725534e-02        -3.9154637926982760e-02         1.8861930915564033e-02
27                                     0.0000000000000000e+00         0.0000000000000000e+00         7.0217611838000252e-02         0.0000000000000000e+00         0.0000000000000000e+00         1.0344387066670990e-01         1.0938560939765290e-02         5.3873630816614414e-02
28                                     0.0000000000000000e+00         0.0000000000000000e+00        -5.0997880772711564e-02         0.0000000000000000e+00         0.0000000000000000e+00         5.5879913510018205e-02        -3.0155892733048389e-02        -4.2606294510186556e-02
29                                     8.4018732987697062e-02        -9.6645069024064167e-02         0.0000000000000000e+00         1.6322901631323192e-02         4.2176092655268393e-02         0.0000000000000000e+00         0.0000000000000000e+00         0.0000000000000000e+00
30                                     4.1214930750190004e-02         7.6089431524939008e-02         4.6524681657812629e-02         1.3926678486302345e-02        -2.4546389807736591e-02         9.5594038108949581e-03        -1.7787813457622013e-02        -5.4609131356660186e-02
31                                     1.3620544492742375e-02        -2.1401396716825363e-02         5.9855298730185800e-03        -7.7928513967971388e-02         3.5273625278761452e-03        -4.3179017417709790e-02        -2.1478045797320305e-02         3.0015674508472766e-02
32                                     2.9970616357867692e-02         4.6163283640244308e-02        -2.1737887628989060e-02        -4.2306527606810952e-02         8.4969384298769532e-02        -3.8534072079712774e-02         1.4259293668783457e-02        -7.2366462330104284e-02
33                                     0.0000000000000000e+00         0.0000000000000000e+00        -1.8765217212521393e-01         0.0000000000000000e+00         0.0000000000000000e+00         5.5715569561270483e-03        -2.1425072059400828e-02        -9.2956792514106198e-02
34                                     0.0000000000000000e+00         0.0000000000000000e+00        -1.0583256830723956e-01         0.0000000000000000e+00         0.0000000000000000e+00        -2.6639728949727114e-02        -1.0045344824961144e-01        -5.7309952284939611e-02
35                                     2.6643167207325913e-01        -6.2950799106715985e-02         0.0000000000000000e+00         4.9415575032811764e-02         2.0988304663202111e-02         0.0000000000000000e+00         0.0000000000000000e+00         0.0000000000000000e+00
36                                    -8.3180618843092802e-02        -1.8106263955726179e-01         3.3418934087060245e-02        -2.2771204931570060e-02         5.1068036400925887e-02        -3.0633569983922609e-02        -6.7047502911282237e-03        -2.3873834833915653e-01
37                                     2.6539097497880481e-02         1.6532970342329953e-01        -1.2832034797851860e-02         6.5145432726077590e-02         6.9515718748757685e-02        -9.8724476662139626e-02         3.8085888609409122e-03         1.9199439980844496e-01
38                                     1.4184465014115471e-02         1.8640887688872537e-02         7.6374037651510728e-03        -5.1898051527753591e-02         1.2307270312459066e-01        -3.6755861742009456e-03         5.8481992469219986e-04        -1.6808898999344549e-03
39                                    -5.0172915668817916e-02        -1.4733226969046709e-01         8.5326066076258714e-02         8.7985497538635923e-03         2.1217501052274504e-02         4.6165705597573360e-02        -7.1006131840939063e-03        -1.2246880864002406e-01
40                                    -2.5962387495548689e-02        -7.9514517384952091e-02         6.4781801968440772e-02         1.1208071807557740e-01        -7.3682567263343868e-03         1.1209799992592308e-02        -5.3860087481371419e-03        -6.3671606586858456e-02
41                                     8.8191681245814668e-02         1.7916092336534564e-01         5.8504015065524544e-02        -1.2647496736054363e-02         9.3466395000849814e-02         7.5657158635298941e-02         9.9113829596833691e-03         3.0480178693126925e-01
42                                     1.0836427447966661e-03         8.9361373116343762e-02        -4.1729866804696883e-02         7.1557594249955147e-03         1.9943854761250795e-02        -4.6108164329688815e-03        -9.6401244551972340e-03         4.0163198446267361e-02
43                                    -2.4385466189282411e-02        -1.8408322434673809e-02         7.5660273833444106e-02         5.7184322738422673e-02         8.7118076359094535e-02        -1.6355160638899989e-02        -3.3001354228550384e-02         2.4870238930225507e-02
44                                     1.1865017417503612e-02        -5.2892398711930216e-02        -3.7921297081705933e-03        -2.3969639023052713e-02        -6.1804835915090707e-02         5.8309827872521994e-03        -6.0315796755112863e-03         8.2392461631375490e-03
45                                     0.0000000000000000e+00         0.0000000000000000e+00         2.1510966357550176e-01         0.0000000000000000e+00         0.0000000000000000e+00        -1.3517643641183380e-01        -2.1119118004000187e-01        -9.3250678214535865e-02
46                                     0.0000000000000000e+00         0.0000000000000000e+00        -1.1696319879800363e-01         0.0000000000000000e+00         0.0000000000000000e+00        -3.2766143948927483e-02         1.3970191898482631e-01         7.3823896310967085e-02
47                                     4.1389134672508016e-02        -4.1454647047830286e-02         0.0000000000000000e+00        -1.3885758446820007e-01        -7.2476370422386416e-02         0.0000000000000000e+00         0.0000000000000000e+00         0.0000000000000000e+00
48                                     0.0000000000000000e+00         0.0000000000000000e+00        -7.6686518172051493e-02         0.0000000000000000e+00         0.0000000000000000e+00        -1.0332733696094923e-01         7.3702964891545514e-02         5.8932620059407040e-02
49                                     0.0000000000000000e+00         0.0000000000000000e+00        -2.3327998374578965e-01         0.0000000000000000e+00         0.0000000000000000e+00        -1.4705685879668621e-02         2.4960988240571294e-01         1.3758302172703243e-01
50                                    -1.1007762901438817e-02        -1.1139344861268052e-01         0.0000000000000000e+00         8.1347916945484128e-02        -5.2339614165628601e-02         0.0000000000000000e+00         0.0000000000000000e+00         0.0000000000000000e+00
51                                    -1.0836427447966661e-03        -8.9361373116343762e-02        -4.1729866804696883e-02        -7.1557594249955147e-03        -1.9943854761250795e-02        -4.6108164329688815e-03        -9.6401244551972340e-03         4.0163198446267361e-02
52                                     2.4385466189282411e-02         1.8408322434673809e-02         7.5660273833444106e-02        -5.7184322738422673e-02        -8.7118076359094535e-02        -1.6355160638899989e-02        -3.3001354228550384e-02         2.4870238930225507e-02
53                                     1.1865017417503612e-02        -5.2892398711930216e-02         3.7921297081705933e-03        -2.3969639023052713e-02        -6.1804835915090707e-02        -5.8309827872521994e-03         6.0315796755112863e-03        -8.2392461631375490e-03
54                                    -1.3116028560124637e-01        -2.6740983396242556e-02        -1.7490401918016010e-02         1.2665384856598427e-01         1.2574330849931198e-01         6.0986931931212386e-02         1.3152685305602407e-01        -5.2931902587754640e-02
55                                    -4.9793340761874499e-02         7.6564767002936318e-03         3.8326279932045848e-02        -6.9439476817389309e-02         3.9787933970369886e-02         1.9125236840731141e-02         5.1591687044088751e-02        -1.6012046506111439e-02
56                                    -1.4885255779519008e-01         2.3080492885895500e-02         1.5354106935635112e-01         1.0344462209787926e-01         1.2527617943405486e-01        -9.9875965944996689e-02         1.9900801756125711e-01        -4.8960766382423887e-02
57                                    -5.5781374514401995e-02        -9.3222863806245948e-02         8.6177781160421598e-03         8.9578945838571285e-03         5.1277862020520884e-02        -8.5567791060754558e-02         5.5762342787343697e-02         3.5888124452705030e-03
58                                    -2.0638733852341945e-01         2.7412471079584055e-02         1.2735246928323346e-01         2.6622716602869852e-02         2.0838014611215300e-01         4.3427698248283929e-02         2.4259547982049384e-01        -8.9560169092198966e-02
59                                     5.6641335011090215e-03         5.7127169542606340e-02         2.3307308221914812e-03         8.5315172556387001e-02        -4.6738195522112599e-02        -2.1233050153558002e-03        -8.4023278453952237e-03         2.2852692145965421e-04
60                                     0.0000000000000000e+00         0.0000000000000000e+00        -9.1613033816371120e-02         0.0000000000000000e+00         0.0000000000000000e+00         1.7028230641577664e-02         1.8212221613478189e-03         3.1176858391073627e-02
61                                     0.0000000000000000e+00         0.0000000000000000e+00        -1.0704215272914414e-01         0.0000000000000000e+00         0.0000000000000000e+00         2.9600714466243485e-02        -3.4487224699556555e-02        -7.1686150739655868e-02
62                                     2.5958248523409090e-02         1.0506299829434336e-01         0.0000000000000000e+00        -1.2325648493155006e-02        -5.5713513133597591e-02         0.0000000000000000e+00         0.0000000000000000e+00         0.0000000000000000e+00
63                                     1.3116028560124637e-01         2.6740983396242556e-02        -1.7490401918016010e-02        -1.2665384856598427e-01        -1.2574330849931198e-01         6.0986931931212386e-02         1.3152685305602407e-01        -5.2931902587754640e-02
64                                     4.9793340761874499e-02        -7.6564767002936318e-03         3.8326279932045848e-02         6.9439476817389309e-02        -3.9787933970369886e-02         1.9125236840731141e-02         5.1591687044088751e-02        -1.6012046506111439e-02
65                                    -1.4885255779519008e-01         2.3080492885895500e-02        -1.5354106935635112e-01         1.0344462209787926e-01         1.2527617943405486e-01         9.9875965944996689e-02        -1.9900801756125711e-01         4.8960766382423887e-02
66                                     5.5781374514401995e-02         9.3222863806245948e-02         8.6177781160421598e-03        -8.9578945838571285e-03        -5.1277862020520884e-02        -8.5567791060754558e-02         5.5762342787343697e-02         3.5888124452705030e-03
67                                     2.0638733852341945e-01        -2.7412471079584055e-02         1.2735246928323346e-01        -2.6622716602869852e-02        -2.0838014611215300e-01         4.3427698248283929e-02         2.4259547982049384e-01        -8.9560169092198966e-02
68                                     5.6641335011090215e-03         5.7127169542606340e-02        -2.3307308221914812e-03         8.5315172556387001e-02        -4.6738195522112599e-02         2.1233050153558002e-03         8.4023278453952237e-03        -2.2852692145965421e-04
69                                     8.6350205508004124e-02        -1.2401034423153894e-01         8.5837330034955570e-02         3.6611836543293294e-02        -6.1349731635349106e-03         9.8505345541194583e-02        -3.1701328357479574e-03         5.9660051443362463e-02
70                                     8.8094016975061307e-03        -9.2156629680927041e-02        -9.8860411692018271e-02        -6.0420929797485715e-02         8.6501063218524965e-02         5.8923995582090320e-02        -2.3329069979313435e-03        -5.2520379363054551e-02
71                                     1.4474582149453002e-01        -2.0677950700326489e-01        -2.6173190392317410e-03         2.3763374681596526e-02         6.2627401097406415e-02        -2.5547461016210589e-03        -1.2842944823604810e-03         7.7479480132855178e-04
72                                    -8.6350205508004124e-02         1.2401034423153894e-01         8.5837330034955570e-02        -3.6611836543293294e-02         6.1349731635349106e-03         9.8505345541194583e-02        -3.1701328357479574e-03         5.9660051443362463e-02
73                                    -8.8094016975061307e-03         9.2156629680927041e-02        -9.8860411692018271e-02         6.0420929797485715e-02        -8.6501063218524965e-02         5.8923995582090320e-02        -2.3329069979313435e-03        -5.2520379363054551e-02
74                                     1.4474582149453002e-01        -2.0677950700326489e-01         2.6173190392317410e-03         2.3763374681596526e-02         6.2627401097406415e-02         2.5547461016210589e-03         1.2842944823604810e-03        -7.7479480132855178e-04
75                                     8.3180618843092802e-02         1.8106263955726179e-01         3.3418934087060245e-02         2.2771204931570060e-02        -5.1068036400925887e-02        -3.0633569983922609e-02        -6.7047502911282237e-03        -2.3873834833915653e-01
76                                    -2.6539097497880481e-02        -1.6532970342329953e-01        -1.2832034797851860e-02        -6.5145432726077590e-02        -6.9515718748757685e-02        -9.8724476662139626e-02         3.8085888609409122e-03         1.9199439980844496e-01
77                                     1.4184465014115471e-02         1.8640887688872537e-02        -7.6374037651510728e-03        -5.1898051527753591e-02         1.2307270312459066e-01         3.6755861742009456e-03        -5.8481992469219986e-04         1.6808898999344549e-03
78                                     5.0172915668817916e-02         1.4733226969046709e-01         8.5326066076258714e-02        -8.7985497538635923e-03        -2.1217501052274504e-02         4.6165705597573360e-02        -7.1006131840939063e-03        -1.2246880864002406e-01
79                                     2.5962387495548689e-02         7.9514517384952091e-02         6.4781801968440772e-02        -1.1208071807557740e-01         7.3682567263343868e-03         1.1209799992592308e-02        -5.3860087481371419e-03        -6.3671606586858456e-02
80                                     8.8191681245814668e-02         1.7916092336534564e-01        -5.8504015065524544e-02        -1.2647496736054363e-02         9.3466395000849814e-02        -7.5657158635298941e-02        -9.9113829596833691e-03        -3.0480178693126925e-01
                                                        16                          17                          18                          19                          20                          21                          22                          23

0                                      0.0000000000000000e+00        -3.4332060850039474e-02         0.0000000000000000e+00         1.8597625511171011e-02         1.2221770454049123e-02        -7.5325126720115184e-03         6.5275190516513558e-03         0.0000000000000000e+00
1                                      0.0000000000000000e+00        -1.4427281532290340e-01         0.0000000000000000e+00        -5.4847371492207902e-03         5.3160745933723240e-02        -3.1826099239129595e-02        -6.2503577781046872e-03         0.0000000000000000e+00
2                                     -6.7282538906034028e-02         0.0000000000000000e+00        -2.0906490799670618e-02         0.0000000000000000e+00         0.0000000000000000e+00         0.0000000000000000e+00         0.0000000000000000e+00         1.3214234456909356e-02
3                                      0.0000000000000000e+00        -1.8929139297081850e-02         0.0000000000000000e+00         4.9915354583469899e-02         1.2526600982712013e-03        -2.4823144916458094e-03        -3.2561243286729068e-02         0.0000000000000000e+00
4                                      0.0000000000000000e+00        -7.0922496297044169e-02         0.0000000000000000e+00        -1.0472175235249180e-02        -1.1637056729307213e-03        -4.6698620344838666e-03         8.2478343149761987e-03         0.0000000000000000e+00
5                                      4.9152000326817956e-02         0.0000000000000000e+00        -5.2522640666120182e-02         0.0000000000000000e+00         0.0000000000000000e+00         0.0000000000000000e+00         0.0000000000000000e+00        -3.1270523368865787e-02
6                                      7.8419421124320363e-02        -3.2829061202723211e-03         1.6111887694559943e-02         5.7559302112190885e-03        -6.1841858034534125e-02         2.3177754990925517e-02        -2.2107903325106003e-02         3.8138789779416271e-03
7                                      7.6080183067580966e-03         2.2062941193258034e-02         6.7890845140307451e-02        -4.3092931412779638e-02         1.7450790474031586e-02         5.1043625573538268e-02        -3.6623347162555796e-02        -7.2475626472136082e-02
8                                      2.9945099086273786e-02        -1.4889707189518800e-02        -1.7300815169144959e-02        -8.0142618174272400e-04        -1.1091880369588024e-01         1.8270946314149421e-02         2.2450579488774724e-02         9.8975196072954817e-03
9                                      2.5038561281429721e-02         3.6913561056192584e-03         8.9758186143099813e-02        -1.6220721541540758e-03        -3.8091455109989777e-02        -3.2117015730249950e-02        -1.3706661497439368e-02         7.1127994644756262e-02
10                                     3.4857119357207193e-02         5.7787683122744501e-02         4.3972025391499386e-02        -3.8159831276571181e-02        -9.3268516203290040e-03         1.3233099397921833e-02         1.7511634078459782e-02         5.4388606896439559e-03
11                                     4.1964284303895830e-02        -1.7327335255947509e-02         8.0421500876806426e-02        -7.7215975288098967e-02        -5.8680113484497941e-02        -5.9906237423678219e-02         6.7454348521622215e-02         6.0534155534269371e-02
12                                     0.0000000000000000e+00         5.2795802672497588e-02         0.0000000000000000e+00         7.8073924285343863e-02        -5.0252657960527256e-03        -1.0721199664818269e-01         8.7299640665546019e-02         0.0000000000000000e+00
13                                     0.0000000000000000e+00         5.7770874499843018e-03         0.0000000000000000e+00         1.6666007938029692e-02         8.6601806767215087e-03        -3.3383183062941128e-02         4.0807414586844393e-02         0.0000000000000000e+00
14                                     2.4404833141934493e-02         0.0000000000000000e+00         6.5975833851395285e-02         0.0000000000000000e+00         0.0000000000000000e+00         0.0000000000000000e+00         0.0000000000000000e+00        -7.7269867163027833e-02
15                                    -2.5038561281429721e-02         3.6913561056192584e-03        -8.9758186143099813e-02        -1.6220721541540758e-03        -3.8091455109989777e-02        -3.2117015730249950e-02        -1.3706661497439368e-02        -7.1127994644756262e-02
16                                    -3.4857119357207193e-02         5.7787683122744501e-02        -4.3972025391499386e-02        -3.8159831276571181e-02        -9.3268516203290040e-03         1.3233099397921833e-02         1.7511634078459782e-02        -5.4388606896439559e-03
17                                     4.1964284303895830e-02         1.7327335255947509e-02         8.0421500876806426e-02         7.7215975288098967e-02         5.8680113484497941e-02         5.9906237423678219e-02        -6.7454348521622215e-02         6.0534155534269371e-02
18                                    -2.3203727065474054e-02        -1.9601426904580600e-02        -5.0805659600294401e-02        -3.5550516021329720e-02         4.9095315271035110e-03         3.3129612524792150e-02        -4.5196885149071941e-02         5.2007405219250798e-02
19                                    -3.4740942793266505e-02         2.3512827827680174e-02         4.4165041726628676e-02        -8.6487068698419631e-03         5.9908805968086950e-03        -6.7346628054190283e-02        -1.9801656002746016e-02        -6.6334296250262798e-02
20                                    -3.2315809881631026e-04        -4.4968115800773860e-02        -3.7079489614652704e-02         5.9466607877290911e-02         4.1542272788190155e-03         8.4187844380071125e-02         6.5730493103997284e-02         3.7437371130246797e-02
21                                     0.0000000000000000e+00         3.4384043713006539e-02         0.0000000000000000e+00        -1.0246548788090641e-01         6.4606423892721226e-02         6.8123724369611977e-02         9.0024973036443384e-02         0.0000000000000000e+00
22                                     0.0000000000000000e+00         5.1714839617147200e-02         0.0000000000000000e+00         1.0205363429113294e-01        -3.7904473891654793e-02        -9.8234856864266255e-03        -4.8888928669712312e-02         0.0000000000000000e+00
23                                     1.4035713599383635e-02         0.0000000000000000e+00        -5.2674527175790818e-02         0.0000000000000000e+00         0.0000000000000000e+00         0.0000000000000000e+00         0.0000000000000000e+00        -5.7511713082352797e-02
24                                     2.3203727065474054e-02        -1.9601426904580600e-02         5.0805659600294401e-02        -3.5550516021329720e-02         4.9095315271035110e-03         3.3129612524792150e-02        -4.5196885149071941e-02        -5.2007405219250798e-02
25                                     3.4740942793266505e-02         2.3512827827680174e-02        -4.4165041726628676e-02        -8.6487068698419631e-03         5.9908805968086950e-03        -6.7346628054190283e-02        -1.9801656002746016e-02         6.6334296250262798e-02
26                                    -3.2315809881631026e-04         4.4968115800773860e-02        -3.7079489614652704e-02        -5.9466607877290911e-02        -4.1542272788190155e-03        -8.4187844380071125e-02        -6.5730493103997284e-02         3.7437371130246797e-02
27                                     0.0000000000000000e+00         1.9426736893294636e-02         0.0000000000000000e+00         4.0578036695030656e-02         1.2271190133564887e-01        -6.1146862887666246e-03         4.4356514541670278e-02         0.0000000000000000e+00
28                                     0.0000000000000000e+00         1.6396904719626643e-02         0.0000000000000000e+00         7.2990713199484247e-02        -2.8505384550636240e-02         5.8182082967395091e-02         7.1584687817805026e-02         0.0000000000000000e+00
29                                    -9.5856826138949289e-02         0.0000000000000000e+00        -1.6045019922615245e-02         0.0000000000000000e+00         0.0000000000000000e+00         0.0000000000000000e+00         0.0000000000000000e+00        -2.4940234472601314e-02
30                                    -7.8419421124320363e-02        -3.2829061202723211e-03        -1.6111887694559943e-02         5.7559302112190885e-03        -6.1841858034534125e-02         2.3177754990925517e-02        -2.2107903325106003e-02        -3.8138789779416271e-03
31                                    -7.6080183067580966e-03         2.2062941193258034e-02        -6.7890845140307451e-02        -4.3092931412779638e-02         1.7450790474031586e-02         5.1043625573538268e-02        -3.6623347162555796e-02         7.2475626472136082e-02
32                                     2.9945099086273786e-02         1.4889707189518800e-02        -1.7300815169144959e-02         8.0142618174272400e-04         1.1091880369588024e-01        -1.8270946314149421e-02        -2.2450579488774724e-02         9.8975196072954817e-03
33                                     0.0000000000000000e+00        -2.4501469638404817e-02         0.0000000000000000e+00         1.8626353842037102e-02         3.9015150956611812e-03        -2.5300052106220793e-03         4.8924039340888958e-02         0.0000000000000000e+00
34                                     0.0000000000000000e+00        -1.3172202346496406e-01         0.0000000000000000e+00        -5.0182884681533018e-03         4.1264691543114594e-02        -2.4863766224035199e-02         5.6769813944045129e-02         0.0000000000000000e+00
35                                     4.6699386827547797e-02         0.0000000000000000e+00         8.8743034011583861e-03         0.0000000000000000e+00         0.0000000000000000e+00         0.0000000000000000e+00         0.0000000000000000e+00         4.8591899060368158e-03
36                                     1.9556728536488707e-01         2.4926049369143752e-02        -5.8983635941328771e-02        -9.7403886936244785e-02        -5.8202310913873762e-02         4.8510240712766571e-02         6.0400743604843510e-03        -6.3946494922722946e-02
37                                    -7.3733986824564279e-02         5.5463055774866092e-02         1.0124709065088601e-01         8.0398108829216428e-02         2.0111409682343200e-02         9.6761246255746308e-02        -1.3610482365080856e-01        -9.6775882793737347e-02
38                                     8.3744390267191451e-02         1.2956590866484784e-02        -5.7381689438746171e-02        -3.3698775785635765e-02        -1.0888836846067501e-01         4.6941952378091047e-02         1.3976779189740354e-02        -4.0865214380135469e-02
39                                     1.2406508134218544e-01         1.9596006290019570e-02        -3.0389672035511961e-02        -3.2218668661548849e-02        -5.7645099606474126e-02         5.1123423111347301e-02        -1.4062685048339532e-02        -5.4465660687776724e-02
40                                     7.1372151250601409e-02         5.7139118565747909e-02         1.0398761215515459e-03        -9.6402241541919537e-02         2.4454233580310073e-02         9.4395211556068712e-02        -2.6691532828292518e-02        -1.6033760568078956e-01
41                                    -9.7109061084170639e-02         1.1423595692971796e-02         4.8037752340431970e-02         1.4233973282471971e-01        -1.0947019753851248e-01         4.2005225525238964e-02        -6.2107696600073849e-02         9.9669758897601903e-03
42                                     2.2665174090637612e-02         1.3709993010213688e-03         2.9842750443241608e-02        -1.0451539874075937e-01        -4.5782503105316098e-02        -2.6945274230776705e-02        -1.1507854594748747e-01         1.3072872242536279e-01
43                                     6.0523580398965451e-02         7.9560286506859864e-03         3.8785980476179663e-02        -2.5329716445282699e-03        -1.3238775851362936e-01         1.0852846015418911e-01         5.0596360356235701e-02         2.2302367713218016e-03
44                                     3.7266521462357066e-02        -3.0660607443262059e-03         1.2274833604340281e-01        -1.9746206985074073e-02        -2.4854115726131328e-02        -8.8728140825482610e-02         1.2524490902830954e-01         2.1704648180888613e-02
45                                     0.0000000000000000e+00         2.4309946241829020e-01         0.0000000000000000e+00        -5.3814848668547521e-02         4.8021038639322826e-02        -8.7087615833735893e-02         1.0043832101533598e-01         0.0000000000000000e+00
46                                     0.0000000000000000e+00        -4.4878172248388450e-02         0.0000000000000000e+00         5.1760158790138525e-02        -6.6681706357819143e-03        -3.9402398224155935e-02         3.8101735987530923e-02         0.0000000000000000e+00
47                                    -2.7089775745858819e-02         0.0000000000000000e+00        -3.2971676212129812e-02         0.0000000000000000e+00         0.0000000000000000e+00         0.0000000000000000e+00         0.0000000000000000e+00        -1.6931220991395207e-01
48                                     0.0000000000000000e+00        -5.2686051411054646e-02         0.0000000000000000e+00         1.4178091642106730e-01        -4.3934978548127619e-02        -1.2314762167251071e-01         7.8879554301638705e-02         0.0000000000000000e+00
49                                     0.0000000000000000e+00        -1.6273007044893065e-01         0.0000000000000000e+00         1.1818459150789645e-01        -5.2240807617661145e-02        -5.6087409656233225e-02         2.8007649425810570e-02         0.0000000000000000e+00
50                                     2.1943923937752567e-02         0.0000000000000000e+00        -1.8616255745164172e-02         0.0000000000000000e+00         0.0000000000000000e+00         0.0000000000000000e+00         0.0000000000000000e+00        -2.2183480887293200e-01
51                                    -2.2665174090637612e-02         1.3709993010213688e-03        -2.9842750443241608e-02        -1.0451539874075937e-01        -4.5782503105316098e-02        -2.6945274230776705e-02        -1.1507854594748747e-01        -1.3072872242536279e-01
52                                    -6.0523580398965451e-02         7.9560286506859864e-03        -3.8785980476179663e-02        -2.5329716445282699e-03        -1.3238775851362936e-01         1.0852846015418911e-01         5.0596360356235701e-02        -2.2302367713218016e-03
53                                     3.7266521462357066e-02         3.0660607443262059e-03         1.2274833604340281e-01         1.9746206985074073e-02         2.4854115726131328e-02         8.8728140825482610e-02        -1.2524490902830954e-01         2.1704648180888613e-02
54                                    -4.1301006465051311e-02        -1.1606041770085058e-01         4.8272542945084179e-02         2.8856981397731209e-03        -2.2007806809080471e-02         2.1536347380080124e-02        -1.0826992230469201e-01         9.3937427996196754e-02
55                                    -3.2248297597366707e-02         4.3860065485148758e-02         2.2054317343226056e-02        -1.9053274151956092e-02         1.0583659928901000e-02        -6.5587930481310980e-02        -4.9165985744935633e-03        -7.6995332546301407e-02
56                                    -8.2857616140120743e-02        -2.1724899777970705e-01         4.0945599489922380e-02        -4.5056240416244266e-02        -3.6828762326248682e-02         6.1962687392316751e-02         1.1089291488393745e-01         2.3021958568634156e-02
57                                    -2.8161545700418830e-02        -3.4919132559804548e-02        -7.6878855532386469e-03         2.0908394502372082e-02        -6.0647184157089687e-04         3.1659559852545219e-02        -1.4829506842094106e-01         1.1324354240825836e-01
58                                    -1.1800564064719572e-01        -1.6857551969871862e-01         1.3560326168257236e-01        -8.3449219437575578e-02        -5.7583509461917058e-02        -9.7506493098799968e-02         1.2360479970704174e-02        -7.0512614567398518e-02
59                                     2.2145382894654481e-02         8.9216975847714996e-03        -8.6147767394983685e-02         4.0021479781315053e-02         2.3127951991737804e-02         9.3818283056392879e-02         1.2513954821408746e-01        -1.7069687637145661e-03
60                                     0.0000000000000000e+00         7.8053764805440205e-03         0.0000000000000000e+00        -1.2026365135098464e-01        -8.5492415737151866e-04         1.2183360832283778e-01         8.0251989760244377e-02         0.0000000000000000e+00
61                                     0.0000000000000000e+00         1.0737535489576143e-02         0.0000000000000000e+00         7.7289112927310402e-02        -1.4300600672258304e-01         7.1491424617453767e-02        -6.3185125771198197e-02         0.0000000000000000e+00
62                                     2.4249044674117096e-02         0.0000000000000000e+00         8.9418871294225974e-02         0.0000000000000000e+00         0.0000000000000000e+00         0.0000000000000000e+00         0.0000000000000000e+00        -2.0000916144506123e-01
63                                     4.1301006465051311e-02        -1.1606041770085058e-01        -4.8272542945084179e-02         2.8856981397731209e-03        -2.2007806809080471e-02         2.1536347380080124e-02        -1.0826992230469201e-01        -9.3937427996196754e-02
64                                     3.2248297597366707e-02         4.3860065485148758e-02        -2.2054317343226056e-02        -1.9053274151956092e-02         1.0583659928901000e-02        -6.5587930481310980e-02        -4.9165985744935633e-03         7.6995332546301407e-02
65                                    -8.2857616140120743e-02         2.1724899777970705e-01         4.0945599489922380e-02         4.5056240416244266e-02         3.6828762326248682e-02        -6.1962687392316751e-02        -1.1089291488393745e-01         2.3021958568634156e-02
66                                     2.8161545700418830e-02        -3.4919132559804548e-02         7.6878855532386469e-03         2.0908394502372082e-02        -6.0647184157089687e-04         3.1659559852545219e-02        -1.4829506842094106e-01        -1.1324354240825836e-01
67                                     1.1800564064719572e-01        -1.6857551969871862e-01        -1.3560326168257236e-01        -8.3449219437575578e-02        -5.7583509461917058e-02        -9.7506493098799968e-02         1.2360479970704174e-02         7.0512614567398518e-02
68                                     2.2145382894654481e-02        -8.9216975847714996e-03        -8.6147767394983685e-02        -4.0021479781315053e-02        -2.3127951991737804e-02        -9.3818283056392879e-02        -1.2513954821408746e-01        -1.7069687637145661e-03
69                                    -2.2238104541026391e-01        -2.9831986295687208e-03         1.3728134355083368e-01         5.0115237866572605e-02         1.2242267789125599e-01        -2.4783631235864828e-02         1.2177298174306201e-02         6.1404558605469735e-02
70                                    -6.8705363028442823e-02         6.4086190660127398e-02         6.0604613704384268e-02         3.4907817065395572e-02        -2.3928443337842779e-02         1.1559404578598421e-01         1.6071020323539961e-01         4.6370195451258860e-02
71                                    -2.6589681402829457e-01        -1.7691927829378946e-03         9.3328833408531722e-02        -4.4978968901866192e-03         5.4964253603248032e-05         2.6796014838838165e-03         2.3313776545500790e-03         2.8727594746675907e-02
72                                     2.2238104541026391e-01        -2.9831986295687208e-03        -1.3728134355083368e-01         5.0115237866572605e-02         1.2242267789125599e-01        -2.4783631235864828e-02         1.2177298174306201e-02        -6.1404558605469735e-02
73                                     6.8705363028442823e-02         6.4086190660127398e-02        -6.0604613704384268e-02         3.4907817065395572e-02        -2.3928443337842779e-02         1.1559404578598421e-01         1.6071020323539961e-01        -4.6370195451258860e-02
74                                    -2.6589681402829457e-01         1.7691927829378946e-03         9.3328833408531722e-02         4.4978968901866192e-03        -5.4964253603248032e-05        -2.6796014838838165e-03        -2.3313776545500790e-03         2.8727594746675907e-02
75                                    -1.9556728536488707e-01         2.4926049369143752e-02         5.8983635941328771e-02        -9.7403886936244785e-02        -5.8202310913873762e-02         4.8510240712766571e-02         6.0400743604843510e-03         6.3946494922722946e-02
76                                     7.3733986824564279e-02         5.5463055774866092e-02        -1.0124709065088601e-01         8.0398108829216428e-02         2.0111409682343200e-02         9.6761246255746308e-02        -1.3610482365080856e-01         9.6775882793737347e-02
77                                     8.3744390267191451e-02        -1.2956590866484784e-02        -5.7381689438746171e-02         3.3698775785635765e-02         1.0888836846067501e-01        -4.6941952378091047e-02        -1.3976779189740354e-02        -4.0865214380135469e-02
78                                    -1.2406508134218544e-01         1.9596006290019570e-02         3.0389672035511961e-02        -3.2218668661548849e-02        -5.7645099606474126e-02         5.1123423111347301e-02        -1.4062685048339532e-02         5.4465660687776724e-02
79                                    -7.1372151250601409e-02         5.7139118565747909e-02        -1.0398761215515459e-03        -9.6402241541919537e-02         2.4454233580310073e-02         9.4395211556068712e-02        -2.6691532828292518e-02         1.6033760568078956e-01
80                                    -9.7109061084170639e-02        -1.1423595692971796e-02         4.8037752340431970e-02        -1.4233973282471971e-01         1.0947019753851248e-01        -4.2005225525238964e-02         6.2107696600073849e-02         9.9669758897601903e-03
                                                        24                          25                          26                          27                          28                          29                          30                          31

0                                      0.0000000000000000e+00        -4.8845395790239115e-03         0.0000000000000000e+00         2.8013895199295799e-02         3.8890210367711429e-03         0.0000000000000000e+00         1.4740034670295710e-02        -8.4533640570213595e-03
1                                      0.0000000000000000e+00         1.0863056155121322e-03         0.0000000000000000e+00         9.4182788598963577e-02        -2.7371495926818935e-03         0.0000000000000000e+00         3.9680650158047899e-02        -2.7165657136849403e-02
2                                      3.0123606614469384e-03         0.0000000000000000e+00        -9.0265479455487092e-04         0.0000000000000000e+00         0.0000000000000000e+00         1.3180258705575392e-02         0.0000000000000000e+00         0.0000000000000000e+00
3                                      0.0000000000000000e+00        -2.9114352824451871e-02         0.0000000000000000e+00        -1.6026446107945635e-02        -5.4928119869832738e-02         0.0000000000000000e+00         2.2883078885903355e-02         6.0864425222255394e-02
4                                      0.0000000000000000e+00         5.0524763471646141e-03         0.0000000000000000e+00        -9.0286237358351687e-02         9.9968015379841846e-03         0.0000000000000000e+00        -7.7079839487580903e-02         4.9878906517405168e-02
5                                      2.8983124798076375e-02         0.0000000000000000e+00         2.7371543686965428e-03         0.0000000000000000e+00         0.0000000000000000e+00        -4.7034852315847878e-02         0.0000000000000000e+00         0.0000000000000000e+00
6                                     -6.0037295393176815e-02        -3.0983088930916371e-02         7.0797681884961383e-02         9.8611794734186826e-04         1.6762468814050722e-02        -2.0980147997314832e-02         4.6992432457356376e-02         1.5351544485877677e-02
7                                     -1.8755440692621823e-02         2.6796926534665876e-02        -2.2854956047510745e-02        -7.9269557938623753e-02        -5.0883635140629331e-02        -6.3477140331151843e-02         3.3351078007563352e-02        -1.4661781853238120e-02
8                                     -6.8351170075092275e-03         4.3587586981759387e-02        -4.6129962119998986e-02         3.6198869852878110e-02         3.8174275341905381e-03         2.2233919016822937e-02        -3.0186974983143048e-02        -7.0722887889732855e-02
9                                      7.0121279528435766e-03         1.2801255635825716e-02         1.6889245074213192e-02        -2.7019303922525103e-02         7.2389829773252382e-02        -2.1288897931920875e-02        -8.1282290644429482e-03         4.3380836247446035e-02
10                                     5.9535314455100167e-03        -7.0431282385968038e-03        -1.9826134085107932e-03         2.9986754251553848e-02         2.1136459396218037e-02         6.8535197869316944e-02        -4.3015872504808081e-02         2.0226968810869116e-02
11                                    -3.6205822229061868e-03        -8.4537595976185327e-03        -1.1104282045904620e-02        -4.8260553569133814e-02        -4.2878923510985600e-02         2.7343685074736501e-02        -1.4861710318925206e-02         4.9510967610216623e-02
12                                     0.0000000000000000e+00         2.7729734973578956e-02         0.0000000000000000e+00        -6.0111658669592880e-03        -7.5963149330664032e-02         0.0000000000000000e+00         3.9318702101837376e-02        -5.7471116387000684e-02
13                                     0.0000000000000000e+00        -1.1100201745979352e-01         0.0000000000000000e+00         5.3987721539597015e-02        -2.1421854810497933e-02         0.0000000000000000e+00        -5.6408653156020040e-02        -3.6354886001198648e-02
14                                     2.1294469843552946e-02         0.0000000000000000e+00         4.6244894842270914e-02         0.0000000000000000e+00         0.0000000000000000e+00        -4.3247203191198604e-02         0.0000000000000000e+00         0.0000000000000000e+00
15                                    -7.0121279528435766e-03         1.2801255635825716e-02        -1.6889245074213192e-02        -2.7019303922525103e-02         7.2389829773252382e-02         2.1288897931920875e-02        -8.1282290644429482e-03         4.3380836247446035e-02
16                                    -5.9535314455100167e-03        -7.0431282385968038e-03         1.9826134085107932e-03         2.9986754251553848e-02         2.1136459396218037e-02        -6.8535197869316944e-02        -4.3015872504808081e-02         2.0226968810869116e-02
17                                    -3.6205822229061868e-03         8.4537595976185327e-03        -1.1104282045904620e-02         4.8260553569133814e-02         4.2878923510985600e-02         2.7343685074736501e-02         1.4861710318925206e-02        -4.9510967610216623e-02
18                                    -5.9025138000132316e-02         4.8623135581554412e-03         2.6639615178746259e-02         2.4609815194577452e-02        -3.6272060354089461e-02         2.1054080918080000e-04        -5.5173366914461085e-02        -4.9267415640109899e-03
19                                    -7.4996049619094007e-02         5.1571580045606288e-02        -1.9204936007959323e-02         4.3580360651810965e-02         3.4740966833161982e-02         4.3482055740739607e-02         3.3351841021960905e-02         2.4920274437657475e-02
20                                    -3.0170987379353066e-02         3.3212054621835969e-02        -2.6431185392496719e-02         2.1811228871170874e-02        -1.1151437151557333e-02        -5.8956860816975272e-02        -2.4640064713106116e-02         6.3904809126966985e-02
21                                     0.0000000000000000e+00         2.4933418821291077e-03         0.0000000000000000e+00         6.5122805036886000e-02        -1.1456107777846987e-02         0.0000000000000000e+00         7.1635261132257169e-02         2.1939465239337264e-02
22                                     0.0000000000000000e+00         5.3275195329504799e-03         0.0000000000000000e+00         1.5757034224945673e-02        -6.7525935806643386e-02         0.0000000000000000e+00        -4.2933298175184771e-02         4.2484829583773330e-02
23                                    -2.0906966582031030e-02         0.0000000000000000e+00         1.8781160535248118e-02         0.0000000000000000e+00         0.0000000000000000e+00         9.0415325534531854e-02         0.0000000000000000e+00         0.0000000000000000e+00
24                                     5.9025138000132316e-02         4.8623135581554412e-03        -2.6639615178746259e-02         2.4609815194577452e-02        -3.6272060354089461e-02        -2.1054080918080000e-04        -5.5173366914461085e-02        -4.9267415640109899e-03
25                                     7.4996049619094007e-02         5.1571580045606288e-02         1.9204936007959323e-02         4.3580360651810965e-02         3.4740966833161982e-02        -4.3482055740739607e-02         3.3351841021960905e-02         2.4920274437657475e-02
26                                    -3.0170987379353066e-02        -3.3212054621835969e-02        -2.6431185392496719e-02        -2.1811228871170874e-02         1.1151437151557333e-02        -5.8956860816975272e-02         2.4640064713106116e-02        -6.3904809126966985e-02
27                                     0.0000000000000000e+00         3.0294505204671768e-02         0.0000000000000000e+00        -6.7871736991867548e-02         4.3132735484655425e-02         0.0000000000000000e+00        -7.3107182200168361e-02        -5.1584122787396908e-02
28                                     0.0000000000000000e+00        -4.5450035347199394e-02         0.0000000000000000e+00        -6.9541045549237249e-02         6.1311516562958662e-02         0.0000000000000000e+00         2.3487856546626405e-02        -4.1329135284695395e-02
29                                     4.7949451098957437e-02         0.0000000000000000e+00         9.8039046003405753e-02         0.0000000000000000e+00         0.0000000000000000e+00         2.7869448260660963e-02         0.0000000000000000e+00         0.0000000000000000e+00
30                                     6.0037295393176815e-02        -3.0983088930916371e-02        -7.0797681884961383e-02         9.8611794734186826e-04         1.6762468814050722e-02         2.0980147997314832e-02         4.6992432457356376e-02         1.5351544485877677e-02
31                                     1.8755440692621823e-02         2.6796926534665876e-02         2.2854956047510745e-02        -7.9269557938623753e-02        -5.0883635140629331e-02         6.3477140331151843e-02         3.3351078007563352e-02        -1.4661781853238120e-02
32                                    -6.8351170075092275e-03        -4.3587586981759387e-02        -4.6129962119998986e-02        -3.6198869852878110e-02        -3.8174275341905381e-03         2.2233919016822937e-02         3.0186974983143048e-02         7.0722887889732855e-02
33                                     0.0000000000000000e+00         1.1115892700877648e-02         0.0000000000000000e+00        -2.1672778680039629e-02         8.2044095495948294e-02         0.0000000000000000e+00        -8.2161401940328740e-02        -6.1529665959291345e-02
34                                     0.0000000000000000e+00         2.5171988868800958e-02         0.0000000000000000e+00         2.3634570521358603e-02         1.1401650810194064e-01         0.0000000000000000e+00        -1.0301861592562651e-01        -1.0854499721794515e-01
35                                    -5.2075238776527763e-03         0.0000000000000000e+00         1.3098474715166650e-02         0.0000000000000000e+00         0.0000000000000000e+00         5.4368658818710631e-03         0.0000000000000000e+00         0.0000000000000000e+00
36                                     5.9546703524969991e-02         1.0888895406156823e-01        -1.7253189281984938e-01         1.4070215275823930e-02         3.9226643075910795e-03        -6.1801182901631252e-02        -7.5478697726170272e-03        -1.6076795986221751e-01
37                                    -1.3509401280815478e-01        -1.2840420110819886e-01         1.9444447436508358e-01        -6.6795942256720128e-02         5.6899073351417598e-02        -2.0302762953511536e-01         1.7430751812295769e-01        -2.2500510482932452e-02
38                                     3.7592487660223696e-02         8.9891131395828938e-02        -1.4197995994799043e-01         5.0235579641459450e-02         2.5671775906359148e-02        -4.3989520668071776e-02        -2.3864015548209189e-02        -1.8966389939528949e-01
39                                    -7.1235581007912923e-04         4.1112325902825597e-02        -2.4974752153637998e-02         2.1166113275563531e-02        -8.1677222555070927e-02        -1.2537377471438294e-02         6.0846815044360979e-02        -6.4286191973206480e-02
40                                     6.3412727760146878e-02         1.2708400318132099e-01        -1.5390834252758087e-01        -5.2288941631135427e-02        -1.9672287100561450e-01        -5.2106767585399165e-02         5.5217590724690895e-02        -1.2767957146402795e-01
41                                    -1.4660636346309683e-01        -1.3368466790474889e-01         2.5552216565344993e-01         5.5119413708461573e-02        -1.7780534045488773e-02        -2.9341153139217049e-02         1.6026089618621861e-01         2.1378142357799515e-02
42                                     9.9366139708721487e-03         1.8741757064467738e-02        -5.2548994410768511e-02        -3.3830196420220615e-02         2.1873219149939974e-01        -9.3747419961900488e-02         1.5763162288724052e-02         7.7841435308509496e-02
43                                    -8.5055455447931597e-02         4.3168584015337935e-02         4.2633223052877612e-03         6.8183785440306968e-02         7.5388520347009297e-02         2.3072627836688098e-01        -1.6772256140263600e-01         2.9311029321244929e-02
44                                     1.7116713684553069e-02        -2.4795443957001419e-02         3.2805545783329407e-02        -5.2872922242912873e-02        -1.5317892369893263e-01         3.2665743508606918e-02         1.1709906144604153e-03         2.2067576377129271e-02
45                                     0.0000000000000000e+00        -3.9101705144404064e-01         0.0000000000000000e+00         1.4563504565533478e-01        -3.0536459204959267e-02         0.0000000000000000e+00        -1.5058114292800925e-01        -8.1194236891302243e-02
46                                     0.0000000000000000e+00         3.6396876263231569e-03         0.0000000000000000e+00         1.4367968461811431e-02        -3.2387025699123807e-02         0.0000000000000000e+00        -5.6510247853679852e-03        -2.9247869233563768e-02
47                                     6.3001778399007086e-02         0.0000000000000000e+00         1.5013930262858639e-02         0.0000000000000000e+00         0.0000000000000000e+00        -2.2275167988575825e-01         0.0000000000000000e+00         0.0000000000000000e+00
48                                     0.0000000000000000e+00         2.5903059627645147e-01         0.0000000000000000e+00        -9.2528077401583794e-02        -8.3545562515945804e-02         0.0000000000000000e+00         1.3952808825069318e-01        -2.8247090098695062e-02
49                                     0.0000000000000000e+00         2.6142332363782184e-01         0.0000000000000000e+00        -8.4007862022010618e-02        -3.7073149691096555e-02         0.0000000000000000e+00         1.0300796283556024e-01         9.5279053349488635e-03
50                                    -4.0685330054675048e-02         0.0000000000000000e+00         4.7753358306810476e-02         0.0000000000000000e+00         0.0000000000000000e+00         6.0886663973703879e-03         0.0000000000000000e+00         0.0000000000000000e+00
51                                    -9.9366139708721487e-03         1.8741757064467738e-02         5.2548994410768511e-02        -3.3830196420220615e-02         2.1873219149939974e-01         9.3747419961900488e-02         1.5763162288724052e-02         7.7841435308509496e-02
52                                     8.5055455447931597e-02         4.3168584015337935e-02        -4.2633223052877612e-03         6.8183785440306968e-02         7.5388520347009297e-02        -2.3072627836688098e-01        -1.6772256140263600e-01         2.9311029321244929e-02
53                                     1.7116713684553069e-02         2.4795443957001419e-02         3.2805545783329407e-02         5.2872922242912873e-02         1.5317892369893263e-01         3.2665743508606918e-02        -1.1709906144604153e-03        -2.2067576377129271e-02
54                                     1.1264060988750033e-01        -1.3051851636052858e-01         2.2277433102024815e-02        -4.8021335526014924e-02        -1.5544675151332785e-01         8.1209861513399761e-02        -7.5640613742259499e-02        -1.2900973408481647e-01
55                                    -1.0808040275749548e-01         7.9416644533328445e-02        -1.6901424987231285e-02         5.9444068675440387e-02         6.3043879899873104e-02         2.3030045095575682e-02         3.8637698420884659e-02         5.2667405477894370e-02
56                                     3.0034998555396114e-01        -1.3661485000491230e-01         4.0228517840492826e-02        -1.2545330945779815e-01         6.4925151963798958e-02        -9.2615330319236522e-02         4.7854291601270964e-02        -2.9801041918758483e-02
57                                    -6.2547913659509371e-03         3.4424743819556430e-02         3.8844589872078061e-02         8.0938396892084406e-03         6.1517191686586764e-03        -1.9931633427222227e-02        -1.4611308597651396e-01        -1.1157337445648023e-01
58                                     2.8160192261395639e-01        -1.6971902630435287e-01         3.2143799105385569e-02        -1.1678544411658719e-01         1.4473114972500912e-02         3.5121117830484057e-02         8.3336687237744456e-02        -7.7764100338662268e-02
59                                    -1.4442776863438145e-01         6.3699279662042391e-02        -4.5861110673870900e-02         6.9128514928961243e-02        -3.2880778566919053e-02        -4.1987728182224647e-02         2.3288420234586021e-02         1.5672090985024656e-01
60                                     0.0000000000000000e+00        -5.7521971901562705e-02         0.0000000000000000e+00         9.3001646659061132e-02        -1.0656069380216196e-01         0.0000000000000000e+00         7.5579929608948160e-02         1.1968607984266194e-01
61                                     0.0000000000000000e+00        -8.8384945871580925e-02         0.0000000000000000e+00         5.9876263642355439e-02        -2.1372205360166116e-01         0.0000000000000000e+00        -3.1110512882280325e-02         1.9656130765339538e-01
62                                    -1.0123373515606294e-02         0.0000000000000000e+00        -5.9062757758258304e-02         0.0000000000000000e+00         0.0000000000000000e+00         2.8861441481755640e-01         0.0000000000000000e+00         0.0000000000000000e+00
63                                    -1.1264060988750033e-01        -1.3051851636052858e-01        -2.2277433102024815e-02        -4.8021335526014924e-02        -1.5544675151332785e-01        -8.1209861513399761e-02        -7.5640613742259499e-02        -1.2900973408481647e-01
64                                     1.0808040275749548e-01         7.9416644533328445e-02         1.6901424987231285e-02         5.9444068675440387e-02         6.3043879899873104e-02        -2.3030045095575682e-02         3.8637698420884659e-02         5.2667405477894370e-02
65                                     3.0034998555396114e-01         1.3661485000491230e-01         4.0228517840492826e-02         1.2545330945779815e-01        -6.4925151963798958e-02        -9.2615330319236522e-02        -4.7854291601270964e-02         2.9801041918758483e-02
66                                     6.2547913659509371e-03         3.4424743819556430e-02        -3.8844589872078061e-02         8.0938396892084406e-03         6.1517191686586764e-03         1.9931633427222227e-02        -1.4611308597651396e-01        -1.1157337445648023e-01
67                                    -2.8160192261395639e-01        -1.6971902630435287e-01        -3.2143799105385569e-02        -1.1678544411658719e-01         1.4473114972500912e-02        -3.5121117830484057e-02         8.3336687237744456e-02        -7.7764100338662268e-02
68                                    -1.4442776863438145e-01        -6.3699279662042391e-02        -4.5861110673870900e-02        -6.9128514928961243e-02         3.2880778566919053e-02        -4.1987728182224647e-02        -2.3288420234586021e-02        -1.5672090985024656e-01
69                                    -1.3570715530469951e-01         2.6926499468435474e-02        -2.8899071680843597e-01        -8.1380541146835211e-02         7.7543720900042530e-03        -1.1823907448270504e-02        -1.2295217413522111e-01        -4.2049441658987170e-03
70                                    -8.1641809077480101e-02        -4.0708415534216641e-02        -1.1828726834058063e-01        -4.1483231872734734e-02         1.3881191231996701e-01        -1.5350607759988985e-01         1.4861140981865048e-01        -1.2330963796028124e-01
71                                    -6.7990034272849581e-02        -6.6969825707375956e-04        -1.3284601206290872e-01         3.2207535204593381e-04        -1.7457005273172170e-03        -2.3100303203931711e-02         2.3008599822422703e-03         6.5144528807270230e-03
72                                     1.3570715530469951e-01         2.6926499468435474e-02         2.8899071680843597e-01        -8.1380541146835211e-02         7.7543720900042530e-03         1.1823907448270504e-02        -1.2295217413522111e-01        -4.2049441658987170e-03
73                                     8.1641809077480101e-02        -4.0708415534216641e-02         1.1828726834058063e-01        -4.1483231872734734e-02         1.3881191231996701e-01         1.5350607759988985e-01         1.4861140981865048e-01        -1.2330963796028124e-01
74                                    -6.7990034272849581e-02         6.6969825707375956e-04        -1.3284601206290872e-01        -3.2207535204593381e-04         1.7457005273172170e-03        -2.3100303203931711e-02        -2.3008599822422703e-03        -6.5144528807270230e-03
75                                    -5.9546703524969991e-02         1.0888895406156823e-01         1.7253189281984938e-01         1.4070215275823930e-02         3.9226643075910795e-03         6.1801182901631252e-02        -7.5478697726170272e-03        -1.6076795986221751e-01
76                                     1.3509401280815478e-01        -1.2840420110819886e-01        -1.9444447436508358e-01        -6.6795942256720128e-02         5.6899073351417598e-02         2.0302762953511536e-01         1.7430751812295769e-01        -2.2500510482932452e-02
77                                     3.7592487660223696e-02        -8.9891131395828938e-02        -1.4197995994799043e-01        -5.0235579641459450e-02        -2.5671775906359148e-02        -4.3989520668071776e-02         2.3864015548209189e-02         1.8966389939528949e-01
78                                     7.1235581007912923e-04         4.1112325902825597e-02         2.4974752153637998e-02         2.1166113275563531e-02        -8.1677222555070927e-02         1.2537377471438294e-02         6.0846815044360979e-02        -6.4286191973206480e-02
79                                    -6.3412727760146878e-02         1.2708400318132099e-01         1.5390834252758087e-01        -5.2288941631135427e-02        -1.9672287100561450e-01         5.2106767585399165e-02         5.5217590724690895e-02        -1.2767957146402795e-01
80                                    -1.4660636346309683e-01         1.3368466790474889e-01         2.5552216565344993e-01        -5.5119413708461573e-02         1.7780534045488773e-02        -2.9341153139217049e-02        -1.6026089618621861e-01        -2.1378142357799515e-02
                                                        32                          33                          34                          35                          36                          37                          38                          39

0                                      0.0000000000000000e+00         1.4577191306604840e-02         0.0000000000000000e+00         0.0000000000000000e+00        -2.6138806170092049e-02        -1.2592451995514432e-02         0.0000000000000000e+00         0.0000000000000000e+00
1                                      0.0000000000000000e+00         8.2845825035546203e-03         0.0000000000000000e+00         0.0000000000000000e+00        -5.3434991847458306e-02        -6.1389280658145137e-03         0.0000000000000000e+00         0.0000000000000000e+00
2                                      1.2116480151161648e-02         0.0000000000000000e+00        -2.0216392057224070e-03         3.9812593631551631e-03         0.0000000000000000e+00         0.0000000000000000e+00        -8.6306595180430821e-04         2.8305146615307983e-04
3                                      0.0000000000000000e+00         8.5313865120097143e-02         0.0000000000000000e+00         0.0000000000000000e+00         3.3363506956107986e-02        -5.7082541765200501e-02         0.0000000000000000e+00         0.0000000000000000e+00
4                                      0.0000000000000000e+00        -2.8076038244294169e-02         0.0000000000000000e+00         0.0000000000000000e+00         1.5340290167261691e-01         1.6743815100246980e-02         0.0000000000000000e+00         0.0000000000000000e+00
5                                     -5.5693873933152872e-02         0.0000000000000000e+00         3.2005610076885183e-02        -8.8052968659311490e-02         0.0000000000000000e+00         0.0000000000000000e+00         5.7204863167620676e-02         5.0811510892536113e-03
6                                      5.5751921590762706e-02        -2.8549629496108692e-02        -3.8746618691172640e-03         4.7874438791015918e-02         1.9864288532579995e-02         6.4744197265583239e-02         2.3727813130078837e-02        -2.8043717002197285e-03
7                                     -6.0484878658489290e-02        -2.6147847481429114e-02        -1.6219479745269522e-02         4.2508808860287878e-02        -3.3179498725928451e-02        -2.3880865186608506e-03        -2.8793078615433825e-02        -2.9337735755333373e-03
8                                      3.5996629654871180e-02        -2.4479143338116915e-02        -2.3689203753622982e-02         4.4338858664874338e-02         1.7293774362167284e-02        -3.1632285410240532e-02        -2.2361470818728229e-02         2.7806517727643298e-04
9                                     -2.0593272078541811e-02        -1.6866299007149151e-02        -5.8814377086550088e-02        -4.8659835231982203e-02        -5.2827788580927473e-02        -3.4682155905792503e-02        -3.2827732895182524e-02         8.2231358112034754e-03
10                                     3.1353811127863729e-02         5.0432727532422214e-02         3.8518266181773744e-02        -6.1456078158940899e-02         1.2920908990899782e-02         5.3234871070140998e-03        -6.2240627608161963e-03        -2.2865103368862939e-03
11                                    -5.1340979223413095e-02         5.7866020621063618e-03         3.2598310640467219e-02         3.7020931677993633e-02        -7.1572593135353399e-02         4.1938788665825469e-02         2.3400979392031612e-03        -6.8519216524397467e-03
12                                     0.0000000000000000e+00         5.7341758394680560e-03         0.0000000000000000e+00         0.0000000000000000e+00         5.3913454034281508e-02        -6.2704060585681088e-03         0.0000000000000000e+00         0.0000000000000000e+00
13                                     0.0000000000000000e+00        -2.1848656903413161e-02         0.0000000000000000e+00         0.0000000000000000e+00        -2.2472277226006802e-02        -2.7215652873712755e-02         0.0000000000000000e+00         0.0000000000000000e+00
14                                     6.4183487925061386e-02         0.0000000000000000e+00        -5.7879888282601280e-02        -7.7524327875533636e-02         0.0000000000000000e+00         0.0000000000000000e+00        -1.4645902770378985e-02         1.5439127190250194e-02
15                                     2.0593272078541811e-02        -1.6866299007149151e-02         5.8814377086550088e-02         4.8659835231982203e-02        -5.2827788580927473e-02        -3.4682155905792503e-02         3.2827732895182524e-02        -8.2231358112034754e-03
16                                    -3.1353811127863729e-02         5.0432727532422214e-02        -3.8518266181773744e-02         6.1456078158940899e-02         1.2920908990899782e-02         5.3234871070140998e-03         6.2240627608161963e-03         2.2865103368862939e-03
17                                    -5.1340979223413095e-02        -5.7866020621063618e-03         3.2598310640467219e-02         3.7020931677993633e-02         7.1572593135353399e-02        -4.1938788665825469e-02         2.3400979392031612e-03        -6.8519216524397467e-03
18                                    -4.3866076648967620e-02         4.4316290033428553e-02        -6.6185529619484013e-02        -1.0488755524120704e-02        -1.8732016127036896e-02         3.3252606501375806e-02        -8.7079760489703825e-03         1.1859560959699018e-02
19                                    -4.2825684834704024e-02        -5.5874280528767648e-03         2.4122394449320232e-02        -1.9051278481725626e-02         9.2700014905651423e-03         2.8073318169141194e-02        -3.2392362332916910e-02        -5.7013547788980698e-03
20                                     1.4227609347877871e-02        -1.9534224552402987e-02         4.4863646037716608e-02        -1.0273657877824775e-02        -4.7637213931397485e-02         1.2112663252446521e-02        -1.3482276382767467e-02        -8.7852658250635856e-03
21                                     0.0000000000000000e+00        -4.9239277477295951e-02         0.0000000000000000e+00         0.0000000000000000e+00         8.5602462811704264e-02        -6.5008236207911071e-03         0.0000000000000000e+00         0.0000000000000000e+00
22                                     0.0000000000000000e+00        -7.5848631699374072e-02         0.0000000000000000e+00         0.0000000000000000e+00        -3.4874074138923294e-02        -3.6092368255256649e-02         0.0000000000000000e+00         0.0000000000000000e+00
23                                    -9.2565095700913747e-03         0.0000000000000000e+00        -9.2208724739899758e-02         1.0372278863429500e-02         0.0000000000000000e+00         0.0000000000000000e+00         5.2710053342250041e-02         1.7609722612010378e-02
24                                     4.3866076648967620e-02         4.4316290033428553e-02         6.6185529619484013e-02         1.0488755524120704e-02        -1.8732016127036896e-02         3.3252606501375806e-02         8.7079760489703825e-03        -1.1859560959699018e-02
25                                     4.2825684834704024e-02        -5.5874280528767648e-03        -2.4122394449320232e-02         1.9051278481725626e-02         9.2700014905651423e-03         2.8073318169141194e-02         3.2392362332916910e-02         5.7013547788980698e-03
26                                     1.4227609347877871e-02         1.9534224552402987e-02         4.4863646037716608e-02        -1.0273657877824775e-02         4.7637213931397485e-02        -1.2112663252446521e-02        -1.3482276382767467e-02        -8.7852658250635856e-03
27                                     0.0000000000000000e+00        -4.0838723930829400e-02         0.0000000000000000e+00         0.0000000000000000e+00        -3.9526949714288336e-02        -3.7593849793859904e-03         0.0000000000000000e+00         0.0000000000000000e+00
28                                     0.0000000000000000e+00         8.6224166864854707e-02         0.0000000000000000e+00         0.0000000000000000e+00        -1.6171369980111792e-02        -1.6567972166551155e-02         0.0000000000000000e+00         0.0000000000000000e+00
29                                    -8.6375077420267760e-02         0.0000000000000000e+00         1.8563191056819184e-02        -5.5353200062980409e-03         0.0000000000000000e+00         0.0000000000000000e+00        -7.3881466932893200e-02        -1.2297980189806289e-02
30                                    -5.5751921590762706e-02        -2.8549629496108692e-02         3.8746618691172640e-03        -4.7874438791015918e-02         1.9864288532579995e-02         6.4744197265583239e-02        -2.3727813130078837e-02         2.8043717002197285e-03
31                                     6.0484878658489290e-02        -2.6147847481429114e-02         1.6219479745269522e-02        -4.2508808860287878e-02        -3.3179498725928451e-02        -2.3880865186608506e-03         2.8793078615433825e-02         2.9337735755333373e-03
32                                     3.5996629654871180e-02         2.4479143338116915e-02        -2.3689203753622982e-02         4.4338858664874338e-02        -1.7293774362167284e-02         3.1632285410240532e-02        -2.2361470818728229e-02         2.7806517727643298e-04
33                                     0.0000000000000000e+00        -1.0929809373710496e-01         0.0000000000000000e+00         0.0000000000000000e+00         8.3660702016000385e-02         9.4564532820771791e-02         0.0000000000000000e+00         0.0000000000000000e+00
34                                     0.0000000000000000e+00        -1.7600262409164991e-01         0.0000000000000000e+00         0.0000000000000000e+00         1.0752725436679458e-01         1.5250423368956331e-01         0.0000000000000000e+00         0.0000000000000000e+00
35                                     6.8068597157005285e-03         0.0000000000000000e+00         7.0060783077836245e-04         4.4414430623819241e-03         0.0000000000000000e+00         0.0000000000000000e+00        -1.7614732488867284e-03        -9.2667293252284228e-04
36                                    -5.3205109017943356e-02        -1.2539005927454441e-01        -1.0475012966370215e-01        -4.5558770841814873e-02        -7.5020678945654215e-02        -6.4799822500200110e-02         2.9593236621165420e-02         1.0155237192555500e-01
37                                     2.1079472785669904e-03        -2.2160477666661108e-01        -6.6738649378930218e-02        -5.0846348140635857e-02        -5.4293815425822942e-02         1.4018007323593196e-01         1.5602772060515049e-01         1.2877434262540113e-01
38                                    -1.8467709594136142e-02        -1.4367496480925376e-01        -1.0206226851614790e-01        -4.2222106206182386e-02        -5.3773266170055588e-02        -7.2637144675022511e-02         3.5611587792595982e-02         1.0508964036499290e-01
39                                     3.2582756041054234e-02         6.4836575978098457e-02         2.8167929710364258e-02         1.4023604851757490e-01         8.5080871278101430e-05        -3.1676444608517526e-02         3.9628808354273203e-02        -7.8399937992829516e-02
40                                    -9.0526999249030640e-02         1.1254576899166190e-01         3.6222970508926040e-02         1.8205339212514940e-01        -5.6257726461441365e-02        -1.3690035498340603e-01         4.2224172889541648e-04        -1.1723118769605624e-01
41                                     1.4410432054315170e-01         3.9218017754429749e-02         8.0764557266883710e-02         1.7520334017892608e-01         1.3424919032290686e-02         1.0241436582018548e-01         1.2084479518524803e-01        -9.6656743440609136e-02
42                                     1.1526387741439806e-02        -1.2048547667955486e-02        -7.0118389060295175e-02        -4.7491411753310855e-02        -6.6043347546157316e-02        -2.3814772406624349e-01        -1.4870452855664210e-01        -3.5569480312017226e-01
43                                     1.6182178832567057e-01         2.8519787147171381e-02         9.7941053032573437e-03         1.6823718842380979e-02         9.9039883558966327e-02         1.3399347117283630e-01        -2.8207794655778035e-01         5.7220032475207426e-02
44                                    -1.0246662338467624e-01         8.0200328571880669e-03         4.7010185622974418e-02         1.7132470715023700e-02        -8.6589002475980129e-02         1.4412005841241537e-01         1.4594852773767789e-01         2.1660675385518430e-01
45                                     0.0000000000000000e+00        -7.8548045445071574e-02         0.0000000000000000e+00         0.0000000000000000e+00        -7.3057234082928996e-02        -6.7403086005352011e-02         0.0000000000000000e+00         0.0000000000000000e+00
46                                     0.0000000000000000e+00         2.4632596231252270e-03         0.0000000000000000e+00         0.0000000000000000e+00         1.1974131697544419e-02        -1.0472472513336878e-02         0.0000000000000000e+00         0.0000000000000000e+00
47                                     1.2874990286359103e-01         0.0000000000000000e+00        -3.4652886418546386e-01         4.9497620444240102e-02         0.0000000000000000e+00         0.0000000000000000e+00        -2.7422226819639522e-01        -2.0864681343854474e-01
48                                     0.0000000000000000e+00         5.1219983634519441e-02         0.0000000000000000e+00         0.0000000000000000e+00         1.0406680959360871e-01         2.2221569215253971e-02         0.0000000000000000e+00         0.0000000000000000e+00
49                                     0.0000000000000000e+00         5.4013460301598135e-02         0.0000000000000000e+00         0.0000000000000000e+00         6.2445605593631305e-02         2.0849705854316777e-02         0.0000000000000000e+00         0.0000000000000000e+00
50                                     2.7676514189321760e-01         0.0000000000000000e+00         1.0183136020571618e-01        -2.8473736857409465e-01         0.0000000000000000e+00         0.0000000000000000e+00        -9.7148529721964694e-02        -2.5905047676057175e-01
51                                    -1.1526387741439806e-02        -1.2048547667955486e-02         7.0118389060295175e-02         4.7491411753310855e-02        -6.6043347546157316e-02        -2.3814772406624349e-01         1.4870452855664210e-01         3.5569480312017226e-01
52                                    -1.6182178832567057e-01         2.8519787147171381e-02        -9.7941053032573437e-03        -1.6823718842380979e-02         9.9039883558966327e-02         1.3399347117283630e-01         2.8207794655778035e-01        -5.7220032475207426e-02
53                                    -1.0246662338467624e-01        -8.0200328571880669e-03         4.7010185622974418e-02         1.7132470715023700e-02         8.6589002475980129e-02        -1.4412005841241537e-01         1.4594852773767789e-01         2.1660675385518430e-01
54                                    -1.2775826384224108e-02        -1.1566033842424710e-01        -2.3459077382282104e-01        -1.1635963290466474e-01         1.1756651525485003e-02         1.3889476276320359e-01         1.7268776488457271e-01        -1.3323855981809471e-01
55                                    -4.8143486429645221e-02         3.1796731969600922e-02         6.3764162294060858e-02         9.4145018597562771e-03         3.3261687567125290e-03        -8.9290010347400483e-04        -7.3670795200654476e-02         2.9492057563789014e-02
56                                     1.3718089147115906e-01         3.6330318849768638e-02         1.0819690083091835e-01         1.5531873731045379e-01         3.5799314915542092e-02        -1.8488127617529601e-01        -1.4230189661430030e-02         8.6379286009231532e-02
57                                    -1.2156301662748720e-01         2.3019289438644677e-01        -3.0264360557631837e-02         1.1811712765183634e-01         4.6313818223893887e-03         1.0813196442789036e-01         5.9156069934818194e-02        -2.1152981600556325e-01
58                                     1.0514454824387294e-01        -8.1742616577723581e-02        -1.5724486090798788e-02         3.6324529222864499e-02         5.9497798826669751e-02        -9.9882688700764666e-02         3.6438244749371559e-02         5.4559481701864983e-02
59                                     3.0351665409569240e-02        -1.2387888469401077e-01         3.0016129843235817e-02        -1.0450805217360798e-01        -7.2042624509939146e-02        -9.3848625104436204e-03        -7.1367284828457486e-02         1.2260681826241296e-01
60                                     0.0000000000000000e+00        -2.1719904063610629e-02         0.0000000000000000e+00         0.0000000000000000e+00         1.5099928659475614e-01        -1.9528572984348602e-01         0.0000000000000000e+00         0.0000000000000000e+00
61                                     0.0000000000000000e+00        -3.2352070490551978e-02         0.0000000000000000e+00         0.0000000000000000e+00         6.3254564210208558e-02        -3.3260795811285987e-01         0.0000000000000000e+00         0.0000000000000000e+00
62                                    -5.2279595056183237e-02         0.0000000000000000e+00        -9.7586716257149000e-02         3.7336650652454863e-03         0.0000000000000000e+00         0.0000000000000000e+00         3.9401507576651185e-01        -3.7414541069440205e-01
63                                     1.2775826384224108e-02        -1.1566033842424710e-01         2.3459077382282104e-01         1.1635963290466474e-01         1.1756651525485003e-02         1.3889476276320359e-01        -1.7268776488457271e-01         1.3323855981809471e-01
64                                     4.8143486429645221e-02         3.1796731969600922e-02        -6.3764162294060858e-02        -9.4145018597562771e-03         3.3261687567125290e-03        -8.9290010347400483e-04         7.3670795200654476e-02        -2.9492057563789014e-02
65                                     1.3718089147115906e-01        -3.6330318849768638e-02         1.0819690083091835e-01         1.5531873731045379e-01        -3.5799314915542092e-02         1.8488127617529601e-01        -1.4230189661430030e-02         8.6379286009231532e-02
66                                     1.2156301662748720e-01         2.3019289438644677e-01         3.0264360557631837e-02        -1.1811712765183634e-01         4.6313818223893887e-03         1.0813196442789036e-01        -5.9156069934818194e-02         2.1152981600556325e-01
67                                    -1.0514454824387294e-01        -8.1742616577723581e-02         1.5724486090798788e-02        -3.6324529222864499e-02         5.9497798826669751e-02        -9.9882688700764666e-02        -3.6438244749371559e-02        -5.4559481701864983e-02
68                                     3.0351665409569240e-02         1.2387888469401077e-01         3.0016129843235817e-02        -1.0450805217360798e-01         7.2042624509939146e-02         9.3848625104436204e-03        -7.1367284828457486e-02         1.2260681826241296e-01
69                                     2.0894989290117791e-01        -7.1118662575336680e-02        -1.4977325247950687e-01         7.9764149555676997e-02         2.0688611963803609e-02        -5.5379062461261903e-02         1.0907097630145902e-01         9.5885216909790627e-02
70                                     3.7827321823903595e-02         1.5351225376097097e-01         2.1201679127777892e-01        -1.9858289244754307e-01        -9.4858821087246539e-02         1.0372569473941270e-01         1.7086503530782501e-01        -1.4025203039451536e-01
71                                     6.5604180473132045e-02        -1.0707268358377670e-03        -2.4905724889006893e-02        -8.3618350910435110e-03         1.5219446951310322e-02        -8.7137783674040255e-04         5.1395521617418304e-02         1.4223959064612551e-02
72                                    -2.0894989290117791e-01        -7.1118662575336680e-02         1.4977325247950687e-01        -7.9764149555676997e-02         2.0688611963803609e-02        -5.5379062461261903e-02        -1.0907097630145902e-01        -9.5885216909790627e-02
73                                    -3.7827321823903595e-02         1.5351225376097097e-01        -2.1201679127777892e-01         1.9858289244754307e-01        -9.4858821087246539e-02         1.0372569473941270e-01        -1.7086503530782501e-01         1.4025203039451536e-01
74                                     6.5604180473132045e-02         1.0707268358377670e-03        -2.4905724889006893e-02        -8.3618350910435110e-03        -1.5219446951310322e-02         8.7137783674040255e-04         5.1395521617418304e-02         1.4223959064612551e-02
75                                     5.3205109017943356e-02        -1.2539005927454441e-01         1.0475012966370215e-01         4.5558770841814873e-02        -7.5020678945654215e-02        -6.4799822500200110e-02        -2.9593236621165420e-02        -1.0155237192555500e-01
76                                    -2.1079472785669904e-03        -2.2160477666661108e-01         6.6738649378930218e-02         5.0846348140635857e-02        -5.4293815425822942e-02         1.4018007323593196e-01        -1.5602772060515049e-01        -1.2877434262540113e-01
77                                    -1.8467709594136142e-02         1.4367496480925376e-01        -1.0206226851614790e-01        -4.2222106206182386e-02         5.3773266170055588e-02         7.2637144675022511e-02         3.5611587792595982e-02         1.0508964036499290e-01
78                                    -3.2582756041054234e-02         6.4836575978098457e-02        -2.8167929710364258e-02        -1.4023604851757490e-01         8.5080871278101430e-05        -3.1676444608517526e-02        -3.9628808354273203e-02         7.8399937992829516e-02
79                                     9.0526999249030640e-02         1.1254576899166190e-01        -3.6222970508926040e-02        -1.8205339212514940e-01        -5.6257726461441365e-02        -1.3690035498340603e-01        -4.2224172889541648e-04         1.1723118769605624e-01
80                                     1.4410432054315170e-01        -3.9218017754429749e-02         8.0764557266883710e-02         1.7520334017892608e-01        -1.3424919032290686e-02        -1.0241436582018548e-01         1.2084479518524803e-01        -9.6656743440609136e-02
                                                        40                          41                          42                          43                          44                          45                          46                          47

0                                     -1.6373462139924026e-02         0.0000000000000000e+00         2.5129807860443103e-02         0.0000000000000000e+00        -2.9616214459737434e-02         0.0000000000000000e+00         1.5963132643731739e-02         0.0000000000000000e+00
1                                     -3.4028621916310432e-02         0.0000000000000000e+00        -3.2629084127228153e-03         0.0000000000000000e+00        -3.3508949652075750e-03         0.0000000000000000e+00         1.3233624581799153e-03         0.0000000000000000e+00
2                                      0.0000000000000000e+00        -5.1793558659876942e-04         0.0000000000000000e+00        -1.1141257298226804e-02         0.0000000000000000e+00         1.4200828891688434e-02         0.0000000000000000e+00        -1.2848793695094316e-03
3                                      3.7454981046186470e-02         0.0000000000000000e+00         6.8336646524493366e-02         0.0000000000000000e+00        -2.0591717076111571e-02         0.0000000000000000e+00         4.3290803142092974e-03         0.0000000000000000e+00
4                                      9.8330097705026473e-02         0.0000000000000000e+00         4.5681939456689302e-02         0.0000000000000000e+00        -1.7726247775232653e-02         0.0000000000000000e+00         2.0786690528059055e-03         0.0000000000000000e+00
5                                      0.0000000000000000e+00         7.6223210288305055e-04         0.0000000000000000e+00         6.6302629381914488e-02         0.0000000000000000e+00        -1.3794498741820704e-01         0.0000000000000000e+00         5.5382474041804526e-02
6                                      5.4396881051729917e-03         3.6947315212458890e-04        -1.9948509871481251e-02         1.2195308495556835e-02         9.4576143278428349e-04        -2.7359091795717168e-02        -1.3075284798978262e-02         8.6577966417417610e-03
7                                     -3.1539504673381616e-03         1.6128735728656908e-03         2.5538727381014224e-02         3.2995653746518964e-02         6.3671784328098906e-03        -3.9540932441921792e-02        -3.4646316915039672e-02        -2.8547943583874080e-02
8                                      3.0728718651353650e-02         1.7694045343288054e-04         2.2478597366899031e-02        -2.6042997072769931e-02        -9.7695909962046117e-03         1.0190302493590996e-02        -1.5266265263299108e-02        -2.8919833102165282e-02
9                                     -7.8290581662616397e-03         5.7370856662454063e-03         1.2458246268854577e-02        -1.7570404631224796e-02         8.8678874959023709e-03         1.0558372547500116e-02        -4.2871280625143671e-02        -5.1366441652010902e-02
10                                    -6.1611144700571795e-02        -1.6220864601060485e-03        -3.0704698488352337e-02        -1.2491515530033073e-02        -6.1803760613871322e-04         1.0500031490710170e-02         5.0573353484985692e-02         6.3032576830616541e-02
11                                    -1.1391155140502750e-03        -3.4114361628285132e-03        -2.0274141595403423e-02         1.0104676933925291e-02        -3.7980179541244902e-03        -2.1405067740086246e-02         9.0947465977712430e-03         1.6922634108035739e-02
12                                    -2.3151137290432562e-02         0.0000000000000000e+00         3.0963419169818584e-03         0.0000000000000000e+00         2.0709394168786081e-02         0.0000000000000000e+00         3.1760055465685139e-02         0.0000000000000000e+00
13                                     7.1882148421853323e-02         0.0000000000000000e+00         2.8931602407695371e-02         0.0000000000000000e+00         1.4241359425120569e-02         0.0000000000000000e+00        -2.7691085164949697e-02         0.0000000000000000e+00
14                                     0.0000000000000000e+00         6.0734533211322982e-03         0.0000000000000000e+00        -2.2564604356320298e-02         0.0000000000000000e+00         3.8198474992050209e-02         0.0000000000000000e+00        -2.4994923388674085e-02
15                                    -7.8290581662616397e-03        -5.7370856662454063e-03         1.2458246268854577e-02         1.7570404631224796e-02         8.8678874959023709e-03        -1.0558372547500116e-02        -4.2871280625143671e-02         5.1366441652010902e-02
16                                    -6.1611144700571795e-02         1.6220864601060485e-03        -3.0704698488352337e-02         1.2491515530033073e-02        -6.1803760613871322e-04        -1.0500031490710170e-02         5.0573353484985692e-02        -6.3032576830616541e-02
17                                     1.1391155140502750e-03        -3.4114361628285132e-03         2.0274141595403423e-02         1.0104676933925291e-02         3.7980179541244902e-03        -2.1405067740086246e-02        -9.0947465977712430e-03         1.6922634108035739e-02
18                                     3.1636029972217095e-02         5.5305503469152920e-03        -1.7826705046006738e-02         7.3015794152997303e-03        -2.1390925024961606e-03        -5.2697931964362709e-03         5.3171939339478599e-02        -3.8050730445140096e-02
19                                     4.8999149649248050e-02        -1.2539861469193965e-03         8.7172109417846290e-03        -2.6770500408106062e-02        -1.5357039453243617e-02        -1.4744393116847758e-03        -7.7244140973934978e-04         2.3049787944679892e-02
20                                     3.1460648060549067e-02        -3.3047044534556605e-03         8.9680113467673819e-03        -7.7894084680163900e-04         9.7490669687224432e-03         3.4176191930369276e-02        -8.8374483961213730e-03         3.8681304626973903e-02
21                                    -2.4513550051194051e-02         0.0000000000000000e+00         2.0367609086283850e-02         0.0000000000000000e+00        -6.1707453836995418e-03         0.0000000000000000e+00        -5.6094480266142291e-02         0.0000000000000000e+00
22                                    -6.0464143567701467e-02         0.0000000000000000e+00        -1.3729424414215117e-04         0.0000000000000000e+00         1.7514508859528960e-02         0.0000000000000000e+00        -7.5484702427434519e-02         0.0000000000000000e+00
23                                     0.0000000000000000e+00         7.8990386496185713e-03         0.0000000000000000e+00         3.6385268141044293e-02         0.0000000000000000e+00        -4.5459586136446975e-02         0.0000000000000000e+00        -9.9721358598494278e-02
24                                     3.1636029972217095e-02        -5.5305503469152920e-03        -1.7826705046006738e-02        -7.3015794152997303e-03        -2.1390925024961606e-03         5.2697931964362709e-03         5.3171939339478599e-02         3.8050730445140096e-02
25                                     4.8999149649248050e-02         1.2539861469193965e-03         8.7172109417846290e-03         2.6770500408106062e-02        -1.5357039453243617e-02         1.4744393116847758e-03        -7.7244140973934978e-04        -2.3049787944679892e-02
26                                    -3.1460648060549067e-02        -3.3047044534556605e-03        -8.9680113467673819e-03        -7.7894084680163900e-04        -9.7490669687224432e-03         3.4176191930369276e-02         8.8374483961213730e-03         3.8681304626973903e-02
27                                    -2.9334929157781978e-02         0.0000000000000000e+00        -3.0964451089153237e-02         0.0000000000000000e+00        -8.5381987159513072e-03         0.0000000000000000e+00        -1.4498547434089241e-02         0.0000000000000000e+00
28                                     2.2542679308366047e-02         0.0000000000000000e+00        -2.8271153786361324e-02         0.0000000000000000e+00        -2.0347724314739649e-02         0.0000000000000000e+00         8.5664509202923692e-02         0.0000000000000000e+00
29                                     0.0000000000000000e+00         2.4191173428051615e-04         0.0000000000000000e+00        -3.2360162783478585e-02         0.0000000000000000e+00         4.2680968105076295e-02         0.0000000000000000e+00         1.0234077863083694e-02
30                                     5.4396881051729917e-03        -3.6947315212458890e-04        -1.9948509871481251e-02        -1.2195308495556835e-02         9.4576143278428349e-04         2.7359091795717168e-02        -1.3075284798978262e-02        -8.6577966417417610e-03
31                                    -3.1539504673381616e-03        -1.6128735728656908e-03         2.5538727381014224e-02        -3.2995653746518964e-02         6.3671784328098906e-03         3.9540932441921792e-02        -3.4646316915039672e-02         2.8547943583874080e-02
32                                    -3.0728718651353650e-02         1.7694045343288054e-04        -2.2478597366899031e-02        -2.6042997072769931e-02         9.7695909962046117e-03         1.0190302493590996e-02         1.5266265263299108e-02        -2.8919833102165282e-02
33                                     5.3119041126671644e-02         0.0000000000000000e+00        -2.6240946611506660e-01         0.0000000000000000e+00         1.9359917908412635e-01         0.0000000000000000e+00        -6.5402535773621290e-02         0.0000000000000000e+00
34                                     6.8479452681689867e-02         0.0000000000000000e+00        -4.2911731143972065e-01         0.0000000000000000e+00         3.2432740157612111e-01         0.0000000000000000e+00        -1.1635826955871939e-01         0.0000000000000000e+00
35                                     0.0000000000000000e+00         4.3891216476305266e-04         0.0000000000000000e+00         3.1600132084285116e-03         0.0000000000000000e+00         6.1204767434313667e-04         0.0000000000000000e+00        -2.3493301179192566e-03
36                                     3.4785711265003905e-02        -1.2318933462746656e-01        -4.4879835631040001e-03        -6.2827202372351357e-02        -1.6346088191105695e-01         1.8167519804452931e-01         9.3455385761056955e-02         2.3312540628773696e-02
37                                     1.1663437908164974e-02        -1.8275892714576789e-01        -8.9635053774859474e-02        -5.9174568177795418e-03        -2.1562791392275085e-01         2.1299518919299504e-01         1.6476998106098992e-01         1.1671982782383092e-01
38                                     5.2068767840318421e-02        -1.3220666901629194e-01        -4.2472283845173021e-03        -8.5352824778141739e-02        -1.7833548401633983e-01         2.1358327871521832e-01         1.1078076879479511e-01         2.5366857325218563e-02
39                                     7.9687486689863016e-02         1.1769614475679903e-01        -9.8918721915673385e-02        -1.5235986223498907e-01         1.4782742625069983e-01         6.4377244558970870e-02        -7.0840564984568271e-03        -2.5558076419843579e-02
40                                     1.0842719737348493e-01         1.7771143671604470e-01        -9.5133860158682554e-02        -2.0914694146416390e-01         2.2658611251832106e-01         9.1780457486347056e-02        -2.2939757765057800e-02        -7.1830102078697999e-02
41                                     6.2719158955548152e-02         1.2446718097133365e-01        -1.7915893808536557e-01        -1.4862984116917205e-01         1.6385898764062187e-01         1.8476768692065066e-02        -6.3023423321670021e-03         1.5492374791964223e-02
42                                     3.0703856498926641e-02        -8.8352818571995062e-02         3.1331679796777590e-02        -9.0811097204203703e-02         2.3139984280213099e-01        -8.9485897450011190e-02         1.2099791008572250e-01         2.5618200739116012e-02
43                                    -3.4066519568580739e-01         2.7927886019852476e-02         1.1970082625143208e-01         3.1201968247567213e-01         5.7736836988633251e-02         1.4743121906959492e-01        -8.8637019211494777e-03        -5.1354585387519858e-02
44                                     4.3327762461636471e-02         5.0805973857460177e-02        -7.1480079439439459e-02        -2.4603756290445675e-02        -1.6380879641918175e-01         1.3424690500553152e-02        -8.2180955392815974e-02        -4.8769316746486453e-03
45                                     1.6289741838055422e-01         0.0000000000000000e+00         7.4456683117547343e-02         0.0000000000000000e+00         4.6048213243553272e-02         0.0000000000000000e+00        -5.6148236586052384e-02         0.0000000000000000e+00
46                                     1.8094066321087589e-02         0.0000000000000000e+00         7.9898130284308446e-03         0.0000000000000000e+00         8.4080864750690799e-03         0.0000000000000000e+00         1.2745127390512247e-03         0.0000000000000000e+00
47                                     0.0000000000000000e+00         2.6362640305410906e-01         0.0000000000000000e+00         3.1980367448089259e-01         0.0000000000000000e+00         4.0842013793216482e-02         0.0000000000000000e+00         3.7613389962138205e-01
48                                    -1.3287133877097287e-01         0.0000000000000000e+00        -3.6371579362388252e-02         0.0000000000000000e+00         2.1902986826407032e-02         0.0000000000000000e+00         7.9479966244243111e-02         0.0000000000000000e+00
49                                    -1.0769099406455991e-01         0.0000000000000000e+00        -3.6873930421941266e-02         0.0000000000000000e+00         1.3233621442374853e-02         0.0000000000000000e+00         5.5785674614802737e-02         0.0000000000000000e+00
50                                     0.0000000000000000e+00        -3.6199257778138944e-01         0.0000000000000000e+00        -2.3570550790634950e-01         0.0000000000000000e+00        -2.2881218948203896e-01         0.0000000000000000e+00        -3.0283442805448574e-01
51                                     3.0703856498926641e-02         8.8352818571995062e-02         3.1331679796777590e-02         9.0811097204203703e-02         2.3139984280213099e-01         8.9485897450011190e-02         1.2099791008572250e-01        -2.5618200739116012e-02
52                                    -3.4066519568580739e-01        -2.7927886019852476e-02         1.1970082625143208e-01        -3.1201968247567213e-01         5.7736836988633251e-02        -1.4743121906959492e-01        -8.8637019211494777e-03         5.1354585387519858e-02
53                                    -4.3327762461636471e-02         5.0805973857460177e-02         7.1480079439439459e-02        -2.4603756290445675e-02         1.6380879641918175e-01         1.3424690500553152e-02         8.2180955392815974e-02        -4.8769316746486453e-03
54                                    -1.3481851734441055e-01         2.1080107360118183e-01         2.1005623432008719e-01        -1.1953531411679820e-01         1.6710370473401495e-01        -1.0031054251419256e-02         1.3415894007461737e-01         1.0710484016462499e-01
55                                     8.2522851739586484e-02        -5.0785115436515524e-02        -4.6772000821323517e-02         5.1931534466517050e-03        -5.5692029423931463e-02        -3.6275895914541613e-03        -2.4032453628222091e-02        -1.4990322942276209e-02
56                                    -6.9637490284348458e-02        -1.2484935330491755e-01        -1.2115703393144270e-01         1.3697843327429624e-01        -6.6317117918922822e-02         1.1145036099986609e-03        -1.1325282412318124e-01        -1.0045340515527490e-01
57                                     9.7666915188253604e-03        -2.9643686763698701e-01        -9.3713540191709771e-02         1.0622231103633846e-01        -1.6473887574838653e-01         9.6767356642698116e-02        -2.7849799041796680e-01        -9.5299108676228528e-03
58                                    -1.3342357369449037e-01         7.1723795634560356e-02         1.7463906876865897e-02        -1.4592653920706329e-02         3.9223625388990782e-02        -6.8327941081456761e-02         2.6172525840475663e-02        -2.7913129871413377e-02
59                                     8.5052353086452953e-02         1.7608447892950835e-01         5.6814272414457273e-02        -6.5578097445205014e-02         1.0386941858117657e-01        -1.7296465641604718e-02         1.9781572794527008e-01         2.9171707803044018e-02
60                                    -6.2657256727503538e-02         0.0000000000000000e+00        -1.7682707179716523e-01         0.0000000000000000e+00        -1.3947380408009530e-01         0.0000000000000000e+00        -2.0329813859858180e-02         0.0000000000000000e+00
61                                    -1.1970501243808639e-01         0.0000000000000000e+00        -3.0542189897430427e-01         0.0000000000000000e+00        -1.9068939067184018e-01         0.0000000000000000e+00        -2.3339121795086525e-02         0.0000000000000000e+00
62                                     0.0000000000000000e+00        -1.0382865231006305e-01         0.0000000000000000e+00         2.5226233419902505e-01         0.0000000000000000e+00         2.4033504402533101e-01         0.0000000000000000e+00         9.7327207635656859e-02
63                                    -1.3481851734441055e-01        -2.1080107360118183e-01         2.1005623432008719e-01         1.1953531411679820e-01         1.6710370473401495e-01         1.0031054251419256e-02         1.3415894007461737e-01        -1.0710484016462499e-01
64                                     8.2522851739586484e-02         5.0785115436515524e-02        -4.6772000821323517e-02        -5.1931534466517050e-03        -5.5692029423931463e-02         3.6275895914541613e-03        -2.4032453628222091e-02         1.4990322942276209e-02
65                                     6.9637490284348458e-02        -1.2484935330491755e-01         1.2115703393144270e-01         1.3697843327429624e-01         6.6317117918922822e-02         1.1145036099986609e-03         1.1325282412318124e-01        -1.0045340515527490e-01
66                                     9.7666915188253604e-03         2.9643686763698701e-01        -9.3713540191709771e-02        -1.0622231103633846e-01        -1.6473887574838653e-01        -9.6767356642698116e-02        -2.7849799041796680e-01         9.5299108676228528e-03
67                                    -1.3342357369449037e-01        -7.1723795634560356e-02         1.7463906876865897e-02         1.4592653920706329e-02         3.9223625388990782e-02         6.8327941081456761e-02         2.6172525840475663e-02         2.7913129871413377e-02
68                                    -8.5052353086452953e-02         1.7608447892950835e-01        -5.6814272414457273e-02        -6.5578097445205014e-02        -1.0386941858117657e-01        -1.7296465641604718e-02        -1.9781572794527008e-01         2.9171707803044018e-02
69                                    -1.3322348717817189e-02        -9.7576155620057781e-02        -1.0390550789356157e-01        -1.5226157231259687e-02        -4.8649995384544800e-02        -1.7083687056431124e-01         8.0116626187734394e-02         1.0389581213227778e-01
70                                     1.1632996484626840e-02         2.3317049231837406e-01         1.8438447566591593e-01         2.1481382504143293e-01         4.8853079556546886e-02         1.7525396235782126e-01        -1.9292246091461285e-01        -3.0023466859122844e-01
71                                     6.3140690899899966e-03        -6.2268918277314205e-04         8.8977100411999580e-03         2.0475462294352601e-02        -6.2869742205916238e-03        -3.1262023223314304e-02        -1.2868853395632327e-02        -4.4950030597723269e-03
72                                    -1.3322348717817189e-02         9.7576155620057781e-02        -1.0390550789356157e-01         1.5226157231259687e-02        -4.8649995384544800e-02         1.7083687056431124e-01         8.0116626187734394e-02        -1.0389581213227778e-01
73                                     1.1632996484626840e-02        -2.3317049231837406e-01         1.8438447566591593e-01        -2.1481382504143293e-01         4.8853079556546886e-02        -1.7525396235782126e-01        -1.9292246091461285e-01         3.0023466859122844e-01
74                                    -6.3140690899899966e-03        -6.2268918277314205e-04        -8.8977100411999580e-03         2.0475462294352601e-02         6.2869742205916238e-03        -3.1262023223314304e-02         1.2868853395632327e-02        -4.4950030597723269e-03
75                                     3.4785711265003905e-02         1.2318933462746656e-01        -4.4879835631040001e-03         6.2827202372351357e-02        -1.6346088191105695e-01        -1.8167519804452931e-01         9.3455385761056955e-02        -2.3312540628773696e-02
76                                     1.1663437908164974e-02         1.8275892714576789e-01        -8.9635053774859474e-02         5.9174568177795418e-03        -2.1562791392275085e-01        -2.1299518919299504e-01         1.6476998106098992e-01        -1.1671982782383092e-01
77                                    -5.2068767840318421e-02        -1.3220666901629194e-01         4.2472283845173021e-03        -8.5352824778141739e-02         1.7833548401633983e-01         2.1358327871521832e-01        -1.1078076879479511e-01         2.5366857325218563e-02
78                                     7.9687486689863016e-02        -1.1769614475679903e-01        -9.8918721915673385e-02         1.5235986223498907e-01         1.4782742625069983e-01        -6.4377244558970870e-02        -7.0840564984568271e-03         2.5558076419843579e-02
79                                     1.0842719737348493e-01        -1.7771143671604470e-01        -9.5133860158682554e-02         2.0914694146416390e-01         2.2658611251832106e-01        -9.1780457486347056e-02        -2.2939757765057800e-02         7.1830102078697999e-02
80                                    -6.2719158955548152e-02         1.2446718097133365e-01         1.7915893808536557e-01        -1.4862984116917205e-01        -1.6385898764062187e-01         1.8476768692065066e-02         6.3023423321670021e-03         1.5492374791964223e-02
                                                        48                          49                          50                          51                          52                          53                          54                          55

0                                      0.0000000000000000e+00         5.9113739490860703e-03         1.5910875317627315e-02         0.0000000000000000e+00         0.0000000000000000e+00        -2.8166573267627858e-02         0.0000000000000000e+00         1.3315380751108018e-02
1                                      0.0000000000000000e+00        -2.5191427719511374e-03         2.1990894206483924e-03         0.0000000000000000e+00         0.0000000000000000e+00        -5.7697706924836082e-03         0.0000000000000000e+00         3.2420323449896993e-03
2                                      1.1429080182023630e-03         0.0000000000000000e+00         0.0000000000000000e+00         9.6869069533022742e-05        -1.5353671473583038e-04         0.0000000000000000e+00         4.7743937447725553e-03         0.0000000000000000e+00
3                                      0.0000000000000000e+00        -4.5313677688376318e-02        -1.8035037388114888e-02         0.0000000000000000e+00         0.0000000000000000e+00         8.9756556322921038e-02         0.0000000000000000e+00        -4.7148220107706862e-02
4                                      0.0000000000000000e+00        -4.7645082698773329e-02         1.4353692424407890e-02         0.0000000000000000e+00         0.0000000000000000e+00        -3.4523325850167416e-02         0.0000000000000000e+00        -2.1843507778074596e-02
5                                     -6.8068573882208105e-02         0.0000000000000000e+00         0.0000000000000000e+00         4.7391350954262473e-02         2.9009921544120884e-03         0.0000000000000000e+00        -3.7056808683957727e-02         0.0000000000000000e+00
6                                      2.7010710383679113e-02         2.6342012224058464e-02        -3.0070658931657421e-02        -3.5368371190598005e-02         1.5570181705470952e-03        -4.0643446557753100e-02        -2.8971307308875193e-03         2.9584752082596599e-02
7                                      3.1638451841606123e-02         5.8603298019408445e-02        -2.8013253006182143e-02        -4.8482758294411933e-02        -1.5193784811998899e-03        -2.5627731473349749e-03        -1.2947097863832821e-02         2.5340141822984726e-02
8                                      1.4428083635912659e-02         5.3159590083357855e-03        -2.3294750276026704e-02        -6.7525368465170418e-02        -4.0749766573576025e-03        -8.2288741115364890e-03         4.4251831132506494e-03         2.4510181196093113e-02
9                                     -6.3628475206136625e-02        -2.0904227384888615e-02         5.6417777396389431e-02        -1.2754071059789216e-02        -3.2694250020959444e-02         6.4578773075385051e-02         2.5088171536606533e-02        -1.2477717259070497e-02
10                                    -5.5777528527997763e-02        -9.2729132962244443e-02        -2.6695081538067694e-02        -3.0298282745743277e-03         5.9274823685893045e-03         1.2912804607336308e-03         4.4643012033404927e-02         4.1095959224248774e-02
11                                     5.9727149968899378e-02         8.5611891693561943e-03        -6.5397326958854902e-03         6.1498874949871322e-02         2.0978720534055854e-02        -1.4367598516683800e-02         2.3150528601536109e-02         4.6259574556907013e-03
12                                     0.0000000000000000e+00         1.9966979835020961e-02        -3.0285396121956989e-02         0.0000000000000000e+00         0.0000000000000000e+00        -3.5826398446658685e-02         0.0000000000000000e+00         1.0446293625594261e-03
13                                     0.0000000000000000e+00         4.3752157377244173e-02         5.5058491381404029e-03         0.0000000000000000e+00         0.0000000000000000e+00        -6.4647739274246935e-03         0.0000000000000000e+00        -7.9549389434594945e-03
14                                    -6.6844888240353131e-02         0.0000000000000000e+00         0.0000000000000000e+00        -2.9357629695893887e-02         7.5231982932339084e-02         0.0000000000000000e+00        -1.1401863554105728e-01         0.0000000000000000e+00
15                                     6.3628475206136625e-02        -2.0904227384888615e-02         5.6417777396389431e-02         1.2754071059789216e-02         3.2694250020959444e-02         6.4578773075385051e-02        -2.5088171536606533e-02        -1.2477717259070497e-02
16                                     5.5777528527997763e-02        -9.2729132962244443e-02        -2.6695081538067694e-02         3.0298282745743277e-03        -5.9274823685893045e-03         1.2912804607336308e-03        -4.4643012033404927e-02         4.1095959224248774e-02
17                                     5.9727149968899378e-02        -8.5611891693561943e-03         6.5397326958854902e-03         6.1498874949871322e-02         2.0978720534055854e-02         1.4367598516683800e-02         2.3150528601536109e-02        -4.6259574556907013e-03
18                                    -2.7322037272804266e-02         9.5658943977948024e-03        -1.6377764756114410e-02        -5.5475330946115151e-03         6.1954312795228159e-02        -5.1189299220060200e-02         4.8335277230757014e-02        -5.8487519860992869e-02
19                                    -1.2722703807341014e-02         3.9995402332295274e-02        -1.2038765852761867e-03         9.7342321859662621e-03        -1.4887045749944202e-02         3.2329443162851343e-02        -4.9274660026078212e-03         4.4544239425143061e-03
20                                    -8.5553844578406622e-03        -7.2276947861921173e-03        -7.4062388223018463e-03        -3.6066588431320601e-02        -3.8475149137825723e-02         1.1376734093991604e-02        -3.5898337559692670e-02         3.7528513413887264e-02
21                                     0.0000000000000000e+00        -2.2934972860839925e-02         6.6394012997970708e-02         0.0000000000000000e+00         0.0000000000000000e+00        -9.0446883906583567e-03         0.0000000000000000e+00         4.7932209255052753e-02
22                                     0.0000000000000000e+00        -7.2180092371445681e-02         3.5810038623798966e-02         0.0000000000000000e+00         0.0000000000000000e+00        -9.1498479922952597e-02         0.0000000000000000e+00        -5.4883271030444405e-03
23                                    -1.7431505746585384e-02         0.0000000000000000e+00         0.0000000000000000e+00         8.8457535719369304e-02        -3.4295181723191105e-02         0.0000000000000000e+00        -5.7987732786015408e-04         0.0000000000000000e+00
24                                     2.7322037272804266e-02         9.5658943977948024e-03        -1.6377764756114410e-02         5.5475330946115151e-03        -6.1954312795228159e-02        -5.1189299220060200e-02        -4.8335277230757014e-02        -5.8487519860992869e-02
25                                     1.2722703807341014e-02         3.9995402332295274e-02        -1.2038765852761867e-03        -9.7342321859662621e-03         1.4887045749944202e-02         3.2329443162851343e-02         4.9274660026078212e-03         4.4544239425143061e-03
26                                    -8.5553844578406622e-03         7.2276947861921173e-03         7.4062388223018463e-03        -3.6066588431320601e-02        -3.8475149137825723e-02        -1.1376734093991604e-02        -3.5898337559692670e-02        -3.7528513413887264e-02
27                                     0.0000000000000000e+00         1.1029502562749687e-02        -5.2962671246295522e-02         0.0000000000000000e+00         0.0000000000000000e+00        -1.7779375148242394e-02         0.0000000000000000e+00        -2.1059662300349283e-02
28                                     0.0000000000000000e+00         6.6756312796508926e-02         7.1009669487313576e-02         0.0000000000000000e+00         0.0000000000000000e+00         2.6240470287132334e-02         0.0000000000000000e+00         6.1789378116274919e-02
29                                     2.8913414806991566e-02         0.0000000000000000e+00         0.0000000000000000e+00        -2.9180411373179279e-02         1.8960864743094708e-03         0.0000000000000000e+00         3.1658988049306702e-03         0.0000000000000000e+00
30                                    -2.7010710383679113e-02         2.6342012224058464e-02        -3.0070658931657421e-02         3.5368371190598005e-02        -1.5570181705470952e-03        -4.0643446557753100e-02         2.8971307308875193e-03         2.9584752082596599e-02
31                                    -3.1638451841606123e-02         5.8603298019408445e-02        -2.8013253006182143e-02         4.8482758294411933e-02         1.5193784811998899e-03        -2.5627731473349749e-03         1.2947097863832821e-02         2.5340141822984726e-02
32                                     1.4428083635912659e-02        -5.3159590083357855e-03         2.3294750276026704e-02        -6.7525368465170418e-02        -4.0749766573576025e-03         8.2288741115364890e-03         4.4251831132506494e-03        -2.4510181196093113e-02
33                                     0.0000000000000000e+00        -2.6767410766341052e-02        -7.7837748701117135e-02         0.0000000000000000e+00         0.0000000000000000e+00         1.5966671629224305e-01         0.0000000000000000e+00        -5.5343976292065777e-02
34                                     0.0000000000000000e+00        -5.0094760072666833e-02        -1.3352764943302547e-01         0.0000000000000000e+00         0.0000000000000000e+00         2.6529987184113457e-01         0.0000000000000000e+00        -9.5193474784844079e-02
35                                     5.1942093727402501e-03         0.0000000000000000e+00         0.0000000000000000e+00        -2.0832966396874615e-03         8.0341135213926947e-07         0.0000000000000000e+00        -1.7361512911448055e-03         0.0000000000000000e+00
36                                     7.9757388328727266e-02        -8.1577221850361759e-02         3.5073058313351085e-02         1.0472561848180940e-01         9.9128590631121991e-03         6.8581844993037086e-02         6.7281115143932618e-02        -4.2677761344999086e-02
37                                     1.3240463263242883e-01        -1.1095785742904313e-01         4.1588381254576055e-02         2.1863457128177069e-01         2.7519005178386784e-02         4.4830187503445678e-03         1.7792540584848113e-02        -1.5069719554637589e-01
38                                     7.8525492887789275e-02        -1.0942611614296005e-01         3.7090978552671905e-02         1.0178988328168004e-01         1.0406182429061989e-02         6.0290602917185944e-02         6.2710998825772232e-02        -6.3446399261072053e-02
39                                    -1.2927397880697297e-01        -5.4380651699375622e-02         1.2828447228878567e-01         1.0457524647629834e-01        -9.2242711369680368e-03         3.0383783473217573e-03         2.4543675194656665e-03        -6.5754369673485108e-02
40                                    -2.0040192505690557e-01        -6.1978825814163238e-02         2.0772591363759460e-01         1.6557237531616847e-01        -1.5922108323849847e-02         4.9381734625988973e-02        -1.2455136950064090e-02        -1.2051273318998444e-01
41                                    -1.1596879996191960e-01        -2.9512136842686786e-02         1.1123418882670445e-01         1.3342760618962990e-01        -3.0724745395322422e-03        -4.3907637157405227e-02         4.4803176883959343e-02         1.7435581689649836e-02
42                                     6.6124481779013672e-02         2.2799198593700307e-02        -1.5409712143073506e-01         1.6209197050227156e-01         2.8140094383981190e-01        -1.4280795268148036e-01        -5.4807326896293550e-02         1.3081654239428100e-01
43                                     4.5727729504886433e-02         2.8581393601165228e-01         1.7390963217240152e-01         1.8112447994094308e-01        -5.5831315864476906e-02         4.7087928009727414e-02        -2.1072793908490428e-01        -2.9045670540834051e-01
44                                    -5.1023713370755633e-02        -1.1267384048050952e-01         8.0132073309922558e-02        -1.0194868938298703e-01        -1.6951074536522384e-01         1.0916226026794562e-01         1.4175347493132651e-01        -5.5795491123047138e-03
45                                     0.0000000000000000e+00         8.7917990635488802e-02         3.0678535426012139e-02         0.0000000000000000e+00         0.0000000000000000e+00         1.8274787442840081e-02         0.0000000000000000e+00        -5.2465888489754619e-03
46                                     0.0000000000000000e+00         2.0503582187050926e-02        -1.2613824535063439e-02         0.0000000000000000e+00         0.0000000000000000e+00        -2.0962899289894154e-02         0.0000000000000000e+00        -2.2661387436517730e-03
47                                    -5.3105090777133157e-02         0.0000000000000000e+00         0.0000000000000000e+00         8.9607127292130120e-02        -2.4233600475066369e-01         0.0000000000000000e+00         4.4457162851753290e-01         0.0000000000000000e+00
48                                     0.0000000000000000e+00        -3.2503989942400037e-02        -3.8350432448247006e-02         0.0000000000000000e+00         0.0000000000000000e+00        -2.6165953319561498e-02         0.0000000000000000e+00         2.0367702354399827e-02
49                                     0.0000000000000000e+00        -4.8516797034490175e-02        -1.4221246242951444e-02         0.0000000000000000e+00         0.0000000000000000e+00         3.5260794545124981e-03         0.0000000000000000e+00         2.5527172552389812e-02
50                                     2.0958157093484300e-01         0.0000000000000000e+00         0.0000000000000000e+00         1.4630217090575125e-02        -2.9087240388837388e-01         0.0000000000000000e+00         3.0977551423717720e-01         0.0000000000000000e+00
51                                    -6.6124481779013672e-02         2.2799198593700307e-02        -1.5409712143073506e-01        -1.6209197050227156e-01        -2.8140094383981190e-01        -1.4280795268148036e-01         5.4807326896293550e-02         1.3081654239428100e-01
52                                    -4.5727729504886433e-02         2.8581393601165228e-01         1.7390963217240152e-01        -1.8112447994094308e-01         5.5831315864476906e-02         4.7087928009727414e-02         2.1072793908490428e-01        -2.9045670540834051e-01
53                                    -5.1023713370755633e-02         1.1267384048050952e-01        -8.0132073309922558e-02        -1.0194868938298703e-01        -1.6951074536522384e-01        -1.0916226026794562e-01         1.4175347493132651e-01         5.5795491123047138e-03
54                                     2.4354195156505917e-01        -6.4895181582179620e-02        -3.4994139915492987e-02        -1.5420091948752825e-02        -1.9370138373722598e-01         2.7086888252860147e-01        -1.7477379471231244e-01         2.1904329693988875e-01
55                                    -7.3573649629900692e-02         5.2140769337340694e-02         5.4887518706812936e-03         1.4800080053587170e-02         4.6968217208423410e-02        -4.6129193928919107e-02         4.5015465106229738e-02        -6.4320853714883663e-02
56                                    -9.2464936817179669e-02        -3.6958850939968015e-02         5.2501153937909335e-02         3.9325479664627724e-02         1.1739127662144475e-01        -1.8246664572378668e-01         1.5105892953783773e-01        -5.4226483798935174e-02
57                                    -1.9379513946613078e-01         8.8974113958147725e-03         2.1170328581097603e-02        -3.4774992666083476e-03        -2.4584489390327935e-01         9.6671239691128591e-03        -1.4113061531054541e-01         1.9842187067301864e-01
58                                     9.2826543857606289e-02        -5.7247697051672979e-02         1.3146662336638738e-02         2.4744157124602047e-02         5.9888820479231601e-02        -4.9904117149596940e-03        -1.3653532140157741e-02        -8.7408534809353608e-02
59                                     7.9296686854733789e-02         1.0767434103753463e-02        -3.1925226499448796e-02        -3.7046875133308364e-02         1.4441783169757827e-01        -2.1055629407764752e-02         9.2697512433415757e-02        -1.0124220282024984e-01
60                                     0.0000000000000000e+00         1.4941275652779340e-01        -1.7582248555333171e-01         0.0000000000000000e+00         0.0000000000000000e+00         1.9633073760405023e-01         0.0000000000000000e+00        -6.4376190955691458e-03
61                                     0.0000000000000000e+00         1.9802919047200085e-01        -3.3923880215608887e-01         0.0000000000000000e+00         0.0000000000000000e+00         2.3306476547013028e-01         0.0000000000000000e+00        -9.5612336849934060e-02
62                                    -3.5077275859806148e-02         0.0000000000000000e+00         0.0000000000000000e+00        -3.3506781772838262e-01         3.0835551713260478e-01         0.0000000000000000e+00         1.6100177391667062e-01         0.0000000000000000e+00
63                                    -2.4354195156505917e-01        -6.4895181582179620e-02        -3.4994139915492987e-02         1.5420091948752825e-02         1.9370138373722598e-01         2.7086888252860147e-01         1.7477379471231244e-01         2.1904329693988875e-01
64                                     7.3573649629900692e-02         5.2140769337340694e-02         5.4887518706812936e-03        -1.4800080053587170e-02        -4.6968217208423410e-02        -4.6129193928919107e-02        -4.5015465106229738e-02        -6.4320853714883663e-02
65                                    -9.2464936817179669e-02         3.6958850939968015e-02        -5.2501153937909335e-02         3.9325479664627724e-02         1.1739127662144475e-01         1.8246664572378668e-01         1.5105892953783773e-01         5.4226483798935174e-02
66                                     1.9379513946613078e-01         8.8974113958147725e-03         2.1170328581097603e-02         3.4774992666083476e-03         2.4584489390327935e-01         9.6671239691128591e-03         1.4113061531054541e-01         1.9842187067301864e-01
67                                    -9.2826543857606289e-02        -5.7247697051672979e-02         1.3146662336638738e-02        -2.4744157124602047e-02        -5.9888820479231601e-02        -4.9904117149596940e-03         1.3653532140157741e-02        -8.7408534809353608e-02
68                                     7.9296686854733789e-02        -1.0767434103753463e-02         3.1925226499448796e-02        -3.7046875133308364e-02         1.4441783169757827e-01         2.1055629407764752e-02         9.2697512433415757e-02         1.0124220282024984e-01
69                                    -8.9970526066451686e-02         7.6377435221292089e-02         9.8032529366301371e-02         4.3161776575739712e-02         5.9097464151583066e-03         3.3846100243249680e-03        -3.1744229367384254e-02         8.5461466466325478e-02
70                                     6.9416409568344009e-02        -1.6217142891621791e-01        -2.9801322478962705e-01         5.6078602355779210e-02        -2.4027799653295108e-02         1.8412586518419871e-02         5.8154557840125784e-02        -2.3116702836783193e-01
71                                    -1.7012913492584113e-02        -1.7218738476071745e-02        -7.3875000614820167e-04         2.1102754044610539e-02        -1.4247270193940044e-03         9.5533190333589504e-03        -3.8745977482258823e-03        -8.9880066996068184e-03
72                                     8.9970526066451686e-02         7.6377435221292089e-02         9.8032529366301371e-02        -4.3161776575739712e-02        -5.9097464151583066e-03         3.3846100243249680e-03         3.1744229367384254e-02         8.5461466466325478e-02
73                                    -6.9416409568344009e-02        -1.6217142891621791e-01        -2.9801322478962705e-01        -5.6078602355779210e-02         2.4027799653295108e-02         1.8412586518419871e-02        -5.8154557840125784e-02        -2.3116702836783193e-01
74                                    -1.7012913492584113e-02         1.7218738476071745e-02         7.3875000614820167e-04         2.1102754044610539e-02        -1.4247270193940044e-03        -9.5533190333589504e-03        -3.8745977482258823e-03         8.9880066996068184e-03
75                                    -7.9757388328727266e-02        -8.1577221850361759e-02         3.5073058313351085e-02        -1.0472561848180940e-01        -9.9128590631121991e-03         6.8581844993037086e-02        -6.7281115143932618e-02        -4.2677761344999086e-02
76                                    -1.3240463263242883e-01        -1.1095785742904313e-01         4.1588381254576055e-02        -2.1863457128177069e-01        -2.7519005178386784e-02         4.4830187503445678e-03        -1.7792540584848113e-02        -1.5069719554637589e-01
77                                     7.8525492887789275e-02         1.0942611614296005e-01        -3.7090978552671905e-02         1.0178988328168004e-01         1.0406182429061989e-02        -6.0290602917185944e-02         6.2710998825772232e-02         6.3446399261072053e-02
78                                     1.2927397880697297e-01        -5.4380651699375622e-02         1.2828447228878567e-01        -1.0457524647629834e-01         9.2242711369680368e-03         3.0383783473217573e-03        -2.4543675194656665e-03        -6.5754369673485108e-02
79                                     2.0040192505690557e-01        -6.1978825814163238e-02         2.0772591363759460e-01        -1.6557237531616847e-01         1.5922108323849847e-02         4.9381734625988973e-02         1.2455136950064090e-02        -1.2051273318998444e-01
80                                    -1.1596879996191960e-01         2.9512136842686786e-02        -1.1123418882670445e-01         1.3342760618962990e-01        -3.0724745395322422e-03         4.3907637157405227e-02         4.4803176883959343e-02        -1.7435581689649836e-02
                                                        56                          57                          58                          59                          60                          61                          62                          63

0                                     -1.2387135470645827e-02         0.0000000000000000e+00        -3.9001960540600837e-02         0.0000000000000000e+00         1.3878539853034587e-03         0.0000000000000000e+00        -3.7044670612637506e-04         2.5342602914522989e-03
1                                     -6.3975043020926916e-04         0.0000000000000000e+00        -5.9802454583770736e-03         0.0000000000000000e+00         8.9065194489892726e-05         0.0000000000000000e+00        -2.3299662056428910e-04        -1.5996293756317141e-03
2                                      0.0000000000000000e+00        -4.0522547541069487e-03         0.0000000000000000e+00         3.1808613227309858e-05         0.0000000000000000e+00        -4.5407317949837356e-04         0.0000000000000000e+00         0.0000000000000000e+00
3                                      1.5978094718054069e-02         0.0000000000000000e+00         1.3314298754822332e-01         0.0000000000000000e+00        -6.5829797428535756e-03         0.0000000000000000e+00        -1.1774897106764481e-03        -2.4285884274852908e-03
4                                     -4.8125715329771362e-02         0.0000000000000000e+00        -5.9913279896380900e-02         0.0000000000000000e+00         4.3634733577925505e-03         0.0000000000000000e+00         3.8567962532569254e-03         2.4278426145350484e-02
5                                      0.0000000000000000e+00         6.1736689270841978e-02         0.0000000000000000e+00        -4.3953586150153436e-03         0.0000000000000000e+00        -1.2013008395757062e-03         0.0000000000000000e+00         0.0000000000000000e+00
6                                      2.0317360638589139e-02        -2.3783456729010496e-02        -1.9788423366932515e-02        -1.3855867190883314e-02        -8.5504821111844279e-03        -5.3640583877350096e-03        -4.9335441916959514e-03        -1.3051292741594117e-02
7                                      4.3208636481486484e-02        -4.2179609302400627e-03         2.1696929048621003e-02         3.1463723215428438e-02         1.6993619577823124e-02         2.3245926178667869e-02         1.6163506188271268e-02         9.9983119097769423e-04
8                                      3.6909670929329744e-02        -3.6900392085415866e-02        -1.3055220916979957e-02        -3.5569676830193540e-02        -2.2100639285265285e-02        -1.7133652978158210e-02        -1.7160096529964614e-02        -2.4009087314723201e-02
9                                      3.2848686572590040e-02         4.2719060518963660e-02        -4.0290759262567845e-02        -1.9616232750118935e-03         3.4287712779606308e-03        -5.2859155206728143e-03        -3.9758107353983748e-03         4.9845436469946550e-03
10                                     2.2571891524624684e-02        -7.0090234861365175e-02        -1.5163916551055437e-02         3.6077620119489250e-03         1.5211909136756867e-03        -2.2569079729895993e-03        -6.2904081892881515e-04         1.0857767688966578e-03
11                                    -5.5188181351836271e-02         6.8166309894791529e-03         3.1384134088861738e-02        -2.0717636375798148e-03        -2.8494625064496575e-03        -9.9879623829376343e-03        -4.6340040434415791e-03         5.8442095202910277e-03
12                                    -2.3367177479901836e-02         0.0000000000000000e+00         2.4826678928766388e-02         0.0000000000000000e+00         3.8275917173052003e-02         0.0000000000000000e+00        -4.5961608856772598e-02         3.8359891157924458e-02
13                                    -1.2977599492684158e-02         0.0000000000000000e+00         8.9146489270676126e-03         0.0000000000000000e+00         1.4568357281552376e-02         0.0000000000000000e+00        -1.9368086526254970e-02         1.4433367664837148e-02
14                                     0.0000000000000000e+00        -2.7281712962765388e-02         0.0000000000000000e+00         4.3144354995851251e-03         0.0000000000000000e+00         1.8396970793221508e-02         0.0000000000000000e+00         0.0000000000000000e+00
15                                     3.2848686572590040e-02        -4.2719060518963660e-02        -4.0290759262567845e-02         1.9616232750118935e-03         3.4287712779606308e-03         5.2859155206728143e-03        -3.9758107353983748e-03         4.9845436469946550e-03
16                                     2.2571891524624684e-02         7.0090234861365175e-02        -1.5163916551055437e-02        -3.6077620119489250e-03         1.5211909136756867e-03         2.2569079729895993e-03        -6.2904081892881515e-04         1.0857767688966578e-03
17                                     5.5188181351836271e-02         6.8166309894791529e-03        -3.1384134088861738e-02        -2.0717636375798148e-03         2.8494625064496575e-03        -9.9879623829376343e-03         4.6340040434415791e-03        -5.8442095202910277e-03
18                                     4.2612084623252507e-02         2.1467554197809796e-02         5.4767298972106509e-03         6.1878650090313918e-03         6.0215900751208352e-03        -2.0464503195348909e-02         5.6908679940336450e-03        -1.2059585421916335e-02
19                                    -1.0784805048377918e-02        -2.5197217807697080e-02        -8.2389035039285331e-03        -1.8208874362071283e-02        -1.1730191928058530e-02         3.5412792653041196e-02         1.6923205664383295e-02         2.4050221073021315e-02
20                                    -3.5513463580006926e-02         1.8908345193954453e-02         7.1266048276471755e-03         2.1387482786482233e-02         1.1491757351569159e-02        -2.9709407636763652e-02        -2.8828814675657437e-02        -2.5178420987291852e-02
21                                    -1.2640567000292311e-02         0.0000000000000000e+00         4.1565431487018321e-02         0.0000000000000000e+00        -4.0281135549416966e-03         0.0000000000000000e+00        -1.2134687931892194e-02        -5.6750166867975405e-03
22                                     8.2970959777590343e-03         0.0000000000000000e+00         4.6469052788713300e-02         0.0000000000000000e+00        -4.0506006363548687e-03         0.0000000000000000e+00         6.2833664565662166e-03         1.7046664236966527e-03
23                                     0.0000000000000000e+00        -9.1983751624814536e-02         0.0000000000000000e+00         3.5945697602657142e-03         0.0000000000000000e+00        -1.6777190011638414e-03         0.0000000000000000e+00         0.0000000000000000e+00
24                                     4.2612084623252507e-02        -2.1467554197809796e-02         5.4767298972106509e-03        -6.1878650090313918e-03         6.0215900751208352e-03         2.0464503195348909e-02         5.6908679940336450e-03        -1.2059585421916335e-02
25                                    -1.0784805048377918e-02         2.5197217807697080e-02        -8.2389035039285331e-03         1.8208874362071283e-02        -1.1730191928058530e-02        -3.5412792653041196e-02         1.6923205664383295e-02         2.4050221073021315e-02
26                                     3.5513463580006926e-02         1.8908345193954453e-02        -7.1266048276471755e-03         2.1387482786482233e-02        -1.1491757351569159e-02        -2.9709407636763652e-02         2.8828814675657437e-02         2.5178420987291852e-02
27                                    -1.1421930726118256e-02         0.0000000000000000e+00        -5.7896680082040228e-02         0.0000000000000000e+00        -4.5578001033314990e-02         0.0000000000000000e+00        -2.8171993931221412e-02         4.1769625678317074e-02
28                                     3.4068500571406438e-02         0.0000000000000000e+00         3.0127460408026142e-02         0.0000000000000000e+00        -1.6726058088620061e-02         0.0000000000000000e+00        -2.0251802277353320e-02        -4.5978130373746495e-03
29                                     0.0000000000000000e+00         1.2134379702931446e-03         0.0000000000000000e+00         3.0898540599955072e-04         0.0000000000000000e+00         1.3547231127569010e-03         0.0000000000000000e+00         0.0000000000000000e+00
30                                     2.0317360638589139e-02         2.3783456729010496e-02        -1.9788423366932515e-02         1.3855867190883314e-02        -8.5504821111844279e-03         5.3640583877350096e-03        -4.9335441916959514e-03        -1.3051292741594117e-02
31                                     4.3208636481486484e-02         4.2179609302400627e-03         2.1696929048621003e-02        -3.1463723215428438e-02         1.6993619577823124e-02        -2.3245926178667869e-02         1.6163506188271268e-02         9.9983119097769423e-04
32                                    -3.6909670929329744e-02        -3.6900392085415866e-02         1.3055220916979957e-02        -3.5569676830193540e-02         2.2100639285265285e-02        -1.7133652978158210e-02         1.7160096529964614e-02         2.4009087314723201e-02
33                                     7.0530396569059545e-02         0.0000000000000000e+00         1.9800437738798898e-01         0.0000000000000000e+00        -8.6768173075951922e-03         0.0000000000000000e+00        -1.6327879671569183e-03        -1.8887913645336069e-02
34                                     1.1858398828881363e-01         0.0000000000000000e+00         3.3241622133673349e-01         0.0000000000000000e+00        -1.4651966905188267e-02         0.0000000000000000e+00        -2.4538140183306112e-03        -3.2049448387109297e-02
35                                     0.0000000000000000e+00        -3.2839611910994429e-03         0.0000000000000000e+00         3.1596672025200776e-04         0.0000000000000000e+00         7.5845084495181991e-04         0.0000000000000000e+00         0.0000000000000000e+00
36                                    -7.6459861799559603e-02         1.0730543361163844e-02         1.1756783184414250e-01         3.0323406522302976e-01         1.7544330515917783e-01         1.6661557294185117e-01         1.4515890279749913e-01         1.4852353327022957e-01
37                                    -2.1212711715705623e-01         9.2018936012854555e-04         6.4652458444535960e-02        -2.6044377819012376e-01        -1.6172313219398252e-01        -1.6668425015598953e-01        -1.3041015434340431e-01        -8.4669281926755963e-02
38                                    -9.7540855210068209e-02        -1.2372052670256511e-02         8.6790521423921782e-02         1.0292585282407929e-01         5.6063794521308968e-02         4.7755542236047228e-02         4.6626966473202622e-02         6.2311079321566418e-02
39                                    -9.6579442921409187e-02         7.5144704349058331e-02        -1.2498317318305775e-01        -1.3407373274810083e-01        -6.9493555612073696e-02        -8.5329394555692495e-02        -6.6990753454698584e-02        -3.2063425144153231e-02
40                                    -1.4148546800708470e-01         1.4298318203128396e-01        -1.4694663308656464e-01        -1.5690761403919584e-01        -7.8648677190183758e-02        -1.0045111631926081e-01        -7.7325624187483288e-02        -2.8846434078255993e-02
41                                    -8.1333422192110746e-02         9.5233707191867856e-02        -1.0994914556652023e-01         3.5337596922021092e-01         2.2233397633441970e-01         1.9890018219259981e-01         1.7029276753640696e-01         1.8391426860534399e-01
42                                    -2.4570305791695682e-01        -1.2811786350364640e-01         1.2715096657622812e-01        -1.0878514172565461e-03         1.7066754165812571e-03         6.1064259018239787e-03        -2.8197193469360969e-02         8.2299799448779277e-03
43                                    -1.3190449912345412e-01         2.7058013391468921e-01         6.6908897940649192e-02         1.1056097054542160e-02         7.4420776977682773e-03         1.1471636938916933e-03         1.3607465582177134e-02         3.3936204296056954e-02
44                                     1.6374670041645548e-01         3.4937338941101723e-02        -9.9824769352369710e-02        -5.4436458029479169e-03        -3.3970904214299549e-03        -2.2691644936287975e-02         5.1852292873464335e-03        -1.2851310002948788e-03
45                                    -9.5038608552622597e-02         0.0000000000000000e+00        -2.4013736217588831e-03         0.0000000000000000e+00        -3.3206306151062631e-01         0.0000000000000000e+00         3.8891512295790975e-01        -3.2091500800395367e-01
46                                     4.4449890387333174e-04         0.0000000000000000e+00         1.6441321499061096e-02         0.0000000000000000e+00         1.0442873978668618e-01         0.0000000000000000e+00        -1.2512911543914354e-01         1.0394300161446791e-01
47                                     0.0000000000000000e+00        -9.9576375004250969e-02         0.0000000000000000e+00         3.9171358756522247e-03         0.0000000000000000e+00        -4.6975783173153415e-02         0.0000000000000000e+00         0.0000000000000000e+00
48                                    -5.8682627144751288e-02         0.0000000000000000e+00         1.1141369642615811e-02         0.0000000000000000e+00        -1.7079761077369787e-01         0.0000000000000000e+00         1.9979902207408601e-01        -1.6507850244297209e-01
49                                    -5.6033643739845138e-02         0.0000000000000000e+00        -1.2545660706784791e-02         0.0000000000000000e+00        -3.0131748628401123e-01         0.0000000000000000e+00         3.5660072285576144e-01        -2.9497354940196674e-01
50                                     0.0000000000000000e+00         2.8915103178984908e-01         0.0000000000000000e+00        -2.3613001698612714e-02         0.0000000000000000e+00        -4.6572295840742205e-02         0.0000000000000000e+00         0.0000000000000000e+00
51                                    -2.4570305791695682e-01         1.2811786350364640e-01         1.2715096657622812e-01         1.0878514172565461e-03         1.7066754165812571e-03        -6.1064259018239787e-03        -2.8197193469360969e-02         8.2299799448779277e-03
52                                    -1.3190449912345412e-01        -2.7058013391468921e-01         6.6908897940649192e-02        -1.1056097054542160e-02         7.4420776977682773e-03        -1.1471636938916933e-03         1.3607465582177134e-02         3.3936204296056954e-02
53                                    -1.6374670041645548e-01         3.4937338941101723e-02         9.9824769352369710e-02        -5.4436458029479169e-03         3.3970904214299549e-03        -2.2691644936287975e-02        -5.1852292873464335e-03         1.2851310002948788e-03
54                                    -7.8058157811540310e-02         5.5890257213958232e-02        -9.0837098888406825e-02        -1.2461976012877436e-01        -6.5856975550236785e-02         2.2481545335741404e-01         9.0596501364628448e-02         1.5534143934053410e-01
55                                     2.0305608258253293e-02        -3.6843106393270382e-02         1.4082544461254816e-02         1.5407703726997145e-02         6.9703989659813340e-03        -2.6667100837025195e-02        -5.0938296283945068e-03        -1.6430118601678097e-02
56                                     6.9724364908452963e-02         8.8157745608608753e-03         7.5689465618740279e-02        -2.0880318027961436e-01        -1.3472745817294113e-01         3.3952812878066091e-01         2.3082669292483626e-01         2.5309072221143591e-01
57                                    -2.3042501126705120e-01        -1.1098717957859930e-01         8.7420404070758087e-02         3.3240452485667163e-02        -8.1689182822081987e-04        -1.9195690831688483e-02        -5.9494600197565639e-02        -2.5129676583742849e-02
58                                     5.9363849794523693e-02        -9.4851255302483353e-03        -3.7378600920581283e-02         2.3183019353628889e-01         1.4776661301103886e-01        -4.0028517934748031e-01        -2.2931748108981889e-01        -2.8948164557301920e-01
59                                     1.2861295853871912e-01         1.0440983951220573e-01        -3.7468669926477884e-02        -6.1930762221469232e-02        -2.5589170903733107e-02         8.0251819903988358e-02         7.6629264651781964e-02         6.4331889354719465e-02
60                                    -1.0045927229090310e-01         0.0000000000000000e+00        -1.4876178802382936e-01         0.0000000000000000e+00        -4.1243193078523517e-03         0.0000000000000000e+00        -1.6974528341377353e-02         1.9850521004909409e-02
61                                    -1.2473860457653502e-01         0.0000000000000000e+00        -2.4787106166328085e-01         0.0000000000000000e+00        -3.4685387716831937e-03         0.0000000000000000e+00         6.5852020877659352e-03         4.4554511180444213e-02
62                                     0.0000000000000000e+00         3.5516909461942653e-01         0.0000000000000000e+00         7.1587252515472471e-04         0.0000000000000000e+00        -3.4314172129568860e-02         0.0000000000000000e+00         0.0000000000000000e+00
63                                    -7.8058157811540310e-02        -5.5890257213958232e-02        -9.0837098888406825e-02         1.2461976012877436e-01        -6.5856975550236785e-02        -2.2481545335741404e-01         9.0596501364628448e-02         1.5534143934053410e-01
64                                     2.0305608258253293e-02         3.6843106393270382e-02         1.4082544461254816e-02        -1.5407703726997145e-02         6.9703989659813340e-03         2.6667100837025195e-02        -5.0938296283945068e-03        -1.6430118601678097e-02
65                                    -6.9724364908452963e-02         8.8157745608608753e-03        -7.5689465618740279e-02        -2.0880318027961436e-01         1.3472745817294113e-01         3.3952812878066091e-01        -2.3082669292483626e-01        -2.5309072221143591e-01
66                                    -2.3042501126705120e-01         1.1098717957859930e-01         8.7420404070758087e-02        -3.3240452485667163e-02        -8.1689182822081987e-04         1.9195690831688483e-02        -5.9494600197565639e-02        -2.5129676583742849e-02
67                                     5.9363849794523693e-02         9.4851255302483353e-03        -3.7378600920581283e-02        -2.3183019353628889e-01         1.4776661301103886e-01         4.0028517934748031e-01        -2.2931748108981889e-01        -2.8948164557301920e-01
68                                    -1.2861295853871912e-01         1.0440983951220573e-01         3.7468669926477884e-02        -6.1930762221469232e-02         2.5589170903733107e-02         8.0251819903988358e-02        -7.6629264651781964e-02        -6.4331889354719465e-02
69                                    -3.6522611625155965e-02         6.7155907032400569e-02        -2.9023790054721495e-02        -4.3474414146697808e-03         3.0183544794884309e-01         1.2106479396076716e-03         1.9615177359220515e-01        -2.2179812961127610e-01
70                                    -1.0187828862856488e-01        -1.6886176060431846e-01        -9.0260953356974719e-02         1.0126557651948772e-02         1.1513840182767432e-01        -2.3442350303714953e-03         1.0146755522583262e-01        -3.7379010450994420e-02
71                                    -4.7084329092464135e-02        -9.1552373573649040e-04        -1.0937637479676210e-02        -1.4240306340056947e-04         2.5818750366772103e-01         6.6732615001580800e-05         1.7772971291805270e-01        -1.7980198464581484e-01
72                                    -3.6522611625155965e-02        -6.7155907032400569e-02        -2.9023790054721495e-02         4.3474414146697808e-03         3.0183544794884309e-01        -1.2106479396076716e-03         1.9615177359220515e-01        -2.2179812961127610e-01
73                                    -1.0187828862856488e-01         1.6886176060431846e-01        -9.0260953356974719e-02        -1.0126557651948772e-02         1.1513840182767432e-01         2.3442350303714953e-03         1.0146755522583262e-01        -3.7379010450994420e-02
74                                     4.7084329092464135e-02        -9.1552373573649040e-04         1.0937637479676210e-02        -1.4240306340056947e-04        -2.5818750366772103e-01         6.6732615001580800e-05        -1.7772971291805270e-01         1.7980198464581484e-01
75                                    -7.6459861799559603e-02        -1.0730543361163844e-02         1.1756783184414250e-01        -3.0323406522302976e-01         1.7544330515917783e-01        -1.6661557294185117e-01         1.4515890279749913e-01         1.4852353327022957e-01
76                                    -2.1212711715705623e-01        -9.2018936012854555e-04         6.4652458444535960e-02         2.6044377819012376e-01        -1.6172313219398252e-01         1.6668425015598953e-01        -1.3041015434340431e-01        -8.4669281926755963e-02
77                                     9.7540855210068209e-02        -1.2372052670256511e-02        -8.6790521423921782e-02         1.0292585282407929e-01        -5.6063794521308968e-02         4.7755542236047228e-02        -4.6626966473202622e-02        -6.2311079321566418e-02
78                                    -9.6579442921409187e-02        -7.5144704349058331e-02        -1.2498317318305775e-01         1.3407373274810083e-01        -6.9493555612073696e-02         8.5329394555692495e-02        -6.6990753454698584e-02        -3.2063425144153231e-02
79                                    -1.4148546800708470e-01        -1.4298318203128396e-01        -1.4694663308656464e-01         1.5690761403919584e-01        -7.8648677190183758e-02         1.0045111631926081e-01        -7.7325624187483288e-02        -2.8846434078255993e-02
80                                     8.1333422192110746e-02         9.5233707191867856e-02         1.0994914556652023e-01         3.5337596922021092e-01        -2.2233397633441970e-01         1.9890018219259981e-01        -1.7029276753640696e-01        -1.8391426860534399e-01
                                                        64                          65                          66                          67                          68                          69                          70                          71

0                                      1.6317962466815112e-03         0.0000000000000000e+00         2.6452443818683879e-04         0.0000000000000000e+00        -5.1347704508225807e-05        -2.6241791593561738e-05         9.8783800164368378e-05         0.0000000000000000e+00
1                                     -3.7065211663025260e-03         0.0000000000000000e+00         3.4680619397475186e-04         0.0000000000000000e+00        -7.4137922579506279e-05         1.0849122471778079e-05         5.7936505334023553e-04         0.0000000000000000e+00
2                                      0.0000000000000000e+00        -2.5033114640899180e-05         0.0000000000000000e+00        -1.3730927793785136e-05         0.0000000000000000e+00         0.0000000000000000e+00         0.0000000000000000e+00         1.2447662979553524e-04
3                                     -5.1515183304329183e-04         0.0000000000000000e+00        -4.5790273189366015e-06         0.0000000000000000e+00         1.1164731532863807e-05        -2.0094792975242041e-04        -3.1612935704333371e-04         0.0000000000000000e+00
4                                      2.7467852087343876e-02         0.0000000000000000e+00        -1.4119625708745105e-03         0.0000000000000000e+00         5.2385328826233882e-04        -5.4415586639863854e-04        -2.1040689731088879e-03         0.0000000000000000e+00
5                                      0.0000000000000000e+00         1.8499289848534139e-04         0.0000000000000000e+00        -9.7153352878573011e-05         0.0000000000000000e+00         0.0000000000000000e+00         0.0000000000000000e+00        -1.1116505347944683e-03
6                                     -1.1700766180039077e-02        -1.6739564144253049e-02         1.4409582432005597e-02        -1.3304367054610211e-03        -1.9562501321646972e-03         6.7179366687056415e-04         7.7602978538823903e-03         2.9818964885825580e-03
7                                      1.8179502328818837e-02         3.1912692458696684e-02        -2.7875323942490447e-02         2.7843849538668401e-03         3.9996296760117208e-03         3.3277273753277054e-04        -1.2978073070799857e-02        -5.6261107613448484e-03
8                                     -2.8621913508959120e-02        -2.8624058001027509e-02         2.6179994946426074e-02        -1.8028438391562360e-03        -4.0310043172126532e-03         4.1269188754342691e-04         1.2224910588432111e-02         5.3402714117905719e-03
9                                     -3.3884745552695819e-03         4.2709157393399184e-03        -3.7946530216710289e-03         6.9189850146242704e-03         2.7888658255695374e-04         1.1450494057505733e-02        -6.4783958556167602e-03         2.9788691308195649e-02
10                                    -2.6424508737896779e-03         1.6280843378240252e-03        -1.4198058292691172e-03         2.7629580206592159e-03         1.0620398082902661e-04         4.5118499632827618e-03        -2.2958108569880466e-03         1.1302212355639307e-02
11                                    -6.3213248754968405e-03         6.7117405404984488e-03        -6.2097798307353767e-03         1.0529663675911039e-02         4.3127205781383717e-04         1.7508180861016492e-02        -1.0022986023575693e-02         4.4532184364074273e-02
12                                    -2.4678112987103092e-02         0.0000000000000000e+00        -1.0996652110477786e-02         0.0000000000000000e+00        -3.3766447671324896e-02        -4.8120264013002956e-02         2.0812622517081391e-03         0.0000000000000000e+00
13                                    -9.6299014452739962e-03         0.0000000000000000e+00        -3.1964780854606928e-03         0.0000000000000000e+00        -1.1683645444461025e-02        -1.5390797157864915e-02         6.5584778014582477e-04         0.0000000000000000e+00
14                                     0.0000000000000000e+00         7.4299546333304997e-04         0.0000000000000000e+00         9.9226126560825385e-04         0.0000000000000000e+00         0.0000000000000000e+00         0.0000000000000000e+00        -2.8304986600813720e-05
15                                    -3.3884745552695819e-03        -4.2709157393399184e-03        -3.7946530216710289e-03        -6.9189850146242704e-03         2.7888658255695374e-04         1.1450494057505733e-02        -6.4783958556167602e-03        -2.9788691308195649e-02
16                                    -2.6424508737896779e-03        -1.6280843378240252e-03        -1.4198058292691172e-03        -2.7629580206592159e-03         1.0620398082902661e-04         4.5118499632827618e-03        -2.2958108569880466e-03        -1.1302212355639307e-02
17                                     6.3213248754968405e-03         6.7117405404984488e-03         6.2097798307353767e-03         1.0529663675911039e-02        -4.3127205781383717e-04        -1.7508180861016492e-02         1.0022986023575693e-02         4.4532184364074273e-02
18                                     6.6503885909083033e-03         1.1208107723355827e-03        -3.4076156496353263e-04        -1.3190625954829735e-02        -1.0183895072550552e-02         6.8917030955868396e-03        -1.3645836364546329e-03         3.4888378971675120e-03
19                                    -1.8212208605207853e-02        -3.0639426081220324e-03        -2.5238363012379273e-04         2.8621913118070857e-02         2.3020866184334372e-02        -1.3044827225757087e-02         3.7427498330740803e-03        -6.0305018212407349e-03
20                                     1.9592931827691267e-02         4.0118150617612317e-03         7.2969234214789952e-04        -3.2818297672626347e-02        -2.7979794392704409e-02         1.6026823797219193e-02        -4.5885713496468415e-03         8.2401142611422083e-03
21                                     5.2404811391731330e-03         0.0000000000000000e+00        -3.7072893204551111e-03         0.0000000000000000e+00         1.3350547723850919e-02        -6.7783798665384714e-03         1.7179479457026563e-02         0.0000000000000000e+00
22                                    -5.9783536214881297e-03         0.0000000000000000e+00         2.5074688531330734e-03         0.0000000000000000e+00        -8.8555827359444676e-03         4.4000218636504607e-03        -1.0820475746656656e-02         0.0000000000000000e+00
23                                     0.0000000000000000e+00        -1.0144181869074472e-04         0.0000000000000000e+00        -1.7421952900452001e-05         0.0000000000000000e+00         0.0000000000000000e+00         0.0000000000000000e+00        -8.9904785683258420e-04
24                                     6.6503885909083033e-03        -1.1208107723355827e-03        -3.4076156496353263e-04         1.3190625954829735e-02        -1.0183895072550552e-02         6.8917030955868396e-03        -1.3645836364546329e-03        -3.4888378971675120e-03
25                                    -1.8212208605207853e-02         3.0639426081220324e-03        -2.5238363012379273e-04        -2.8621913118070857e-02         2.3020866184334372e-02        -1.3044827225757087e-02         3.7427498330740803e-03         6.0305018212407349e-03
26                                    -1.9592931827691267e-02         4.0118150617612317e-03        -7.2969234214789952e-04        -3.2818297672626347e-02         2.7979794392704409e-02        -1.6026823797219193e-02         4.5885713496468415e-03         8.2401142611422083e-03
27                                     4.3241456434090768e-02         0.0000000000000000e+00         2.5945076604807642e-02         0.0000000000000000e+00         6.2845097298582630e-03        -1.3896429207677752e-02        -5.1610669257197934e-02         0.0000000000000000e+00
28                                     7.4740920189639145e-03         0.0000000000000000e+00         1.1410681394665034e-02         0.0000000000000000e+00         1.7043526656123666e-03        -5.2384177010166332e-03        -2.0566387915240153e-02         0.0000000000000000e+00
29                                     0.0000000000000000e+00         2.4613988732469970e-04         0.0000000000000000e+00         4.0384103308228913e-04         0.0000000000000000e+00         0.0000000000000000e+00         0.0000000000000000e+00         1.5839050882219645e-03
30                                    -1.1700766180039077e-02         1.6739564144253049e-02         1.4409582432005597e-02         1.3304367054610211e-03        -1.9562501321646972e-03         6.7179366687056415e-04         7.7602978538823903e-03        -2.9818964885825580e-03
31                                     1.8179502328818837e-02        -3.1912692458696684e-02        -2.7875323942490447e-02        -2.7843849538668401e-03         3.9996296760117208e-03         3.3277273753277054e-04        -1.2978073070799857e-02         5.6261107613448484e-03
32                                     2.8621913508959120e-02        -2.8624058001027509e-02        -2.6179994946426074e-02        -1.8028438391562360e-03         4.0310043172126532e-03        -4.1269188754342691e-04        -1.2224910588432111e-02         5.3402714117905719e-03
33                                    -1.7439336864575938e-02         0.0000000000000000e+00        -1.3045259008822544e-03         0.0000000000000000e+00         1.2752180184334437e-04         2.5435750904551383e-04         3.7492400756881288e-04         0.0000000000000000e+00
34                                    -3.0891127180598756e-02         0.0000000000000000e+00         3.8971036885926198e-03         0.0000000000000000e+00        -7.2304883292541474e-04         3.7813441805092701e-04         3.2413155135872611e-03         0.0000000000000000e+00
35                                     0.0000000000000000e+00        -1.9502110696458185e-03         0.0000000000000000e+00        -1.0939702551642947e-04         0.0000000000000000e+00         0.0000000000000000e+00         0.0000000000000000e+00         2.5097132338813194e-05
36                                     2.2401745226053660e-01        -2.3505444268330117e-01         2.1130154444228089e-01        -1.6666497172830634e-02        -3.1706009391358557e-02        -2.9276291128555723e-04         9.4675897344105003e-02         4.0262485624419940e-02
37                                    -1.8028853489159188e-01        -8.9269402955967400e-02         8.0816516983247128e-02        -6.5445126425952866e-03        -1.2493454176482144e-02        -1.0590495293591445e-03         3.5763872729987496e-02         1.7291808499012708e-02
38                                     7.6115464681947187e-02         3.4272181716883826e-01        -3.1119588592481012e-01         2.3502673796996137e-02         4.7207217850484734e-02        -8.8081326042174259e-04        -1.4095314210838111e-01        -5.9298577449242919e-02
39                                    -8.6208041788756920e-02         4.3555970975122360e-01        -3.8218761833525861e-01         3.4175336886460010e-02         5.4862943525465710e-02        -4.4210327032143115e-03        -1.8476452785557237e-01        -7.3473905676715329e-02
40                                    -9.3537068584359034e-02        -2.8877639541294214e-01         2.5213405766711550e-01        -2.3723535243175185e-02        -3.5728172944068326e-02         1.7725414700533204e-03         1.2143663725282808e-01         5.0912543034967020e-02
41                                     2.7121138415505053e-01        -3.0933229865120525e-03         2.1946975454099561e-03        -3.3209653866773638e-04        -2.7189337106111916e-04        -8.0006950466610040e-04        -5.4225078292608896e-04        -2.1956702788178582e-04
42                                    -7.0992184445765319e-03        -5.3689973300523698e-02         4.7509033613344416e-02        -8.3723673754129022e-02        -6.2549669082087823e-03        -1.4015495169444350e-01         7.6802962812492895e-02        -3.4965348938864504e-01
43                                     8.5913727669769124e-03        -1.8499166983859592e-02         1.6187760362149330e-02        -3.3654626229820739e-02        -3.9320473100260640e-04        -5.4862689262306134e-02         2.8357293435984161e-02        -1.3324816410764029e-01
44                                    -1.2816950102210746e-02        -8.2780537443066848e-02         7.4330435491052629e-02        -1.3050739924879287e-01        -4.8344154394891420e-03        -2.1130391650935268e-01         1.1819095208782196e-01        -5.3101297597126085e-01
45                                     2.0931360681032410e-01         0.0000000000000000e+00         2.5198969115345395e-02         0.0000000000000000e+00         8.4396925869546377e-02         1.1611201056139961e-01        -5.1584737214010719e-03         0.0000000000000000e+00
46                                    -6.8321511923306419e-02         0.0000000000000000e+00         1.0784686939776181e-01         0.0000000000000000e+00         3.4792518447752013e-01         4.8244093043742403e-01        -2.0738965289643779e-02         0.0000000000000000e+00
47                                     0.0000000000000000e+00        -1.4392014390011746e-03         0.0000000000000000e+00        -1.0531756077802417e-03         0.0000000000000000e+00         0.0000000000000000e+00         0.0000000000000000e+00         2.5166576833963684e-03
48                                     1.0614398588668351e-01         0.0000000000000000e+00         1.0491474941209987e-01         0.0000000000000000e+00         3.1717524499333155e-01         4.5541240753592532e-01        -1.9879087862065263e-02         0.0000000000000000e+00
49                                     1.9179878524601546e-01         0.0000000000000000e+00        -6.9251890505064848e-02         0.0000000000000000e+00        -2.0960371335519687e-01        -2.9971769278591537e-01         1.3155213315712283e-02         0.0000000000000000e+00
50                                     0.0000000000000000e+00        -1.1464792497162543e-03         0.0000000000000000e+00        -1.8959471643948524e-03         0.0000000000000000e+00         0.0000000000000000e+00         0.0000000000000000e+00         2.6140564063052030e-03
51                                    -7.0992184445765319e-03         5.3689973300523698e-02         4.7509033613344416e-02         8.3723673754129022e-02        -6.2549669082087823e-03        -1.4015495169444350e-01         7.6802962812492895e-02         3.4965348938864504e-01
52                                     8.5913727669769124e-03         1.8499166983859592e-02         1.6187760362149330e-02         3.3654626229820739e-02        -3.9320473100260640e-04        -5.4862689262306134e-02         2.8357293435984161e-02         1.3324816410764029e-01
53                                     1.2816950102210746e-02        -8.2780537443066848e-02        -7.4330435491052629e-02        -1.3050739924879287e-01         4.8344154394891420e-03         2.1130391650935268e-01        -1.1819095208782196e-01        -5.3101297597126085e-01
54                                    -1.1465715633195586e-01         1.3144501158651671e-02         2.4124217948260731e-03        -1.0786196408356057e-01        -8.9238121886456093e-02         4.9833532168895849e-02        -1.4616114829339794e-02         2.0801741352338372e-02
55                                     1.1037445537424775e-02         4.9631836291428928e-02         5.5841703213531935e-03        -4.4117852175333244e-01        -3.5999498475764863e-01         2.0353573680042517e-01        -5.8009406157924333e-02         9.2554341763506548e-02
56                                    -2.0194746955704082e-01         2.5386241069124885e-04        -4.6186013815313344e-04        -3.4256728944149543e-03        -2.4594410006953328e-03         2.2178092285420467e-03         1.9607169235248784e-04         1.0473882711352996e-04
57                                     2.3208292182216074e-02        -2.9874441859980751e-02        -3.0634688561123301e-03         2.6091426179046401e-01         2.1575914861423912e-01        -1.2806511437804727e-01         3.3803404162446135e-02        -6.3298108947201892e-02
58                                     2.2512230398209315e-01        -1.1953149803255823e-02        -1.3196891175183928e-03         1.0233598109668204e-01         8.5379398368383486e-02        -4.9403468488953099e-02         1.3750682654733238e-02        -2.2619605103522903e-02
59                                    -5.1957914844818445e-02        -4.6225359401405049e-02        -5.7651587784673681e-03         3.9571833986633137e-01         3.3142853820091744e-01        -1.9409225768878607e-01         5.2500848396345695e-02        -9.4828638026225334e-02
60                                     2.2009382255483934e-02         0.0000000000000000e+00         4.8464604625978701e-02         0.0000000000000000e+00        -1.6480085544690193e-01         8.0123708090291859e-02        -2.0698718040533270e-01         0.0000000000000000e+00
61                                     1.0149351317203710e-02         0.0000000000000000e+00        -3.0149210551611384e-02         0.0000000000000000e+00         1.0834275368534839e-01        -5.3776902039587626e-02         1.2969045637490401e-01         0.0000000000000000e+00
62                                     0.0000000000000000e+00         2.5895937822150659e-04         0.0000000000000000e+00        -3.4214582419640890e-03         0.0000000000000000e+00         0.0000000000000000e+00         0.0000000000000000e+00         2.6640335705097017e-03
63                                    -1.1465715633195586e-01        -1.3144501158651671e-02         2.4124217948260731e-03         1.0786196408356057e-01        -8.9238121886456093e-02         4.9833532168895849e-02        -1.4616114829339794e-02        -2.0801741352338372e-02
64                                     1.1037445537424775e-02        -4.9631836291428928e-02         5.5841703213531935e-03         4.4117852175333244e-01        -3.5999498475764863e-01         2.0353573680042517e-01        -5.8009406157924333e-02        -9.2554341763506548e-02
65                                     2.0194746955704082e-01         2.5386241069124885e-04         4.6186013815313344e-04        -3.4256728944149543e-03         2.4594410006953328e-03        -2.2178092285420467e-03        -1.9607169235248784e-04         1.0473882711352996e-04
66                                     2.3208292182216074e-02         2.9874441859980751e-02        -3.0634688561123301e-03        -2.6091426179046401e-01         2.1575914861423912e-01        -1.2806511437804727e-01         3.3803404162446135e-02         6.3298108947201892e-02
67                                     2.2512230398209315e-01         1.1953149803255823e-02        -1.3196891175183928e-03        -1.0233598109668204e-01         8.5379398368383486e-02        -4.9403468488953099e-02         1.3750682654733238e-02         2.2619605103522903e-02
68                                     5.1957914844818445e-02        -4.6225359401405049e-02         5.7651587784673681e-03         3.9571833986633137e-01        -3.3142853820091744e-01         1.9409225768878607e-01        -5.2500848396345695e-02        -9.4828638026225334e-02
69                                    -2.5042060841723796e-01         1.6696408571526594e-03        -1.5607729459107358e-01         1.7960786615341213e-03        -3.6004012334786242e-02         8.1859882997837446e-02         3.0474359776609916e-01         6.2539784162634077e-03
70                                    -7.6188943062381470e-02         3.7049151072008978e-04        -6.5713690356394738e-02         9.4932696487279745e-04        -1.3290647424381153e-02         3.2912447549099645e-02         1.2445639719385097e-01         2.6190500609967323e-03
71                                    -2.1474079361077181e-01        -1.6336598738628770e-03         2.4418379956942532e-01        -2.1758058747100881e-03         5.5337068041524558e-02        -1.2677333783505634e-01        -4.7157294661264476e-01        -9.3818241117841223e-03
72                                    -2.5042060841723796e-01        -1.6696408571526594e-03        -1.5607729459107358e-01        -1.7960786615341213e-03        -3.6004012334786242e-02         8.1859882997837446e-02         3.0474359776609916e-01        -6.2539784162634077e-03
73                                    -7.6188943062381470e-02        -3.7049151072008978e-04        -6.5713690356394738e-02        -9.4932696487279745e-04        -1.3290647424381153e-02         3.2912447549099645e-02         1.2445639719385097e-01        -2.6190500609967323e-03
74                                     2.1474079361077181e-01        -1.6336598738628770e-03        -2.4418379956942532e-01        -2.1758058747100881e-03        -5.5337068041524558e-02         1.2677333783505634e-01         4.7157294661264476e-01        -9.3818241117841223e-03
75                                     2.2401745226053660e-01         2.3505444268330117e-01         2.1130154444228089e-01         1.6666497172830634e-02        -3.1706009391358557e-02        -2.9276291128555723e-04         9.4675897344105003e-02        -4.0262485624419940e-02
76                                    -1.8028853489159188e-01         8.9269402955967400e-02         8.0816516983247128e-02         6.5445126425952866e-03        -1.2493454176482144e-02        -1.0590495293591445e-03         3.5763872729987496e-02        -1.7291808499012708e-02
77                                    -7.6115464681947187e-02         3.4272181716883826e-01         3.1119588592481012e-01         2.3502673796996137e-02        -4.7207217850484734e-02         8.8081326042174259e-04         1.4095314210838111e-01        -5.9298577449242919e-02
78                                    -8.6208041788756920e-02        -4.3555970975122360e-01        -3.8218761833525861e-01        -3.4175336886460010e-02         5.4862943525465710e-02        -4.4210327032143115e-03        -1.8476452785557237e-01         7.3473905676715329e-02
79                                    -9.3537068584359034e-02         2.8877639541294214e-01         2.5213405766711550e-01         2.3723535243175185e-02        -3.5728172944068326e-02         1.7725414700533204e-03         1.2143663725282808e-01        -5.0912543034967020e-02
80                                    -2.7121138415505053e-01        -3.0933229865120525e-03        -2.1946975454099561e-03        -3.3209653866773638e-04         2.7189337106111916e-04         8.0006950466610040e-04         5.4225078292608896e-04        -2.1956702788178582e-04
                                                        72                          73                          74                          75                          76                          77                          78                          79

0                                      2.0605060436897825e-04         1.2910467580103948e-04         0.0000000000000000e+00         1.5800348587090326e-04         0.0000000000000000e+00         2.7939618362451442e-04         3.2299129777947513e-05         0.0000000000000000e+00
1                                      9.0066629860934664e-05         4.6269393737069308e-04         0.0000000000000000e+00         7.7840100592205694e-05         0.0000000000000000e+00         9.2473508162398981e-05         8.3165270379116293e-05         0.0000000000000000e+00
2                                      0.0000000000000000e+00         0.0000000000000000e+00        -1.5247861296839268e-04         0.0000000000000000e+00        -6.1373499966387731e-05         0.0000000000000000e+00         0.0000000000000000e+00         1.8978568209486544e-04
3                                     -9.9047985279796533e-04        -8.0768736828120433e-05         0.0000000000000000e+00        -1.6182493289786156e-03         0.0000000000000000e+00        -2.4410219396587786e-03        -1.0891750777673837e-04         0.0000000000000000e+00
4                                     -1.4630608241658521e-04        -1.8416582052424323e-03         0.0000000000000000e+00         2.3707599011035344e-04         0.0000000000000000e+00         4.1259488348602768e-04        -1.7435409784761471e-04         0.0000000000000000e+00
5                                      0.0000000000000000e+00         0.0000000000000000e+00         1.1356024325822700e-03         0.0000000000000000e+00         2.1421710255504914e-04         0.0000000000000000e+00         0.0000000000000000e+00        -2.5513772438548648e-03
6                                      4.3701794865920757e-03         4.6905811255860816e-03        -4.8378909671542014e-02        -3.0632199670159954e-02        -1.6401534842195489e-02        -4.1065513125849266e-02        -1.0538130726770736e-03         9.1267462264650080e-03
7                                     -5.0051016704259904e-03        -6.4414784854564351e-03         8.9245843593140205e-03         5.9250554116114067e-03         3.4465634731983227e-03         7.7361278082948674e-03        -3.3254472033595445e-04        -1.6513396189608506e-03
8                                      3.0765966207192685e-03         4.9955640480389774e-03         3.2196218827702558e-02         2.1008811509736925e-02         1.0996439198335874e-02         2.7954822960524369e-02         6.7562568946240016e-04        -5.5188184553935146e-03
9                                      2.0017930828980592e-02         1.8117533781218834e-02        -4.7330288555642023e-04         7.7939713724182926e-04        -1.2063082071739266e-03        -2.6700645903412833e-04         2.3124591015890062e-04         9.2122518222814351e-04
10                                     8.0263424076584128e-03         6.3189673200034213e-03         5.3828908609967769e-04        -1.8421353841959211e-04        -8.5606542445385220e-04         1.0964156391695581e-03         1.8168641393276307e-03         3.9583716545539186e-04
11                                     3.1834749192002597e-02         2.7488374609316153e-02         5.5400050712483921e-04         9.8718196263849513e-04         2.0697086181495147e-04         2.3647477259157294e-03        -2.4019217358852202e-04         7.0816287068904238e-04
12                                     1.5461948806917468e-02         1.4414020446601412e-02         0.0000000000000000e+00         2.0059715352441432e-02         0.0000000000000000e+00        -1.3100996615430519e-02        -1.7594025221696986e-02         0.0000000000000000e+00
13                                     4.0945620090438095e-03         4.9338443903068378e-03         0.0000000000000000e+00        -5.4252000121137157e-02         0.0000000000000000e+00         3.9680433482273410e-02         5.0224734141351056e-02         0.0000000000000000e+00
14                                     0.0000000000000000e+00         0.0000000000000000e+00        -4.5518664949338670e-04         0.0000000000000000e+00        -7.3262672396341775e-04         0.0000000000000000e+00         0.0000000000000000e+00         1.7056940410398351e-04
15                                     2.0017930828980592e-02         1.8117533781218834e-02         4.7330288555642023e-04         7.7939713724182926e-04         1.2063082071739266e-03        -2.6700645903412833e-04         2.3124591015890062e-04        -9.2122518222814351e-04
16                                     8.0263424076584128e-03         6.3189673200034213e-03        -5.3828908609967769e-04        -1.8421353841959211e-04         8.5606542445385220e-04         1.0964156391695581e-03         1.8168641393276307e-03        -3.9583716545539186e-04
17                                    -3.1834749192002597e-02        -2.7488374609316153e-02         5.5400050712483921e-04        -9.8718196263849513e-04         2.0697086181495147e-04        -2.3647477259157294e-03         2.4019217358852202e-04         7.0816287068904238e-04
18                                     4.6657400595593202e-04        -5.4757103065987576e-03        -1.0417399817557300e-02         1.3526275632806669e-02         2.7296414582744764e-02        -1.0485590646966310e-02         2.3255443720065317e-02        -4.3482340528171381e-03
19                                    -2.7725750248169443e-04         1.0319062413722385e-02        -1.6075503634250848e-02         2.2416418582428911e-02         4.3438915758637134e-02        -1.7310757086229853e-02         3.7547170392993504e-02        -6.6708500447603403e-03
20                                     9.7904863700643842e-04        -1.3396312020894944e-02        -1.0206152937519307e-02         1.4122698050553509e-02         2.8150142591615329e-02        -1.1577665680545753e-02         2.3863800740266589e-02        -3.8232596339145214e-03
21                                     4.5759606382493309e-02        -4.4470399184781843e-02         0.0000000000000000e+00         4.3054876230840386e-05         0.0000000000000000e+00         8.1893827747663559e-04         6.2892352298790405e-04         0.0000000000000000e+00
22                                    -2.9803997389446966e-02         2.8034702239315805e-02         0.0000000000000000e+00         1.0280740638572642e-03         0.0000000000000000e+00        -1.5723162541247239e-03         1.7041120775187265e-03         0.0000000000000000e+00
23                                     0.0000000000000000e+00         0.0000000000000000e+00        -5.5777753647299208e-04         0.0000000000000000e+00         9.1400565572689581e-04         0.0000000000000000e+00         0.0000000000000000e+00        -1.7386458703398007e-03
24                                     4.6657400595593202e-04        -5.4757103065987576e-03         1.0417399817557300e-02         1.3526275632806669e-02        -2.7296414582744764e-02        -1.0485590646966310e-02         2.3255443720065317e-02         4.3482340528171381e-03
25                                    -2.7725750248169443e-04         1.0319062413722385e-02         1.6075503634250848e-02         2.2416418582428911e-02        -4.3438915758637134e-02        -1.7310757086229853e-02         3.7547170392993504e-02         6.6708500447603403e-03
26                                    -9.7904863700643842e-04         1.3396312020894944e-02        -1.0206152937519307e-02        -1.4122698050553509e-02         2.8150142591615329e-02         1.1577665680545753e-02        -2.3863800740266589e-02        -3.8232596339145214e-03
27                                     7.0496416058721300e-03        -1.2216827684784841e-02         0.0000000000000000e+00        -2.8017179959436605e-04         0.0000000000000000e+00        -6.8130392474544305e-05        -1.7085296644003017e-04         0.0000000000000000e+00
28                                     2.7939426079041543e-03        -4.7133726720466331e-03         0.0000000000000000e+00        -6.8526405432710823e-04         0.0000000000000000e+00        -1.9608626888725094e-04        -5.0937639499796660e-04         0.0000000000000000e+00
29                                     0.0000000000000000e+00         0.0000000000000000e+00        -1.0575647941013054e-02         0.0000000000000000e+00        -1.7237482744816429e-02         0.0000000000000000e+00         0.0000000000000000e+00        -8.6925660787685738e-02
30                                     4.3701794865920757e-03         4.6905811255860816e-03         4.8378909671542014e-02        -3.0632199670159954e-02         1.6401534842195489e-02        -4.1065513125849266e-02        -1.0538130726770736e-03        -9.1267462264650080e-03
31                                    -5.0051016704259904e-03        -6.4414784854564351e-03        -8.9245843593140205e-03         5.9250554116114067e-03        -3.4465634731983227e-03         7.7361278082948674e-03        -3.3254472033595445e-04         1.6513396189608506e-03
32                                    -3.0765966207192685e-03        -4.9955640480389774e-03         3.2196218827702558e-02        -2.1008811509736925e-02         1.0996439198335874e-02        -2.7954822960524369e-02        -6.7562568946240016e-04        -5.5188184553935146e-03
33                                    -8.3263016935159915e-04        -5.8924956429630393e-04         0.0000000000000000e+00        -2.9444544455457762e-04         0.0000000000000000e+00        -5.9213288444244527e-04        -1.0943317851512447e-04         0.0000000000000000e+00
34                                     5.5838494124015590e-04         1.6056256282827642e-03         0.0000000000000000e+00        -2.6270807161140907e-03         0.0000000000000000e+00        -3.5896503650177445e-03        -9.3020756358947520e-05         0.0000000000000000e+00
35                                     0.0000000000000000e+00         0.0000000000000000e+00        -9.1021748247777643e-04         0.0000000000000000e+00        -8.6994542193632399e-05         0.0000000000000000e+00         0.0000000000000000e+00         9.1064574162465163e-04
36                                     2.2738736927187073e-02         3.6406646637736927e-02         2.5778569472011642e-01         1.6500940009455475e-01         8.7893701008537675e-02         2.2102102329119286e-01         5.2610138448290289e-03        -4.7217151477069792e-02
37                                     9.9243244697593824e-03         1.5705087021399205e-02         1.1230299263492308e-01         7.1100462551595481e-02         3.9299324054502496e-02         9.5856306514214548e-02         1.2010500602329733e-03        -2.0941324990975094e-02
38                                    -3.3253259152281112e-02        -5.4406467180268953e-02        -3.9675498720172026e-01        -2.5561220043562338e-01        -1.3496065396093376e-01        -3.3987101919966101e-01        -7.3254486694331686e-03         7.5483227211031928e-02
39                                    -7.3277071261409893e-02        -9.0376187899598337e-02         3.2265827637604760e-01         2.0705310129922300e-01         1.1051065916430711e-01         2.7866236143966822e-01         6.4437413089225865e-03        -6.0410675922880880e-02
40                                     5.0431924986578079e-02         6.1988065527492503e-02        -2.2097015201430875e-01        -1.3994885852155189e-01        -7.6115807665485549e-02        -1.9058093177985128e-01        -5.3648763950560133e-03         4.0415181866827347e-02
41                                    -4.7913938477329087e-04        -1.0692292644872967e-03         7.9255776126806853e-03         6.1091285496184498e-03         1.9643597181406795e-03         7.8621078884220010e-03         7.7850460689584864e-04        -1.0654113430435175e-03
42                                    -2.4221985360122836e-01        -2.1028947737553891e-01        -1.1129530034680272e-03        -7.7443068483576630e-03         5.0648756865082278e-03        -1.0840967324102481e-02        -1.8152784390345279e-03        -7.7750576654758187e-03
43                                    -9.3686393776960072e-02        -7.9236876280031190e-02        -1.3780314162164210e-03        -2.6163431326927580e-03         2.1630792616359890e-03        -5.8816208520361870e-03        -2.5722078808897179e-03        -2.9488327033164192e-03
44                                    -3.7353101639889008e-01        -3.2053964721108824e-01        -3.0618509106462425e-03        -1.1468933052738073e-02         5.2635368262002758e-03        -2.0325042374602417e-02        -2.1698002901706067e-03        -1.0822614869841528e-02
45                                    -3.5733704059371041e-02        -3.6199970068026915e-02         0.0000000000000000e+00         1.1755352218671315e-01         0.0000000000000000e+00        -8.5811287694822644e-02        -1.1241601983637194e-01         0.0000000000000000e+00
46                                    -1.3817820915626372e-01        -1.3819501695912756e-01         0.0000000000000000e+00         4.3143092991977433e-01         0.0000000000000000e+00        -3.2028915647245904e-01        -4.0964944296134648e-01         0.0000000000000000e+00
47                                     0.0000000000000000e+00         0.0000000000000000e+00         1.4284429140697986e-03         0.0000000000000000e+00        -1.2617166764464793e-03         0.0000000000000000e+00         0.0000000000000000e+00         3.5861331188657747e-04
48                                    -1.4392231180448745e-01        -1.3055163358627672e-01         0.0000000000000000e+00        -3.5777879553298597e-01         0.0000000000000000e+00         2.5287310246204903e-01         3.2062657843604264e-01         0.0000000000000000e+00
49                                     9.1616089732274281e-02         8.2417081998947692e-02         0.0000000000000000e+00         2.2129046621523132e-01         0.0000000000000000e+00        -1.5446711700278970e-01        -1.9901360940132284e-01         0.0000000000000000e+00
50                                     0.0000000000000000e+00         0.0000000000000000e+00        -1.6140411439610467e-03         0.0000000000000000e+00         3.2049970841904713e-04         0.0000000000000000e+00         0.0000000000000000e+00         3.4237976854199434e-04
51                                    -2.4221985360122836e-01        -2.1028947737553891e-01         1.1129530034680272e-03        -7.7443068483576630e-03        -5.0648756865082278e-03        -1.0840967324102481e-02        -1.8152784390345279e-03         7.7750576654758187e-03
52                                    -9.3686393776960072e-02        -7.9236876280031190e-02         1.3780314162164210e-03        -2.6163431326927580e-03        -2.1630792616359890e-03        -5.8816208520361870e-03        -2.5722078808897179e-03         2.9488327033164192e-03
53                                     3.7353101639889008e-01         3.2053964721108824e-01        -3.0618509106462425e-03         1.1468933052738073e-02         5.2635368262002758e-03         2.0325042374602417e-02         2.1698002901706067e-03        -1.0822614869841528e-02
54                                     3.1874807501233475e-03        -3.6471309325081733e-02         3.8346795758253983e-02        -5.4155785226856469e-02        -1.0158848503127869e-01         4.1190488593460362e-02        -8.9650286239258942e-02         1.6076958599498620e-02
55                                     5.4583400820861720e-03        -1.5326313821411025e-01         1.6636542229357523e-01        -2.3040894102566070e-01        -4.4369448200411282e-01         1.7397920653386995e-01        -3.9135554070312095e-01         6.6677948202728168e-02
56                                    -1.2658909958084541e-03         1.6598806790106785e-03        -3.3564338334926419e-03         4.8804307568530150e-03         7.0892033236249702e-03        -3.0274477754667433e-03         7.8931391538322043e-03        -4.9262387590821399e-04
57                                    -5.3595871261725844e-03         9.9467288472803880e-02         8.1853582027188315e-02        -1.1079997751018797e-01        -2.2701538167041027e-01         9.2340815767432138e-02        -1.8986748966286007e-01         3.3841483568169177e-02
58                                    -2.9753503887996525e-03         3.5911724551010452e-02         2.8631627700638592e-02        -3.8617274210558598e-02        -7.6848066180940186e-02         3.0836269594971117e-02        -6.5887992259805614e-02         1.1131505442239398e-02
59                                    -1.2086859427320894e-02         1.5385746613784984e-01         1.2756394157704695e-01        -1.7321682509755393e-01        -3.4929237100586502e-01         1.4207675443256790e-01        -2.9289639945403778e-01         5.4280430154002524e-02
60                                    -5.4610894350854500e-01         5.2007152395383760e-01         0.0000000000000000e+00         4.4246207490481965e-03         0.0000000000000000e+00        -1.4709846282515015e-02         2.7510275791048444e-03         0.0000000000000000e+00
61                                     3.5138294807932940e-01        -3.3290604490579040e-01         0.0000000000000000e+00        -3.8490791160621439e-03         0.0000000000000000e+00         1.0563954827394560e-02        -4.0058183197475691e-03         0.0000000000000000e+00
62                                     0.0000000000000000e+00         0.0000000000000000e+00         6.7569256795842604e-04         0.0000000000000000e+00        -1.2838217218532762e-03         0.0000000000000000e+00         0.0000000000000000e+00         2.3178095509649578e-03
63                                     3.1874807501233475e-03        -3.6471309325081733e-02        -3.8346795758253983e-02        -5.4155785226856469e-02         1.0158848503127869e-01         4.1190488593460362e-02        -8.9650286239258942e-02        -1.6076958599498620e-02
64                                     5.4583400820861720e-03        -1.5326313821411025e-01        -1.6636542229357523e-01        -2.3040894102566070e-01         4.4369448200411282e-01         1.7397920653386995e-01        -3.9135554070312095e-01        -6.6677948202728168e-02
65                                     1.2658909958084541e-03        -1.6598806790106785e-03        -3.3564338334926419e-03        -4.8804307568530150e-03         7.0892033236249702e-03         3.0274477754667433e-03        -7.8931391538322043e-03        -4.9262387590821399e-04
66                                    -5.3595871261725844e-03         9.9467288472803880e-02        -8.1853582027188315e-02        -1.1079997751018797e-01         2.2701538167041027e-01         9.2340815767432138e-02        -1.8986748966286007e-01        -3.3841483568169177e-02
67                                    -2.9753503887996525e-03         3.5911724551010452e-02        -2.8631627700638592e-02        -3.8617274210558598e-02         7.6848066180940186e-02         3.0836269594971117e-02        -6.5887992259805614e-02        -1.1131505442239398e-02
68                                     1.2086859427320894e-02        -1.5385746613784984e-01         1.2756394157704695e-01         1.7321682509755393e-01        -3.4929237100586502e-01        -1.4207675443256790e-01         2.9289639945403778e-01         5.4280430154002524e-02
69                                    -4.0414026784311434e-02         6.9683927648837810e-02        -4.2301227354748831e-02         3.5142314896648525e-03        -7.0633908664132466e-02         5.1004357328603492e-03        -6.1481837111241830e-04        -3.5920552419785312e-01
70                                    -1.7855187900088863e-02         2.9896153753559612e-02        -1.9185067291258781e-02         1.0075664845770997e-03        -2.8292859530526692e-02         1.6396331540441682e-03        -6.9608155116933378e-04        -1.4757326955945746e-01
71                                     6.1174724177358634e-02        -1.0459444567786473e-01         6.2753458064522719e-02        -4.8461751944484377e-03         1.0299609553680748e-01        -5.2025583686978608e-03        -3.1018831552089352e-04         5.2445703068339167e-01
72                                    -4.0414026784311434e-02         6.9683927648837810e-02         4.2301227354748831e-02         3.5142314896648525e-03         7.0633908664132466e-02         5.1004357328603492e-03        -6.1481837111241830e-04         3.5920552419785312e-01
73                                    -1.7855187900088863e-02         2.9896153753559612e-02         1.9185067291258781e-02         1.0075664845770997e-03         2.8292859530526692e-02         1.6396331540441682e-03        -6.9608155116933378e-04         1.4757326955945746e-01
74                                    -6.1174724177358634e-02         1.0459444567786473e-01         6.2753458064522719e-02         4.8461751944484377e-03         1.0299609553680748e-01         5.2025583686978608e-03         3.1018831552089352e-04         5.2445703068339167e-01
75                                     2.2738736927187073e-02         3.6406646637736927e-02        -2.5778569472011642e-01         1.6500940009455475e-01        -8.7893701008537675e-02         2.2102102329119286e-01         5.2610138448290289e-03         4.7217151477069792e-02
76                                     9.9243244697593824e-03         1.5705087021399205e-02        -1.1230299263492308e-01         7.1100462551595481e-02        -3.9299324054502496e-02         9.5856306514214548e-02         1.2010500602329733e-03         2.0941324990975094e-02
77                                     3.3253259152281112e-02         5.4406467180268953e-02        -3.9675498720172026e-01         2.5561220043562338e-01        -1.3496065396093376e-01         3.3987101919966101e-01         7.3254486694331686e-03         7.5483227211031928e-02
78                                    -7.3277071261409893e-02        -9.0376187899598337e-02        -3.2265827637604760e-01         2.0705310129922300e-01        -1.1051065916430711e-01         2.7866236143966822e-01         6.4437413089225865e-03         6.0410675922880880e-02
79                                     5.0431924986578079e-02         6.1988065527492503e-02         2.2097015201430875e-01        -1.3994885852155189e-01         7.6115807665485549e-02        -1.9058093177985128e-01        -5.3648763950560133e-03        -4.0415181866827347e-02
80                                     4.7913938477329087e-04         1.0692292644872967e-03         7.9255776126806819e-03        -6.1091285496184498e-03         1.9643597181406803e-03        -7.8621078884220010e-03        -7.7850460689584864e-04        -1.0654113430435190e-03
                                                        80

0                                      4.9577411913505093e-02
1                                     -3.4580603705583669e-02
2                                      0.0000000000000000e+00
3                                      1.6124631314574085e-03
4                                     -3.8517972899245449e-04
5                                      0.0000000000000000e+00
6                                     -3.1621305561514051e-04
7                                      4.9137108286652787e-04
8                                     -2.0996174409341575e-04
9                                      6.0510833850628663e-05
10                                    -2.6749425779003035e-05
11                                     9.9935334396085459e-05
12                                    -2.5537983805406186e-05
13                                    -1.3261599445871017e-05
14                                     0.0000000000000000e+00
15                                     6.0510833850628663e-05
16                                    -2.6749425779003035e-05
17                                    -9.9935334396085459e-05
18                                    -3.8727160652881449e-06
19                                    -2.6260609475370362e-05
20                                     1.5032426301669415e-05
21                                     1.1916723526064700e-04
22                                     1.3022346069502052e-04
23                                     0.0000000000000000e+00
24                                    -3.8727160652881449e-06
25                                    -2.6260609475370362e-05
26                                    -1.5032426301669415e-05
27                                    -4.0578052090675242e-04
28                                    -3.6966359224035492e-05
29                                     0.0000000000000000e+00
30                                    -3.1621305561514051e-04
31                                     4.9137108286652787e-04
32                                     2.0996174409341575e-04
33                                    -7.9826940087947329e-01
34                                     5.4476820304515128e-01
35                                     0.0000000000000000e+00
36                                    -3.3612642632866970e-04
37                                    -3.5148909628915370e-04
38                                     3.3938581708301604e-04
39                                     1.5002415882921258e-03
40                                    -2.1663443902968905e-03
41                                    -1.2733609678002181e-03
42                                     2.9317161721138416e-04
43                                     7.1663529605331172e-04
44                                     3.3503287517067885e-04
45                                     1.2430634103257140e-04
46                                     2.2489299831462379e-04
47                                     0.0000000000000000e+00
48                                     8.6377947018998814e-05
49                                    -6.1342005806037844e-05
50                                     0.0000000000000000e+00
51                                     2.9317161721138416e-04
52                                     7.1663529605331172e-04
53                                    -3.3503287517067885e-04
54                                    -7.9330347649506284e-05
55                                     3.2405907334343095e-05
56                                     1.1652837477763931e-04
57                                    -7.5627090168571488e-05
58                                     1.2871780013082180e-05
59                                    -4.0674023281194115e-05
60                                    -2.5511576930698177e-04
61                                    -3.4665387502571301e-04
62                                     0.0000000000000000e+00
63                                    -7.9330347649506284e-05
64                                     3.2405907334343095e-05
65                                    -1.1652837477763931e-04
66                                    -7.5627090168571488e-05
67                                     1.2871780013082180e-05
68                                     4.0674023281194115e-05
69                                    -2.4638033468966756e-04
70                                     4.9032347246293323e-04
71                                     5.3834241239335399e-05
72                                    -2.4638033468966756e-04
73                                     4.9032347246293323e-04
74                                    -5.3834241239335399e-05
75                                    -3.3612642632866970e-04
76                                    -3.5148909628915370e-04
77                                    -3.3938581708301604e-04
78                                     1.5002415882921258e-03
79                                    -2.1663443902968905e-03
80                                     1.2733609678002181e-03
$End
$Calculation_Info
   &GeometryIndex 5
   &Mult [&Type "Integer"] 1
   &Charge [&Type "Integer"] 0
   &NumOfAtoms [&Type "Integer"] 27
   &NumOfElectrons [&Type "Integer"] 84
   &NumOfBasisFuncts [&Type "Integer"] 294
   &NumOfAuxCBasisFuncts [&Type "Integer"] 0
   &NumOfAuxJBasisFuncts [&Type "Integer"] 506
   &NumOfAuxJKBasisFuncts [&Type "Integer"] 0
   &NumOfCABSBasisFuncts [&Type "Integer"] 0
$End
$Calculation_Timings
   &GeometryIndex 5
   &GTOINT [&Type "Double"]       1.0288999999999994e+01
   &SCF [&Type "Double"]       1.5187800000000001e+02
   &SCFGRAD [&Type "Double"]       5.3104000000000013e+01
   &GSTEP [&Type "Double"]       1.1200000000003230e-01
   &PROPINT [&Type "Double"]       5.9309300000000007e+02
   &RESPONSE [&Type "Double"]       3.9942899999999986e+02
   &PROP [&Type "Double"]       1.7598699999999985e+02
   &SUM [&Type "Double"]       1.3838919999999998e+03
$End
