*************************************************
******************* ORCA 6.1.1 ******************
*************************************************
$Calculation_Status
   &GeometryIndex 5
   &version [&Type "String"] "6.1.1"
   &progName [&Type "String"] "LeanSCF"
   &Status [&Type "String"] "NORMAL TERMINATION"
$End
$Geometry
   &GeometryIndex 1
   &NAtoms [&Type "Integer"] 27
   &NCorelessECP [&Type "Integer"] 0
   &NGhostAtoms [&Type "Integer"] 0
   &CartesianCoordinates [&Type "Coordinates", &Dim(27,4), &Units "Bohr"] 
              O      1.329065827208    4.837340598663    0.000000000000
              C      0.545963317311    2.243823760686    0.000000000000
              C     -1.010849763598    1.618721252846   -2.364255263410
              C     -1.710369686592   -1.202091844519   -2.372777928274
              C     -3.267333945591   -1.815024516057    0.000000000000
              C     -1.710369686592   -1.202091844519    2.372777928274
              C      0.723200731410   -2.785077632383    2.368809503393
              C      2.283358627576   -2.164056932993    0.000000000000
              C      0.723200731410   -2.785077632383   -2.368809503393
              C      2.961430158950    0.660252157720    0.000000000000
              C     -1.010849763598    1.618721252846    2.364255263410
              H     -0.172453867021    5.872041246030    0.000000000000
              H      0.095773860427    2.108746136633   -4.049702002255
              H     -2.734506764870    2.783094907523   -2.388443757924
              H     -2.823531763040   -1.632684841395   -4.071074804829
              H     -3.800368996187   -3.821119985305    0.000000000000
              H     -5.026952435192   -0.712463803220    0.000000000000
              H     -2.823531763040   -1.632684841395    4.071074804829
              H      0.251978622655   -4.806517677839    2.397571135151
              H      1.833433732350   -2.387592637374    4.077178620242
              H      4.029673445194   -3.285344831817    0.000000000000
              H      0.251978622655   -4.806517677839   -2.397571135151
              H      1.833433732350   -2.387592637374   -4.077178620242
              H      4.088047085471    1.145571623434   -1.672917854576
              H      4.088047085471    1.145571623434    1.672917854576
              H      0.095773860427    2.108746136633    4.049702002255
              H     -2.734506764870    2.783094907523    2.388443757924
$End
$SCF_Mulliken_Population_Analysis
   &GeometryIndex 1
   &NAtoms [&Type "Integer"] 27
   &ATNO [&Type "ArrayOfIntegers", &Dim (27,1)] 
                                                         0

0                                                        8
1                                                        6
2                                                        6
3                                                        6
4                                                        6
5                                                        6
6                                                        6
7                                                        6
8                                                        6
9                                                        6
10                                                       6
11                                                       1
12                                                       1
13                                                       1
14                                                       1
15                                                       1
16                                                       1
17                                                       1
18                                                       1
19                                                       1
20                                                       1
21                                                       1
22                                                       1
23                                                       1
24                                                       1
25                                                       1
26                                                       1
   &AtomicCharges [&Type "ArrayOfDoubles", &Dim (27,1)] 
                                                         0

0                                     -4.3233841185319299e-01
1                                      1.9945109924250382e-01
2                                     -4.2707441535131796e-01
3                                      5.1667630749447468e-02
4                                     -4.5877199329394003e-01
5                                      5.1667630749446580e-02
6                                     -4.5716784267973942e-01
7                                      4.5730596095841847e-02
8                                     -4.5716784267973942e-01
9                                     -4.7446952304187828e-01
10                                    -4.2707441535131885e-01
11                                     3.1130188574430950e-01
12                                     1.6942109423027674e-01
13                                     1.6561417882236118e-01
14                                     1.5991565930396012e-01
15                                     1.6719091879610459e-01
16                                     1.6173262916150444e-01
17                                     1.5991565930396012e-01
18                                     1.6724450767638666e-01
19                                     1.6167759395994608e-01
20                                     1.5997270513354822e-01
21                                     1.6724450767638666e-01
22                                     1.6167759395994596e-01
23                                     1.6880164029625222e-01
24                                     1.6880164029625233e-01
25                                     1.6942109423027674e-01
26                                     1.6561417882236107e-01
   &Method [&Type "String"] "SCF"
   &Level [&Type "String"] "Relaxed density"
   &Mult [&Type "Integer"] 1
   &State [&Type "Integer"] -1
   &Irrep [&Type "Integer"] 0
$End
$SCF_Loewdin_Population_Analysis
   &GeometryIndex 1
   &NAtoms [&Type "Integer"] 27
   &ATNO [&Type "ArrayOfIntegers", &Dim (27,1)] 
                                                         0

0                                                        8
1                                                        6
2                                                        6
3                                                        6
4                                                        6
5                                                        6
6                                                        6
7                                                        6
8                                                        6
9                                                        6
10                                                       6
11                                                       1
12                                                       1
13                                                       1
14                                                       1
15                                                       1
16                                                       1
17                                                       1
18                                                       1
19                                                       1
20                                                       1
21                                                       1
22                                                       1
23                                                       1
24                                                       1
25                                                       1
26                                                       1
   &AtomicCharges [&Type "ArrayOfDoubles", &Dim (27,1)] 
                                                         0

0                                     -6.0107684041065568e-01
1                                      7.5891769691733835e-02
2                                     -2.5904766254633493e-01
3                                     -2.0889102506082935e-01
4                                     -2.8413493857568550e-01
5                                     -2.0889102506082935e-01
6                                     -2.8374692407986313e-01
7                                     -2.0820254257396797e-01
8                                     -2.8374692407986046e-01
9                                     -2.4516644344638028e-01
10                                    -2.5904766254633493e-01
11                                     2.7435062923973952e-01
12                                     1.7042683192140529e-01
13                                     1.6856656282394988e-01
14                                     1.6333207202241162e-01
15                                     1.6389837285150211e-01
16                                     1.6319024339270038e-01
17                                     1.6333207202241129e-01
18                                     1.6384947763480628e-01
19                                     1.6314860755995231e-01
20                                     1.6349278396309941e-01
21                                     1.6384947763480651e-01
22                                     1.6314860755995242e-01
23                                     1.7124054265843891e-01
24                                     1.7124054265843891e-01
25                                     1.7042683192140506e-01
26                                     1.6856656282394999e-01
   &Method [&Type "String"] "SCF"
   &Level [&Type "String"] "Relaxed density"
   &Mult [&Type "Integer"] 1
   &State [&Type "Integer"] -1
   &Irrep [&Type "Integer"] 0
$End
$SCF_Mayer_Population_Analysis
   &GeometryIndex 1
   &NAtoms [&Type "Integer"] 27 "Total number of atoms"
   &NBondOrdersPrint [&Type "Integer"] 29 "The number of bond orders larger than threshold"
   &bondThresh [&Type "Double"]       1.0000000000000001e-01  "The threshold for printing"
   &components [&Type "ArrayOfIntegers", &Dim (29,4)] "The indices and atomic numbers of the bonding atoms"
                                                         0                           1                           2                           3

0                                                        0                           8                           1                           6
1                                                        0                           8                          11                           1
2                                                        1                           6                           2                           6
3                                                        1                           6                           9                           6
4                                                        1                           6                          10                           6
5                                                        2                           6                           3                           6
6                                                        2                           6                          12                           1
7                                                        2                           6                          13                           1
8                                                        3                           6                           4                           6
9                                                        3                           6                           8                           6
10                                                       3                           6                          14                           1
11                                                       4                           6                           5                           6
12                                                       4                           6                          15                           1
13                                                       4                           6                          16                           1
14                                                       5                           6                           6                           6
15                                                       5                           6                          10                           6
16                                                       5                           6                          17                           1
17                                                       6                           6                           7                           6
18                                                       6                           6                          18                           1
19                                                       6                           6                          19                           1
20                                                       7                           6                           8                           6
21                                                       7                           6                           9                           6
22                                                       7                           6                          20                           1
23                                                       8                           6                          21                           1
24                                                       8                           6                          22                           1
25                                                       9                           6                          23                           1
26                                                       9                           6                          24                           1
27                                                      10                           6                          25                           1
28                                                      10                           6                          26                           1
   &BondOrders [&Type "ArrayOfDoubles", &Dim (29,1)] "The bond orders"
                                                         0

0                                      8.8554738268801403e-01
1                                      8.8941817731487638e-01
2                                      9.4939273477835728e-01
3                                      9.5827231876016283e-01
4                                      9.4939273477835728e-01
5                                      8.8569225073494451e-01
6                                      9.6180344358768100e-01
7                                      9.5666788693712590e-01
8                                      9.3014378366046790e-01
9                                      9.3163628719155778e-01
10                                     8.6896832660313905e-01
11                                     9.3014378366046779e-01
12                                     9.6473225599103729e-01
13                                     9.6319275054926234e-01
14                                     9.3163628719155800e-01
15                                     8.8569225073494451e-01
16                                     8.6896832660313938e-01
17                                     9.2948662383105507e-01
18                                     9.6416366047570290e-01
19                                     9.6232911953828015e-01
20                                     9.2948662383105507e-01
21                                     9.0294195029171775e-01
22                                     8.7411353423853999e-01
23                                     9.6416366047570301e-01
24                                     9.6232911953828038e-01
25                                     9.6344332798913390e-01
26                                     9.6344332798913390e-01
27                                     9.6180344358768077e-01
28                                     9.5666788693712590e-01
   &ATNO [&Type "ArrayOfIntegers", &Dim (27,1)] "Atomic number of the elements"
                                                         0

0                                                        8
1                                                        6
2                                                        6
3                                                        6
4                                                        6
5                                                        6
6                                                        6
7                                                        6
8                                                        6
9                                                        6
10                                                       6
11                                                       1
12                                                       1
13                                                       1
14                                                       1
15                                                       1
16                                                       1
17                                                       1
18                                                       1
19                                                       1
20                                                       1
21                                                       1
22                                                       1
23                                                       1
24                                                       1
25                                                       1
26                                                       1
   &NA [&Type "ArrayOfDoubles", &Dim (27,1)] "Mulliken gross atomic population"
                                                         0

0                                      8.4323384118532090e+00
1                                      5.8005489007574997e+00
2                                      6.4270744153513153e+00
3                                      5.9483323692505525e+00
4                                      6.4587719932939400e+00
5                                      5.9483323692505525e+00
6                                      6.4571678426797385e+00
7                                      5.9542694039041573e+00
8                                      6.4571678426797359e+00
9                                      6.4744695230418703e+00
10                                     6.4270744153513162e+00
11                                     6.8869811425569072e-01
12                                     8.3057890576972326e-01
13                                     8.3438582117763904e-01
14                                     8.4008434069604010e-01
15                                     8.3280908120389507e-01
16                                     8.3826737083849523e-01
17                                     8.4008434069603999e-01
18                                     8.3275549232361312e-01
19                                     8.3832240604005381e-01
20                                     8.4002729486645189e-01
21                                     8.3275549232361334e-01
22                                     8.3832240604005404e-01
23                                     8.3119835970374778e-01
24                                     8.3119835970374789e-01
25                                     8.3057890576972326e-01
26                                     8.3438582117763904e-01
   &ZA [&Type "ArrayOfDoubles", &Dim (27,1)] "Total nuclear charge"
                                                         0

0                                      8.0000000000000000e+00
1                                      6.0000000000000000e+00
2                                      6.0000000000000000e+00
3                                      6.0000000000000000e+00
4                                      6.0000000000000000e+00
5                                      6.0000000000000000e+00
6                                      6.0000000000000000e+00
7                                      6.0000000000000000e+00
8                                      6.0000000000000000e+00
9                                      6.0000000000000000e+00
10                                     6.0000000000000000e+00
11                                     1.0000000000000000e+00
12                                     1.0000000000000000e+00
13                                     1.0000000000000000e+00
14                                     1.0000000000000000e+00
15                                     1.0000000000000000e+00
16                                     1.0000000000000000e+00
17                                     1.0000000000000000e+00
18                                     1.0000000000000000e+00
19                                     1.0000000000000000e+00
20                                     1.0000000000000000e+00
21                                     1.0000000000000000e+00
22                                     1.0000000000000000e+00
23                                     1.0000000000000000e+00
24                                     1.0000000000000000e+00
25                                     1.0000000000000000e+00
26                                     1.0000000000000000e+00
   &QA [&Type "ArrayOfDoubles", &Dim (27,1)] "Mulliken gross atomic charge"
                                                         0

0                                     -4.3233841185320898e-01
1                                      1.9945109924250026e-01
2                                     -4.2707441535131530e-01
3                                      5.1667630749447468e-02
4                                     -4.5877199329394003e-01
5                                      5.1667630749447468e-02
6                                     -4.5716784267973853e-01
7                                      4.5730596095842735e-02
8                                     -4.5716784267973587e-01
9                                     -4.7446952304187029e-01
10                                    -4.2707441535131618e-01
11                                     3.1130188574430928e-01
12                                     1.6942109423027674e-01
13                                     1.6561417882236096e-01
14                                     1.5991565930395990e-01
15                                     1.6719091879610493e-01
16                                     1.6173262916150477e-01
17                                     1.5991565930396001e-01
18                                     1.6724450767638688e-01
19                                     1.6167759395994619e-01
20                                     1.5997270513354811e-01
21                                     1.6724450767638666e-01
22                                     1.6167759395994596e-01
23                                     1.6880164029625222e-01
24                                     1.6880164029625211e-01
25                                     1.6942109423027674e-01
26                                     1.6561417882236096e-01
   &VA [&Type "ArrayOfDoubles", &Dim (27,1)] "Mayer's total valence"
                                                         0

0                                      1.7619169305101217e+00
1                                      3.6612378846538221e+00
2                                      3.6255120347856047e+00
3                                      3.4420183734930356e+00
4                                      3.7285176184652853e+00
5                                      3.4420183734930365e+00
6                                      3.7260598873824158e+00
7                                      3.4766939721361103e+00
8                                      3.7260598873824105e+00
9                                      3.7554951983188980e+00
10                                     3.6255120347856007e+00
11                                     9.0065487802569255e-01
12                                     9.6186598268092749e-01
13                                     9.6292118090406631e-01
14                                     9.5070902539549074e-01
15                                     9.5820784901157452e-01
16                                     9.6056260422289674e-01
17                                     9.5070902539549074e-01
18                                     9.5805639755905536e-01
19                                     9.6041391676015198e-01
20                                     9.5150022900341424e-01
21                                     9.5805639755905569e-01
22                                     9.6041391676015264e-01
23                                     9.6019313074629342e-01
24                                     9.6019313074629309e-01
25                                     9.6186598268092760e-01
26                                     9.6292118090406631e-01
   &BVA [&Type "ArrayOfDoubles", &Dim (27,1)] "Mayer's bonded valence"
                                                         0

0                                      1.7619169305100995e+00
1                                      3.6612378846538154e+00
2                                      3.6255120347855985e+00
3                                      3.4420183734930561e+00
4                                      3.7285176184652804e+00
5                                      3.4420183734930578e+00
6                                      3.7260598873824451e+00
7                                      3.4766939721361401e+00
8                                      3.7260598873824429e+00
9                                      3.7554951983188900e+00
10                                     3.6255120347855971e+00
11                                     9.0065487802569455e-01
12                                     9.6186598268092860e-01
13                                     9.6292118090406675e-01
14                                     9.5070902539549063e-01
15                                     9.5820784901157652e-01
16                                     9.6056260422289863e-01
17                                     9.5070902539549085e-01
18                                     9.5805639755905725e-01
19                                     9.6041391676015375e-01
20                                     9.5150022900341358e-01
21                                     9.5805639755905736e-01
22                                     9.6041391676015375e-01
23                                     9.6019313074629209e-01
24                                     9.6019313074629209e-01
25                                     9.6186598268092882e-01
26                                     9.6292118090406709e-01
   &FA [&Type "ArrayOfDoubles", &Dim (27,1)] "Mayer's free valence"
                                                         0

0                                      0.0000000000000000e+00
1                                      0.0000000000000000e+00
2                                      0.0000000000000000e+00
3                                      0.0000000000000000e+00
4                                      0.0000000000000000e+00
5                                      0.0000000000000000e+00
6                                      0.0000000000000000e+00
7                                      0.0000000000000000e+00
8                                      0.0000000000000000e+00
9                                      0.0000000000000000e+00
10                                     0.0000000000000000e+00
11                                     0.0000000000000000e+00
12                                     0.0000000000000000e+00
13                                     0.0000000000000000e+00
14                                     0.0000000000000000e+00
15                                     0.0000000000000000e+00
16                                     0.0000000000000000e+00
17                                     0.0000000000000000e+00
18                                     0.0000000000000000e+00
19                                     0.0000000000000000e+00
20                                     0.0000000000000000e+00
21                                     0.0000000000000000e+00
22                                     0.0000000000000000e+00
23                                     0.0000000000000000e+00
24                                     0.0000000000000000e+00
25                                     0.0000000000000000e+00
26                                     0.0000000000000000e+00
   &Method [&Type "String"] "SCF"
   &Level [&Type "String"] "Relaxed density"
   &Mult [&Type "Integer"] 1
   &State [&Type "Integer"] -1
   &Irrep [&Type "Integer"] 0
$End
$SCF_Energy
   &GeometryIndex 1
   &Method [&Type "String"] "SCF"
   &totalEnergy [&Type "ArrayOfDoubles", &Dim (1,1)] "Total energy of each state"
                                                         0

0                                     -4.6584902652810530e+02
   &Mult [&Type "ArrayOfIntegers", &Dim (1,1)] "Multiplicity of each state"
                                                         0

0                                                        1
   &Irrep [&Type "ArrayOfIntegers", &Dim (1,1)] "Irreducible representation of each state"
                                                         0

0                                                        0
$End
$DFT_Energy
   &GeometryIndex 1
   &nAlphaEl [&Type "Integer"] 41
   &nBetaEl [&Type "Integer"] 41
   &nTotalEl [&Type "Integer"] 83
   &finalEn [&Type "Double"]      -4.6584902652810530e+02  "No Van der Waals correction"
   &eExchange [&Type "Double"]      -6.6108224630716677e+01
   &eCorr [&Type "Double"]      -2.7069640730250928e+00
   &eXC [&Type "Double"]      -6.8815188703741768e+01
   &eCNL [&Type "Double"]       0.0000000000000000e+00
$End
$Solvation_Details
   &GeometryIndex 1
   &Solvent [&Type "String"] "DIMETHYLSULFOXIDE"
   &Epsilon [&Type "Double"]       4.6826000000000001e+01
   &Refrac [&Type "Double"]       1.4170000000000000e+00
   &RSolv [&Type "Double"]       1.3000000000000000e+00
   &SurfaceType [&Type "String"] "GAUSSIAN VDW"
   &CPCMDielEnergy [&Type "Double"]      -6.5527559999999999e-03
   &NPoints [&Type "Integer"] 1763
   &SurfaceArea [&Type "Double"]       6.6682175749299995e+02
$End
$SCF_Timings
   &GeometryIndex 1
   &TOTAL [&Type "Double"]       4.4119999999999997e+01
   &PREP [&Type "Double"]       6.9599999999999995e-01
   &FOCK [&Type "Double"]       3.9713000000000001e+01
   &DENS [&Type "Double"]       3.7599999999999767e-01
   &ETOT [&Type "Double"]       1.3800000000000434e-01
   &POP [&Type "Double"]       9.4000000000001194e-02
   &TRAFO [&Type "Double"]       8.6999999999999744e-02
   &DIIS [&Type "Double"]       4.8299999999999521e-01
   &SOSCF [&Type "Double"]       3.4800000000000608e-01
   &XC [&Type "Double"]       2.9391999999999996e+01
   &FOCKSTART [&Type "Double"]       2.6000000000000134e-02
   &SOLV [&Type "Double"]       8.0900000000000016e+00
   &SOLV_INIT [&Type "Double"]       3.1299999999999994e-01
   &INT_BF [&Type "Double"]       4.4029999999999223e+00
   &INT_DENS [&Type "Double"]       9.2590000000001034e+00
   &INT_DENSIO [&Type "Double"]       1.2854779200000004e+05
   &INT_FUNC [&Type "Double"]       1.1149999999999114e+00
   &INT_POT [&Type "Double"]       1.2607000000000028e+01
   &INT_POTIO [&Type "Double"]       1.6900000000001936e-01
   &SPLITRIJ [&Type "Double"]       4.6029999999999953e+00
$End
$VdW_Correction
   &GeometryIndex 1
   &vdW [&Type "Double"]      -1.0810224001718939e-02
$End
$gCP_Energy
   &GeometryIndex 1
   &gCP_Energy [&Type "Double"]       1.1289282400000000e-02
$End
$Single_Point_Data
   &GeometryIndex 1
   &FinalEnergy [&Type "Double"]      -4.6584854746970700e+02  "Final single point energy"
   &Converged [&Type "Boolean"] true
$End
$SCF_Nuc_Gradient
   &GeometryIndex 1
   &NAtoms [&Type "Integer"] 27
   &gradNorm [&Type "Double"]       6.0206359693194865e-03
   &grad [&Type "ArrayOfDoubles", &Dim (81,1)] 
                                                         0

0                                     -2.5337249510884625e-03
1                                     -2.3527284561591913e-03
2                                     -1.9927280676019623e-09
3                                      8.5675064140950362e-04
4                                      3.1255882323451287e-03
5                                     -1.6056137578185162e-10
6                                      6.3894065260326576e-04
7                                     -9.2396066664560952e-04
8                                     -3.5502408566876359e-04
9                                     -2.5172194738822906e-04
10                                     2.4843681863665292e-04
11                                     1.2559087592967907e-04
12                                     1.2065359279796618e-04
13                                    -3.2297416999054580e-04
14                                    -3.7238945315202183e-09
15                                    -2.5171836600099731e-04
16                                     2.4843770169572909e-04
17                                    -1.2559402039941217e-04
18                                     7.4239928122488496e-05
19                                    -1.4490019064588238e-04
20                                    -5.6838879643816772e-05
21                                    -3.7238510975549471e-04
22                                     5.1052144409371406e-04
23                                    -2.0999558403861485e-09
24                                     7.4237735577183502e-05
25                                    -1.4489336000446867e-04
26                                     5.6848315227408760e-05
27                                     6.4161808986155011e-04
28                                    -4.3981523313160764e-04
29                                    -2.7886057683067782e-09
30                                     6.3894287290211667e-04
31                                    -9.2396062866558740e-04
32                                     3.5502857243369530e-04
33                                     2.3525700101326196e-03
34                                    -5.5460651625337796e-04
35                                     1.0927961425256628e-09
36                                    -2.8089476105897274e-04
37                                     5.4201960668977592e-04
38                                     4.8615228022949608e-04
39                                    -2.1552649905488223e-04
40                                     2.4762786215083981e-05
41                                    -3.7949813321482028e-04
42                                     8.2458758241526629e-06
43                                    -1.1881760229333968e-04
44                                     1.1732748348003956e-05
45                                    -2.7427189756240990e-04
46                                     2.1650947856659535e-04
47                                     1.5767086209322105e-09
48                                    -8.8262789189655225e-05
49                                    -2.6062610479851039e-04
50                                     3.1691711972275420e-10
51                                     8.2477090263817596e-06
52                                    -1.1881713425256676e-04
53                                    -1.1736095521736636e-05
54                                     3.7320335794610341e-05
55                                     7.8591169413665693e-05
56                                     2.8105249915725552e-04
57                                    -1.4396998394694508e-04
58                                    -2.2210373919031825e-04
59                                    -1.4551478433543521e-04
60                                    -9.1820399691718469e-05
61                                     1.0806208823195096e-05
62                                     1.2742651969281408e-09
63                                     3.7320742969584674e-05
64                                     7.8591339087663039e-05
65                                    -2.8105268520186552e-04
66                                    -1.4396751895462385e-04
67                                    -2.2210660166614374e-04
68                                     1.4551098871994701e-04
69                                    -1.7220361045316036e-04
70                                     5.4963078843148433e-04
71                                     6.5295031113155023e-04
72                                    -1.7219986682972122e-04
73                                     5.4963392335564487e-04
74                                    -6.5294725645165231e-04
75                                    -2.8089669888492811e-04
76                                     5.4201941572615611e-04
77                                    -4.8615120157058351e-04
78                                    -2.1552378727336083e-04
79                                     2.4761491030263476e-05
80                                     3.7949705592213966e-04
   &Method [&Type "String"] "SCF"
   &Level [&Type "String"] "Relaxed density"
   &Mult [&Type "Integer"] 1
   &State [&Type "Integer"] 0
   &Irrep [&Type "Integer"] 0
$End
$Geometry
   &GeometryIndex 2
   &NAtoms [&Type "Integer"] 27
   &NCorelessECP [&Type "Integer"] 0
   &NGhostAtoms [&Type "Integer"] 0
   &CartesianCoordinates [&Type "Coordinates", &Dim(27,4), &Units "Bohr"] 
              O      1.319688507179    4.845020418759    0.000000000000
              C      0.547847709667    2.241921744644    0.000000000000
              C     -1.009587869530    1.618537363596   -2.363410373976
              C     -1.709163125964   -1.201771908994   -2.372400436505
              C     -3.266285882053   -1.813132658962    0.000000000000
              C     -1.709163125964   -1.201771908994    2.372400436505
              C      0.723801604699   -2.785812815729    2.368796235165
              C      2.284567206902   -2.167229577683    0.000000000000
              C      0.723801604699   -2.785812815729   -2.368796235165
              C      2.963625449707    0.656526720043    0.000000000000
              C     -1.009587869530    1.618537363596    2.363410373976
              H     -0.195248793566    5.867857164147    0.000000000000
              H      0.097445242968    2.104178232205   -4.051327237638
              H     -2.731588245384    2.784396070686   -2.384689329777
              H     -2.822787687360   -1.630859641754   -4.070738461478
              H     -3.799131965515   -3.819681277062    0.000000000000
              H     -5.024482130077   -0.707945784579    0.000000000000
              H     -2.822787687360   -1.630859641754    4.070738461478
              H      0.251350970555   -4.807226122525    2.396333455318
              H      1.834637024344   -2.387623209076    4.077437068105
              H      4.030449614316   -3.289629009866    0.000000000000
              H      0.251350970555   -4.807226122525   -2.396333455318
              H      1.834637024344   -2.387623209076   -4.077437068105
              H      4.091387789293    1.136358104424   -1.675468098975
              H      4.091387789293    1.136358104424    1.675468098975
              H      0.097445242968    2.104178232205    4.051327237638
              H     -2.731588245384    2.784396070686    2.384689329777
$End
$SCF_Energy
   &GeometryIndex 2
   &Method [&Type "String"] "SCF"
   &totalEnergy [&Type "ArrayOfDoubles", &Dim (1,1)] "Total energy of each state"
                                                         0

0                                     -4.6584907924500232e+02
   &Mult [&Type "ArrayOfIntegers", &Dim (1,1)] "Multiplicity of each state"
                                                         0

0                                                        1
   &Irrep [&Type "ArrayOfIntegers", &Dim (1,1)] "Irreducible representation of each state"
                                                         0

0                                                        0
$End
$DFT_Energy
   &GeometryIndex 2
   &nAlphaEl [&Type "Integer"] 41
   &nBetaEl [&Type "Integer"] 41
   &nTotalEl [&Type "Integer"] 83
   &finalEn [&Type "Double"]      -4.6584907924500232e+02  "No Van der Waals correction"
   &eExchange [&Type "Double"]      -6.6105214457699631e+01
   &eCorr [&Type "Double"]      -2.7068569261832298e+00
   &eXC [&Type "Double"]      -6.8812071383882866e+01
   &eCNL [&Type "Double"]       0.0000000000000000e+00
$End
$Solvation_Details
   &GeometryIndex 2
   &Solvent [&Type "String"] "DIMETHYLSULFOXIDE"
   &Epsilon [&Type "Double"]       4.6826000000000001e+01
   &Refrac [&Type "Double"]       1.4170000000000000e+00
   &RSolv [&Type "Double"]       1.3000000000000000e+00
   &SurfaceType [&Type "String"] "GAUSSIAN VDW"
   &CPCMDielEnergy [&Type "Double"]      -6.6430370000000001e-03
   &NPoints [&Type "Integer"] 1763
   &SurfaceArea [&Type "Double"]       6.6710677571400004e+02
$End
$SCF_Timings
   &GeometryIndex 2
   &TOTAL [&Type "Double"]       2.6697000000000003e+01
   &PREP [&Type "Double"]       6.4800000000000002e-01
   &FOCK [&Type "Double"]       2.3334999999999997e+01
   &DENS [&Type "Double"]       2.8500000000000369e-01
   &ETOT [&Type "Double"]       1.8900000000000006e-01
   &TRAFO [&Type "Double"]       3.5000000000000142e-02
   &DIIS [&Type "Double"]       1.7800000000000082e-01
   &SOSCF [&Type "Double"]       4.4400000000000084e-01
   &XC [&Type "Double"]       1.7349000000000000e+01
   &FOCKSTART [&Type "Double"]       2.4999999999991807e-02
   &SOLV [&Type "Double"]       4.6679999999999957e+00
   &SOLV_INIT [&Type "Double"]       2.6100000000000001e-01
   &INT_BF [&Type "Double"]       2.9709999999999042e+00
   &INT_DENS [&Type "Double"]       5.8670000000000844e+00
   &INT_DENSIO [&Type "Double"]       6.0538705999999991e+04
   &INT_FUNC [&Type "Double"]       7.7700000000001701e-01
   &INT_POT [&Type "Double"]       6.7610000000000072e+00
   &INT_POTIO [&Type "Double"]       1.1799999999998079e-01
   &INT_SUM [&Type "Double"]       1.0000000000003340e-03
   &SPLITRIJ [&Type "Double"]       3.0029999999999970e+00
$End
$VdW_Correction
   &GeometryIndex 2
   &vdW [&Type "Double"]      -1.0810704612602794e-02
$End
$gCP_Energy
   &GeometryIndex 2
   &gCP_Energy [&Type "Double"]       1.1289345500000001e-02
$End
$Single_Point_Data
   &GeometryIndex 2
   &FinalEnergy [&Type "Double"]      -4.6584860060411489e+02  "Final single point energy"
   &Converged [&Type "Boolean"] true
$End
$SCF_Nuc_Gradient
   &GeometryIndex 2
   &NAtoms [&Type "Integer"] 27
   &gradNorm [&Type "Double"]       3.4559887762634881e-03
   &grad [&Type "ArrayOfDoubles", &Dim (81,1)] 
                                                         0

0                                     -8.7775430825894388e-04
1                                     -1.7743337585128410e-03
2                                     -1.1971521118216472e-09
3                                      6.8533985885356930e-04
4                                      1.8835158674244288e-03
5                                      2.0258919073963021e-09
6                                      4.7767314795717968e-05
7                                     -6.5283473021660380e-04
8                                      4.8221648637100341e-05
9                                     -1.2027726563118267e-04
10                                     2.2484581796993055e-04
11                                     1.0203724117230199e-04
12                                     2.1639378120470818e-04
13                                     3.3093725773577769e-05
14                                    -3.0761055647278787e-09
15                                    -1.2027941257337612e-04
16                                     2.2485004878567693e-04
17                                    -1.0203769409014433e-04
18                                     3.9976040779587367e-05
19                                    -1.1758872463297414e-05
20                                    -1.6893942302269411e-04
21                                    -3.2574096094628027e-05
22                                     3.1392333328661204e-04
23                                    -2.1504128792110523e-09
24                                     3.9969889026036283e-05
25                                    -1.1753022990099618e-05
26                                     1.6894541530310228e-04
27                                     1.0658236091107555e-04
28                                    -1.2078888271247717e-03
29                                     1.5055661780982259e-09
30                                     4.7774200727837584e-05
31                                    -6.5283640766451354e-04
32                                    -4.8218598729981573e-05
33                                     3.8425109942180342e-04
34                                     5.9983096033336782e-04
35                                    -2.6669072844021804e-11
36                                    -4.1402866777379778e-05
37                                     3.6010075019828460e-04
38                                     9.4137997141990448e-05
39                                    -6.9946558102614183e-05
40                                    -2.1713350680174976e-06
41                                    -2.0892910216669010e-04
42                                    -4.9292137626158505e-06
43                                    -5.2447062790473607e-05
44                                     1.6290823877904045e-05
45                                    -1.4991161652185358e-04
46                                     6.4861079629887741e-05
47                                     2.9438181240316856e-10
48                                    -9.2219628239339287e-05
49                                    -1.0663013290791311e-04
50                                     2.7858502173263183e-11
51                                    -4.9280345164707542e-06
52                                    -5.2447864197435219e-05
53                                    -1.6293170216333177e-05
54                                     2.4280903771491948e-05
55                                     3.7511012844840264e-07
56                                     1.3855571205758133e-04
57                                    -1.4284970646220098e-05
58                                    -9.5315054804246663e-05
59                                     2.7584955243326861e-05
60                                    -1.1846167980883389e-05
61                                    -8.1401545061866561e-05
62                                     1.3021417461047113e-09
63                                     2.4283348988236284e-05
64                                     3.7290531314557824e-07
65                                    -1.3855814843011179e-04
66                                    -1.4284639678633591e-05
67                                    -9.5315157381935939e-05
68                                    -2.7586084735992762e-05
69                                     2.4684971285816881e-05
70                                     3.6671649143793733e-04
71                                     1.4595989751326372e-04
72                                     2.4685599173170103e-05
73                                     3.6671648417246433e-04
74                                    -1.4596006607101497e-04
75                                    -4.1404784789268062e-05
76                                     3.6010227919407563e-04
77                                    -9.4138258292591538e-05
78                                    -6.9945806513711686e-05
79                                    -2.1710815383203699e-06
80                                     2.0892815025082588e-04
   &Method [&Type "String"] "SCF"
   &Level [&Type "String"] "Relaxed density"
   &Mult [&Type "Integer"] 1
   &State [&Type "Integer"] 0
   &Irrep [&Type "Integer"] 0
$End
$Geometry
   &GeometryIndex 3
   &NAtoms [&Type "Integer"] 27
   &NCorelessECP [&Type "Integer"] 0
   &NGhostAtoms [&Type "Integer"] 0
   &CartesianCoordinates [&Type "Coordinates", &Dim(27,4), &Units "Bohr"] 
              O      1.314098174628    4.850319223453    0.000000000000
              C      0.549264119893    2.239600215821    0.000000000000
              C     -1.007982738608    1.618211537836   -2.363233245944
              C     -1.708737031436   -1.201958775906   -2.372344021972
              C     -3.266120153278   -1.812637336431    0.000000000000
              C     -1.708737031436   -1.201958775906    2.372344021972
              C      0.723771104397   -2.786178958912    2.368811420660
              C      2.284797571498   -2.168097312345    0.000000000000
              C      0.723771104397   -2.786178958912   -2.368811420660
              C      2.965111817686    0.656119595918    0.000000000000
              C     -1.007982738608    1.618211537836    2.363233245944
              H     -0.211544057707    5.858491164093    0.000000000000
              H      0.099858070841    2.098160961941   -4.052611175144
              H     -2.728086080330    2.786223772455   -2.382408901986
              H     -2.822414432112   -1.629762910025   -4.070964350477
              H     -3.798063582342   -3.819601214663    0.000000000000
              H     -5.023040117227   -0.705509762613    0.000000000000
              H     -2.822414432112   -1.629762910025    4.070964350477
              H      0.250696529138   -4.807543041246    2.394438517875
              H      1.834810841805   -2.387510374340    4.077371997851
              H      4.030711111105   -3.290243155607    0.000000000000
              H      0.250696529138   -4.807543041246   -2.394438517875
              H      1.834810841805   -2.387510374340   -4.077371997851
              H      4.093212666461    1.130283242042   -1.677288202465
              H      4.093212666461    1.130283242042    1.677288202465
              H      0.099858070841    2.098160961941    4.052611175144
              H     -2.728086080330    2.786223772455    2.382408901986
$End
$SCF_Energy
   &GeometryIndex 3
   &Method [&Type "String"] "SCF"
   &totalEnergy [&Type "ArrayOfDoubles", &Dim (1,1)] "Total energy of each state"
                                                         0

0                                     -4.6584909814724398e+02
   &Mult [&Type "ArrayOfIntegers", &Dim (1,1)] "Multiplicity of each state"
                                                         0

0                                                        1
   &Irrep [&Type "ArrayOfIntegers", &Dim (1,1)] "Irreducible representation of each state"
                                                         0

0                                                        0
$End
$DFT_Energy
   &GeometryIndex 3
   &nAlphaEl [&Type "Integer"] 41
   &nBetaEl [&Type "Integer"] 41
   &nTotalEl [&Type "Integer"] 83
   &finalEn [&Type "Double"]      -4.6584909814724398e+02  "No Van der Waals correction"
   &eExchange [&Type "Double"]      -6.6104188736700564e+01
   &eCorr [&Type "Double"]      -2.7068132756666978e+00
   &eXC [&Type "Double"]      -6.8811002012367268e+01
   &eCNL [&Type "Double"]       0.0000000000000000e+00
$End
$Solvation_Details
   &GeometryIndex 3
   &Solvent [&Type "String"] "DIMETHYLSULFOXIDE"
   &Epsilon [&Type "Double"]       4.6826000000000001e+01
   &Refrac [&Type "Double"]       1.4170000000000000e+00
   &RSolv [&Type "Double"]       1.3000000000000000e+00
   &SurfaceType [&Type "String"] "GAUSSIAN VDW"
   &CPCMDielEnergy [&Type "Double"]      -6.7131839999999996e-03
   &NPoints [&Type "Integer"] 1761
   &SurfaceArea [&Type "Double"]       6.6727850007600000e+02
$End
$SCF_Timings
   &GeometryIndex 3
   &TOTAL [&Type "Double"]       1.7470000000000002e+01
   &PREP [&Type "Double"]       4.5600000000000002e-01
   &FOCK [&Type "Double"]       1.4110000000000001e+01
   &DENS [&Type "Double"]       6.4999999999999503e-02
   &ETOT [&Type "Double"]       3.9999999999999147e-02
   &TRAFO [&Type "Double"]       3.6999999999999034e-02
   &DIIS [&Type "Double"]       6.2999999999999723e-02
   &SOSCF [&Type "Double"]       2.2000000000000064e-01
   &XC [&Type "Double"]       1.2046000000000001e+01
   &FOCKSTART [&Type "Double"]       1.3999999999999457e-02
   &SOLV [&Type "Double"]       2.9000000000000030e+00
   &SOLV_INIT [&Type "Double"]       2.1299999999999999e-01
   &INT_BF [&Type "Double"]       1.8640000000000223e+00
   &INT_DENS [&Type "Double"]       3.9800000000000146e+00
   &INT_DENSIO [&Type "Double"]       2.4031490000000005e+04
   &INT_FUNC [&Type "Double"]       5.2200000000002866e-01
   &INT_POT [&Type "Double"]       5.0889999999999276e+00
   &INT_POTIO [&Type "Double"]       6.1999999999998279e-02
   &SPLITRIJ [&Type "Double"]       1.7069999999999990e+00
$End
$VdW_Correction
   &GeometryIndex 3
   &vdW [&Type "Double"]      -1.0811750908815150e-02
$End
$gCP_Energy
   &GeometryIndex 3
   &gCP_Energy [&Type "Double"]       1.1290629400000000e-02
$End
$Single_Point_Data
   &GeometryIndex 3
   &FinalEnergy [&Type "Double"]      -4.6584861926875283e+02  "Final single point energy"
   &Converged [&Type "Boolean"] true
$End
$SCF_Nuc_Gradient
   &GeometryIndex 3
   &NAtoms [&Type "Integer"] 27
   &gradNorm [&Type "Double"]       1.4454964780559547e-03
   &grad [&Type "ArrayOfDoubles", &Dim (81,1)] 
                                                         0

0                                     -1.4232827335621868e-04
1                                     -5.0130973864809117e-04
2                                      1.5272596786462635e-09
3                                      2.3537420653789356e-04
4                                      6.0108914291898759e-04
5                                      3.0136244816461902e-10
6                                     -1.6424738459349530e-04
7                                     -2.7482514738474284e-04
8                                      1.2461327678704612e-04
9                                      2.4135440411511159e-05
10                                     1.1294304796751484e-04
11                                     4.7520483878692708e-06
12                                     1.2923087107022667e-04
13                                     1.4671330608828000e-04
14                                     1.6761125802558929e-09
15                                     2.4133201178326921e-05
16                                     1.1294588292668680e-04
17                                    -4.7573375149431675e-06
18                                    -1.6548849683446986e-05
19                                     3.6312385966406053e-05
20                                    -9.3820089029022808e-05
21                                     1.2330310416304127e-04
22                                     1.5335886004227593e-04
23                                    -2.2478068783711503e-09
24                                    -1.6546317980877063e-05
25                                     3.6317167658961934e-05
26                                     9.3827789427230720e-05
27                                    -9.9820200365223521e-05
28                                    -8.6205213296708817e-04
29                                    -9.1520640770456462e-10
30                                    -1.6424730834306214e-04
31                                    -2.7482252996683548e-04
32                                    -1.2461308122445228e-04
33                                    -1.6326426954225894e-04
34                                     3.9277904903845863e-04
35                                    -9.0786614147245879e-11
36                                     4.8606874603347565e-05
37                                     1.0458298647652920e-04
38                                    -7.7215861171660402e-05
39                                     3.5444959467676568e-05
40                                     1.8313946323386514e-06
41                                    -2.9191421068680762e-05
42                                    -3.7067186372060799e-07
43                                    -1.0723949705526798e-05
44                                     6.2456627235235390e-06
45                                    -3.0522149992994333e-05
46                                    -2.5764557938413521e-05
47                                    -3.7553454915704955e-10
48                                    -2.8741710224032026e-05
49                                     1.3136574933427761e-06
50                                    -9.9914577931359829e-11
51                                    -3.6513294078926420e-07
52                                    -1.0718904768822114e-05
53                                    -6.2488956217782231e-06
54                                    -3.7702733402851253e-06
55                                    -2.1262734064664442e-05
56                                     1.8374660267810316e-05
57                                     1.9976146609627406e-05
58                                    -3.1782280467463112e-07
59                                     5.0032460508702770e-05
60                                    -1.7310961002477826e-05
61                                    -5.0834602069376621e-05
62                                    -8.9436663645130522e-10
63                                    -3.7700285969067702e-06
64                                    -2.1264615413741023e-05
65                                    -1.8375974070662423e-05
66                                     1.9973437544405228e-05
67                                    -3.1489324711983643e-07
68                                    -5.0029077217250435e-05
69                                     5.3810099443832131e-05
70                                     1.2380817801486209e-04
71                                    -8.4851263551729693e-05
72                                     5.3809735294649372e-05
73                                     1.2380587419544910e-04
74                                     8.4852948488225684e-05
75                                     4.8606538806596049e-05
76                                     1.0458415815295162e-04
77                                     7.7216447388679665e-05
78                                     3.5448916830502946e-05
79                                     1.8265371462863861e-06
80                                     2.9188824143134710e-05
   &Method [&Type "String"] "SCF"
   &Level [&Type "String"] "Relaxed density"
   &Mult [&Type "Integer"] 1
   &State [&Type "Integer"] 0
   &Irrep [&Type "Integer"] 0
$End
$Geometry
   &GeometryIndex 4
   &NAtoms [&Type "Integer"] 27
   &NCorelessECP [&Type "Integer"] 0
   &NGhostAtoms [&Type "Integer"] 0
   &CartesianCoordinates [&Type "Coordinates", &Dim(27,4), &Units "Bohr"] 
              O      1.314173986499    4.851114642360    0.000000000000
              C      0.549558046833    2.238837450832    0.000000000000
              C     -1.007488690813    1.618205096102   -2.363336232220
              C     -1.709015454213   -1.202213307595   -2.372342648552
              C     -3.266558552362   -1.813178907518    0.000000000000
              C     -1.709015454213   -1.202213307595    2.372342648552
              C      0.723557704132   -2.786234742611    2.368821517241
              C      2.284546959187   -2.167697946592    0.000000000000
              C      0.723557704132   -2.786234742611   -2.368821517241
              C      2.965355534623    0.657224113166    0.000000000000
              C     -1.007488690813    1.618205096102    2.363336232220
              H     -0.213782533638    5.855041736367    0.000000000000
              H      0.100697540003    2.096142156812   -4.052736135415
              H     -2.727130841002    2.786926861185   -2.382290756221
              H     -2.822601628894   -1.629624144214   -4.071130275382
              H     -3.797859113738   -3.820233166786    0.000000000000
              H     -5.023317593445   -0.705914536963    0.000000000000
              H     -2.822601628894   -1.629624144214    4.071130275382
              H      0.250591888012   -4.807587124060    2.393734470806
              H      1.834537591530   -2.387535906550    4.077273179866
              H      4.030758655356   -3.289319540186    0.000000000000
              H      0.250591888012   -4.807587124060   -2.393734470806
              H      1.834537591530   -2.387535906550   -4.077273179866
              H      4.093388685513    1.129584129815   -1.677483829263
              H      4.093388685513    1.129584129815    1.677483829263
              H      0.100697540003    2.096142156812    4.052736135415
              H     -2.727130841002    2.786926861185    2.382290756221
$End
$SCF_Energy
   &GeometryIndex 4
   &Method [&Type "String"] "SCF"
   &totalEnergy [&Type "ArrayOfDoubles", &Dim (1,1)] "Total energy of each state"
                                                         0

0                                     -4.6584910042090223e+02
   &Mult [&Type "ArrayOfIntegers", &Dim (1,1)] "Multiplicity of each state"
                                                         0

0                                                        1
   &Irrep [&Type "ArrayOfIntegers", &Dim (1,1)] "Irreducible representation of each state"
                                                         0

0                                                        0
$End
$DFT_Energy
   &GeometryIndex 4
   &nAlphaEl [&Type "Integer"] 41
   &nBetaEl [&Type "Integer"] 41
   &nTotalEl [&Type "Integer"] 83
   &finalEn [&Type "Double"]      -4.6584910042090223e+02  "No Van der Waals correction"
   &eExchange [&Type "Double"]      -6.6104255535501537e+01
   &eCorr [&Type "Double"]      -2.7068013022639645e+00
   &eXC [&Type "Double"]      -6.8811056837765506e+01
   &eCNL [&Type "Double"]       0.0000000000000000e+00
$End
$Solvation_Details
   &GeometryIndex 4
   &Solvent [&Type "String"] "DIMETHYLSULFOXIDE"
   &Epsilon [&Type "Double"]       4.6826000000000001e+01
   &Refrac [&Type "Double"]       1.4170000000000000e+00
   &RSolv [&Type "Double"]       1.3000000000000000e+00
   &SurfaceType [&Type "String"] "GAUSSIAN VDW"
   &CPCMDielEnergy [&Type "Double"]      -6.7276189999999998e-03
   &NPoints [&Type "Integer"] 1761
   &SurfaceArea [&Type "Double"]       6.6730427460299995e+02
$End
$SCF_Timings
   &GeometryIndex 4
   &TOTAL [&Type "Double"]       1.9070000000000000e+01
   &PREP [&Type "Double"]       4.3900000000000000e-01
   &FOCK [&Type "Double"]       1.5593000000000000e+01
   &DENS [&Type "Double"]       8.0000000000001847e-02
   &ETOT [&Type "Double"]       4.6000000000001151e-02
   &TRAFO [&Type "Double"]       3.7999999999996703e-02
   &DIIS [&Type "Double"]       5.7999999999999829e-02
   &SOSCF [&Type "Double"]       1.8299999999999805e-01
   &XC [&Type "Double"]       1.3210999999999999e+01
   &FOCKSTART [&Type "Double"]       1.3000000000001788e-02
   &SOLV [&Type "Double"]       3.1439999999999966e+00
   &SOLV_INIT [&Type "Double"]       1.9300000000000003e-01
   &INT_BF [&Type "Double"]       2.0900000000000158e+00
   &INT_DENS [&Type "Double"]       4.6079999999999881e+00
   &INT_DENSIO [&Type "Double"]       2.6317643000000004e+04
   &INT_FUNC [&Type "Double"]       5.2600000000002578e-01
   &INT_POT [&Type "Double"]       5.1239999999999979e+00
   &INT_POTIO [&Type "Double"]       6.6999999999992399e-02
   &SPLITRIJ [&Type "Double"]       1.9609999999999999e+00
$End
$VdW_Correction
   &GeometryIndex 4
   &vdW [&Type "Double"]      -1.0811961777976092e-02
$End
$gCP_Energy
   &GeometryIndex 4
   &gCP_Energy [&Type "Double"]       1.1290933600000001e-02
$End
$Single_Point_Data
   &GeometryIndex 4
   &FinalEnergy [&Type "Double"]      -4.6584862144908021e+02  "Final single point energy"
   &Converged [&Type "Boolean"] true
$End
$SCF_Nuc_Gradient
   &GeometryIndex 4
   &NAtoms [&Type "Integer"] 27
   &gradNorm [&Type "Double"]       4.7218722564456114e-04
   &grad [&Type "ArrayOfDoubles", &Dim (81,1)] 
                                                         0

0                                      9.9815429871468343e-06
1                                     -7.0453827950453908e-05
2                                     -4.6761353651192158e-10
3                                      3.5882140928964685e-05
4                                      1.6358138310572753e-04
5                                     -2.8193651069622866e-09
6                                     -7.5771963344691728e-05
7                                     -9.5790444371190414e-05
8                                      2.9136380277683014e-05
9                                      3.9791431671966726e-05
10                                     4.4267349497304776e-05
11                                    -2.2311318338310828e-05
12                                     2.3351009893212023e-05
13                                     5.5155001095975229e-05
14                                     2.9657282296255804e-09
15                                     3.9787792589809516e-05
16                                     4.4269613899369517e-05
17                                     2.2314679892262502e-05
18                                    -2.3213598534912675e-05
19                                     3.6965950683161286e-06
20                                    -1.4761560757496633e-05
21                                     6.9544116316711902e-05
22                                     8.5887142316521469e-05
23                                    -8.2914250674056067e-10
24                                    -2.3210358077343760e-05
25                                     3.7021634470605459e-06
26                                     1.4768256774556931e-05
27                                    -3.0658492975869521e-05
28                                    -3.2009340031278116e-04
29                                    -1.1951160302542244e-09
30                                    -7.5768073230648349e-05
31                                    -9.5794154667253910e-05
32                                    -2.9136602565884857e-05
33                                    -8.3485453854429846e-05
34                                     8.9928442406745864e-05
35                                     1.4254592156975203e-09
36                                     2.1488782841396289e-05
37                                     1.3961680816311487e-05
38                                    -3.5284568046168435e-05
39                                     2.7470440729215418e-05
40                                     1.6394705092460837e-05
41                                     1.2791737445029988e-05
42                                    -1.4467577527458848e-06
43                                    -6.0789475690099158e-06
44                                     1.1720210501393012e-07
45                                    -5.4355148459204041e-07
46                                    -1.6599367844024129e-05
47                                    -3.2394465408159070e-10
48                                    -1.4236218075640598e-06
49                                     1.6536821367895511e-05
50                                     5.2519398664228459e-10
51                                    -1.4465310606917863e-06
52                                    -6.0810976332268459e-06
53                                    -1.1822840761233728e-07
54                                    -1.0041713676173694e-05
55                                    -7.0751299220791130e-06
56                                    -5.8615548655456713e-06
57                                     6.6481293503200547e-06
58                                     1.0835124634628492e-05
59                                     1.4471649498510155e-05
60                                    -1.2056406995922107e-05
61                                    -2.3590205130331459e-05
62                                    -4.5597638353806192e-11
63                                    -1.0040701881553412e-05
64                                    -7.0746518033403937e-06
65                                     5.8613976858006828e-06
66                                     6.6479224449383651e-06
67                                     1.0834543509577783e-05
68                                    -1.4474210969267660e-05
69                                     9.7790233226304098e-06
70                                     2.9613674713854885e-05
71                                    -4.4006032009906849e-05
72                                     9.7774390329586811e-06
73                                     2.9612578718893384e-05
74                                     4.4005224530989893e-05
75                                     2.1486298799229991e-05
76                                     1.3959283337637694e-05
77                                     3.5280463917409697e-05
78                                     2.7471154212293538e-05
79                                     1.6395123824232356e-05
80                                    -1.2792152165391773e-05
   &Method [&Type "String"] "SCF"
   &Level [&Type "String"] "Relaxed density"
   &Mult [&Type "Integer"] 1
   &State [&Type "Integer"] 0
   &Irrep [&Type "Integer"] 0
$End
$Geometry
   &GeometryIndex 5
   &NAtoms [&Type "Integer"] 27
   &NCorelessECP [&Type "Integer"] 0
   &NGhostAtoms [&Type "Integer"] 0
   &CartesianCoordinates [&Type "Coordinates", &Dim(27,4), &Units "Bohr"] 
              O      1.314750824971    4.851023062635    0.000000000000
              C      0.549572943651    2.238668105531    0.000000000000
              C     -1.007420221438    1.618268997632   -2.363358807326
              C     -1.709211772461   -1.202315609253   -2.372301944337
              C     -3.266797337640   -1.813505669409    0.000000000000
              C     -1.709211772461   -1.202315609253    2.372301944337
              C      0.723479413704   -2.786228407297    2.368819969718
              C      2.284405310286   -2.167499930668    0.000000000000
              C      0.723479413704   -2.786228407297   -2.368819969718
              C      2.965345836786    0.657802670603    0.000000000000
              C     -1.007420221438    1.618268997632    2.363358807326
              H     -0.213236966751    5.854504501203    0.000000000000
              H      0.100851233899    2.095800568997   -4.052649735585
              H     -2.727097825861    2.786993592977   -2.382469862579
              H     -2.822751651011   -1.629572588070   -4.071150254124
              H     -3.797855932360   -3.820558437954    0.000000000000
              H     -5.023647619542   -0.706430354997    0.000000000000
              H     -2.822751651011   -1.629572588070    4.071150254124
              H      0.250655872538   -4.807590498094    2.393631678195
              H      1.834412272977   -2.387567101725    4.077240092322
              H      4.030791376880   -3.288839258477    0.000000000000
              H      0.250655872538   -4.807590498094   -2.393631678195
              H      1.834412272977   -2.387567101725   -4.077240092322
              H      4.093401692878    1.129728900109   -1.677401034032
              H      4.093401692878    1.129728900109    1.677401034032
              H      0.100851233899    2.095800568997    4.052649735585
              H     -2.727097825861    2.786993592977    2.382469862579
$End
$SCF_Mulliken_Population_Analysis
   &GeometryIndex 5
   &NAtoms [&Type "Integer"] 27
   &ATNO [&Type "ArrayOfIntegers", &Dim (27,1)] 
                                                         0

0                                                        8
1                                                        6
2                                                        6
3                                                        6
4                                                        6
5                                                        6
6                                                        6
7                                                        6
8                                                        6
9                                                        6
10                                                       6
11                                                       1
12                                                       1
13                                                       1
14                                                       1
15                                                       1
16                                                       1
17                                                       1
18                                                       1
19                                                       1
20                                                       1
21                                                       1
22                                                       1
23                                                       1
24                                                       1
25                                                       1
26                                                       1
   &AtomicCharges [&Type "ArrayOfDoubles", &Dim (27,1)] 
                                                         0

0                                     -4.3748122019110092e-01
1                                      2.0073846665518147e-01
2                                     -4.2672718897099671e-01
3                                      5.1909944865809798e-02
4                                     -4.5917949054334617e-01
5                                      5.1909944865775159e-02
6                                     -4.5747583709833162e-01
7                                      4.5888189286388936e-02
8                                     -4.5747583709833339e-01
9                                     -4.7594173345149482e-01
10                                    -4.2672718897095141e-01
11                                     3.1327493275168794e-01
12                                     1.6973322296843296e-01
13                                     1.6578213763791028e-01
14                                     1.5997082629067250e-01
15                                     1.6720199592213303e-01
16                                     1.6183780663504721e-01
17                                     1.5997082629067272e-01
18                                     1.6733780740472259e-01
19                                     1.6189430286707496e-01
20                                     1.6035458630990473e-01
21                                     1.6733780740472415e-01
22                                     1.6189430286707862e-01
23                                     1.6922801734755821e-01
24                                     1.6922801734755777e-01
25                                     1.6973322296843141e-01
26                                     1.6578213763791050e-01
   &Method [&Type "String"] "SCF"
   &Level [&Type "String"] "Relaxed density"
   &Mult [&Type "Integer"] 1
   &State [&Type "Integer"] -1
   &Irrep [&Type "Integer"] 0
$End
$SCF_Loewdin_Population_Analysis
   &GeometryIndex 5
   &NAtoms [&Type "Integer"] 27
   &ATNO [&Type "ArrayOfIntegers", &Dim (27,1)] 
                                                         0

0                                                        8
1                                                        6
2                                                        6
3                                                        6
4                                                        6
5                                                        6
6                                                        6
7                                                        6
8                                                        6
9                                                        6
10                                                       6
11                                                       1
12                                                       1
13                                                       1
14                                                       1
15                                                       1
16                                                       1
17                                                       1
18                                                       1
19                                                       1
20                                                       1
21                                                       1
22                                                       1
23                                                       1
24                                                       1
25                                                       1
26                                                       1
   &AtomicCharges [&Type "ArrayOfDoubles", &Dim (27,1)] 
                                                         0

0                                     -6.0257455888873679e-01
1                                      7.5559749935474763e-02
2                                     -2.5888934634263183e-01
3                                     -2.0904108334757510e-01
4                                     -2.8419405812530130e-01
5                                     -2.0904108334757776e-01
6                                     -2.8387782170205167e-01
7                                     -2.0819395459902434e-01
8                                     -2.8387782170204812e-01
9                                     -2.4602912239130337e-01
10                                    -2.5888934634262206e-01
11                                     2.7536401897043516e-01
12                                     1.7070126536930363e-01
13                                     1.6878592517080548e-01
14                                     1.6333759589570374e-01
15                                     1.6395043220679373e-01
16                                     1.6332596228798346e-01
17                                     1.6333759589570418e-01
18                                     1.6398823187106559e-01
19                                     1.6329518246096175e-01
20                                     1.6359715716807033e-01
21                                     1.6398823187106759e-01
22                                     1.6329518246096475e-01
23                                     1.7129723734229652e-01
24                                     1.7129723734229607e-01
25                                     1.7070126536930341e-01
26                                     1.6878592517080815e-01
   &Method [&Type "String"] "SCF"
   &Level [&Type "String"] "Relaxed density"
   &Mult [&Type "Integer"] 1
   &State [&Type "Integer"] -1
   &Irrep [&Type "Integer"] 0
$End
$SCF_Mayer_Population_Analysis
   &GeometryIndex 5
   &NAtoms [&Type "Integer"] 27 "Total number of atoms"
   &NBondOrdersPrint [&Type "Integer"] 29 "The number of bond orders larger than threshold"
   &bondThresh [&Type "Double"]       1.0000000000000001e-01  "The threshold for printing"
   &components [&Type "ArrayOfIntegers", &Dim (29,4)] "The indices and atomic numbers of the bonding atoms"
                                                         0                           1                           2                           3

0                                                        0                           8                           1                           6
1                                                        0                           8                          11                           1
2                                                        1                           6                           2                           6
3                                                        1                           6                           9                           6
4                                                        1                           6                          10                           6
5                                                        2                           6                           3                           6
6                                                        2                           6                          12                           1
7                                                        2                           6                          13                           1
8                                                        3                           6                           4                           6
9                                                        3                           6                           8                           6
10                                                       3                           6                          14                           1
11                                                       4                           6                           5                           6
12                                                       4                           6                          15                           1
13                                                       4                           6                          16                           1
14                                                       5                           6                           6                           6
15                                                       5                           6                          10                           6
16                                                       5                           6                          17                           1
17                                                       6                           6                           7                           6
18                                                       6                           6                          18                           1
19                                                       6                           6                          19                           1
20                                                       7                           6                           8                           6
21                                                       7                           6                           9                           6
22                                                       7                           6                          20                           1
23                                                       8                           6                          21                           1
24                                                       8                           6                          22                           1
25                                                       9                           6                          23                           1
26                                                       9                           6                          24                           1
27                                                      10                           6                          25                           1
28                                                      10                           6                          26                           1
   &BondOrders [&Type "ArrayOfDoubles", &Dim (29,1)] "The bond orders"
                                                         0

0                                      8.7981965946093454e-01
1                                      8.8811993211865115e-01
2                                      9.5216196918888607e-01
3                                      9.5606456006748286e-01
4                                      9.5216196918885698e-01
5                                      8.8542861695373853e-01
6                                      9.6180436139646064e-01
7                                      9.5581438822266307e-01
8                                      9.2965031149854060e-01
9                                      9.3126099550061348e-01
10                                     8.6899137919684954e-01
11                                     9.2965031149855615e-01
12                                     9.6475509818447469e-01
13                                     9.6313422932242054e-01
14                                     9.3126099550062291e-01
15                                     8.8542861695374753e-01
16                                     8.6899137919685354e-01
17                                     9.2885691908266399e-01
18                                     9.6397612669098354e-01
19                                     9.6213411479216915e-01
20                                     9.2885691908266643e-01
21                                     9.0444609341108761e-01
22                                     8.7433830299902537e-01
23                                     9.6397612669098043e-01
24                                     9.6213411479216249e-01
25                                     9.6315567990343898e-01
26                                     9.6315567990343953e-01
27                                     9.6180436139646286e-01
28                                     9.5581438822265763e-01
   &ATNO [&Type "ArrayOfIntegers", &Dim (27,1)] "Atomic number of the elements"
                                                         0

0                                                        8
1                                                        6
2                                                        6
3                                                        6
4                                                        6
5                                                        6
6                                                        6
7                                                        6
8                                                        6
9                                                        6
10                                                       6
11                                                       1
12                                                       1
13                                                       1
14                                                       1
15                                                       1
16                                                       1
17                                                       1
18                                                       1
19                                                       1
20                                                       1
21                                                       1
22                                                       1
23                                                       1
24                                                       1
25                                                       1
26                                                       1
   &NA [&Type "ArrayOfDoubles", &Dim (27,1)] "Mulliken gross atomic population"
                                                         0

0                                      8.4374812201911116e+00
1                                      5.7992615333448221e+00
2                                      6.4267271889710003e+00
3                                      5.9480900551341840e+00
4                                      6.4591794905433488e+00
5                                      5.9480900551342195e+00
6                                      6.4574758370983334e+00
7                                      5.9541118107136084e+00
8                                      6.4574758370983396e+00
9                                      6.4759417334514939e+00
10                                     6.4267271889709576e+00
11                                     6.8672506724831217e-01
12                                     8.3026677703156726e-01
13                                     8.3421786236208972e-01
14                                     8.4002917370932728e-01
15                                     8.3279800407786753e-01
16                                     8.3816219336495290e-01
17                                     8.4002917370932662e-01
18                                     8.3266219259527763e-01
19                                     8.3810569713292493e-01
20                                     8.3964541369009571e-01
21                                     8.3266219259527585e-01
22                                     8.3810569713292171e-01
23                                     8.3077198265244157e-01
24                                     8.3077198265244201e-01
25                                     8.3026677703156815e-01
26                                     8.3421786236208950e-01
   &ZA [&Type "ArrayOfDoubles", &Dim (27,1)] "Total nuclear charge"
                                                         0

0                                      8.0000000000000000e+00
1                                      6.0000000000000000e+00
2                                      6.0000000000000000e+00
3                                      6.0000000000000000e+00
4                                      6.0000000000000000e+00
5                                      6.0000000000000000e+00
6                                      6.0000000000000000e+00
7                                      6.0000000000000000e+00
8                                      6.0000000000000000e+00
9                                      6.0000000000000000e+00
10                                     6.0000000000000000e+00
11                                     1.0000000000000000e+00
12                                     1.0000000000000000e+00
13                                     1.0000000000000000e+00
14                                     1.0000000000000000e+00
15                                     1.0000000000000000e+00
16                                     1.0000000000000000e+00
17                                     1.0000000000000000e+00
18                                     1.0000000000000000e+00
19                                     1.0000000000000000e+00
20                                     1.0000000000000000e+00
21                                     1.0000000000000000e+00
22                                     1.0000000000000000e+00
23                                     1.0000000000000000e+00
24                                     1.0000000000000000e+00
25                                     1.0000000000000000e+00
26                                     1.0000000000000000e+00
   &QA [&Type "ArrayOfDoubles", &Dim (27,1)] "Mulliken gross atomic charge"
                                                         0

0                                     -4.3748122019111157e-01
1                                      2.0073846665517792e-01
2                                     -4.2672718897100026e-01
3                                      5.1909944865816016e-02
4                                     -4.5917949054334883e-01
5                                      5.1909944865780488e-02
6                                     -4.5747583709833339e-01
7                                      4.5888189286391601e-02
8                                     -4.5747583709833961e-01
9                                     -4.7594173345149393e-01
10                                    -4.2672718897095763e-01
11                                     3.1327493275168783e-01
12                                     1.6973322296843274e-01
13                                     1.6578213763791028e-01
14                                     1.5997082629067272e-01
15                                     1.6720199592213247e-01
16                                     1.6183780663504710e-01
17                                     1.5997082629067338e-01
18                                     1.6733780740472237e-01
19                                     1.6189430286707507e-01
20                                     1.6035458630990429e-01
21                                     1.6733780740472415e-01
22                                     1.6189430286707829e-01
23                                     1.6922801734755843e-01
24                                     1.6922801734755799e-01
25                                     1.6973322296843185e-01
26                                     1.6578213763791050e-01
   &VA [&Type "ArrayOfDoubles", &Dim (27,1)] "Mayer's total valence"
                                                         0

0                                      1.7570288255643955e+00
1                                      3.6601469071229054e+00
2                                      3.6278260403662097e+00
3                                      3.4404537005833462e+00
4                                      3.7278997589147056e+00
5                                      3.4404537005833928e+00
6                                      3.7256792515938111e+00
7                                      3.4774508931807007e+00
8                                      3.7256792515938213e+00
9                                      3.7576480388398057e+00
10                                     3.6278260403662128e+00
11                                     8.9930250415216639e-01
12                                     9.6176391583454679e-01
13                                     9.6296684558773848e-01
14                                     9.5067839131396448e-01
15                                     9.5820361765782214e-01
16                                     9.6053049885817809e-01
17                                     9.5067839131396359e-01
18                                     9.5801444247711864e-01
19                                     9.6035392843683043e-01
20                                     9.5135510320873140e-01
21                                     9.5801444247711798e-01
22                                     9.6035392843682843e-01
23                                     9.5997944558833415e-01
24                                     9.5997944558833392e-01
25                                     9.6176391583454701e-01
26                                     9.6296684558773915e-01
   &BVA [&Type "ArrayOfDoubles", &Dim (27,1)] "Mayer's bonded valence"
                                                         0

0                                      1.7570288255643831e+00
1                                      3.6601469071229116e+00
2                                      3.6278260403662159e+00
3                                      3.4404537005833293e+00
4                                      3.7278997589146425e+00
5                                      3.4404537005834275e+00
6                                      3.7256792515937804e+00
7                                      3.4774508931806691e+00
8                                      3.7256792515937920e+00
9                                      3.7576480388398119e+00
10                                     3.6278260403661249e+00
11                                     8.9930250415217239e-01
12                                     9.6176391583454046e-01
13                                     9.6296684558774659e-01
14                                     9.5067839131394871e-01
15                                     9.5820361765780948e-01
16                                     9.6053049885817487e-01
17                                     9.5067839131394394e-01
18                                     9.5801444247711542e-01
19                                     9.6035392843683121e-01
20                                     9.5135510320872685e-01
21                                     9.5801444247711154e-01
22                                     9.6035392843682166e-01
23                                     9.5997944558832959e-01
24                                     9.5997944558833070e-01
25                                     9.6176391583454568e-01
26                                     9.6296684558774537e-01
   &FA [&Type "ArrayOfDoubles", &Dim (27,1)] "Mayer's free valence"
                                                         0

0                                      0.0000000000000000e+00
1                                      0.0000000000000000e+00
2                                      0.0000000000000000e+00
3                                      0.0000000000000000e+00
4                                      0.0000000000000000e+00
5                                      0.0000000000000000e+00
6                                      0.0000000000000000e+00
7                                      0.0000000000000000e+00
8                                      0.0000000000000000e+00
9                                      0.0000000000000000e+00
10                                     0.0000000000000000e+00
11                                     0.0000000000000000e+00
12                                     0.0000000000000000e+00
13                                     0.0000000000000000e+00
14                                     0.0000000000000000e+00
15                                     0.0000000000000000e+00
16                                     0.0000000000000000e+00
17                                     0.0000000000000000e+00
18                                     0.0000000000000000e+00
19                                     0.0000000000000000e+00
20                                     0.0000000000000000e+00
21                                     0.0000000000000000e+00
22                                     0.0000000000000000e+00
23                                     0.0000000000000000e+00
24                                     0.0000000000000000e+00
25                                     0.0000000000000000e+00
26                                     0.0000000000000000e+00
   &Method [&Type "String"] "SCF"
   &Level [&Type "String"] "Relaxed density"
   &Mult [&Type "Integer"] 1
   &State [&Type "Integer"] -1
   &Irrep [&Type "Integer"] 0
$End
$SCF_Energy
   &GeometryIndex 5
   &Method [&Type "String"] "SCF"
   &totalEnergy [&Type "ArrayOfDoubles", &Dim (1,1)] "Total energy of each state"
                                                         0

0                                     -4.6584910052402591e+02
   &Mult [&Type "ArrayOfIntegers", &Dim (1,1)] "Multiplicity of each state"
                                                         0

0                                                        1
   &Irrep [&Type "ArrayOfIntegers", &Dim (1,1)] "Irreducible representation of each state"
                                                         0

0                                                        0
$End
$DFT_Energy
   &GeometryIndex 5
   &nAlphaEl [&Type "Integer"] 41
   &nBetaEl [&Type "Integer"] 41
   &nTotalEl [&Type "Integer"] 83
   &finalEn [&Type "Double"]      -4.6584910052402591e+02  "No Van der Waals correction"
   &eExchange [&Type "Double"]      -6.6104315872356025e+01
   &eCorr [&Type "Double"]      -2.7067972851375361e+00
   &eXC [&Type "Double"]      -6.8811113157493565e+01
   &eCNL [&Type "Double"]       0.0000000000000000e+00
$End
$Solvation_Details
   &GeometryIndex 5
   &Solvent [&Type "String"] "DIMETHYLSULFOXIDE"
   &Epsilon [&Type "Double"]       4.6826000000000001e+01
   &Refrac [&Type "Double"]       1.4170000000000000e+00
   &RSolv [&Type "Double"]       1.3000000000000000e+00
   &SurfaceType [&Type "String"] "GAUSSIAN VDW"
   &CPCMDielEnergy [&Type "Double"]      -6.7273560000000003e-03
   &NPoints [&Type "Integer"] 1761
   &SurfaceArea [&Type "Double"]       6.6730226764700001e+02
$End
$SCF_Timings
   &GeometryIndex 5
   &TOTAL [&Type "Double"]       1.6060000000000002e+01
   &PREP [&Type "Double"]       4.9600000000000000e-01
   &FOCK [&Type "Double"]       1.2641999999999999e+01
   &DENS [&Type "Double"]       7.3000000000000398e-02
   &ETOT [&Type "Double"]       5.2000000000001378e-02
   &POP [&Type "Double"]       1.6300000000000026e-01
   &TRAFO [&Type "Double"]       6.0999999999999943e-02
   &DIIS [&Type "Double"]       5.2999999999999936e-02
   &SOSCF [&Type "Double"]       1.4099999999999913e-01
   &XC [&Type "Double"]       1.0767999999999999e+01
   &FOCKSTART [&Type "Double"]       3.1000000000001582e-02
   &SOLV [&Type "Double"]       2.6529999999999996e+00
   &SOLV_INIT [&Type "Double"]       2.0799999999999999e-01
   &INT_BF [&Type "Double"]       1.6479999999999744e+00
   &INT_DENS [&Type "Double"]       3.6080000000000374e+00
   &INT_DENSIO [&Type "Double"]       1.8143938999999998e+04
   &INT_FUNC [&Type "Double"]       3.9099999999999868e-01
   &INT_POT [&Type "Double"]       4.2249999999999837e+00
   &INT_POTIO [&Type "Double"]       5.1000000000005041e-02
   &SPLITRIJ [&Type "Double"]       1.8429999999999989e+00
$End
$VdW_Correction
   &GeometryIndex 5
   &vdW [&Type "Double"]      -1.0811922898083503e-02
$End
$gCP_Energy
   &GeometryIndex 5
   &gCP_Energy [&Type "Double"]       1.1290775300000000e-02
$End
$Single_Point_Data
   &GeometryIndex 5
   &FinalEnergy [&Type "Double"]      -4.6584862167162402e+02  "Final single point energy"
   &Converged [&Type "Boolean"] true
$End
$SCF_Dipole_Moment
   &GeometryIndex 5
   &dipoleMagnitude [&Type "Double", &Units "a.u."]       8.8497638727589956e-01
   &dipoleElecContrib [&Type "ArrayOfDoubles", &Dim (3,1)] "Electronic contribution"
                                                         0

0                                      9.9592678579047511e-01
1                                      3.2643225852023381e+00
2                                      0.0000000000000000e+00
   &dipoleNucContrib [&Type "ArrayOfDoubles", &Dim (3,1)] "Nuclear contribution"
                                                         0

0                                     -1.7496697950104547e+00
1                                     -3.7280624714402082e+00
2                                      0.0000000000000000e+00
   &dipoleTotal [&Type "ArrayOfDoubles", &Dim (3,1)] "Total"
                                                         0

0                                     -7.5374300921997961e-01
1                                     -4.6373988623787010e-01
2                                      0.0000000000000000e+00
   &doAtomicDipole [&Type "Boolean"] false
   &Method [&Type "String"] "SCF"
   &Level [&Type "String"] "Relaxed density"
   &Mult [&Type "Integer"] 1
   &State [&Type "Integer"] -1
   &Irrep [&Type "Integer"] 0
$End
$THERMOCHEMISTRY_Energies
   &GeometryIndex 5
   &temperature [&Type "Double"]       2.9814999999999998e+02
   &pressure [&Type "Double"]       1.0000000000000000e+00
   &totalMass [&Type "Double"]       1.5223700000000002e+02
   &spinDegeneracy [&Type "Integer"] 1
   &elEnergy [&Type "Double"]      -4.6584862167162402e+02
   &transEnergy [&Type "Double"]       1.4162714244859817e-03
   &rotEnergy [&Type "Double"]       1.4162714244859817e-03
   &vibEnergy [&Type "Double"]       5.4339100686573239e-03
   &numOfFreqs [&Type "Integer"] 81
   &freqScalingFactor [&Type "Double"]       1.0000000000000000e+00
   &FREQ [&Type "ArrayOfDoubles", &Units "cm^-1", &Dim (81,1)] 
                                                         0

0                                      0.0000000000000000e+00
1                                      0.0000000000000000e+00
2                                      0.0000000000000000e+00
3                                      0.0000000000000000e+00
4                                      0.0000000000000000e+00
5                                      0.0000000000000000e+00
6                                      2.5841818192663129e+02
7                                      2.7305941624068106e+02
8                                      2.8746399559531272e+02
9                                      3.1898182948865121e+02
10                                     3.9907321444098392e+02
11                                     4.0471949764419259e+02
12                                     4.0554309243390111e+02
13                                     4.0813182516020834e+02
14                                     4.2875638459448885e+02
15                                     4.6652195828633000e+02
16                                     4.6830946005923158e+02
17                                     5.5457592614161831e+02
18                                     6.5260059807186383e+02
19                                     6.5542133814751810e+02
20                                     7.2822036552946133e+02
21                                     7.8093104701225161e+02
22                                     8.1744664139884014e+02
23                                     8.1870632879980246e+02
24                                     8.8990414413839869e+02
25                                     8.9019257494724786e+02
26                                     8.9511910309508983e+02
27                                     9.3076557342781996e+02
28                                     9.3715147211964972e+02
29                                     9.3768298989357265e+02
30                                     9.8307223502319414e+02
31                                     9.8566786302079902e+02
32                                     9.8849950424824749e+02
33                                     1.0420406028240473e+03
34                                     1.0422785132967651e+03
35                                     1.0457114022263386e+03
36                                     1.0952256304815587e+03
37                                     1.1082003655436979e+03
38                                     1.1083947084437923e+03
39                                     1.1124184594955013e+03
40                                     1.1198837134896808e+03
41                                     1.1199435597161614e+03
42                                     1.1636244388610364e+03
43                                     1.1937366433408517e+03
44                                     1.2195500772976500e+03
45                                     1.2761035696618430e+03
46                                     1.2992442483777706e+03
47                                     1.3018596849189298e+03
48                                     1.3048158777835979e+03
49                                     1.3102716936743689e+03
50                                     1.3286156485195966e+03
51                                     1.3289885842085073e+03
52                                     1.3372244552803495e+03
53                                     1.3484624943408144e+03
54                                     1.3636680463027753e+03
55                                     1.3690931068629679e+03
56                                     1.3753719773872383e+03
57                                     1.3854134141180957e+03
58                                     1.4143058120371165e+03
59                                     1.4511572621884450e+03
60                                     1.4530736913338969e+03
61                                     1.4605106565981928e+03
62                                     1.4606740993628655e+03
63                                     1.4652487739956566e+03
64                                     1.4788103966819729e+03
65                                     2.9853760489451429e+03
66                                     2.9888930352280695e+03
67                                     2.9928249853688922e+03
68                                     2.9936541969676791e+03
69                                     2.9944851805058120e+03
70                                     2.9995629690777937e+03
71                                     3.0166206425117134e+03
72                                     3.0188513267444846e+03
73                                     3.0276655050731306e+03
74                                     3.0434468009552907e+03
75                                     3.0447972234551876e+03
76                                     3.0455335007581371e+03
77                                     3.0470329609219389e+03
78                                     3.0474571573962485e+03
79                                     3.0552775889049080e+03
80                                     3.7515554070367152e+03
   &zpe [&Type "Double"]       2.4490733206175758e-01
   &innerEnergyU [&Type "Double"]      -4.6559544788664465e+02
   &enthalpyH [&Type "Double"]      -4.6559450367760240e+02
   &qEl [&Type "Double"]       0.0000000000000000e+00
   &qRot [&Type "Double"]       1.3926413918819689e-02
   &qVib [&Type "Double"]       7.8899382166117606e-03
   &qTrans [&Type "Double"]       1.9466456147481100e-02
   &entropyS [&Type "Double"]       4.1282808282912552e-02
   &freeEnergyG [&Type "Double"]      -4.6563578648588532e+02
   &isLinear [&Type "Boolean"] false
$End
$Hessian
   &GeometryIndex 5
   &HESSIAN [&Type "ArrayOfDoubles", &Dim (81,81)] "The Hessian"
                                                         0                           1                           2                           3                           4                           5                           6                           7

0                                      4.8010294528370467e-01        -1.5224637637960003e-01         6.3379559698899766e-09        -1.0293969198142022e-01        -5.5772548299028758e-03         4.0337940295869713e-09        -6.7432622820854313e-03        -2.8628228410207363e-02
1                                     -1.5224637637960003e-01         4.1737374111661441e-01         8.6623524752390928e-09        -4.8935592942696504e-02        -1.5708213370615642e-01         2.5422935952695822e-09        -9.3769080871103829e-03        -3.2690570866148363e-02
2                                      6.3379559698899766e-09         8.6623524752390928e-09         5.8779068524680372e-02         2.6964479615896498e-09         9.2983683739707039e-10        -6.2585474631593682e-02        -9.0922954795620084e-03        -3.3174879182253619e-02
3                                     -1.0293969198142022e-01        -4.8935592942696504e-02         2.6964479615896498e-09         5.0446054238995741e-01        -2.4744362632566068e-02        -1.4860925819787374e-08        -1.0229462244359669e-01         4.5000397976237005e-03
4                                     -5.5772548299028758e-03        -1.5708213370615642e-01         9.2983683739707039e-10        -2.4744362632566068e-02         4.7448548781311112e-01        -1.9692603067753695e-08        -3.9714723330586121e-03        -7.0868683136221480e-02
5                                      4.0337940295869713e-09         2.5422935952695822e-09        -6.2585474631593682e-02        -1.4860925819787374e-08        -1.9692603067753695e-08         4.7618812322971427e-01        -3.7135136121451313e-02         2.4813972182201327e-05
6                                     -6.7432622820854313e-03        -9.3769080871103829e-03        -9.0922954795620084e-03        -1.0229462244359669e-01        -3.9714723330586121e-03        -3.7135136121451313e-02         5.5485857805214078e-01        -5.0502657942863280e-02
7                                     -2.8628228410207363e-02        -3.2690570866148363e-02        -3.3174879182253619e-02         4.5000397976237005e-03        -7.0868683136221480e-02         2.4813972182201327e-05        -5.0502657942863280e-02         4.7328890961204484e-01
8                                     -1.0747520241611696e-03        -2.8293202890383330e-03         2.7224199922340833e-03        -3.9242743480742359e-02        -1.0306001730561141e-02        -1.4272660460879838e-01        -6.0428128105154050e-02        -3.5028454336885187e-02
9                                     -1.8514658747848104e-03        -3.3433587253162457e-03        -3.7753863119121675e-03        -4.7207799845321837e-03        -1.8618976947010549e-02         1.2434740939320371e-04        -8.1946764967829336e-02        -2.0764846703946235e-02
10                                     1.3567046200135078e-03         3.6404012087235746e-03         6.2153839098618054e-04        -9.3582983669754823e-03        -1.4041929129754147e-02        -9.4805336082789682e-03        -2.0467645240521366e-02        -1.5565390985525418e-01
11                                    -5.3206197436825014e-03        -6.3453040759494806e-03        -5.3375752819379823e-03        -3.6800803509651064e-03        -2.5893664651443091e-02         3.9602413775307608e-03        -3.4022810675783236e-03        -1.6609291263330953e-03
12                                     5.8967289160851777e-04         9.2317561868184884e-04        -2.0740832918844671e-12        -7.0352889668912153e-04        -2.4223738235535741e-04        -3.3998058393233606e-09        -7.2345168749284421e-03        -6.8901356882166559e-03
13                                     4.8599913255838872e-04         2.4536424306471818e-04        -6.0530482019741444e-10         1.1550965575517561e-04         1.4663390724593030e-03        -5.2352364368467888e-10        -2.1485774438965499e-02        -1.3639362647901183e-02
14                                    -1.3786090188194843e-09        -1.1290922957359671e-09        -7.6549276136093350e-04        -2.4799439868506254e-09         1.4452150711192220e-09         1.5162636936122426e-03         4.1947547009701675e-03         7.4426776018365476e-03
15                                    -1.8514636199764263e-03        -3.3433615376011940e-03         3.7753867063289328e-03        -4.7207747621778179e-03        -1.8618974402038354e-02        -1.2434453326973759e-04         5.6090776470200249e-04         8.0608280374832274e-04
16                                     1.3567024922602859e-03         3.6404004251103447e-03        -6.2153656305486901e-04        -9.3583008822532981e-03        -1.4041928025030601e-02         9.4805291221167834e-03         5.8811575240852454e-04         6.9939168977412730e-04
17                                     5.3206262614818450e-03         6.3453027390451694e-03        -5.3375766580364805e-03         3.6800759313488206e-03         2.5893665171132459e-02         3.9602433028101559e-03        -1.6002750972158187e-03        -1.2512520842633840e-03
18                                    -6.3742526350268501e-04        -2.4569424462444052e-04         4.4448517075513540e-04         9.9269904610267776e-04         4.0962693972594827e-04        -8.2150450690424408e-04        -1.1881771638499669e-04         1.1766771766623645e-04
19                                    -1.4632128246575785e-04         6.2863214885776862e-04        -3.7446439165572979e-04         1.8737191876568081e-04         1.1065807119374450e-03         4.3786756541168989e-04         2.6088447233593975e-04        -3.8068642246405927e-04
20                                     3.8860369401190779e-04        -7.9171324645181673e-04         4.9709345674824046e-06        -6.9760279407650189e-04         8.2498320681945007e-04        -9.1021455851113958e-05        -2.1823250074066297e-04         3.5628198329595157e-04
21                                    -6.4011486056747497e-03         6.7988949907106071e-03         1.2808491786575748e-09         1.3271780270229620e-02         2.3042268792961534e-02        -2.9472278732685746e-09         1.3888322934815442e-03        -1.5657673693701927e-03
22                                     2.8962484934505197e-03         6.5350871074726716e-04         2.2528104159986047e-10         2.5675275818676721e-03        -2.8055717475587560e-02        -2.1963694865273237e-09        -2.1982430500834364e-04         1.2136597986332105e-03
23                                    -2.2945996452366190e-09         2.9030088747755548e-10         2.2067523635461474e-04         2.0546801079593554e-09         6.2394443987494678e-10        -3.4259248834779131e-04         3.6508237329030586e-04        -2.7189902322339622e-04
24                                    -6.3742215000529975e-04        -2.4569252962910586e-04        -4.4448702411263152e-04         9.9269753592115713e-04         4.0962105596987868e-04         8.2150622897556730e-04         5.6349459511720081e-03         2.9857538117687432e-03
25                                    -1.4632284501138546e-04         6.2863565683539575e-04         3.7446383389654048e-04         1.8736964350043572e-04         1.1065710649008067e-03        -4.3786967395994560e-04         2.9650116738051940e-02        -2.9701995665511634e-02
26                                    -3.8860451882034543e-04         7.9171328209240791e-04         4.9735831367265365e-06         6.9760404326607486e-04        -8.2498354229603669e-04        -9.1020754144365262e-05         2.2518247970682286e-04         8.3187250367258150e-04
27                                     9.9939882096203893e-03        -4.2085287586812146e-03        -1.3370530892037059e-09        -1.5534320741951116e-01         4.7788266194920437e-02         3.9633942810733909e-09        -2.3508361291516403e-02         9.8287416419852221e-03
28                                     3.3733699272565809e-02        -4.1325097188267393e-02        -2.0358356377249876e-10         3.0944479527516118e-02        -8.9621162079609407e-02         3.3101548417152408e-10        -1.2077600332246630e-03         5.7155057828498675e-03
29                                     1.0712955404667056e-09        -9.5180177706516570e-10         1.6419088439625245e-03         4.1541804116578881e-09        -1.6403424265897461e-09        -7.8735719401504825e-02        -2.6841560044139057e-02         1.5183800274071698e-02
30                                    -6.7432625044876841e-03        -9.3769052317408050e-03         9.0922950632670724e-03        -1.0229461808805901e-01        -3.9714745625639702e-03         3.7135138108210085e-02         1.0216873354852565e-02         4.5698579116491209e-03
31                                    -2.8628227338649698e-02        -3.2690571525079107e-02         3.3174876085803912e-02         4.5000401484347752e-03        -7.0868682565649252e-02        -2.4811134517667421e-05         4.5698592692055961e-03         4.6329542535368945e-03
32                                     1.0747460516856958e-03         2.8293198217912083e-03         2.7224188052798956e-03         3.9242746361455041e-02         1.0306003655928896e-02        -1.4272660088885072e-01         1.2939348605413119e-02         3.2398722927981863e-03
33                                    -3.7210924252519817e-01         2.2488742763855396e-01        -1.7009365220449546e-09         7.3413507092510051e-03        -9.1742677357538154e-03         3.5564465293827687e-09         1.7502131589949435e-03        -2.2586100349254994e-03
34                                     1.7778772182731031e-01        -1.6477485710420742e-01        -2.4169863718619366e-10         3.6777616450647303e-02        -3.0214050788388673e-02         3.0553536977763927e-09         6.7897828725623985e-04         2.1432899982253752e-03
35                                     1.7518795822942125e-10        -7.3599924639234173e-10        -2.3317280334804727e-03        -1.3590962031775320e-09         3.3176060536420693e-09        -1.3976944774302669e-03         1.6314699339313307e-03        -3.0861192276276147e-04
36                                     8.9469365929203005e-04         1.6963021121272320e-03         8.8149948774939382e-04         7.6019577673531770e-03         3.6205061114772206e-03        -1.5004737341428775e-02        -1.2099410924267029e-01        -2.8786061576020733e-02
37                                     7.0658094828389114e-04         1.2061176749274313e-03        -6.4969226894070814e-05         3.5708605920933578e-03        -4.1356258361258200e-04        -5.5674840337723124e-03        -2.7836573275273044e-02        -5.7181043185950811e-02
38                                     2.5501042891733303e-04         2.4954396188633498e-04         3.0519026286733759e-03         1.5981099986364305e-02         7.2443864299925947e-03        -2.5039352123069639e-02         1.0990023182617756e-01         4.4613469656633750e-02
39                                     1.5521751427558204e-03        -1.7227013937918959e-04         8.2975516922243874e-04        -1.7431835666696385e-02         1.1431661401012485e-02         4.8094580343143942e-04        -2.1772617932959609e-01         1.1467677195015140e-01
40                                    -5.3256583788291684e-04         2.5130466439199505e-03         3.9222172905937428e-04        -5.8815586286990046e-03         1.1029365371850747e-03        -3.1811785209784164e-04         1.1383977543904650e-01        -1.2030019307735658e-01
41                                     1.6125897705547556e-03         1.7352646734419561e-03         1.1983193890426551e-03        -2.3646657425400574e-02         1.5744185783315521e-02        -1.8780501794124094e-03         1.4422428477441438e-03        -2.8692426785602125e-04
42                                    -4.2109197420352429e-04        -7.7937694310947390e-04        -7.3784328239988415e-04         1.3479848168108724e-03        -1.0309594840607252e-03         1.5763222808647288e-03        -4.7857865493643103e-03        -1.9171936068160494e-03
43                                    -1.9274847270733880e-03        -2.7944112914399461e-03        -2.2771158252323028e-03         1.1933294054844853e-03        -4.3841364157135923e-03         3.9770298835212978e-03        -1.8524757787400894e-02        -8.9100410762457706e-03
44                                    -1.5131311229318959e-04        -2.3363477127224424e-04        -1.6569253270246528e-04         6.9772681333325846e-04         4.0973063391216286e-04         1.7037581342311797e-03         7.0951133334074771e-04         1.4419568234301256e-04
45                                    -9.4003581471622657e-05        -2.6777332795139641e-04        -7.2831439625337547e-10         5.5385196031971238e-04         5.7292874742359036e-04        -1.6902145096271570e-09        -1.4825382283371537e-03         2.1490145061056013e-04
46                                    -1.9415779749117117e-04        -4.4662732996822105e-04         9.0593047982797131e-10         6.7762374444593244e-04         4.6473171417722985e-04        -2.3442874338362452e-09        -9.6846635610715187e-04         1.4069632015969759e-03
47                                    -1.7697290010038283e-09        -1.8763128423578113e-09         7.8141227669003231e-04         2.1863503098205522e-09         2.7886533983130480e-09        -1.4343352687593547e-03         3.6434301762920040e-03         5.7571890197630204e-05
48                                    -9.1718855720895014e-05        -2.3781086346915588e-04        -1.1004435475359678e-09        -6.0454865960730953e-05         3.4672377757632923e-05         4.2579032716924309e-10         3.1213011598948612e-04         8.6592763852142958e-04
49                                     2.6692440869112140e-05         8.0918574208020786e-05        -9.3313191701042599e-11         7.7911712978322384e-05         2.6875875895801407e-05         1.4787976185582950e-09        -6.7724246993310837e-04         6.9216670647337722e-04
50                                    -1.7476865278311862e-09        -3.3372018726575517e-09         1.4377272899958267e-04         7.2329980710512482e-09         3.3238846234654391e-09        -3.3369489539003452e-04        -3.3673605243468791e-04        -1.1218687196782387e-03
51                                    -4.2109437219852309e-04        -7.7937807491504883e-04         7.3784102786264810e-04         1.3479845030105490e-03        -1.0309596956079095e-03        -1.5763204880055197e-03        -2.3403155000469315e-04        -1.5534715947611690e-04
52                                    -1.9274841455145216e-03        -2.7944157636056966e-03         2.2771159126454264e-03         1.1933238950230709e-03        -4.3841308707978505e-03        -3.9770261028802371e-03        -1.4678197129116264e-05         1.0215063697538169e-04
53                                     1.5131148169592637e-04         2.3363246041809168e-04        -1.6569409673925019e-04        -6.9772749225351094e-04        -4.0972244250807484e-04         1.7037564121720689e-03        -2.8644179340914580e-04        -5.3571362101043074e-04
54                                     4.8039132159424460e-04        -9.7551186496067004e-05        -2.7518742905146046e-04        -1.0237963912180280e-03         1.8957084586841873e-04         6.1503600040781247e-04         3.2431093151381982e-05        -6.5276765389656659e-05
55                                    -1.5354469259110969e-04        -4.4475584293371113e-04         2.1239630056421355e-04         1.1169206132663793e-04         7.7816367376518612e-04        -7.0897082510289590e-04        -1.4720628126491792e-04        -2.8546346969792044e-05
56                                    -2.4476690537836825e-04         1.3164821689690568e-04         1.1002171464680131e-04         6.3069469973190523e-04        -5.9684398035351853e-04        -1.3203873277652697e-04        -1.0764017275558311e-05        -3.8492983717809248e-05
57                                     1.1130632566696924e-04         1.4025375791077151e-04        -7.5334809925943784e-05        -2.5987686970941162e-04         6.2287886554737888e-05         9.6497554531873296e-05         7.3725212086964354e-05        -7.0234246033816657e-05
58                                    -2.2982065507459528e-05        -2.1227404390160313e-05         1.3491343881152962e-05         5.5481810807067936e-05         8.8802882465999601e-05        -5.7905245959242037e-05        -6.6129799406859397e-06         8.1968341033526992e-05
59                                    -3.3722881604073896e-05         2.2691756664958994e-04         1.9679455646232868e-05         1.1481004456007859e-04        -6.4675955123344279e-05        -1.4449226648721226e-04        -1.2758437617961266e-05        -1.1265301990625123e-04
60                                     3.7667870500785844e-04        -2.7753558365175776e-04         1.6635654129937421e-09         3.9245520842805769e-04        -1.8421453113244349e-03        -7.5549889271246356e-09         9.4190083323314466e-05        -4.3391704831626486e-04
61                                     2.2713151988095221e-03        -2.3953192763283972e-03        -1.1284463875100123e-10        -5.8446257020827079e-03        -2.9684222787847332e-03         9.5340094251738676e-10        -4.9097667133945946e-04         1.4320950165127959e-04
62                                    -9.5076189338535957e-11        -1.4035138917582948e-09         1.6393328698590932e-04        -6.2979165303888917e-10         8.7050895118950857e-10         6.4497869000399322e-04         2.0619519940615668e-04        -5.6046078929525463e-04
63                                     4.8039157432726531e-04        -9.7552815268032829e-05         2.7518651340664865e-04        -1.0237990179963324e-03         1.8957581798529624e-04        -6.1503853329094552e-04        -4.9697871985605654e-03         2.5029264644726074e-03
64                                    -1.5354321128798241e-04        -4.4475565404626877e-04        -2.1239731857392233e-04         1.1168888400101099e-04         7.7816588284888161e-04         7.0897566824940604e-04         4.4388334771651343e-03        -3.3617710334691089e-04
65                                     2.4476830581220507e-04        -1.3164599846539148e-04         1.1002218045730007e-04        -6.3069417116578326e-04         5.9684208576415163e-04        -1.3204111541002193e-04        -4.9659049269137456e-04         2.5975610941861153e-04
66                                     1.1130672183224009e-04         1.4025550081699450e-04         7.5334051373229029e-05        -2.5988296653948383e-04         6.2291930375463320e-05        -9.6495661063745238e-05         8.2966333138581637e-04        -1.4548320460249994e-03
67                                    -2.2981916602119498e-05        -2.1227778622888385e-05        -1.3490961523160805e-05         5.5480069547004986e-05         8.8805772255034403e-05         5.7909508902884979e-05         2.6871838043261015e-04         9.6736152560605599e-04
68                                     3.3719973037131507e-05        -2.2692106099113382e-04         1.9676309873653934e-05        -1.1480026283191740e-04         6.4678380048737794e-05        -1.4448484594539862e-04        -1.3902062189276548e-04         1.3327378097570462e-04
69                                     1.9009388703141283e-03        -1.0122103598028433e-03        -8.4039817418215331e-04        -1.7698277772474146e-02        -7.0426535991207984e-03         2.4112039191410729e-02         1.0936821411667028e-03        -5.5858276673529392e-04
70                                    -2.7122726706393192e-04         1.7980228198258663e-03        -1.4846597733892460e-04         9.8245117797065608e-03         2.3808491593221509e-03        -1.5188474866443646e-02        -7.6887670283514505e-04         3.8820696036890451e-04
71                                    -2.7696897199817883e-04        -5.6763172912675753e-04         3.7191933260369026e-04         1.7332382038757685e-04         6.3019702826025079e-04        -2.4123788958864611e-03        -8.4640409130846798e-04        -2.1352398357547827e-04
72                                     1.9009397640772589e-03        -1.0122092257881243e-03         8.4039882826137920e-04        -1.7698281957738475e-02        -7.0426546188191259e-03        -2.4112032768312947e-02        -3.8655611810350550e-03         4.0395878530669373e-03
73                                    -2.7122574232465069e-04         1.7980225435168156e-03         1.4846686500200675e-04         9.8245127394047636e-03         2.3808521188600912e-03         1.5188474939957310e-02         3.3017959582892606e-03        -2.0492551968427485e-03
74                                     2.7696727627059834e-04         5.6762892628906643e-04         3.7191624897121205e-04        -1.7332652862422568e-04        -6.3019068545688839e-04        -2.4123648679963633e-03        -3.0442646081029444e-04         7.1665120537947147e-04
75                                     8.9469277435283304e-04         1.6963013651668181e-03        -8.8149894389007437e-04         7.6019546017239426e-03         3.6205076975470017e-03         1.5004731962615581e-02        -1.2190962628227610e-03        -8.2680040092353020e-04
76                                     7.0658244245699550e-04         1.2061155678875467e-03         6.4969693214907143e-05         3.5708628769350464e-03        -4.1356320378808670e-04         5.5674820782882148e-03        -8.3618093435478393e-04         5.4053571861991875e-05
77                                    -2.5501042415726656e-04        -2.4954401359997790e-04         3.0519032348776389e-03        -1.5981097213618654e-02        -7.2443898319883857e-03        -2.5039354513109013e-02         5.0617999981595529e-03         1.8738284723741534e-03
78                                     1.5521723465757283e-03        -1.7227375872595763e-04        -8.2975578589600208e-04        -1.7431829724788996e-02         1.1431665149007800e-02        -4.8094621818237093e-04         2.7726256628463487e-04        -3.6956805885012597e-04
79                                    -5.3256864781320279e-04         2.5130433969549081e-03        -3.9222599043024027e-04        -5.8815525549959034e-03         1.1029399799102578e-03         3.1812491145316070e-04         4.6337044990240727e-05         2.1067299958175663e-04
80                                    -1.6125908811968591e-03        -1.7352627093934880e-03         1.1983192881674766e-03         2.3646659130138761e-02        -1.5744189433295523e-02        -1.8780484293110244e-03         7.5037106372021281e-04        -4.7656304625353523e-04
                                                         8                           9                          10                          11                          12                          13                          14                          15

0                                     -1.0747520241611696e-03        -1.8514658747848104e-03         1.3567046200135078e-03        -5.3206197436825014e-03         5.8967289160851777e-04         4.8599913255838872e-04        -1.3786090188194843e-09        -1.8514636199764263e-03
1                                     -2.8293202890383330e-03        -3.3433587253162457e-03         3.6404012087235746e-03        -6.3453040759494806e-03         9.2317561868184884e-04         2.4536424306471818e-04        -1.1290922957359671e-09        -3.3433615376011940e-03
2                                      2.7224199922340833e-03        -3.7753863119121675e-03         6.2153839098618054e-04        -5.3375752819379823e-03        -2.0740832918844671e-12        -6.0530482019741444e-10        -7.6549276136093350e-04         3.7753867063289328e-03
3                                     -3.9242743480742359e-02        -4.7207799845321837e-03        -9.3582983669754823e-03        -3.6800803509651064e-03        -7.0352889668912153e-04         1.1550965575517561e-04        -2.4799439868506254e-09        -4.7207747621778179e-03
4                                     -1.0306001730561141e-02        -1.8618976947010549e-02        -1.4041929129754147e-02        -2.5893664651443091e-02        -2.4223738235535741e-04         1.4663390724593030e-03         1.4452150711192220e-09        -1.8618974402038354e-02
5                                     -1.4272660460879838e-01         1.2434740939320371e-04        -9.4805336082789682e-03         3.9602413775307608e-03        -3.3998058393233606e-09        -5.2352364368467888e-10         1.5162636936122426e-03        -1.2434453326973759e-04
6                                     -6.0428128105154050e-02        -8.1946764967829336e-02        -2.0467645240521366e-02        -3.4022810675783236e-03        -7.2345168749284421e-03        -2.1485774438965499e-02         4.1947547009701675e-03         5.6090776470200249e-04
7                                     -3.5028454336885187e-02        -2.0764846703946235e-02        -1.5565390985525418e-01        -1.6609291263330953e-03        -6.8901356882166559e-03        -1.3639362647901183e-02         7.4426776018365476e-03         8.0608280374832274e-04
8                                      5.2011454591518647e-01        -3.1571199402479592e-03        -3.3655027814539357e-04        -8.1212748365407192e-02         8.9342433146400481e-03         2.9852328016334764e-02        -2.4631460884847814e-03        -3.6843355113629940e-04
9                                     -3.1571199402479592e-03         4.9157617522886426e-01         1.8027558693835176e-02         7.4375075686914108e-02        -1.0422994167313442e-01        -1.0267093936484482e-02         3.7170227625419994e-02         1.3438516140881290e-02
10                                    -3.3655027814539357e-04         1.8027558693835176e-02         4.4454580227761642e-01         2.8872623433268456e-02        -1.0439792765414110e-02        -8.0660423974882045e-02         1.4955165937420953e-02         4.3407345307844257e-03
11                                    -8.1212748365407192e-02         7.4375075686914108e-02         2.8872623433268456e-02         5.5619080436314539e-01         3.6988718176287266e-02         1.4231349067868717e-02        -1.3798224441813925e-01         1.1976200018626419e-02
12                                     8.9342433146400481e-03        -1.0422994167313442e-01        -1.0439792765414110e-02         3.6988718176287266e-02         5.3772157246418151e-01        -2.5819678366140048e-02         4.1419281163223350e-09        -1.0422993142413130e-01
13                                     2.9852328016334764e-02        -1.0267093936484482e-02        -8.0660423974882045e-02         1.4231349067868717e-02        -2.5819678366140048e-02         5.9482111453157738e-01        -6.6767385869213880e-10        -1.0267086387375349e-02
14                                    -2.4631460884847814e-03         3.7170227625419994e-02         1.4955165937420953e-02        -1.3798224441813925e-01         4.1419281163223350e-09        -6.6767385869213880e-10         4.1236523617663806e-01        -3.7170231440203039e-02
15                                    -3.6843355113629940e-04         1.3438516140881290e-02         4.3407345307844257e-03         1.1976200018626419e-02        -1.0422993142413130e-01        -1.0267086387375349e-02        -3.7170231440203039e-02         4.9157619198330565e-01
16                                     3.7011547626579835e-04         4.3407323538400544e-03         2.3987184560069486e-03         4.6896278026187233e-03        -1.0439792428921501e-02        -8.0660418360078007e-02        -1.4955163281516103e-02         1.8027560359548007e-02
17                                     1.1887047911915086e-03        -1.1976204492373105e-02        -4.6896282670420737e-03        -3.5649660993721827e-02        -3.6988719308852884e-02        -1.4231353031425252e-02        -1.3798225164051986e-01        -7.4375071985004954e-02
18                                    -1.6165015464165988e-04         8.8139433936399239e-04         2.4389917336405760e-04         1.0567134601974235e-03        -2.3836281515556477e-02         1.1144020055012891e-02        -8.4531624716774681e-03        -1.3966252129449575e-01
19                                     5.3706823497116571e-04         2.2482690005134229e-04        -1.9735404775517683e-04         5.7342885717432020e-04        -3.2193111492461665e-03         3.6259793254393227e-03         2.8144232799841573e-03         3.9823643993701988e-02
20                                    -5.9929057147916579e-04         1.0650635416171450e-03         5.8160832269768190e-04         1.7055410329690456e-03        -2.6874307648289561e-02         1.5837543610920202e-02        -1.7736083658337724e-03         1.2969237583488891e-03
21                                    -2.6709099618818749e-04        -2.3830017169325184e-02        -2.4920863589917921e-03        -2.7373249754706487e-02         1.6930015309181510e-03        -1.3577183031466666e-03         5.4750401115847782e-10        -2.3830015744935255e-02
22                                     5.5205571396936548e-04         1.0073619299380436e-02         5.0946351188776023e-03         1.6057374440684176e-02        -1.3431038202088331e-03         5.1268215722595836e-04         3.1755900610675775e-09         1.0073619910118611e-02
23                                    -2.4244634380090994e-04        -8.9803494181245197e-03         4.1833313025172528e-03        -8.2324370711533978e-04        -1.3897480062830367e-09         6.9740663841186595e-10         2.0618034144880698e-04         8.9803476423064091e-03
24                                     5.0806836190969923e-04        -1.3966252246233479e-01         4.0541336744410447e-02        -1.4177390661213526e-03        -2.3836278099254822e-02         1.1144021932441194e-02         8.4531602889474436e-03         8.8138751585844707e-04
25                                    -6.6875370767368117e-04         3.9823643105931075e-02        -1.0292736828794145e-01        -8.6658494531218627e-04        -3.2193087743233595e-03         3.6259812019896441e-03        -2.8144210970938582e-03         2.2482762504284857e-04
26                                     4.4352966657154082e-04        -1.2969204765763132e-03        -7.2642553807963917e-04        -8.0016663374349761e-02         2.6874306096551278e-02        -1.5837542027313641e-02        -1.7736099116277514e-03        -1.0650584574815828e-03
27                                    -6.5289977645368938e-03         5.2310764647654946e-04        -2.7978484304912350e-04         7.7872028603444710e-04        -9.6146030743432531e-04        -4.1797061116351231e-04        -9.5389864622414732e-10         5.2310308828337456e-04
28                                     3.3882764968424621e-03         9.7714664898035418e-04         6.9450628457146460e-04         1.0249672915117729e-03        -1.9065859677760977e-04        -1.5236098818270996e-04        -8.2671945893394419e-10         9.7714972947624901e-04
29                                    -2.8424380866631620e-03         1.4171696275755881e-03         1.6275805624910156e-06         1.3849801172364992e-03        -5.4281183570019910e-10         1.1412760967519828e-10        -8.6962473196739928e-05        -1.4171690077047477e-03
30                                    -1.2939350191570949e-02         5.6091007646123098e-04         5.8811758612586224e-04         1.6002764919552121e-03        -7.2345195985380004e-03        -2.1485775830767061e-02        -4.1947539135624651e-03        -8.1946777889486372e-02
31                                    -3.2398745445737613e-03         8.0608825820671637e-04         6.9939248108403726e-04         1.2512502703388665e-03        -6.8901364570496670e-03        -1.3639362922057613e-02        -7.4426771097627978e-03        -2.0764839721612853e-02
32                                    -3.4579888207304912e-02         3.6843488368449272e-04        -3.7011474132132502e-04         1.1887034186551966e-03        -8.9342436150632205e-03        -2.9852326476919815e-02        -2.4631466763009365e-03         3.1571133921452048e-03
33                                     7.6144940183289355e-04        -5.3713963738052104e-04         1.3781265016787740e-05        -4.6289886772656844e-04         5.3592172633201121e-05        -1.4175965161646465e-06        -8.8638132552357876e-10        -5.3714302148469024e-04
34                                    -9.0549760037987852e-04        -2.8368984441495739e-05        -1.1082583068972550e-04         8.7220673086630600e-04        -1.7703439955583865e-04         3.3103185940347793e-05        -1.9401089566802489e-09        -2.8369915819466147e-05
35                                     1.9155744232730298e-04        -3.3514697680300755e-04         6.6767600598713252e-06         1.5446817643007747e-04         1.1243049734789237e-09         2.4544607469774664e-09         1.9501076295857226e-04         3.3514152822383041e-04
36                                     1.1181783241696019e-01        -5.9604009914117915e-03        -1.2329743865293428e-03         6.6946305771708250e-03         5.5952265344924200e-04        -2.4828595166027784e-03        -9.1754340197219321e-04        -3.1493113683210322e-04
37                                     4.5201693445224539e-02        -1.6520569804236333e-02        -7.6265743200104284e-03         2.6434283279865380e-02        -5.6921529765947745e-04        -6.4965629183649891e-03        -1.5022115523193776e-03        -1.8124629314615235e-04
38                                    -2.1126528968844044e-01        -8.9920078812273305e-04        -1.0126134547557702e-04         1.0030716554790117e-03        -4.3110129097474748e-04        -3.2865137756166694e-04         1.6347391725765048e-03        -1.7170364455134941e-04
39                                     8.2913796011774028e-04         6.7346228471511053e-03        -4.8732358696199490e-03         6.8582461361540634e-04         6.8345893103395866e-04        -2.3030498704323585e-04        -7.9906571596476128e-05         1.8372193125384614e-05
40                                     9.2622198534549408e-04         2.7031465600840677e-02        -1.8363621203582717e-02         4.6332121411664091e-04         1.2969163922218110e-03         1.3464556778392299e-03        -7.0537914584757177e-04        -1.4409208476014640e-04
41                                    -4.7136478432919647e-02         1.7398690257786672e-03        -4.3577917353783153e-04        -1.4258079251692262e-03        -3.5942581504114348e-04         5.9457287115976935e-04         6.5784209285961465e-05        -6.5976006405087432e-05
42                                    -6.1404849571210438e-03        -1.1765181361766154e-01        -2.7531088704977433e-02        -1.1042516850091569e-01         9.6981349185797060e-03         4.1040767367545158e-03         1.6149395178936595e-02        -1.8193274509898944e-03
43                                    -2.8042536130899499e-02        -2.7586229321482001e-02        -5.5616406460949147e-02        -4.2382054612900670e-02         4.1205090714550698e-03         7.2378750851882648e-04         6.5137000016991572e-03        -1.1139454916378950e-03
44                                     5.0458358899527645e-04        -1.1035059358228483e-01        -4.2209534138374742e-02        -2.1385454864702350e-01        -1.4147026842440942e-02        -5.5960176673561504e-03        -2.2669036089673210e-02         5.1849524576898041e-03
45                                     2.9840114400416749e-03        -5.6476892158010359e-03        -1.6382624647246356e-02        -2.4170216070601783e-04        -6.2527832991268170e-02        -5.7576567957753018e-02         1.3450605844524961e-09        -5.6476881957877815e-03
46                                     1.8517557649298383e-03        -8.0249220503278602e-04        -7.3899214405367111e-03        -1.2835730682851307e-04        -5.9501256379616813e-02        -2.8250707282471554e-01        -9.3935325186680692e-10        -8.0248883206470931e-04
47                                    -4.5960700658340048e-03         6.7727873250413764e-03         2.7238178401632965e-02        -4.9243080124493962e-04        -1.5676914877810423e-09         1.4198685761032419e-09        -4.4760804609203508e-02        -6.7727824126012168e-03
48                                    -6.5587382283990555e-04        -1.5358882752689235e-02         9.4383832796852626e-03        -9.7989520358155585e-05        -2.2242259773781578e-01         1.1269729455648582e-01         8.1637950519004608e-11        -1.5358882596895149e-02
49                                     4.7459941340074379e-05        -6.3741166466802536e-03         1.9732867710205628e-03        -1.1145253503081626e-04         1.1450831208959864e-01        -1.2177585898869456e-01        -1.4664962411096397e-09        -6.3741160385334325e-03
50                                     1.0149397994209089e-03         2.3691590560160996e-02        -1.5409472390458345e-02        -3.0292590363372417e-04        -1.4758831718629292e-09        -1.3283338203033248e-09        -4.5088023009600631e-02        -2.3691585182697570e-02
51                                    -2.5922273135849279e-05        -1.8193229972815804e-03        -1.0596218772428170e-03        -2.9846712358930320e-03         9.6981341790757132e-03         4.1040800442102669e-03        -1.6149393659434429e-02        -1.1765181226780685e-01
52                                    -5.0071410359581181e-04        -1.1139435126788508e-03         3.1710681231030815e-04        -8.7229426204614435e-04         4.1205107712645401e-03         7.2378672505617756e-04        -6.5137030487788751e-03        -2.7586226571813907e-02
53                                     4.4396237921853939e-04        -5.1849559665679192e-03        -2.0418189103514938e-03        -2.9574854847186603e-03         1.4147029990147816e-02         5.5960164705265080e-03        -2.2669034201565321e-02         1.1035059254303735e-01
54                                    -4.6164322062904456e-05        -1.2004505440125341e-04         2.6235528972650183e-05         1.4415042897035038e-04         1.4895479196449664e-03         4.1147161025457783e-04         5.1672479012118450e-04         5.8233028538125084e-03
55                                    -1.7149332824542823e-04         1.8017886086408959e-04        -3.3313305127200617e-05         2.0335902763103696e-04        -1.1681241346754774e-03         5.1247990724599636e-04        -4.7566603914520620e-04        -4.6035700297222225e-03
56                                     8.0757286976590182e-05         9.9566188293037563e-05        -3.0230231038755280e-05        -4.5471074223359472e-05        -4.9446775522227031e-05         6.5289890065024629e-04         1.0318982751720581e-04        -6.2638503175634010e-04
57                                     8.0464702383559010e-06        -3.7064291914742833e-04        -7.9210152335227680e-05         4.9810532417080174e-04        -4.3715685924295665e-03         4.7040697900482525e-03         1.6145884751811480e-03        -1.5814124883222775e-02
58                                    -5.6358465670628527e-06        -5.9638862572059176e-05        -7.1655629521723491e-05        -3.4322270861564252e-04         2.7217612592841949e-03        -1.7770862351954755e-03        -4.9463347597363927e-04         9.3850522145320220e-03
59                                     1.1105110928277427e-04         4.8588202148464998e-04        -3.7145545937456977e-04         3.2659234431966534e-04         2.6050776371303735e-04         3.0504848101216525e-04         1.6616090624710228e-03         4.1541570011495096e-04
60                                     5.2313923611933474e-05        -3.9213510057752726e-05        -2.1392007441231797e-03        -3.8484181343209287e-03         6.9473101663608712e-04        -1.3880431094780502e-05         2.9234742214286263e-09        -3.9209294902711744e-05
61                                    -3.1819767228222738e-04        -7.3364119708976480e-04         3.3930907747181497e-04        -1.2523616038252064e-03         1.1012882601402034e-04        -8.9178336282470653e-05        -6.9811584463249240e-11        -7.3364123273601464e-04
62                                    -3.9627984557629359e-05        -2.2649720653100617e-03        -2.3761282698379887e-03        -4.7588614226847115e-03         3.1924246342056334e-11        -5.8779063701129114e-10        -6.2269286567608940e-04         2.2649743762519804e-03
63                                     5.2723601175592744e-04         5.8233065236315230e-03         2.7641718583612390e-02         6.7677921695431808e-04         1.4895466087047195e-03         4.1147408448752114e-04        -5.1672222955630480e-04        -1.2004402045835894e-04
64                                    -2.5794113576494727e-04        -4.6035638605140781e-03        -1.7934338195838805e-02         2.5129810798551019e-04        -1.1681257850198446e-03         5.1247823363804361e-04         4.7566365501725385e-04         1.8017645865856641e-04
65                                     5.8122384496504809e-04         6.2638309694149790e-04         9.2515825603290552e-04        -1.4753517237593673e-03         4.9449943433539862e-05        -6.5289714695125926e-04         1.0318992155422134e-04        -9.9572480987410411e-05
66                                     2.4688756442778933e-04        -1.5814122535562827e-02        -6.4029068644516594e-03         2.3516795694668025e-02        -4.3715678903429381e-03         4.7040697296886333e-03        -1.6145887787757454e-03        -3.7064785258820489e-04
67                                    -7.6296945524281215e-04         9.3850576083912441e-03         1.9808193446790310e-03        -1.5212366769346314e-02         2.7217620742401505e-03        -1.7770853355072876e-03         4.9463320433263086e-04        -5.9636376822051220e-05
68                                     1.5458805200618711e-04        -4.1541241586370847e-04        -2.9463936956266451e-05         1.7313208367185536e-04        -2.6050789279384937e-04        -3.0504701101176455e-04         1.6616072726749797e-03        -4.8588148551914536e-04
69                                     1.3637664542289101e-03        -1.1635775023139837e-04         7.5578500949419723e-05        -1.1791249196500882e-04         1.7306336864593929e-04         2.5419861663793968e-05         8.1685195549951301e-05         4.3564442217859049e-04
70                                    -5.0198871977385595e-04        -1.6087571212515842e-05        -2.5304490387220360e-04        -7.4685497744341356e-05         3.4746727308072704e-05         8.7664146347325540e-05         3.7521243239714742e-05         2.5175143329623281e-04
71                                     4.7610855365525146e-04         2.2033725154408225e-04         1.9684523423540832e-04         9.2166171755467025e-05        -5.4559446198435436e-05        -5.4909684577674291e-05        -5.6640024371989595e-05        -1.8201133068872742e-04
72                                     1.7649827659948526e-03         4.3564782371118948e-04         5.2947100708252781e-04         2.4713549651669397e-04         1.7306549013879481e-04         2.5423066253772004e-05        -8.1685777764238120e-05        -1.1635809345500459e-04
73                                    -1.5630011305287506e-04         2.5175192879239470e-04        -4.2369722257597664e-04        -6.9765160075887286e-05         3.4744107542841892e-05         8.7663521278491608e-05        -3.7520736143428448e-05        -1.6087223853498316e-05
74                                     1.5173165325451802e-03         1.8201140284007308e-04         1.3538923971330007e-04        -1.2019366788847390e-04         5.4562271275551905e-05         5.4907861928607895e-05        -5.6641735537122022e-05        -2.2033851903857833e-04
75                                     2.7165989623482503e-03        -3.1493171557462002e-04        -1.5914894139524086e-04        -5.1963936371713162e-06         5.5952259251199499e-04        -2.4828593089325727e-03         9.1754389171940821e-04        -5.9604005207779340e-03
76                                     1.7401641079371104e-03        -1.8124488255580069e-04        -1.2378999309753337e-04         3.6362395680682950e-04        -5.6921415171327060e-04        -6.4965609269347357e-03         1.5022117840781694e-03        -1.6520570078903070e-02
77                                    -3.2811265748379989e-03         1.7170515973962243e-04         6.7973038359132789e-04         2.9346866040594853e-04         4.3109837634902962e-04         3.2865112020071842e-04         1.6347407891781490e-03         8.9920221313311618e-04
78                                    -1.3964336194396826e-03         1.8374202600561203e-05         1.1029269580802275e-04         1.9863058611268550e-04         6.8345886376080991e-04        -2.3030086609272500e-04         7.9907437395330071e-05         6.7346281082572273e-03
79                                    -2.7074950864376104e-04        -1.4408854464756420e-04        -2.5580403097261715e-04        -5.9983743600112256e-05         1.2969169217459428e-03         1.3464550211756739e-03         7.0537953046696886e-04         2.7031459982716284e-02
80                                     1.4398660639516354e-03         6.5982858140135794e-05         1.9483656386894469e-04        -1.7956610581525189e-05         3.5942310216576287e-04        -5.9457128376545223e-04         6.5783641176120393e-05        -1.7398700471591066e-03
                                                        16                          17                          18                          19                          20                          21                          22                          23

0                                      1.3567024922602859e-03         5.3206262614818450e-03        -6.3742526350268501e-04        -1.4632128246575785e-04         3.8860369401190779e-04        -6.4011486056747497e-03         2.8962484934505197e-03        -2.2945996452366190e-09
1                                      3.6404004251103447e-03         6.3453027390451694e-03        -2.4569424462444052e-04         6.2863214885776862e-04        -7.9171324645181673e-04         6.7988949907106071e-03         6.5350871074726716e-04         2.9030088747755548e-10
2                                     -6.2153656305486901e-04        -5.3375766580364805e-03         4.4448517075513540e-04        -3.7446439165572979e-04         4.9709345674824046e-06         1.2808491786575748e-09         2.2528104159986047e-10         2.2067523635461474e-04
3                                     -9.3583008822532981e-03         3.6800759313488206e-03         9.9269904610267776e-04         1.8737191876568081e-04        -6.9760279407650189e-04         1.3271780270229620e-02         2.5675275818676721e-03         2.0546801079593554e-09
4                                     -1.4041928025030601e-02         2.5893665171132459e-02         4.0962693972594827e-04         1.1065807119374450e-03         8.2498320681945007e-04         2.3042268792961534e-02        -2.8055717475587560e-02         6.2394443987494678e-10
5                                      9.4805291221167834e-03         3.9602433028101559e-03        -8.2150450690424408e-04         4.3786756541168989e-04        -9.1021455851113958e-05        -2.9472278732685746e-09        -2.1963694865273237e-09        -3.4259248834779131e-04
6                                      5.8811575240852454e-04        -1.6002750972158187e-03        -1.1881771638499669e-04         2.6088447233593975e-04        -2.1823250074066297e-04         1.3888322934815442e-03        -2.1982430500834364e-04         3.6508237329030586e-04
7                                      6.9939168977412730e-04        -1.2512520842633840e-03         1.1766771766623645e-04        -3.8068642246405927e-04         3.5628198329595157e-04        -1.5657673693701927e-03         1.2136597986332105e-03        -2.7189902322339622e-04
8                                      3.7011547626579835e-04         1.1887047911915086e-03        -1.6165015464165988e-04         5.3706823497116571e-04        -5.9929057147916579e-04        -2.6709099618818749e-04         5.5205571396936548e-04        -2.4244634380090994e-04
9                                      4.3407323538400544e-03        -1.1976204492373105e-02         8.8139433936399239e-04         2.2482690005134229e-04         1.0650635416171450e-03        -2.3830017169325184e-02         1.0073619299380436e-02        -8.9803494181245197e-03
10                                     2.3987184560069486e-03        -4.6896282670420737e-03         2.4389917336405760e-04        -1.9735404775517683e-04         5.8160832269768190e-04        -2.4920863589917921e-03         5.0946351188776023e-03         4.1833313025172528e-03
11                                     4.6896278026187233e-03        -3.5649660993721827e-02         1.0567134601974235e-03         5.7342885717432020e-04         1.7055410329690456e-03        -2.7373249754706487e-02         1.6057374440684176e-02        -8.2324370711533978e-04
12                                    -1.0439792428921501e-02        -3.6988719308852884e-02        -2.3836281515556477e-02        -3.2193111492461665e-03        -2.6874307648289561e-02         1.6930015309181510e-03        -1.3431038202088331e-03        -1.3897480062830367e-09
13                                    -8.0660418360078007e-02        -1.4231353031425252e-02         1.1144020055012891e-02         3.6259793254393227e-03         1.5837543610920202e-02        -1.3577183031466666e-03         5.1268215722595836e-04         6.9740663841186595e-10
14                                    -1.4955163281516103e-02        -1.3798225164051986e-01        -8.4531624716774681e-03         2.8144232799841573e-03        -1.7736083658337724e-03         5.4750401115847782e-10         3.1755900610675775e-09         2.0618034144880698e-04
15                                     1.8027560359548007e-02        -7.4375071985004954e-02        -1.3966252129449575e-01         3.9823643993701988e-02         1.2969237583488891e-03        -2.3830015744935255e-02         1.0073619910118611e-02         8.9803476423064091e-03
16                                     4.4454579572928754e-01        -2.8872636924824488e-02         4.0541336007612436e-02        -1.0292736475460970e-01         7.2642605133974025e-04        -2.4920907242750381e-03         5.0946340552689845e-03        -4.1833296766750627e-03
17                                    -2.8872636924824488e-02         5.5619083739753838e-01         1.4177405338753196e-03         8.6657894171379007e-04        -8.0016664093981588e-02         2.7373243605844873e-02        -1.6057375409172927e-02        -8.2324615177773591e-04
18                                     4.0541336007612436e-02         1.4177405338753196e-03         4.6322350939126511e-01         4.5787946494092756e-02         6.6636161112835962e-02        -1.0481959095017701e-01        -8.4988996941230410e-03         3.8045946307239828e-02
19                                    -1.0292736475460970e-01         8.6657894171379007e-04         4.5787946494092756e-02         5.6382413598333392e-01         1.6580489860467028e-02        -7.9053575069193936e-03        -8.1833206362864730e-02         1.5236212404316964e-02
20                                     7.2642605133974025e-04        -8.0016664093981588e-02         6.6636161112835962e-02         1.6580489860467028e-02         5.1800180879491198e-01         3.8244239687950682e-02         1.5813117724869777e-02        -1.3579413240559918e-01
21                                    -2.4920907242750381e-03         2.7373243605844873e-02        -1.0481959095017701e-01        -7.9053575069193936e-03         3.8244239687950682e-02         5.6310439013106717e-01        -7.8869054229066399e-02        -5.8104252033158894e-09
22                                     5.0946340552689845e-03        -1.6057375409172927e-02        -8.4988996941230410e-03        -8.1833206362864730e-02         1.5813117724869777e-02        -7.8869054229066399e-02         4.9022932320818569e-01         4.3582556018967322e-09
23                                    -4.1833296766750627e-03        -8.2324615177773591e-04         3.8045946307239828e-02         1.5236212404316964e-02        -1.3579413240559918e-01        -5.8104252033158894e-09         4.3582556018967322e-09         4.4205247274000647e-01
24                                     2.4389810733588203e-04        -1.0567063995205305e-03         1.1603747948030464e-02         3.7654192738323343e-03         1.2143468675848573e-02        -1.0481959664922100e-01        -8.4989077991028499e-03        -3.8045937723893988e-02
25                                    -1.9735634446318290e-04        -5.7342903585640495e-04         3.7654175414329350e-03         1.7355712840560686e-03         5.5395941170595792e-03        -7.9053570438467405e-03        -8.1833218228026708e-02        -1.5236217154235203e-02
26                                    -5.8160744001803898e-04         1.7055380012338563e-03        -1.2143469234841473e-02        -5.5395948498039825e-03        -3.5545008231801095e-02        -3.8244238524198323e-02        -1.5813120809367420e-02        -1.3579413696175890e-01
27                                    -2.7978424982227738e-04        -7.7871421646356041e-04        -6.7359001166073995e-03        -2.0792169390771546e-02         2.8885243867366149e-03        -8.5934770555245732e-02        -1.6459645658742993e-02         2.8590300715275451e-11
28                                     6.9450538377571411e-04        -1.0249717232479333e-03        -8.4430660134777701e-03        -1.3388769967516843e-02         6.9038111306385999e-03        -1.6194665453003534e-02        -1.5934369060612286e-01        -9.3012152333944305e-10
29                                    -1.6301315303689223e-06         1.3849814678331164e-03         9.2196472341886590e-03         3.0111507182618645e-02        -2.8971906183997854e-03         3.2763102016425916e-09        -3.8859651247862210e-09        -7.5665825917695037e-02
30                                    -2.0467634209767896e-02         3.4022867172663349e-03         5.6349467567008253e-03         2.9650119666121057e-02        -2.2518504173868188e-04         1.3888311902400877e-03        -2.1982396924678793e-04        -3.6508423539075192e-04
31                                    -1.5565391045112126e-01         1.6609258427068632e-03         2.9857521425016992e-03        -2.9701997814311265e-02        -8.3187168581227706e-04        -1.5657606427095304e-03         1.2136599009800290e-03         2.7189727506279036e-04
32                                     3.3655073485191339e-04        -8.1212757089064253e-02        -5.0806956248072898e-04         6.6875495058345454e-04         4.4353004155799070e-04         2.6709682897302096e-04        -5.5205288859876828e-04        -2.4244702353669149e-04
33                                     1.3781832767308924e-05         4.6290216257895112e-04         1.3890604612969284e-04         2.3006932873194668e-04        -1.1050900484653697e-04         1.3903257186185212e-04        -7.5045672749344573e-04        -1.8675138353334739e-09
34                                    -1.1082279055631529e-04        -8.7219849056670469e-04         2.4492013763240377e-04         1.9508525302933751e-04        -7.3445562127169085e-05         2.5387144640784949e-03        -1.0370658670118011e-04         2.7340360391845653e-09
35                                    -6.6766685470716000e-06         1.5447115470217692e-04        -2.1604060949701357e-04        -2.4599859777103784e-04         2.5731825487481859e-05        -2.2895108771011101e-09        -6.5487058648813551e-10         7.0387853302542188e-04
36                                    -1.5914842891291952e-04         5.1951712282741203e-06         2.3788289312123368e-06         5.9825260265737243e-05         2.8094213555047987e-05         1.1609499541018675e-05        -3.2199799222908869e-04         4.5706157647523358e-05
37                                    -1.2379132383340220e-04        -3.6362239014015290e-04        -5.1600611960842454e-05         1.0184948783466692e-04        -2.8142435860861064e-05        -4.0241832591323030e-06        -1.4751694941396855e-04        -8.5038335869085969e-05
38                                    -6.7973026101509140e-04         2.9347130927744221e-04         1.2941918348100695e-04        -1.1121532112919595e-04         8.8474202761424899e-05        -1.8798172231679138e-04         9.1534328798118176e-05        -1.2130519802070871e-04
39                                     1.1029340964697945e-04        -1.9862983925496205e-04        -3.3693861585848515e-05        -5.3662838692841849e-05         1.2294683589913862e-04        -4.4593452194570740e-05        -5.3166826864748176e-04         1.1283148163672473e-04
40                                    -2.5580735957024493e-04         5.9988537262848328e-05         5.3894960987757763e-05         1.2413039840736902e-04        -1.1339240976459067e-04        -2.2056641877609643e-04        -4.7907199227184907e-05        -4.0615714223083375e-04
41                                    -1.9484126868277878e-04        -1.7958521449546946e-05         3.2815312560361006e-05        -2.1301078108818938e-06         1.1220894204445693e-04         1.6471396248563105e-04        -5.6322269270699284e-04        -5.6567290267849350e-05
42                                    -1.0596193483426732e-03         2.9846719438418635e-03        -3.4791678029147811e-04        -2.6918326468409939e-06         4.7053774699528511e-04        -4.0301802699697596e-03         4.3960031191480333e-03         1.8132014658068536e-03
43                                     3.1710521163482233e-04         8.7229840349829779e-04        -5.4587244875448245e-05         1.7238335394915332e-05        -3.6938723778783298e-04         3.0536667064107723e-03        -1.9544246054583065e-03        -9.6558742660871901e-04
44                                     2.0418232104249270e-03        -2.9574847518496067e-03         4.9680066040202250e-04        -2.6623690734317541e-04         3.1921027122298364e-04         2.3509694582862090e-04         3.2323956602230315e-04         1.5082240351647382e-03
45                                    -1.6382622793405119e-02         2.4170019050026754e-04         6.0882965558979249e-04        -9.5463197026754844e-04         4.7335136178059583e-04        -6.3285822748473681e-05         2.3068983749791050e-05        -2.2045933461902766e-09
46                                    -7.3899250623866430e-03         1.2835535080153726e-04         6.8566664144785504e-04         4.1907686668332943e-04         5.2689482184969851e-04        -2.5911336433929826e-04         5.9102791040477619e-05        -2.0826269150736272e-09
47                                    -2.7238176992349053e-02        -4.9243299767362872e-04         1.0852636549366378e-03        -5.4244503113720925e-04         1.0579451979296612e-03         2.8275681649426801e-09         9.3944288434181708e-10        -2.2293628108968692e-04
48                                     9.4383834324313059e-03         9.7986974625915990e-05        -1.6383401161779165e-04        -2.1555015539150568e-03        -3.8343285130811693e-03         7.2588140087916087e-04         8.4646653799701297e-05        -1.3048424746169461e-09
49                                     1.9732895302460186e-03         1.1145904134608406e-04        -7.9079365070332600e-04         4.9407724886579222e-04        -6.4058112597767218e-04         3.6757115072394431e-05        -1.9627332196201636e-04         2.1821146950991326e-09
50                                     1.5409476964451996e-02        -3.0292653965968089e-04        -2.7210944487727315e-03        -2.4250472421617746e-03        -4.8455805044150249e-03         2.1463575857481662e-09        -5.5204824666080859e-10        -6.4899276424387102e-04
51                                    -2.7531089491619795e-02         1.1042516713191643e-01        -1.5895096245550092e-02        -5.8355262796809422e-03         2.2694400248110189e-02        -4.0301753219675052e-03         4.3960019962500175e-03        -1.8132013233114561e-03
52                                    -5.5616402263861373e-02         4.2382058392481277e-02         1.0572083416944964e-02         3.1323408367106018e-03        -1.5925794245558594e-02         3.0536632403754638e-03        -1.9544163747576872e-03         9.6558785393250105e-04
53                                     4.2209537364940375e-02        -2.1385455267957615e-01        -8.6212069419708357e-04        -3.4731733980882754e-04         5.7564004200352055e-04        -2.3510077353944281e-04        -3.2323511092996905e-04         1.5082226196336274e-03
54                                     2.7641716635826874e-02        -6.7677964655979579e-04        -5.9520374344543797e-02        -5.7790496806581014e-02        -1.1190944227348837e-03        -5.3100962874158848e-03        -1.8277279322702233e-02        -5.7794325310709955e-04
55                                    -1.7934340457418547e-02        -2.5129645656537516e-04        -5.6897001358370392e-02        -2.8318666419358707e-01         1.0363257839436247e-03        -1.5783565538788347e-03        -6.8941679052919235e-03        -4.4329408278559815e-04
56                                    -9.2515980205854832e-04        -1.4753508674489359e-03        -1.5516185187195199e-03        -6.2824724619723422e-04        -4.7035367000321474e-02         5.6679381384088026e-03         2.6397366672135422e-02        -1.3545933224671475e-03
57                                    -6.4029037744363516e-03        -2.3516795744077015e-02        -1.1735226473138874e-01        -2.7414456100904198e-02        -1.1024601881330398e-01         9.6787250502624444e-03         3.4921853172497365e-03         1.5396314446171542e-02
58                                     1.9808171407439679e-03         1.5212368151069005e-02        -2.8247455004882856e-02        -5.8457554424311782e-02        -4.2215092376412300e-02         3.4698218644656355e-03        -4.7531293257166603e-04         5.6563597088568713e-03
59                                     2.9471238078256426e-05         1.7312627028494721e-04        -1.0990221126750044e-01        -4.0825865874553155e-02        -2.1373298783733666e-01        -1.4926535828616277e-02        -5.8546634223786021e-03        -2.2805868319415931e-02
60                                    -2.1391984499221084e-03         3.8484104871292987e-03        -1.5056946086227964e-02         9.1318083613466557e-03         1.9686481125106431e-04        -2.2372757014832548e-01         1.1498665966052593e-01         3.5825219863398016e-09
61                                     3.3931169594671076e-04         1.2523603692644646e-03        -7.2850628143592642e-03         3.7643385358382998e-03         7.5352490883778822e-05         1.1471039501253011e-01        -1.1876117013561199e-01        -2.1251545166429541e-10
62                                     2.3761305368946465e-03        -4.7588648949330251e-03         2.3768810091183031e-02        -1.5347467228294574e-02        -9.6181221320881956e-04         1.1957826854893436e-09         2.4397025368516326e-09        -4.5180806389402951e-02
63                                     2.6234557431119309e-05        -1.4415565089393169e-04         3.8538510835145002e-04         1.8480522099932975e-04         1.1914109544195748e-03        -5.3100984551110774e-03        -1.8277274007259786e-02         5.7794253971030132e-04
64                                    -3.3314465459567644e-05        -2.0335428774176855e-04         1.4392315566852794e-04         2.4183261895836144e-04         7.5028079750579695e-04        -1.5783552913112755e-03        -6.8941677920030696e-03         4.4329056136165404e-04
65                                     3.0231027322458019e-05        -4.5469167955066570e-05        -9.8344427355632862e-05        -9.1637061542005900e-04         1.3603881931728021e-03        -5.6679408380064357e-03        -2.6397369307371219e-02        -1.3545907228424197e-03
66                                    -7.9210931685751683e-05        -4.9810251008282694e-04        -1.5497974198346515e-03        -1.2010850602270401e-03        -3.2443357776054471e-03         9.6787241229146243e-03         3.4921907196868427e-03        -1.5396311201250295e-02
67                                    -7.1654954755087262e-05         3.4322247486375467e-04        -6.2282558171039538e-04         2.9105355065754939e-04        -6.6472893929620663e-04         3.4698219486587068e-03        -4.7531131907636165e-04        -5.6563590122889092e-03
68                                     3.7145592379642274e-04         3.2659037010843682e-04        -5.1717891884164244e-03        -2.2196653372637334e-03        -3.2610628461525147e-03         1.4926532793962680e-02         5.8546652051187668e-03        -2.2805872837855429e-02
69                                     5.2947188021815498e-04        -2.4713826368476504e-04         9.7592911026958247e-04        -1.2039989368749495e-03        -8.7592528979374678e-04        -4.4483447784146590e-03        -1.6886171498575776e-03         4.5161618245809099e-03
70                                    -4.2369840935508284e-04         6.9761782212169384e-05        -1.0445285692669759e-03        -6.7111921826422984e-03        -1.7603073433077191e-03        -1.7972034984129196e-02        -7.4527868919057674e-03         2.6525093960648310e-02
71                                    -1.3538601499774776e-04        -1.2020087014986969e-04        -5.4023584303698139e-04         4.9453064930031140e-04         1.4219650165334862e-03        -9.3466367210514765e-04         7.4978555859410434e-06        -8.7108961932139215e-04
72                                     7.5573766371471061e-05         1.1791139361341609e-04         6.3381997113554425e-05         1.8314249511423158e-04        -5.0479648612346934e-04        -4.4483452874126191e-03        -1.6886157588108970e-03        -4.5161580492593008e-03
73                                    -2.5304319229798618e-04         7.4683170824367513e-05         4.1663088334720037e-04         1.5207227758484492e-03        -1.1706732501470527e-03        -1.7972039002773603e-02        -7.4527851432301846e-03        -2.6525090582636239e-02
74                                    -1.9684240281670875e-04         9.2172280563994737e-05         5.0725471234189701e-04         4.9642100365184080e-04         5.8971797210198183e-04         9.3466015919990188e-04        -7.4959831110749109e-06        -8.7108835738328692e-04
75                                    -1.2329756297168948e-03        -6.6946308713484344e-03         3.2697843140127442e-04         9.5176418256569717e-04         4.1963750349105153e-04         1.1612351298695981e-05        -3.2199840684088161e-04        -4.5708645403343389e-05
76                                    -7.6265721211444294e-03        -2.6434286551767997e-02        -8.4223315831077894e-04         1.5627136716132826e-03        -7.2909462265417150e-04        -4.0289398784915998e-06        -1.4751852260028490e-04         8.5039196993633940e-05
77                                     1.0126025052840590e-04         1.0030651791189003e-03         2.3751375682554100e-05         1.0864830723826676e-04         1.8956386836000257e-04         1.8798433728082272e-04        -9.1538789505436237e-05        -1.2130813134616125e-04
78                                    -4.8732360678000221e-03        -6.8582969992103031e-04         8.9237367851508018e-04        -1.8051149684648639e-03        -2.5472574927684036e-04        -4.4590914555373874e-05        -5.3166648680032409e-04        -1.1283442566085858e-04
79                                    -1.8363618981853784e-02        -4.6331805075974488e-04        -4.0503392110386597e-03        -6.0005688634036086e-03        -1.9441685830412844e-04        -2.2056590467479670e-04        -4.7907388545706704e-05         4.0615665341057604e-04
80                                     4.3577605960760891e-04        -1.4258036068656357e-03         2.3133562712131597e-04         8.2206629009041912e-04         6.5702980875591201e-04        -1.6470133452448380e-04         5.6321491559794493e-04        -5.6563272345278850e-05
                                                        24                          25                          26                          27                          28                          29                          30                          31

0                                     -6.3742215000529975e-04        -1.4632284501138546e-04        -3.8860451882034543e-04         9.9939882096203893e-03         3.3733699272565809e-02         1.0712955404667056e-09        -6.7432625044876841e-03        -2.8628227338649698e-02
1                                     -2.4569252962910586e-04         6.2863565683539575e-04         7.9171328209240791e-04        -4.2085287586812146e-03        -4.1325097188267393e-02        -9.5180177706516570e-10        -9.3769052317408050e-03        -3.2690571525079107e-02
2                                     -4.4448702411263152e-04         3.7446383389654048e-04         4.9735831367265365e-06        -1.3370530892037059e-09        -2.0358356377249876e-10         1.6419088439625245e-03         9.0922950632670724e-03         3.3174876085803912e-02
3                                      9.9269753592115713e-04         1.8736964350043572e-04         6.9760404326607486e-04        -1.5534320741951116e-01         3.0944479527516118e-02         4.1541804116578881e-09        -1.0229461808805901e-01         4.5000401484347752e-03
4                                      4.0962105596987868e-04         1.1065710649008067e-03        -8.2498354229603669e-04         4.7788266194920437e-02        -8.9621162079609407e-02        -1.6403424265897461e-09        -3.9714745625639702e-03        -7.0868682565649252e-02
5                                      8.2150622897556730e-04        -4.3786967395994560e-04        -9.1020754144365262e-05         3.9633942810733909e-09         3.3101548417152408e-10        -7.8735719401504825e-02         3.7135138108210085e-02        -2.4811134517667421e-05
6                                      5.6349459511720081e-03         2.9650116738051940e-02         2.2518247970682286e-04        -2.3508361291516403e-02        -1.2077600332246630e-03        -2.6841560044139057e-02         1.0216873354852565e-02         4.5698592692055961e-03
7                                      2.9857538117687432e-03        -2.9701995665511634e-02         8.3187250367258150e-04         9.8287416419852221e-03         5.7155057828498675e-03         1.5183800274071698e-02         4.5698579116491209e-03         4.6329542535368945e-03
8                                      5.0806836190969923e-04        -6.6875370767368117e-04         4.4352966657154082e-04        -6.5289977645368938e-03         3.3882764968424621e-03        -2.8424380866631620e-03        -1.2939350191570949e-02        -3.2398745445737613e-03
9                                     -1.3966252246233479e-01         3.9823643105931075e-02        -1.2969204765763132e-03         5.2310764647654946e-04         9.7714664898035418e-04         1.4171696275755881e-03         5.6091007646123098e-04         8.0608825820671637e-04
10                                     4.0541336744410447e-02        -1.0292736828794145e-01        -7.2642553807963917e-04        -2.7978484304912350e-04         6.9450628457146460e-04         1.6275805624910156e-06         5.8811758612586224e-04         6.9939248108403726e-04
11                                    -1.4177390661213526e-03        -8.6658494531218627e-04        -8.0016663374349761e-02         7.7872028603444710e-04         1.0249672915117729e-03         1.3849801172364992e-03         1.6002764919552121e-03         1.2512502703388665e-03
12                                    -2.3836278099254822e-02        -3.2193087743233595e-03         2.6874306096551278e-02        -9.6146030743432531e-04        -1.9065859677760977e-04        -5.4281183570019910e-10        -7.2345195985380004e-03        -6.8901364570496670e-03
13                                     1.1144021932441194e-02         3.6259812019896441e-03        -1.5837542027313641e-02        -4.1797061116351231e-04        -1.5236098818270996e-04         1.1412760967519828e-10        -2.1485775830767061e-02        -1.3639362922057613e-02
14                                     8.4531602889474436e-03        -2.8144210970938582e-03        -1.7736099116277514e-03        -9.5389864622414732e-10        -8.2671945893394419e-10        -8.6962473196739928e-05        -4.1947539135624651e-03        -7.4426771097627978e-03
15                                     8.8138751585844707e-04         2.2482762504284857e-04        -1.0650584574815828e-03         5.2310308828337456e-04         9.7714972947624901e-04        -1.4171690077047477e-03        -8.1946777889486372e-02        -2.0764839721612853e-02
16                                     2.4389810733588203e-04        -1.9735634446318290e-04        -5.8160744001803898e-04        -2.7978424982227738e-04         6.9450538377571411e-04        -1.6301315303689223e-06        -2.0467634209767896e-02        -1.5565391045112126e-01
17                                    -1.0567063995205305e-03        -5.7342903585640495e-04         1.7055380012338563e-03        -7.7871421646356041e-04        -1.0249717232479333e-03         1.3849814678331164e-03         3.4022867172663349e-03         1.6609258427068632e-03
18                                     1.1603747948030464e-02         3.7654175414329350e-03        -1.2143469234841473e-02        -6.7359001166073995e-03        -8.4430660134777701e-03         9.2196472341886590e-03         5.6349467567008253e-03         2.9857521425016992e-03
19                                     3.7654192738323343e-03         1.7355712840560686e-03        -5.5395948498039825e-03        -2.0792169390771546e-02        -1.3388769967516843e-02         3.0111507182618645e-02         2.9650119666121057e-02        -2.9701997814311265e-02
20                                     1.2143468675848573e-02         5.5395941170595792e-03        -3.5545008231801095e-02         2.8885243867366149e-03         6.9038111306385999e-03        -2.8971906183997854e-03        -2.2518504173868188e-04        -8.3187168581227706e-04
21                                    -1.0481959664922100e-01        -7.9053570438467405e-03        -3.8244238524198323e-02        -8.5934770555245732e-02        -1.6194665453003534e-02         3.2763102016425916e-09         1.3888311902400877e-03        -1.5657606427095304e-03
22                                    -8.4989077991028499e-03        -8.1833218228026708e-02        -1.5813120809367420e-02        -1.6459645658742993e-02        -1.5934369060612286e-01        -3.8859651247862210e-09        -2.1982396924678793e-04         1.2136599009800290e-03
23                                    -3.8045937723893988e-02        -1.5236217154235203e-02        -1.3579413696175890e-01         2.8590300715275451e-11        -9.3012152333944305e-10        -7.5665825917695037e-02        -3.6508423539075192e-04         2.7189727506279036e-04
24                                     4.6322351352694685e-01         4.5787941004224328e-02        -6.6636175265717343e-02        -6.7358984335859099e-03        -8.4430628776682587e-03        -9.2196459376786607e-03        -1.1881730620014359e-04         1.1767005986059939e-04
25                                     4.5787941004224328e-02         5.6382415438697930e-01        -1.6580490548650399e-02        -2.0792167244356667e-02        -1.3388770202332001e-02        -3.0111507611678683e-02         2.6088347873824691e-04        -3.8068537316756235e-04
26                                    -6.6636175265717343e-02        -1.6580490548650399e-02         5.1800181448700167e-01        -2.8885241293596028e-03        -6.9038089936691305e-03        -2.8971924855557291e-03         2.1823433979911190e-04        -3.5628374144038716e-04
27                                    -6.7358984335859099e-03        -2.0792167244356667e-02        -2.8885241293596028e-03         5.1967372360541941e-01         3.5263649509785042e-02         4.7539462570515834e-09        -2.3508362992155658e-02         9.8287403135674592e-03
28                                    -8.4430628776682587e-03        -1.3388770202332001e-02        -6.9038089936691305e-03         3.5263649509785042e-02         4.4041097552018071e-01        -3.9882423683024193e-09        -1.2077587491707304e-03         5.7155052698754302e-03
29                                    -9.2196459376786607e-03        -3.0111507611678683e-02        -2.8971924855557291e-03         4.7539462570515834e-09        -3.9882423683024193e-09         6.0718606375803696e-01         2.6841559332858610e-02        -1.5183799450883148e-02
30                                    -1.1881730620014359e-04         2.6088347873824691e-04         2.1823433979911190e-04        -2.3508362992155658e-02        -1.2077587491707304e-03         2.6841559332858610e-02         5.5485859518858094e-01        -5.0502689684964769e-02
31                                     1.1767005986059939e-04        -3.8068537316756235e-04        -3.5628374144038716e-04         9.8287403135674592e-03         5.7155052698754302e-03        -1.5183799450883148e-02        -5.0502689684964769e-02         4.7328890564052972e-01
32                                     1.6165413231884404e-04        -5.3706644989389221e-04        -5.9929426339332820e-04         6.5289925977229935e-03        -3.3882742869410440e-03        -2.8424382158728952e-03         6.0428125590683786e-02         3.5028476354421662e-02
33                                     1.3890469500051932e-04         2.3007011191654751e-04         1.1050948047183133e-04         7.9569189517270360e-04        -5.3167228507662763e-04         3.1661535267933075e-09         1.7502154082560516e-03        -2.2586079220508117e-03
34                                     2.4491835171846273e-04         1.9508488652109578e-04         7.3442259578902866e-05        -4.2646813486001758e-03        -7.3715646422656718e-03        -1.2150834467088202e-09         6.7898111191086507e-04         2.1432882000854015e-03
35                                     2.1604523217721807e-04         2.4599930774898098e-04         2.5730707886916219e-05         2.2735594690895104e-09        -5.4081895538870819e-10        -2.2994859837636690e-04        -1.6314702847843535e-03         3.0860985457123805e-04
36                                     3.2698046533605023e-04         9.5176139241286910e-04        -4.1963789067874608e-04         1.0849365696577185e-03         2.2292737184850814e-04        -4.8774888144675552e-04        -1.2191022897181636e-03        -8.2679687737197876e-04
37                                    -8.4223503773190808e-04         1.5627122113856719e-03         7.2909446173476588e-04         1.7434054622163177e-04        -2.7623664660381912e-06         4.9928468965346889e-04        -8.3618032195653105e-04         5.4054712765213599e-05
38                                    -2.3750177320849527e-05        -1.0864085871956650e-04         1.8956436998671312e-04         1.6223679264103369e-03        -3.4064288698952604e-04         7.7512109622827462e-04        -5.0617965155445380e-03        -1.8738307441668808e-03
39                                     8.9237633984589389e-04        -1.8051157672180039e-03         2.5472588642037663e-04        -5.1737498309263261e-04        -2.1148616420348532e-03        -4.1756069664982652e-03         2.7726309489933392e-04        -3.6956527225875100e-04
40                                    -4.0503390165305235e-03        -6.0005706567099054e-03         1.9441267494797407e-04        -1.6291963978453880e-03         5.7032065146577773e-04        -1.0978608654675049e-03         4.6339725013768481e-05         2.1067663226696526e-04
41                                    -2.3133820050200491e-04        -8.2206401061879963e-04         6.5703146543486532e-04        -2.1597215376006063e-03        -1.9255379272568561e-03        -4.2477610002462675e-03        -7.5037324651924765e-04         4.7656746398373165e-04
42                                    -1.5895093274467854e-02        -5.8355266978629156e-03        -2.2694400610900684e-02         4.7928104915379802e-04         4.8542544794915980e-04         4.3869357160153909e-04        -2.3403117399259550e-04        -1.5534816985098314e-04
43                                     1.0572079927070637e-02         3.1323400449109993e-03         1.5925795036337634e-02         3.8955168311262433e-04        -2.9152208628153878e-04         1.7726300179277273e-04        -1.4678706479457140e-05         1.0215181793361654e-04
44                                     8.6212224480763325e-04         3.4731800014004520e-04         5.7563825899263751e-04         1.8522050383616706e-04         5.3446716915024704e-05         1.3895690730317007e-05         2.8644385503318872e-04         5.3570938626740835e-04
45                                     6.0883116862933554e-04        -9.5462882102139292e-04        -4.7335049349937937e-04         1.4894531732746725e-04         3.9046683833265450e-07        -5.4340947107880813e-10        -1.4825429600922955e-03         2.1490683603905651e-04
46                                     6.8566689039341279e-04         4.1907323620185506e-04        -5.2689195531774107e-04         1.6836037401327900e-04        -1.1243944880080239e-04         3.4054255544868375e-09        -9.6846847125481479e-04         1.4069628829528249e-03
47                                    -1.0852645273135590e-03         5.4244632013877847e-04         1.0579431428461229e-03        -2.9039292473371862e-09         1.6168995045495153e-10         7.8959804568448541e-05        -3.6434291711045499e-03        -5.7574682970392387e-05
48                                    -1.6383353947664256e-04        -2.1555011127648406e-03         3.8343283061387894e-03         1.4226496776025520e-04         1.0958533059840487e-04         9.9385472526572815e-11         3.1212819210795937e-04         8.6593120173216343e-04
49                                    -7.9079251863250176e-04         4.9407954969398057e-04         6.4057823438376169e-04         3.9453922184059641e-07         4.3381136748736789e-05         8.0709234829383667e-10        -6.7724099839995512e-04         6.9216641150840279e-04
50                                     2.7210928915823050e-03         2.4250460735931677e-03        -4.8455812020263998e-03        -1.0488225367663275e-09         8.7656084891134934e-10         8.8537113507646448e-05         3.3673107173099208e-04         1.1218641151461827e-03
51                                    -3.4791871780640049e-04        -2.6890451064595297e-06        -4.7053604769602998e-04         4.7927898388145772e-04         4.8542538237265681e-04        -4.3869565150722253e-04        -4.7857859081762971e-03        -1.9171945200684012e-03
52                                    -5.4586511858138498e-05         1.7235502483944854e-05         3.6938566516795258e-04         3.8955169306462666e-04        -2.9152785366317712e-04        -1.7726150117879503e-04        -1.8524757036356691e-02        -8.9100442659593229e-03
53                                    -4.9679933687938639e-04         2.6623673952877545e-04         3.1920932547182916e-04        -1.8522031356292372e-04        -5.3447930088044646e-05         1.3895420451334219e-05        -7.0951150393529683e-04        -1.4419907972223990e-04
54                                     3.8538533332758442e-04         1.8480751321402168e-04        -1.1914098326859226e-03        -1.4974523853267330e-03        -1.3920352550854560e-05         4.0685152841118590e-03        -4.9697842932839133e-03         2.5029258127565565e-03
55                                     1.4392306199473954e-04         2.4183195804827057e-04        -7.5028042762571336e-04        -7.8201913149730969e-04         1.4153651428242837e-03         1.7325365044927286e-03         4.4388322506995559e-03        -3.3617387689849343e-04
56                                     9.8345938894269739e-05         9.1637305530577000e-04         1.3603898845903932e-03         2.5709731684365445e-03         2.0833072226554821e-04        -4.6027246677605160e-03         4.9658896974158105e-04        -2.5975605215187265e-04
57                                    -1.5497994493218195e-03        -1.2010816308269628e-03         3.2443345948816238e-03         7.6938806459569671e-04         5.9835677766855041e-04        -5.3893801242599782e-05         8.2966340080090637e-04        -1.4548334453734352e-03
58                                    -6.2282353245644731e-04         2.9105539222565140e-04         6.6472761990028707e-04         4.5133544707310670e-04         4.3783768184017151e-04         5.8805581573887714e-04         2.6872184585660392e-04         9.6736440233095898e-04
59                                     5.1717899533750538e-03         2.2196703549168381e-03        -3.2610623092670862e-03        -1.0434384347283749e-03        -1.0280979882361422e-03         7.9774884556032145e-04         1.3901573452397976e-04        -1.3328078870446822e-04
60                                    -1.5056945020296187e-02         9.1318113736202928e-03        -1.9686237479971287e-04         7.4627742223436835e-03        -5.5608226484492491e-03        -3.3004884290620130e-09         9.4187457520366995e-05        -4.3392376359065177e-04
61                                    -7.2850606260946894e-03         3.7643406982563227e-03        -7.5355528485336262e-05         2.7751134960191440e-02        -1.9994977557371910e-02         3.8923737917442679e-09        -4.9097195648359956e-04         1.4321187803247645e-04
62                                    -2.3768813508124074e-02         1.5347467602718972e-02        -9.6181058615263924e-04        -1.3167209188344532e-09        -7.6454152950593941e-10        -6.6583406221397239e-04        -2.0619350180424130e-04         5.6045875554728989e-04
63                                    -5.9520373610873194e-02        -5.7790499039444540e-02         1.1190983196576088e-03        -1.4974534253236404e-03        -1.3921224400152178e-05        -4.0685132360969720e-03         3.2432372363354767e-05        -6.5277311883769047e-05
64                                    -5.6897004297080146e-02        -2.8318666363142642e-01        -1.0363259391194760e-03        -7.8202080057727594e-04         1.4153650984788518e-03        -1.7325346221759583e-03        -1.4720101548002201e-04        -2.8544585496218054e-05
65                                     1.5516177120635591e-03         6.2824622632445175e-04        -4.7035366711942195e-02        -2.5709705354471524e-03        -2.0832815417364241e-04        -4.6027249159949464e-03         1.0766776472770411e-05         3.8492409008084234e-05
66                                    -1.1735226353613441e-01        -2.7414457896704464e-02         1.1024601461480323e-01         7.6938866052177755e-04         5.9835331741520136e-04         5.3893011630341825e-05         7.3731162488002277e-05        -7.0233216295539805e-05
67                                    -2.8247456266902362e-02        -5.8457556298742094e-02         4.2215090495088037e-02         4.5132986981839189e-04         4.3783355684706541e-04        -5.8806038737374273e-04        -6.6116671040283577e-06         8.1968813240530688e-05
68                                     1.0990220986871460e-01         4.0825866492102611e-02        -2.1373298607315538e-01         1.0434351153523079e-03         1.0280983129530752e-03         7.9775412967196622e-04         1.2757120755325728e-05         1.1265307519047331e-04
69                                     6.3382204932327033e-05         1.8314245801977300e-04         5.0479410386492375e-04        -1.1858659330831137e-01        -2.9171781099035333e-02         1.0775820693911740e-01        -3.8655608325604031e-03         4.0395865207576024e-03
70                                     4.1663045613755815e-04         1.5207281966217265e-03         1.1706724146296902e-03        -3.0290749609914340e-02        -5.6417007571818445e-02         4.4939967454095793e-02         3.3017975491245822e-03        -2.0492561636549782e-03
71                                    -5.0725310381875420e-04        -4.9641860418730109e-04         5.8972032928772432e-04         1.0953262248764567e-01         4.4782781854750056e-02        -2.1518722083955122e-01         3.0442386211661926e-04        -7.1665590765863734e-04
72                                     9.7592690236705847e-04        -1.2039987530074823e-03         8.7592783604532615e-04        -1.1858659484172500e-01        -2.9171783026985053e-02        -1.0775821116550399e-01         1.0936850884220011e-03        -5.5858018953990670e-04
73                                    -1.0445250573286090e-03        -6.7111906863974082e-03         1.7603099524460845e-03        -3.0290745631834440e-02        -5.6417009942901691e-02        -4.4939968612173871e-02        -7.6887578753494484e-04         3.8820181846991090e-04
74                                     5.4023498606553880e-04        -4.9452820862006842e-04         1.4219659325700983e-03        -1.0953262298527337e-01        -4.4782782478721361e-02        -2.1518722093404530e-01         8.4640757605231802e-04         2.1352419425159605e-04
75                                     2.3762812892693893e-06         5.9830322165249313e-05        -2.8092349711310869e-05         1.0849352754581055e-03         2.2292462451906086e-04         4.8774793819501838e-04        -1.2099411021114589e-01        -2.8786059317133419e-02
76                                    -5.1598218648627161e-05         1.0184931458116732e-04         2.8140068659647153e-05         1.7434412839280864e-04        -2.7613266224534722e-06        -4.9928060045494179e-04        -2.7836573895722607e-02        -5.7181043919544108e-02
77                                    -1.2942104697443205e-04         1.1121650517278352e-04         8.8476253892250415e-05        -1.6223700757445163e-03         3.4064639482000395e-04         7.7511774982818964e-04        -1.0990023553002712e-01        -4.4613470193730513e-02
78                                    -3.3693619678505779e-05        -5.3659936484395194e-05        -1.2294516582003973e-04        -5.1737749583651363e-04        -2.1148609330095157e-03         4.1756043637318037e-03        -2.1772618669579713e-01         1.1467676922539209e-01
79                                     5.3895912214995691e-05         1.2413078902652670e-04         1.1339052235088943e-04        -1.6291956971808807e-03         5.7032231876484683e-04         1.0978632292909744e-03         1.1383977503170487e-01        -1.2030019165265324e-01
80                                    -3.2819926522923175e-05         2.1334280490327168e-06         1.1220745627128566e-04         2.1597153157218120e-03         1.9255408464036537e-03        -4.2477618205388869e-03        -1.4422389115872343e-03         2.8692489125414951e-04
                                                        32                          33                          34                          35                          36                          37                          38                          39

0                                      1.0747460516856958e-03        -3.7210924252519817e-01         1.7778772182731031e-01         1.7518795822942125e-10         8.9469365929203005e-04         7.0658094828389114e-04         2.5501042891733303e-04         1.5521751427558204e-03
1                                      2.8293198217912083e-03         2.2488742763855396e-01        -1.6477485710420742e-01        -7.3599924639234173e-10         1.6963021121272320e-03         1.2061176749274313e-03         2.4954396188633498e-04        -1.7227013937918959e-04
2                                      2.7224188052798956e-03        -1.7009365220449546e-09        -2.4169863718619366e-10        -2.3317280334804727e-03         8.8149948774939382e-04        -6.4969226894070814e-05         3.0519026286733759e-03         8.2975516922243874e-04
3                                      3.9242746361455041e-02         7.3413507092510051e-03         3.6777616450647303e-02        -1.3590962031775320e-09         7.6019577673531770e-03         3.5708605920933578e-03         1.5981099986364305e-02        -1.7431835666696385e-02
4                                      1.0306003655928896e-02        -9.1742677357538154e-03        -3.0214050788388673e-02         3.3176060536420693e-09         3.6205061114772206e-03        -4.1356258361258200e-04         7.2443864299925947e-03         1.1431661401012485e-02
5                                     -1.4272660088885072e-01         3.5564465293827687e-09         3.0553536977763927e-09        -1.3976944774302669e-03        -1.5004737341428775e-02        -5.5674840337723124e-03        -2.5039352123069639e-02         4.8094580343143942e-04
6                                      1.2939348605413119e-02         1.7502131589949435e-03         6.7897828725623985e-04         1.6314699339313307e-03        -1.2099410924267029e-01        -2.7836573275273044e-02         1.0990023182617756e-01        -2.1772617932959609e-01
7                                      3.2398722927981863e-03        -2.2586100349254994e-03         2.1432899982253752e-03        -3.0861192276276147e-04        -2.8786061576020733e-02        -5.7181043185950811e-02         4.4613469656633750e-02         1.1467677195015140e-01
8                                     -3.4579888207304912e-02         7.6144940183289355e-04        -9.0549760037987852e-04         1.9155744232730298e-04         1.1181783241696019e-01         4.5201693445224539e-02        -2.1126528968844044e-01         8.2913796011774028e-04
9                                      3.6843488368449272e-04        -5.3713963738052104e-04        -2.8368984441495739e-05        -3.3514697680300755e-04        -5.9604009914117915e-03        -1.6520569804236333e-02        -8.9920078812273305e-04         6.7346228471511053e-03
10                                    -3.7011474132132502e-04         1.3781265016787740e-05        -1.1082583068972550e-04         6.6767600598713252e-06        -1.2329743865293428e-03        -7.6265743200104284e-03        -1.0126134547557702e-04        -4.8732358696199490e-03
11                                     1.1887034186551966e-03        -4.6289886772656844e-04         8.7220673086630600e-04         1.5446817643007747e-04         6.6946305771708250e-03         2.6434283279865380e-02         1.0030716554790117e-03         6.8582461361540634e-04
12                                    -8.9342436150632205e-03         5.3592172633201121e-05        -1.7703439955583865e-04         1.1243049734789237e-09         5.5952265344924200e-04        -5.6921529765947745e-04        -4.3110129097474748e-04         6.8345893103395866e-04
13                                    -2.9852326476919815e-02        -1.4175965161646465e-06         3.3103185940347793e-05         2.4544607469774664e-09        -2.4828595166027784e-03        -6.4965629183649891e-03        -3.2865137756166694e-04        -2.3030498704323585e-04
14                                    -2.4631466763009365e-03        -8.8638132552357876e-10        -1.9401089566802489e-09         1.9501076295857226e-04        -9.1754340197219321e-04        -1.5022115523193776e-03         1.6347391725765048e-03        -7.9906571596476128e-05
15                                     3.1571133921452048e-03        -5.3714302148469024e-04        -2.8369915819466147e-05         3.3514152822383041e-04        -3.1493113683210322e-04        -1.8124629314615235e-04        -1.7170364455134941e-04         1.8372193125384614e-05
16                                     3.3655073485191339e-04         1.3781832767308924e-05        -1.1082279055631529e-04        -6.6766685470716000e-06        -1.5914842891291952e-04        -1.2379132383340220e-04        -6.7973026101509140e-04         1.1029340964697945e-04
17                                    -8.1212757089064253e-02         4.6290216257895112e-04        -8.7219849056670469e-04         1.5447115470217692e-04         5.1951712282741203e-06        -3.6362239014015290e-04         2.9347130927744221e-04        -1.9862983925496205e-04
18                                    -5.0806956248072898e-04         1.3890604612969284e-04         2.4492013763240377e-04        -2.1604060949701357e-04         2.3788289312123368e-06        -5.1600611960842454e-05         1.2941918348100695e-04        -3.3693861585848515e-05
19                                     6.6875495058345454e-04         2.3006932873194668e-04         1.9508525302933751e-04        -2.4599859777103784e-04         5.9825260265737243e-05         1.0184948783466692e-04        -1.1121532112919595e-04        -5.3662838692841849e-05
20                                     4.4353004155799070e-04        -1.1050900484653697e-04        -7.3445562127169085e-05         2.5731825487481859e-05         2.8094213555047987e-05        -2.8142435860861064e-05         8.8474202761424899e-05         1.2294683589913862e-04
21                                     2.6709682897302096e-04         1.3903257186185212e-04         2.5387144640784949e-03        -2.2895108771011101e-09         1.1609499541018675e-05        -4.0241832591323030e-06        -1.8798172231679138e-04        -4.4593452194570740e-05
22                                    -5.5205288859876828e-04        -7.5045672749344573e-04        -1.0370658670118011e-04        -6.5487058648813551e-10        -3.2199799222908869e-04        -1.4751694941396855e-04         9.1534328798118176e-05        -5.3166826864748176e-04
23                                    -2.4244702353669149e-04        -1.8675138353334739e-09         2.7340360391845653e-09         7.0387853302542188e-04         4.5706157647523358e-05        -8.5038335869085969e-05        -1.2130519802070871e-04         1.1283148163672473e-04
24                                     1.6165413231884404e-04         1.3890469500051932e-04         2.4491835171846273e-04         2.1604523217721807e-04         3.2698046533605023e-04        -8.4223503773190808e-04        -2.3750177320849527e-05         8.9237633984589389e-04
25                                    -5.3706644989389221e-04         2.3007011191654751e-04         1.9508488652109578e-04         2.4599930774898098e-04         9.5176139241286910e-04         1.5627122113856719e-03        -1.0864085871956650e-04        -1.8051157672180039e-03
26                                    -5.9929426339332820e-04         1.1050948047183133e-04         7.3442259578902866e-05         2.5730707886916219e-05        -4.1963789067874608e-04         7.2909446173476588e-04         1.8956436998671312e-04         2.5472588642037663e-04
27                                     6.5289925977229935e-03         7.9569189517270360e-04        -4.2646813486001758e-03         2.2735594690895104e-09         1.0849365696577185e-03         1.7434054622163177e-04         1.6223679264103369e-03        -5.1737498309263261e-04
28                                    -3.3882742869410440e-03        -5.3167228507662763e-04        -7.3715646422656718e-03        -5.4081895538870819e-10         2.2292737184850814e-04        -2.7623664660381912e-06        -3.4064288698952604e-04        -2.1148616420348532e-03
29                                    -2.8424382158728952e-03         3.1661535267933075e-09        -1.2150834467088202e-09        -2.2994859837636690e-04        -4.8774888144675552e-04         4.9928468965346889e-04         7.7512109622827462e-04        -4.1756069664982652e-03
30                                     6.0428125590683786e-02         1.7502154082560516e-03         6.7898111191086507e-04        -1.6314702847843535e-03        -1.2191022897181636e-03        -8.3618032195653105e-04        -5.0617965155445380e-03         2.7726309489933392e-04
31                                     3.5028476354421662e-02        -2.2586079220508117e-03         2.1432882000854015e-03         3.0860985457123805e-04        -8.2679687737197876e-04         5.4054712765213599e-05        -1.8738307441668808e-03        -3.6956527225875100e-04
32                                     5.2011456190218786e-01        -7.6144957113498521e-04         9.0549326632733025e-04         1.9155433105395281e-04        -2.7165958165623980e-03        -1.7401646005204838e-03        -3.2811274427552890e-03         1.3964350583663826e-03
33                                    -7.6144957113498521e-04         3.6183723723857752e-01        -2.1096656939815606e-01        -7.9594266661899225e-10        -4.1478290242465436e-05         1.7854427468621357e-04         3.2171483555160757e-05        -4.9109891936715611e-04
34                                     9.0549326632733025e-04        -2.1096656939815606e-01         1.9742253769608281e-01        -3.9158044925320081e-09        -1.7448094822412487e-04        -3.7014632941490379e-05        -3.4413194931801289e-05        -1.1157496839084523e-03
35                                     1.9155433105395281e-04        -7.9594266661899225e-10        -3.9158044925320081e-09         2.7239735721208756e-03         4.3661979051413469e-05        -8.0388836457175188e-05        -2.7742375284912988e-04        -6.8933420477431979e-04
36                                    -2.7165958165623980e-03        -4.1478290242465436e-05        -1.7448094822412487e-04         4.3661979051413469e-05         1.2876312073064777e-01         3.4087360809934339e-02        -1.1952300933286861e-01        -1.2342124099132766e-02
37                                    -1.7401646005204838e-03         1.7854427468621357e-04        -3.7014632941490379e-05        -8.0388836457175188e-05         3.4087360809934339e-02         6.3928871467045650e-02        -4.9689111688328971e-02         8.5967974986485701e-03
38                                    -3.2811274427552890e-03         3.2171483555160757e-05        -3.4413194931801289e-05        -2.7742375284912988e-04        -1.1952300933286861e-01        -4.9689111688328971e-02         2.3236306785147715e-01        -1.2695048506911055e-03
39                                     1.3964350583663826e-03        -4.9109891936715611e-04        -1.1157496839084523e-03        -6.8933420477431979e-04        -1.2342124099132766e-02         8.5967974986485701e-03        -1.2695048506911055e-03         2.3693737945545634e-01
40                                     2.7074836892732913e-04         5.7955337556235163e-04        -1.2236371634183704e-04        -3.1588787980367137e-06        -6.1924904300073042e-03         3.6972258322842200e-03        -2.7739099976594166e-04        -1.2482016111013852e-01
41                                     1.4398734960613183e-03         3.6226642751563881e-04        -8.6058549401644567e-04        -1.4027738885669588e-05         1.9938234821357065e-02        -1.4326531507536679e-02         5.9291851899669437e-04         2.8583051708865829e-03
42                                     2.5918321983449226e-05        -5.7449323938202487e-05         8.9673068003904313e-05         6.9865367273172252e-05         7.5140738447438196e-06         2.3543150929371736e-04         1.7569081399950847e-05         6.0782981259131135e-04
43                                     5.0071223333467314e-04        -2.3125834861274186e-04         3.8392030558295526e-04         1.6018383815782997e-04         1.9402140559750302e-04         1.3306064932213143e-03         4.8752035170729542e-04         6.5082629951562537e-04
44                                     4.4395831596987824e-04        -5.0838623527684959e-05         8.8399551400296318e-05         2.2327475849242562e-05        -9.0011446976717875e-05        -4.2793479452247444e-04         6.2568109296723190e-04         1.3928011454051692e-04
45                                    -2.9840073758828920e-03        -2.7016159976929998e-05         7.2336274594532029e-05         1.4652332189967099e-09        -1.1516954031293611e-04        -1.0922710785523288e-03         2.2328069496234485e-05         2.3411017941554475e-04
46                                    -1.8517562156618855e-03        -2.0691721446778222e-05         8.6502634087164712e-05        -1.4830046120421977e-09        -4.5105598049288015e-04        -6.3494240418119144e-04        -7.1619610347206078e-05         3.8607796088853928e-05
47                                    -4.5960665238450622e-03         2.1521189414515658e-11         1.1263499759663963e-09        -1.1044815730819759e-04         8.7268228282477635e-04         1.8183350667707813e-03         5.7411053757696817e-05        -1.5602697268159984e-04
48                                     6.5587733306799595e-04        -9.6981518905421777e-06         1.5982916560449991e-05         5.8158001610383224e-10         2.9281996073808462e-04        -7.3904104023119006e-05         1.1068972772328400e-04         1.1882608833365093e-04
49                                    -4.7462740249731806e-05         1.9678405537674483e-07        -3.4395414917601347e-05        -7.7085519245012773e-10         3.1993728216986051e-05         1.8651527520319839e-04        -5.6945437791971516e-05         9.1409915471651426e-05
50                                     1.0149385570523105e-03         1.6516826030662462e-11         1.2066821384448432e-09        -1.2160343255492693e-05        -3.1682871223041512e-04        -1.6967775941110130e-04        -7.6550266034247966e-05        -2.6293719002517467e-04
51                                     6.1404847167888391e-03        -5.7448611061026224e-05         8.9674960300875368e-05        -6.9862213298812372e-05         3.4223114614079357e-05         1.0458395713485377e-04         1.2796988561326026e-04         1.3705745005395135e-05
52                                     2.8042532926945481e-02        -2.3125761631415641e-04         3.8391983896100715e-04        -1.6018426549503406e-04         7.9676207846049427e-05         8.7471665660385242e-05         1.8764125571397224e-04         5.7896804184050205e-05
53                                     5.0458098559210893e-04         5.0835636216828322e-05        -8.8401634053179151e-05         2.2326748791162741e-05         1.4581359785416679e-04         1.6814127017029744e-04        -2.0396213398516722e-05        -5.2510135294481859e-06
54                                    -5.2723468537301302e-04        -1.1776124963786542e-06        -1.6008830527065434e-04         5.1649442460912980e-05        -2.5397576451887185e-05        -4.3196280259082391e-06        -7.3819050218052230e-05         5.3863422532935455e-05
55                                     2.5793825238754428e-04         1.8590784510550567e-05         8.3099906525062507e-05        -8.5868427357763027e-05         1.7373213230040149e-05         4.0849752364938560e-06         8.0023059138830066e-05         3.7207831982611207e-05
56                                     5.8122247863732785e-04        -3.7033449409652819e-05         7.3687175434582701e-05         2.1182994129787213e-05        -9.5797569031920183e-06        -3.1616467802986395e-06         7.6944930532766120e-06        -5.5600939737577546e-05
57                                    -2.4688460489365118e-04         2.5539288546096332e-05        -2.9015443854647378e-05         3.0509500736509556e-06         4.1392782174711230e-05         8.4123504390349116e-05        -2.5334119204342169e-05        -1.3819603211309601e-05
58                                     7.6296743104123615e-04        -1.2735913413355294e-05         6.5418861367810801e-07        -2.0371014285582007e-07        -4.5165865957052530e-06        -4.5578072195528320e-05        -6.6108756942611765e-06        -1.7142477681921748e-05
59                                     1.5458653419166178e-04         7.2630826755998475e-06         1.2548628215514652e-05        -5.5348678352415810e-06         2.0097879670681872e-05         1.6112425155474504e-05        -9.7380210186243077e-06        -1.4317101993760055e-05
60                                    -5.2309719436620036e-05         1.8167383078270091e-05        -2.5385606073666180e-04        -3.5640320206760453e-11         5.9683293408729541e-06         8.7135620480310386e-05        -1.9742483121368162e-05        -1.5612148658205157e-05
61                                     3.1819805658855850e-04        -8.4353458032185812e-05        -7.6328829406235030e-04         5.8832457814337949e-10         2.3646532376129668e-05        -1.3006807305778877e-06         8.6699689504576621e-05         1.9169927404297663e-04
62                                    -3.9628127218090982e-05        -6.4142795373419365e-10         9.7500319493746508e-11        -3.0267294209292023e-05         4.6425062542584179e-05         2.9100217186442563e-05        -1.6227155802330136e-06         6.3439528138136726e-05
63                                     4.6163226300177319e-05        -1.1772857218743005e-06        -1.6008726435930780e-04        -5.1650283888022399e-05         5.0811185165645226e-05        -1.8284364293872843e-04        -1.5000901166041874e-04         3.3562272980889305e-04
64                                     1.7149357713727741e-04         1.8590368664238809e-05         8.3100655186652586e-05         8.5870387029650979e-05        -1.9808917897322722e-05         2.4124376303522819e-04         6.4078288185678519e-05        -2.3039073037994004e-04
65                                     8.0757994378164444e-05         3.7032041450775626e-05        -7.3688361134620502e-05         2.1181602511420512e-05        -2.2162168770743074e-04        -3.1681111975545519e-04         1.5063874534071583e-04        -8.7103203617083693e-05
66                                    -8.0470254422957983e-06         2.5540419340941572e-05        -2.9015566792329426e-05        -3.0501152687474419e-06         4.0516621917208965e-04         4.7760037384412607e-04        -2.7459614918296969e-04         3.4301440344318560e-05
67                                     5.6386882386821663e-06        -1.2736093852352113e-05         6.5646880698350193e-07         2.0433022754372014e-07        -1.3949925872679447e-05        -9.0110005222387318e-05         2.0311417830539108e-04        -1.4641647684033871e-05
68                                     1.1105044854828544e-04        -7.2651291708042669e-06        -1.2545514516526995e-05        -5.5333609210551235e-06        -7.2316039236504457e-05        -3.5859669386595979e-04         4.6013462839619110e-05        -3.8228805711825153e-05
69                                    -1.7649843835147172e-03         1.9412867062533958e-04        -2.8645923064254145e-04        -2.4238113678772536e-04        -3.6618883620474730e-05         5.3595122604769738e-05        -7.4447326310436289e-04         3.3808771442734556e-04
70                                     1.5630222207858846e-04        -1.8155971509039085e-04         3.2400993224116804e-04         3.3879834472047267e-05        -1.6417798212134643e-04         2.1794609408242278e-05         2.3432858783576388e-04        -1.8395049935770251e-04
71                                     1.5173212212553164e-03        -1.7870843629510407e-04        -1.2705409351676335e-04         1.2641134283969770e-04         2.4946861285074702e-05         1.8710289169873181e-04         4.5189912165914431e-04        -2.4355200199557229e-05
72                                    -1.3637667993308213e-03         1.9412941034436444e-04        -2.8645922958577550e-04         2.4237960734463431e-04         1.7885594974787679e-04         6.9504254642453503e-05        -8.6511270173994585e-05        -1.1215431172203636e-03
73                                     5.0198658800720689e-04        -1.8155872248979565e-04         3.2401287942782309e-04        -3.3880964379837225e-05        -8.5212032150469024e-05        -6.0384850571450753e-05        -2.9179960468995168e-04         9.5801471034019225e-04
74                                     4.7609818062156425e-04         1.7870632231191885e-04         1.2705400234207118e-04         1.2641181015975010e-04         1.0251588457145720e-04         1.1038911231860996e-05         3.1466014511090097e-04        -4.0488362205992964e-04
75                                    -1.1181783233407268e-01        -4.1478729662226431e-05        -1.7448119792074618e-04        -4.3659699186769879e-05         6.2542516313351568e-04         4.2618803128986320e-05         8.1895683052210554e-04         1.6195087942567774e-04
76                                    -4.5201693324457129e-02         1.7854466288869095e-04        -3.7013520463125430e-05         8.0387773815893105e-05         4.2620675291722865e-05         4.1112569070868830e-04         5.2281741067469398e-04        -2.9797987006390826e-04
77                                    -2.1126528331474892e-01        -3.2171947895549705e-05         3.4414053001819350e-05        -2.7742275656644972e-04        -8.1895602770555988e-04        -5.2281630238221123e-04        -1.8050152502972973e-03         5.7077651968477465e-05
78                                    -8.2914017029858157e-04        -4.9110079939227022e-04        -1.1157498962618591e-03         6.8933397733319439e-04         1.6195509825303191e-04        -2.9798021495537700e-04        -5.7079551177243305e-05         7.4392916460241563e-04
79                                    -9.2622255428434584e-04         5.7955188598650734e-04        -1.2236270778146472e-04         3.1610160042827167e-06        -8.8597561264357560e-05         2.7470434778448480e-05        -1.4242477117440991e-04        -4.3642528585855736e-05
80                                    -4.7136478938151698e-02        -3.6226551029463425e-04         8.6058428143556969e-04        -1.4029099156204153e-05        -8.6951267178219356e-05         2.0160804512999036e-04         2.5149175127902473e-04        -3.0051359571433390e-04
                                                        40                          41                          42                          43                          44                          45                          46                          47

0                                     -5.3256583788291684e-04         1.6125897705547556e-03        -4.2109197420352429e-04        -1.9274847270733880e-03        -1.5131311229318959e-04        -9.4003581471622657e-05        -1.9415779749117117e-04        -1.7697290010038283e-09
1                                      2.5130466439199505e-03         1.7352646734419561e-03        -7.7937694310947390e-04        -2.7944112914399461e-03        -2.3363477127224424e-04        -2.6777332795139641e-04        -4.4662732996822105e-04        -1.8763128423578113e-09
2                                      3.9222172905937428e-04         1.1983193890426551e-03        -7.3784328239988415e-04        -2.2771158252323028e-03        -1.6569253270246528e-04        -7.2831439625337547e-10         9.0593047982797131e-10         7.8141227669003231e-04
3                                     -5.8815586286990046e-03        -2.3646657425400574e-02         1.3479848168108724e-03         1.1933294054844853e-03         6.9772681333325846e-04         5.5385196031971238e-04         6.7762374444593244e-04         2.1863503098205522e-09
4                                      1.1029365371850747e-03         1.5744185783315521e-02        -1.0309594840607252e-03        -4.3841364157135923e-03         4.0973063391216286e-04         5.7292874742359036e-04         4.6473171417722985e-04         2.7886533983130480e-09
5                                     -3.1811785209784164e-04        -1.8780501794124094e-03         1.5763222808647288e-03         3.9770298835212978e-03         1.7037581342311797e-03        -1.6902145096271570e-09        -2.3442874338362452e-09        -1.4343352687593547e-03
6                                      1.1383977543904650e-01         1.4422428477441438e-03        -4.7857865493643103e-03        -1.8524757787400894e-02         7.0951133334074771e-04        -1.4825382283371537e-03        -9.6846635610715187e-04         3.6434301762920040e-03
7                                     -1.2030019307735658e-01        -2.8692426785602125e-04        -1.9171936068160494e-03        -8.9100410762457706e-03         1.4419568234301256e-04         2.1490145061056013e-04         1.4069632015969759e-03         5.7571890197630204e-05
8                                      9.2622198534549408e-04        -4.7136478432919647e-02        -6.1404849571210438e-03        -2.8042536130899499e-02         5.0458358899527645e-04         2.9840114400416749e-03         1.8517557649298383e-03        -4.5960700658340048e-03
9                                      2.7031465600840677e-02         1.7398690257786672e-03        -1.1765181361766154e-01        -2.7586229321482001e-02        -1.1035059358228483e-01        -5.6476892158010359e-03        -8.0249220503278602e-04         6.7727873250413764e-03
10                                    -1.8363621203582717e-02        -4.3577917353783153e-04        -2.7531088704977433e-02        -5.5616406460949147e-02        -4.2209534138374742e-02        -1.6382624647246356e-02        -7.3899214405367111e-03         2.7238178401632965e-02
11                                     4.6332121411664091e-04        -1.4258079251692262e-03        -1.1042516850091569e-01        -4.2382054612900670e-02        -2.1385454864702350e-01        -2.4170216070601783e-04        -1.2835730682851307e-04        -4.9243080124493962e-04
12                                     1.2969163922218110e-03        -3.5942581504114348e-04         9.6981349185797060e-03         4.1205090714550698e-03        -1.4147026842440942e-02        -6.2527832991268170e-02        -5.9501256379616813e-02        -1.5676914877810423e-09
13                                     1.3464556778392299e-03         5.9457287115976935e-04         4.1040767367545158e-03         7.2378750851882648e-04        -5.5960176673561504e-03        -5.7576567957753018e-02        -2.8250707282471554e-01         1.4198685761032419e-09
14                                    -7.0537914584757177e-04         6.5784209285961465e-05         1.6149395178936595e-02         6.5137000016991572e-03        -2.2669036089673210e-02         1.3450605844524961e-09        -9.3935325186680692e-10        -4.4760804609203508e-02
15                                    -1.4409208476014640e-04        -6.5976006405087432e-05        -1.8193274509898944e-03        -1.1139454916378950e-03         5.1849524576898041e-03        -5.6476881957877815e-03        -8.0248883206470931e-04        -6.7727824126012168e-03
16                                    -2.5580735957024493e-04        -1.9484126868277878e-04        -1.0596193483426732e-03         3.1710521163482233e-04         2.0418232104249270e-03        -1.6382622793405119e-02        -7.3899250623866430e-03        -2.7238176992349053e-02
17                                     5.9988537262848328e-05        -1.7958521449546946e-05         2.9846719438418635e-03         8.7229840349829779e-04        -2.9574847518496067e-03         2.4170019050026754e-04         1.2835535080153726e-04        -4.9243299767362872e-04
18                                     5.3894960987757763e-05         3.2815312560361006e-05        -3.4791678029147811e-04        -5.4587244875448245e-05         4.9680066040202250e-04         6.0882965558979249e-04         6.8566664144785504e-04         1.0852636549366378e-03
19                                     1.2413039840736902e-04        -2.1301078108818938e-06        -2.6918326468409939e-06         1.7238335394915332e-05        -2.6623690734317541e-04        -9.5463197026754844e-04         4.1907686668332943e-04        -5.4244503113720925e-04
20                                    -1.1339240976459067e-04         1.1220894204445693e-04         4.7053774699528511e-04        -3.6938723778783298e-04         3.1921027122298364e-04         4.7335136178059583e-04         5.2689482184969851e-04         1.0579451979296612e-03
21                                    -2.2056641877609643e-04         1.6471396248563105e-04        -4.0301802699697596e-03         3.0536667064107723e-03         2.3509694582862090e-04        -6.3285822748473681e-05        -2.5911336433929826e-04         2.8275681649426801e-09
22                                    -4.7907199227184907e-05        -5.6322269270699284e-04         4.3960031191480333e-03        -1.9544246054583065e-03         3.2323956602230315e-04         2.3068983749791050e-05         5.9102791040477619e-05         9.3944288434181708e-10
23                                    -4.0615714223083375e-04        -5.6567290267849350e-05         1.8132014658068536e-03        -9.6558742660871901e-04         1.5082240351647382e-03        -2.2045933461902766e-09        -2.0826269150736272e-09        -2.2293628108968692e-04
24                                    -4.0503390165305235e-03        -2.3133820050200491e-04        -1.5895093274467854e-02         1.0572079927070637e-02         8.6212224480763325e-04         6.0883116862933554e-04         6.8566689039341279e-04        -1.0852645273135590e-03
25                                    -6.0005706567099054e-03        -8.2206401061879963e-04        -5.8355266978629156e-03         3.1323400449109993e-03         3.4731800014004520e-04        -9.5462882102139292e-04         4.1907323620185506e-04         5.4244632013877847e-04
26                                     1.9441267494797407e-04         6.5703146543486532e-04        -2.2694400610900684e-02         1.5925795036337634e-02         5.7563825899263751e-04        -4.7335049349937937e-04        -5.2689195531774107e-04         1.0579431428461229e-03
27                                    -1.6291963978453880e-03        -2.1597215376006063e-03         4.7928104915379802e-04         3.8955168311262433e-04         1.8522050383616706e-04         1.4894531732746725e-04         1.6836037401327900e-04        -2.9039292473371862e-09
28                                     5.7032065146577773e-04        -1.9255379272568561e-03         4.8542544794915980e-04        -2.9152208628153878e-04         5.3446716915024704e-05         3.9046683833265450e-07        -1.1243944880080239e-04         1.6168995045495153e-10
29                                    -1.0978608654675049e-03        -4.2477610002462675e-03         4.3869357160153909e-04         1.7726300179277273e-04         1.3895690730317007e-05        -5.4340947107880813e-10         3.4054255544868375e-09         7.8959804568448541e-05
30                                     4.6339725013768481e-05        -7.5037324651924765e-04        -2.3403117399259550e-04        -1.4678706479457140e-05         2.8644385503318872e-04        -1.4825429600922955e-03        -9.6846847125481479e-04        -3.6434291711045499e-03
31                                     2.1067663226696526e-04         4.7656746398373165e-04        -1.5534816985098314e-04         1.0215181793361654e-04         5.3570938626740835e-04         2.1490683603905651e-04         1.4069628829528249e-03        -5.7574682970392387e-05
32                                     2.7074836892732913e-04         1.4398734960613183e-03         2.5918321983449226e-05         5.0071223333467314e-04         4.4395831596987824e-04        -2.9840073758828920e-03        -1.8517562156618855e-03        -4.5960665238450622e-03
33                                     5.7955337556235163e-04         3.6226642751563881e-04        -5.7449323938202487e-05        -2.3125834861274186e-04        -5.0838623527684959e-05        -2.7016159976929998e-05        -2.0691721446778222e-05         2.1521189414515658e-11
34                                    -1.2236371634183704e-04        -8.6058549401644567e-04         8.9673068003904313e-05         3.8392030558295526e-04         8.8399551400296318e-05         7.2336274594532029e-05         8.6502634087164712e-05         1.1263499759663963e-09
35                                    -3.1588787980367137e-06        -1.4027738885669588e-05         6.9865367273172252e-05         1.6018383815782997e-04         2.2327475849242562e-05         1.4652332189967099e-09        -1.4830046120421977e-09        -1.1044815730819759e-04
36                                    -6.1924904300073042e-03         1.9938234821357065e-02         7.5140738447438196e-06         1.9402140559750302e-04        -9.0011446976717875e-05        -1.1516954031293611e-04        -4.5105598049288015e-04         8.7268228282477635e-04
37                                     3.6972258322842200e-03        -1.4326531507536679e-02         2.3543150929371736e-04         1.3306064932213143e-03        -4.2793479452247444e-04        -1.0922710785523288e-03        -6.3494240418119144e-04         1.8183350667707813e-03
38                                    -2.7739099976594166e-04         5.9291851899669437e-04         1.7569081399950847e-05         4.8752035170729542e-04         6.2568109296723190e-04         2.2328069496234485e-05        -7.1619610347206078e-05         5.7411053757696817e-05
39                                    -1.2482016111013852e-01         2.8583051708865829e-03         6.0782981259131135e-04         6.5082629951562537e-04         1.3928011454051692e-04         2.3411017941554475e-04         3.8607796088853928e-05        -1.5602697268159984e-04
40                                     1.3474901464384065e-01         3.7309958102777526e-04        -1.5918377242254262e-04         1.2752839476088329e-03        -3.6046972730219414e-04        -2.1321021949941964e-04         2.1254758236818620e-04        -3.3174441081108125e-04
41                                     3.7309958102777526e-04         4.9802674405712198e-02         3.3114826058499414e-04         4.1965654692943666e-05         1.1439119458890283e-04        -5.5086482681840563e-05        -2.5491172183372473e-05        -4.5309671461572088e-06
42                                    -1.5918377242254262e-04         3.3114826058499414e-04         1.3003639998088762e-01         2.9647286207410195e-02         1.1824605288453895e-01         5.9210620016877903e-04         1.4397201033525882e-04        -8.1317851405167515e-04
43                                     1.2752839476088329e-03         4.1965654692943666e-05         2.9647286207410195e-02         6.3979979616682725e-02         4.5229167410997251e-02         4.9090213140877371e-04         3.6127558243094173e-04        -2.4627890437456564e-04
44                                    -3.6046972730219414e-04         1.1439119458890283e-04         1.1824605288453895e-01         4.5229167410997251e-02         2.3306639669917006e-01        -2.1216273601770154e-04         3.7001659597545120e-04         9.7153571847616218e-04
45                                    -2.1321021949941964e-04        -5.5086482681840563e-05         5.9210620016877903e-04         4.9090213140877371e-04        -2.1216273601770154e-04         6.6260297867908435e-02         6.7296730130931764e-02        -6.0247067052007428e-10
46                                     2.1254758236818620e-04        -2.5491172183372473e-05         1.4397201033525882e-04         3.6127558243094173e-04         3.7001659597545120e-04         6.7296730130931764e-02         3.0664459572005542e-01         1.0802097514998839e-09
47                                    -3.3174441081108125e-04        -4.5309671461572088e-06        -8.1317851405167515e-04        -2.4627890437456564e-04         9.7153571847616218e-04        -6.0247067052007428e-10         1.0802097514998839e-09         5.2223186493144551e-02
48                                    -6.0916926000197027e-04         9.5923145085246371e-06         8.8559651781955719e-04        -8.1720096872917969e-05         7.8081430488965466e-05         7.3789430114875052e-03        -4.6032137309667959e-03         1.8498034532183703e-10
49                                     1.7885229339110309e-04         1.2206274693817823e-04         2.4810473185419386e-04         1.4899971280725986e-04        -4.3959562611193626e-04         2.4810005502009527e-02        -1.4398539666247280e-02        -6.4229211606893839e-10
50                                     3.7865288858527507e-04         9.3449494565784247e-05        -7.2883362234865581e-04        -4.2985782343471637e-04         1.0421583737754941e-03         4.1930178707542535e-10         4.7106646260329389e-10        -7.0699723742609745e-04
51                                    -4.3167815062125243e-06         5.5675284261372577e-05         4.9500237073421094e-04         1.5594919492602937e-04        -1.0475514539773679e-03         5.9210593459913820e-04         1.4397111059187415e-04         8.1317722327549455e-04
52                                     1.0516065967671960e-05         3.2729619497525040e-05         1.5594783623623453e-04         2.9897896353212863e-04        -2.9968804113432652e-04         4.9090536850922219e-04         3.6127430211135001e-04         2.4627994307028903e-04
53                                     1.0301408912168425e-04        -9.7573584708951879e-06         1.0475531278257945e-03         2.9968422058444794e-04        -1.7758222094197500e-03         2.1216255682531817e-04        -3.7001576303611044e-04         9.7153660235318453e-04
54                                    -1.0281955783600237e-05         3.8904107537834939e-05         5.9335784674664417e-05        -3.2759239935534077e-05        -3.9660518492906551e-05        -1.4375770840825209e-04        -3.3337143897056091e-04        -7.9902106905712955e-05
55                                    -1.6511070623733185e-07         3.1489609577719047e-05         2.5025551660599321e-05        -2.4850815361173240e-05         8.9043136406342555e-05         3.1616843179326160e-04         4.4017531246347958e-04         4.5618344052328211e-04
56                                    -1.8504449468568506e-06        -6.1705043378217948e-05        -6.2801734026908765e-05        -8.3374160471105745e-06        -1.4132284146814869e-05        -1.0650557510164888e-04         8.3138507360429727e-05         7.6686679285961292e-05
57                                    -3.4875088682715292e-05         4.5404021664724599e-06         2.1974750168798088e-04        -4.9948844519779443e-05        -2.2021284475415661e-04         2.2085963568454565e-04         9.7056192597540469e-06         3.6187989854529504e-04
58                                    -1.1259440149731937e-05         7.6991634483442235e-07        -7.4210261999239425e-05         5.0114223693527258e-06         2.3889273603029496e-05         8.7088888173861867e-05         2.7808216566860131e-04         8.0042608523455709e-05
59                                     1.0521053741248304e-04         9.0204963880340620e-06        -2.1167620756685609e-04         6.4672948614977172e-05        -1.6287007042684922e-05        -2.7880154259762445e-05        -1.3259917734884910e-04        -6.5057206742561260e-05
60                                     1.6208864230668970e-04         8.6297525593914058e-05        -1.1609507714195706e-03         7.5891064400025331e-04        -2.3623638442359270e-05        -6.1029168482472949e-05        -7.7425086526035968e-05        -7.9426375930116608e-10
61                                     4.8033190302184830e-05         1.3077696254759264e-04        -2.1362337765512616e-04         3.1084498184761982e-04        -1.0875126954045937e-04         3.4468962695193829e-05        -8.0868527673206832e-06        -7.0707260321741993e-10
62                                     1.5869292290055016e-04         6.8754022240540653e-05        -1.7156902870998139e-03         8.7937775600735631e-04        -1.3170315951804558e-04        -7.7292466363547816e-10         1.2769167011007703e-09         9.0585452812670837e-05
63                                     1.8769883171644616e-03         1.8862446924541773e-04         1.1295022291786961e-03        -7.8546562453430139e-04        -1.7945225073181875e-04        -1.4375758969037162e-04        -3.3337166660593446e-04         7.9901714715640518e-05
64                                    -1.4729636114644887e-03        -3.0743679220665440e-04         5.2440316494289062e-05         6.7286542384880179e-04         3.7204020423772105e-04         3.1616831304114598e-04         4.4017612179159604e-04        -4.5618478968170837e-04
65                                     2.6226808047584215e-04         3.7482017501268609e-04         2.4417050752695551e-04         1.6490971814122127e-04         1.1136977323617741e-04         1.0650503403661989e-04        -8.3140325414010917e-05         7.6688562143810527e-05
66                                    -1.5074921425141280e-04        -3.7548589108553712e-04         8.6275545338970056e-04        -7.1061313918010084e-04        -3.5412767554255818e-04         2.2085823714509668e-04         9.7056089833380440e-06        -3.6187975378276804e-04
67                                     2.3981899732395342e-04         1.2083930497407663e-04        -7.1360755794885032e-04         5.3811054335981716e-04         2.3659548321581614e-04         8.7090496759458541e-05         2.7808282520966690e-04        -8.0044785586249638e-05
68                                    -1.6079270637117234e-04         1.4056094726089499e-04         3.3002903156306566e-04        -3.1642799326135802e-04         6.9397945865438352e-04         2.7880162492788252e-05         1.3259874208384134e-04        -6.5057419801465153e-05
69                                     1.8751789990232770e-04        -1.2324843197874077e-04        -4.2367003669083771e-05        -7.1384074002270423e-05        -5.7710011077834804e-05        -5.1184822900345640e-05        -4.2479531611040661e-05        -7.6788606547479625e-05
70                                    -6.6140920950206450e-05        -6.1470807657859963e-05        -5.7343529767597327e-05         5.7624922014910922e-05        -4.1588541307808130e-05         2.7357988029918381e-05         1.5666187604897480e-05         2.7551860855243255e-05
71                                    -1.2740742685576415e-04         1.6650598863778097e-04         3.2382443449532523e-05         2.0090588574870434e-05        -1.6768425087741441e-05         1.0917011386639953e-05         1.9587641640919623e-05         2.5199402028244666e-05
72                                    -2.5638457130634372e-04        -1.5544819649827984e-03        -2.3108686887097544e-05        -1.6937591708917666e-04        -4.4446286286273294e-05        -5.1183621814426021e-05        -4.2481426267830470e-05         7.6788041941876510e-05
73                                     3.5807371927685063e-04         8.3903483926608675e-04        -1.6427783530548621e-04         2.2168251699564457e-04        -1.9150183609967133e-05         2.7360450055947997e-05         1.5664198470439395e-05        -2.7552473509288995e-05
74                                    -1.5629428272280070e-04         1.2183043962751518e-05        -7.5780299842729255e-05        -4.7273562406230344e-05        -8.5481043013966714e-05        -1.0916401595852210e-05        -1.9587701214603121e-05         2.5201100604809312e-05
75                                    -8.8599942884692059e-05         8.6952154646397091e-05         3.4220868905772828e-05         7.9674999458252796e-05        -1.4581329341349623e-04        -1.1517289375372915e-04        -4.5105401909345245e-04        -8.7268276392459497e-04
76                                     2.7471082776186250e-05        -2.0160469022750723e-04         1.0458468555880130e-04         8.7470814557242987e-05        -1.6814191329549515e-04        -1.0922691904925621e-03        -6.3494472307160305e-04        -1.8183347977390974e-03
77                                     1.4242236085649821e-04         2.5149159242070755e-04        -1.2797093209500812e-04        -1.8764152288594231e-04        -2.0393506128007062e-05        -2.2327762727021182e-05         7.1619989677415086e-05         5.7409002521760828e-05
78                                    -4.3643180458293005e-05         3.0051794861186379e-04         1.3705298427493077e-05         5.7897573118666706e-05         5.2496177456172227e-06         2.3411333257064977e-04         3.8607515419508199e-05         1.5602539407563891e-04
79                                    -2.3411600165026343e-05        -2.0725342472674283e-04        -4.3167832059626875e-06         1.0514586196735187e-05        -1.0301524495167255e-04        -2.1320885049758642e-04         2.1254642776099932e-04         3.3174409353307243e-04
80                                     2.0725563320013707e-04        -2.4734292431035005e-04        -5.5676811149476757e-05        -3.2728617561210946e-05        -9.7584264188577881e-06         5.5088163172014310e-05         2.5490475132597083e-05        -4.5329530884632852e-06
                                                        48                          49                          50                          51                          52                          53                          54                          55

0                                     -9.1718855720895014e-05         2.6692440869112140e-05        -1.7476865278311862e-09        -4.2109437219852309e-04        -1.9274841455145216e-03         1.5131148169592637e-04         4.8039132159424460e-04        -1.5354469259110969e-04
1                                     -2.3781086346915588e-04         8.0918574208020786e-05        -3.3372018726575517e-09        -7.7937807491504883e-04        -2.7944157636056966e-03         2.3363246041809168e-04        -9.7551186496067004e-05        -4.4475584293371113e-04
2                                     -1.1004435475359678e-09        -9.3313191701042599e-11         1.4377272899958267e-04         7.3784102786264810e-04         2.2771159126454264e-03        -1.6569409673925019e-04        -2.7518742905146046e-04         2.1239630056421355e-04
3                                     -6.0454865960730953e-05         7.7911712978322384e-05         7.2329980710512482e-09         1.3479845030105490e-03         1.1933238950230709e-03        -6.9772749225351094e-04        -1.0237963912180280e-03         1.1169206132663793e-04
4                                      3.4672377757632923e-05         2.6875875895801407e-05         3.3238846234654391e-09        -1.0309596956079095e-03        -4.3841308707978505e-03        -4.0972244250807484e-04         1.8957084586841873e-04         7.7816367376518612e-04
5                                      4.2579032716924309e-10         1.4787976185582950e-09        -3.3369489539003452e-04        -1.5763204880055197e-03        -3.9770261028802371e-03         1.7037564121720689e-03         6.1503600040781247e-04        -7.0897082510289590e-04
6                                      3.1213011598948612e-04        -6.7724246993310837e-04        -3.3673605243468791e-04        -2.3403155000469315e-04        -1.4678197129116264e-05        -2.8644179340914580e-04         3.2431093151381982e-05        -1.4720628126491792e-04
7                                      8.6592763852142958e-04         6.9216670647337722e-04        -1.1218687196782387e-03        -1.5534715947611690e-04         1.0215063697538169e-04        -5.3571362101043074e-04        -6.5276765389656659e-05        -2.8546346969792044e-05
8                                     -6.5587382283990555e-04         4.7459941340074379e-05         1.0149397994209089e-03        -2.5922273135849279e-05        -5.0071410359581181e-04         4.4396237921853939e-04        -4.6164322062904456e-05        -1.7149332824542823e-04
9                                     -1.5358882752689235e-02        -6.3741166466802536e-03         2.3691590560160996e-02        -1.8193229972815804e-03        -1.1139435126788508e-03        -5.1849559665679192e-03        -1.2004505440125341e-04         1.8017886086408959e-04
10                                     9.4383832796852626e-03         1.9732867710205628e-03        -1.5409472390458345e-02        -1.0596218772428170e-03         3.1710681231030815e-04        -2.0418189103514938e-03         2.6235528972650183e-05        -3.3313305127200617e-05
11                                    -9.7989520358155585e-05        -1.1145253503081626e-04        -3.0292590363372417e-04        -2.9846712358930320e-03        -8.7229426204614435e-04        -2.9574854847186603e-03         1.4415042897035038e-04         2.0335902763103696e-04
12                                    -2.2242259773781578e-01         1.1450831208959864e-01        -1.4758831718629292e-09         9.6981341790757132e-03         4.1205107712645401e-03         1.4147029990147816e-02         1.4895479196449664e-03        -1.1681241346754774e-03
13                                     1.1269729455648582e-01        -1.2177585898869456e-01        -1.3283338203033248e-09         4.1040800442102669e-03         7.2378672505617756e-04         5.5960164705265080e-03         4.1147161025457783e-04         5.1247990724599636e-04
14                                     8.1637950519004608e-11        -1.4664962411096397e-09        -4.5088023009600631e-02        -1.6149393659434429e-02        -6.5137030487788751e-03        -2.2669034201565321e-02         5.1672479012118450e-04        -4.7566603914520620e-04
15                                    -1.5358882596895149e-02        -6.3741160385334325e-03        -2.3691585182697570e-02        -1.1765181226780685e-01        -2.7586226571813907e-02         1.1035059254303735e-01         5.8233028538125084e-03        -4.6035700297222225e-03
16                                     9.4383834324313059e-03         1.9732895302460186e-03         1.5409476964451996e-02        -2.7531089491619795e-02        -5.5616402263861373e-02         4.2209537364940375e-02         2.7641716635826874e-02        -1.7934340457418547e-02
17                                     9.7986974625915990e-05         1.1145904134608406e-04        -3.0292653965968089e-04         1.1042516713191643e-01         4.2382058392481277e-02        -2.1385455267957615e-01        -6.7677964655979579e-04        -2.5129645656537516e-04
18                                    -1.6383401161779165e-04        -7.9079365070332600e-04        -2.7210944487727315e-03        -1.5895096245550092e-02         1.0572083416944964e-02        -8.6212069419708357e-04        -5.9520374344543797e-02        -5.6897001358370392e-02
19                                    -2.1555015539150568e-03         4.9407724886579222e-04        -2.4250472421617746e-03        -5.8355262796809422e-03         3.1323408367106018e-03        -3.4731733980882754e-04        -5.7790496806581014e-02        -2.8318666419358707e-01
20                                    -3.8343285130811693e-03        -6.4058112597767218e-04        -4.8455805044150249e-03         2.2694400248110189e-02        -1.5925794245558594e-02         5.7564004200352055e-04        -1.1190944227348837e-03         1.0363257839436247e-03
21                                     7.2588140087916087e-04         3.6757115072394431e-05         2.1463575857481662e-09        -4.0301753219675052e-03         3.0536632403754638e-03        -2.3510077353944281e-04        -5.3100962874158848e-03        -1.5783565538788347e-03
22                                     8.4646653799701297e-05        -1.9627332196201636e-04        -5.5204824666080859e-10         4.3960019962500175e-03        -1.9544163747576872e-03        -3.2323511092996905e-04        -1.8277279322702233e-02        -6.8941679052919235e-03
23                                    -1.3048424746169461e-09         2.1821146950991326e-09        -6.4899276424387102e-04        -1.8132013233114561e-03         9.6558785393250105e-04         1.5082226196336274e-03        -5.7794325310709955e-04        -4.4329408278559815e-04
24                                    -1.6383353947664256e-04        -7.9079251863250176e-04         2.7210928915823050e-03        -3.4791871780640049e-04        -5.4586511858138498e-05        -4.9679933687938639e-04         3.8538533332758442e-04         1.4392306199473954e-04
25                                    -2.1555011127648406e-03         4.9407954969398057e-04         2.4250460735931677e-03        -2.6890451064595297e-06         1.7235502483944854e-05         2.6623673952877545e-04         1.8480751321402168e-04         2.4183195804827057e-04
26                                     3.8343283061387894e-03         6.4057823438376169e-04        -4.8455812020263998e-03        -4.7053604769602998e-04         3.6938566516795258e-04         3.1920932547182916e-04        -1.1914098326859226e-03        -7.5028042762571336e-04
27                                     1.4226496776025520e-04         3.9453922184059641e-07        -1.0488225367663275e-09         4.7927898388145772e-04         3.8955169306462666e-04        -1.8522031356292372e-04        -1.4974523853267330e-03        -7.8201913149730969e-04
28                                     1.0958533059840487e-04         4.3381136748736789e-05         8.7656084891134934e-10         4.8542538237265681e-04        -2.9152785366317712e-04        -5.3447930088044646e-05        -1.3920352550854560e-05         1.4153651428242837e-03
29                                     9.9385472526572815e-11         8.0709234829383667e-10         8.8537113507646448e-05        -4.3869565150722253e-04        -1.7726150117879503e-04         1.3895420451334219e-05         4.0685152841118590e-03         1.7325365044927286e-03
30                                     3.1212819210795937e-04        -6.7724099839995512e-04         3.3673107173099208e-04        -4.7857859081762971e-03        -1.8524757036356691e-02        -7.0951150393529683e-04        -4.9697842932839133e-03         4.4388322506995559e-03
31                                     8.6593120173216343e-04         6.9216641150840279e-04         1.1218641151461827e-03        -1.9171945200684012e-03        -8.9100442659593229e-03        -1.4419907972223990e-04         2.5029258127565565e-03        -3.3617387689849343e-04
32                                     6.5587733306799595e-04        -4.7462740249731806e-05         1.0149385570523105e-03         6.1404847167888391e-03         2.8042532926945481e-02         5.0458098559210893e-04        -5.2723468537301302e-04         2.5793825238754428e-04
33                                    -9.6981518905421777e-06         1.9678405537674483e-07         1.6516826030662462e-11        -5.7448611061026224e-05        -2.3125761631415641e-04         5.0835636216828322e-05        -1.1776124963786542e-06         1.8590784510550567e-05
34                                     1.5982916560449991e-05        -3.4395414917601347e-05         1.2066821384448432e-09         8.9674960300875368e-05         3.8391983896100715e-04        -8.8401634053179151e-05        -1.6008830527065434e-04         8.3099906525062507e-05
35                                     5.8158001610383224e-10        -7.7085519245012773e-10        -1.2160343255492693e-05        -6.9862213298812372e-05        -1.6018426549503406e-04         2.2326748791162741e-05         5.1649442460912980e-05        -8.5868427357763027e-05
36                                     2.9281996073808462e-04         3.1993728216986051e-05        -3.1682871223041512e-04         3.4223114614079357e-05         7.9676207846049427e-05         1.4581359785416679e-04        -2.5397576451887185e-05         1.7373213230040149e-05
37                                    -7.3904104023119006e-05         1.8651527520319839e-04        -1.6967775941110130e-04         1.0458395713485377e-04         8.7471665660385242e-05         1.6814127017029744e-04        -4.3196280259082391e-06         4.0849752364938560e-06
38                                     1.1068972772328400e-04        -5.6945437791971516e-05        -7.6550266034247966e-05         1.2796988561326026e-04         1.8764125571397224e-04        -2.0396213398516722e-05        -7.3819050218052230e-05         8.0023059138830066e-05
39                                     1.1882608833365093e-04         9.1409915471651426e-05        -2.6293719002517467e-04         1.3705745005395135e-05         5.7896804184050205e-05        -5.2510135294481859e-06         5.3863422532935455e-05         3.7207831982611207e-05
40                                    -6.0916926000197027e-04         1.7885229339110309e-04         3.7865288858527507e-04        -4.3167815062125243e-06         1.0516065967671960e-05         1.0301408912168425e-04        -1.0281955783600237e-05        -1.6511070623733185e-07
41                                     9.5923145085246371e-06         1.2206274693817823e-04         9.3449494565784247e-05         5.5675284261372577e-05         3.2729619497525040e-05        -9.7573584708951879e-06         3.8904107537834939e-05         3.1489609577719047e-05
42                                     8.8559651781955719e-04         2.4810473185419386e-04        -7.2883362234865581e-04         4.9500237073421094e-04         1.5594783623623453e-04         1.0475531278257945e-03         5.9335784674664417e-05         2.5025551660599321e-05
43                                    -8.1720096872917969e-05         1.4899971280725986e-04        -4.2985782343471637e-04         1.5594919492602937e-04         2.9897896353212863e-04         2.9968422058444794e-04        -3.2759239935534077e-05        -2.4850815361173240e-05
44                                     7.8081430488965466e-05        -4.3959562611193626e-04         1.0421583737754941e-03        -1.0475514539773679e-03        -2.9968804113432652e-04        -1.7758222094197500e-03        -3.9660518492906551e-05         8.9043136406342555e-05
45                                     7.3789430114875052e-03         2.4810005502009527e-02         4.1930178707542535e-10         5.9210593459913820e-04         4.9090536850922219e-04         2.1216255682531817e-04        -1.4375770840825209e-04         3.1616843179326160e-04
46                                    -4.6032137309667959e-03        -1.4398539666247280e-02         4.7106646260329389e-10         1.4397111059187415e-04         3.6127430211135001e-04        -3.7001576303611044e-04        -3.3337143897056091e-04         4.4017531246347958e-04
47                                     1.8498034532183703e-10        -6.4229211606893839e-10        -7.0699723742609745e-04         8.1317722327549455e-04         2.4627994307028903e-04         9.7153660235318453e-04        -7.9902106905712955e-05         4.5618344052328211e-04
48                                     2.4436626637540354e-01        -1.2437038237007353e-01         9.8924090354826286e-10         8.8559725094930150e-04        -8.1719379895630641e-05        -7.8082585406930548e-05         1.4718659637565242e-04         1.5789668539709689e-04
49                                    -1.2437038237007353e-01         1.2754442597964433e-01         1.8918287912282324e-09         2.4810479386826054e-04         1.4899975821906926e-04         4.3959270813102294e-04        -1.4024693381462888e-04         3.0070752963640607e-04
50                                     9.8924090354826286e-10         1.8918287912282324e-09         5.2442630132699036e-02         7.2883199302341370e-04         4.2985784433810363e-04         1.0421591768533908e-03         3.4125541318729682e-04        -1.4490092875526077e-04
51                                     8.8559725094930150e-04         2.4810479386826054e-04         7.2883199302341370e-04         1.3003639654293916e-01         2.9647285955297031e-02        -1.1824604768407185e-01         1.1295030506614824e-03         5.2439005248996161e-05
52                                    -8.1719379895630641e-05         1.4899975821906926e-04         4.2985784433810363e-04         2.9647285955297031e-02         6.3979974640600193e-02        -4.5229163329924132e-02        -7.8546679309637987e-04         6.7286560804402271e-04
53                                    -7.8082585406930548e-05         4.3959270813102294e-04         1.0421591768533908e-03        -1.1824604768407185e-01        -4.5229163329924132e-02         2.3306639738169455e-01         1.7945268272402377e-04        -3.7204113944440528e-04
54                                     1.4718659637565242e-04        -1.4024693381462888e-04         3.4125541318729682e-04         1.1295030506614824e-03        -7.8546679309637987e-04         1.7945268272402377e-04         6.5883361686818645e-02         6.0853417570611940e-02
55                                     1.5789668539709689e-04         3.0070752963640607e-04        -1.4490092875526077e-04         5.2439005248996161e-05         6.7286560804402271e-04        -3.7204113944440528e-04         6.0853417570611940e-02         3.0968543007962301e-01
56                                     3.9481946039715435e-05         1.4379025141508442e-05        -1.1722405330073307e-05        -2.4417115753224479e-04        -1.6491168926349384e-04         1.1136854932965912e-04        -2.0845871213979027e-03        -2.0039413746004119e-03
57                                    -1.1650259133289551e-03         1.1602053188203558e-05        -1.9400052506076777e-03         8.6275503615227539e-04        -7.1061409772330442e-04         3.5412689688105832e-04        -3.8550580253904464e-03        -7.1553171252709217e-04
58                                     6.6085574075576403e-04         3.9848251516847469e-04         7.7434658405030950e-04        -7.1360764751035978e-04         5.3811180066697692e-04        -2.3659707789721218e-04        -1.5444588537636321e-02        -4.6453128809419240e-03
59                                     7.3935584770745515e-08        -8.4845214788079200e-05        -5.0699437352894687e-05        -3.3002892905148505e-04         3.1642645493756513e-04         6.9397991786749810e-04         1.0023829771316894e-03         4.1405156185722429e-04
60                                    -1.2544857476774927e-04         6.5809275957340359e-05        -2.2333264936893381e-09        -1.1609526418721399e-03         7.5891035769300543e-04         2.3628658195865200e-05         3.2736513739603686e-04        -3.2920709968842481e-04
61                                     1.5284315563397459e-05        -2.1270806949229325e-05        -3.9755543129488862e-11        -2.1362358366175917e-04         3.1084290723753822e-04         1.0875055895124649e-04         1.6181079350486240e-04         5.8030669437390619e-04
62                                    -1.2525689024781495e-10        -6.3484051336916614e-10         3.6236135382094781e-04         1.7156884881724668e-03        -8.7938040853508242e-04        -1.3170176744065981e-04        -6.8812842809808420e-04         1.8084176042968423e-04
63                                     1.4718683384325334e-04        -1.4024695638555637e-04        -3.4125555986416387e-04         5.9335746249794611e-05        -3.2759094102460839e-05         3.9661017726657909e-05         3.0936918321044040e-04         3.1475858861780624e-04
64                                     1.5789796257647168e-04         3.0070742865177813e-04         1.4490204467063070e-04         2.5025010884814153e-05        -2.4849437305688628e-05        -8.9045787378922288e-05         3.1475856411260900e-04         3.1434360397440914e-04
65                                    -3.9482912991108631e-05        -1.4378488480853745e-05        -1.1720487792274017e-05         6.2802080764928775e-05         8.3386900796934129e-06        -1.4132282698303175e-05         1.1251947566436403e-04         3.4317661676834532e-04
66                                    -1.1650269435045531e-03         1.1601184401121244e-05         1.9400054847016502e-03         2.1975094864473368e-04        -4.9949748325291835e-05         2.2021065948309794e-04        -1.2022723207160359e-04        -9.3021720074829234e-06
67                                     6.6085680251549484e-04         3.9848451258845958e-04        -7.7434608719936739e-04        -7.4208615414922180e-05         5.0121180843764907e-06        -2.3887278749858784e-05         2.1525788008212941e-04         2.8925349590882714e-04
68                                    -7.4503473421454885e-08         8.4845754942086687e-05        -5.0698020917901046e-05         2.1167491420938931e-04        -6.4671771613576153e-05        -1.6287146802601791e-05        -1.1428270458815427e-04         1.0598069283456453e-04
69                                    -2.0535757149140076e-05         9.7745258867874301e-06        -2.4730189634776193e-05        -2.3108193818755875e-05        -1.6937859475445522e-04         4.4444468451426518e-05        -3.4594703698900164e-05        -4.3380433983655959e-05
70                                    -6.4137557406326729e-05        -7.7232609825270802e-06        -7.2852900796031327e-05        -1.6427845338312067e-04         2.2168022731401619e-04         1.9151627338261776e-05        -1.4857969524153011e-03        -6.3855719983197160e-04
71                                     2.6311662207743569e-05        -2.0189324717977881e-05         1.3214732354794888e-05         7.5779955299619175e-05         4.7270752833310719e-05        -8.5476909167190242e-05         3.9350890925775404e-04         8.3886577076498162e-05
72                                    -2.0533778612142156e-05         9.7761688965087300e-06         2.4729993883472501e-05        -4.2366401830845535e-05        -7.1386102942384554e-05         5.7711394242141581e-05         1.1428499618342188e-04         1.4886358062891965e-05
73                                    -6.4136727809869349e-05        -7.7219003533547404e-06         7.2852199182578525e-05        -5.7343702075287246e-05         5.7625927747763404e-05         4.1586940012978038e-05         4.4038162080054964e-04         8.0459281213165354e-05
74                                    -2.6312792105947662e-05         2.0187924572233974e-05         1.3214933884941912e-05        -3.2379831558837084e-05        -2.0090036198974257e-05        -1.6770110318558884e-05         6.4764126923386018e-05        -7.5841562317731788e-05
75                                     2.9281891920677680e-04         3.1993485294710671e-05         3.1683032926574817e-04         7.5139666663916888e-06         1.9402273515297871e-04         9.0013489803322582e-05         5.0811052117864940e-05        -1.9808205002515340e-05
76                                    -7.3903090493738764e-05         1.8651555956061873e-04         1.6967655598921133e-04         2.3543161324174637e-04         1.3306065314840649e-03         4.2793331593725175e-04        -1.8284479680048018e-04         2.4124687666150028e-04
77                                    -1.1068960466364947e-04         5.6944983499504394e-05        -7.6550233720454805e-05        -1.7572402822441189e-05        -4.8751860070089977e-04         6.2568412438761918e-04         1.5000798737989176e-04        -6.4079419930157305e-05
78                                     1.1882724853512017e-04         9.1409432245916826e-05         2.6293507407857444e-04         6.0782585619101326e-04         6.5082594636261528e-04        -1.3927879328939755e-04         3.3562218320525142e-04        -2.3039109974999021e-04
79                                    -6.0916994261804016e-04         1.7885099057519287e-04        -3.7865348907893507e-04        -1.5918492250684081e-04         1.2752859607838190e-03         3.6046890839257781e-04         1.8769872884226116e-03        -1.4729661104759817e-03
80                                    -9.5901092325600306e-06        -1.2206306089868095e-04         9.3446853863962811e-05        -3.3114884846993469e-04        -4.1964133889747833e-05         1.1439077449576810e-04        -1.8862496327647232e-04         3.0743520872367365e-04
                                                        56                          57                          58                          59                          60                          61                          62                          63

0                                     -2.4476690537836825e-04         1.1130632566696924e-04        -2.2982065507459528e-05        -3.3722881604073896e-05         3.7667870500785844e-04         2.2713151988095221e-03        -9.5076189338535957e-11         4.8039157432726531e-04
1                                      1.3164821689690568e-04         1.4025375791077151e-04        -2.1227404390160313e-05         2.2691756664958994e-04        -2.7753558365175776e-04        -2.3953192763283972e-03        -1.4035138917582948e-09        -9.7552815268032829e-05
2                                      1.1002171464680131e-04        -7.5334809925943784e-05         1.3491343881152962e-05         1.9679455646232868e-05         1.6635654129937421e-09        -1.1284463875100123e-10         1.6393328698590932e-04         2.7518651340664865e-04
3                                      6.3069469973190523e-04        -2.5987686970941162e-04         5.5481810807067936e-05         1.1481004456007859e-04         3.9245520842805769e-04        -5.8446257020827079e-03        -6.2979165303888917e-10        -1.0237990179963324e-03
4                                     -5.9684398035351853e-04         6.2287886554737888e-05         8.8802882465999601e-05        -6.4675955123344279e-05        -1.8421453113244349e-03        -2.9684222787847332e-03         8.7050895118950857e-10         1.8957581798529624e-04
5                                     -1.3203873277652697e-04         9.6497554531873296e-05        -5.7905245959242037e-05        -1.4449226648721226e-04        -7.5549889271246356e-09         9.5340094251738676e-10         6.4497869000399322e-04        -6.1503853329094552e-04
6                                     -1.0764017275558311e-05         7.3725212086964354e-05        -6.6129799406859397e-06        -1.2758437617961266e-05         9.4190083323314466e-05        -4.9097667133945946e-04         2.0619519940615668e-04        -4.9697871985605654e-03
7                                     -3.8492983717809248e-05        -7.0234246033816657e-05         8.1968341033526992e-05        -1.1265301990625123e-04        -4.3391704831626486e-04         1.4320950165127959e-04        -5.6046078929525463e-04         2.5029264644726074e-03
8                                      8.0757286976590182e-05         8.0464702383559010e-06        -5.6358465670628527e-06         1.1105110928277427e-04         5.2313923611933474e-05        -3.1819767228222738e-04        -3.9627984557629359e-05         5.2723601175592744e-04
9                                      9.9566188293037563e-05        -3.7064291914742833e-04        -5.9638862572059176e-05         4.8588202148464998e-04        -3.9213510057752726e-05        -7.3364119708976480e-04        -2.2649720653100617e-03         5.8233065236315230e-03
10                                    -3.0230231038755280e-05        -7.9210152335227680e-05        -7.1655629521723491e-05        -3.7145545937456977e-04        -2.1392007441231797e-03         3.3930907747181497e-04        -2.3761282698379887e-03         2.7641718583612390e-02
11                                    -4.5471074223359472e-05         4.9810532417080174e-04        -3.4322270861564252e-04         3.2659234431966534e-04        -3.8484181343209287e-03        -1.2523616038252064e-03        -4.7588614226847115e-03         6.7677921695431808e-04
12                                    -4.9446775522227031e-05        -4.3715685924295665e-03         2.7217612592841949e-03         2.6050776371303735e-04         6.9473101663608712e-04         1.1012882601402034e-04         3.1924246342056334e-11         1.4895466087047195e-03
13                                     6.5289890065024629e-04         4.7040697900482525e-03        -1.7770862351954755e-03         3.0504848101216525e-04        -1.3880431094780502e-05        -8.9178336282470653e-05        -5.8779063701129114e-10         4.1147408448752114e-04
14                                     1.0318982751720581e-04         1.6145884751811480e-03        -4.9463347597363927e-04         1.6616090624710228e-03         2.9234742214286263e-09        -6.9811584463249240e-11        -6.2269286567608940e-04        -5.1672222955630480e-04
15                                    -6.2638503175634010e-04        -1.5814124883222775e-02         9.3850522145320220e-03         4.1541570011495096e-04        -3.9209294902711744e-05        -7.3364123273601464e-04         2.2649743762519804e-03        -1.2004402045835894e-04
16                                    -9.2515980205854832e-04        -6.4029037744363516e-03         1.9808171407439679e-03         2.9471238078256426e-05        -2.1391984499221084e-03         3.3931169594671076e-04         2.3761305368946465e-03         2.6234557431119309e-05
17                                    -1.4753508674489359e-03        -2.3516795744077015e-02         1.5212368151069005e-02         1.7312627028494721e-04         3.8484104871292987e-03         1.2523603692644646e-03        -4.7588648949330251e-03        -1.4415565089393169e-04
18                                    -1.5516185187195199e-03        -1.1735226473138874e-01        -2.8247455004882856e-02        -1.0990221126750044e-01        -1.5056946086227964e-02        -7.2850628143592642e-03         2.3768810091183031e-02         3.8538510835145002e-04
19                                    -6.2824724619723422e-04        -2.7414456100904198e-02        -5.8457554424311782e-02        -4.0825865874553155e-02         9.1318083613466557e-03         3.7643385358382998e-03        -1.5347467228294574e-02         1.8480522099932975e-04
20                                    -4.7035367000321474e-02        -1.1024601881330398e-01        -4.2215092376412300e-02        -2.1373298783733666e-01         1.9686481125106431e-04         7.5352490883778822e-05        -9.6181221320881956e-04         1.1914109544195748e-03
21                                     5.6679381384088026e-03         9.6787250502624444e-03         3.4698218644656355e-03        -1.4926535828616277e-02        -2.2372757014832548e-01         1.1471039501253011e-01         1.1957826854893436e-09        -5.3100984551110774e-03
22                                     2.6397366672135422e-02         3.4921853172497365e-03        -4.7531293257166603e-04        -5.8546634223786021e-03         1.1498665966052593e-01        -1.1876117013561199e-01         2.4397025368516326e-09        -1.8277274007259786e-02
23                                    -1.3545933224671475e-03         1.5396314446171542e-02         5.6563597088568713e-03        -2.2805868319415931e-02         3.5825219863398016e-09        -2.1251545166429541e-10        -4.5180806389402951e-02         5.7794253971030132e-04
24                                     9.8345938894269739e-05        -1.5497994493218195e-03        -6.2282353245644731e-04         5.1717899533750538e-03        -1.5056945020296187e-02        -7.2850606260946894e-03        -2.3768813508124074e-02        -5.9520373610873194e-02
25                                     9.1637305530577000e-04        -1.2010816308269628e-03         2.9105539222565140e-04         2.2196703549168381e-03         9.1318113736202928e-03         3.7643406982563227e-03         1.5347467602718972e-02        -5.7790499039444540e-02
26                                     1.3603898845903932e-03         3.2443345948816238e-03         6.6472761990028707e-04        -3.2610623092670862e-03        -1.9686237479971287e-04        -7.5355528485336262e-05        -9.6181058615263924e-04         1.1190983196576088e-03
27                                     2.5709731684365445e-03         7.6938806459569671e-04         4.5133544707310670e-04        -1.0434384347283749e-03         7.4627742223436835e-03         2.7751134960191440e-02        -1.3167209188344532e-09        -1.4974534253236404e-03
28                                     2.0833072226554821e-04         5.9835677766855041e-04         4.3783768184017151e-04        -1.0280979882361422e-03        -5.5608226484492491e-03        -1.9994977557371910e-02        -7.6454152950593941e-10        -1.3921224400152178e-05
29                                    -4.6027246677605160e-03        -5.3893801242599782e-05         5.8805581573887714e-04         7.9774884556032145e-04        -3.3004884290620130e-09         3.8923737917442679e-09        -6.6583406221397239e-04        -4.0685132360969720e-03
30                                     4.9658896974158105e-04         8.2966340080090637e-04         2.6872184585660392e-04         1.3901573452397976e-04         9.4187457520366995e-05        -4.9097195648359956e-04        -2.0619350180424130e-04         3.2432372363354767e-05
31                                    -2.5975605215187265e-04        -1.4548334453734352e-03         9.6736440233095898e-04        -1.3328078870446822e-04        -4.3392376359065177e-04         1.4321187803247645e-04         5.6045875554728989e-04        -6.5277311883769047e-05
32                                     5.8122247863732785e-04        -2.4688460489365118e-04         7.6296743104123615e-04         1.5458653419166178e-04        -5.2309719436620036e-05         3.1819805658855850e-04        -3.9628127218090982e-05         4.6163226300177319e-05
33                                    -3.7033449409652819e-05         2.5539288546096332e-05        -1.2735913413355294e-05         7.2630826755998475e-06         1.8167383078270091e-05        -8.4353458032185812e-05        -6.4142795373419365e-10        -1.1772857218743005e-06
34                                     7.3687175434582701e-05        -2.9015443854647378e-05         6.5418861367810801e-07         1.2548628215514652e-05        -2.5385606073666180e-04        -7.6328829406235030e-04         9.7500319493746508e-11        -1.6008726435930780e-04
35                                     2.1182994129787213e-05         3.0509500736509556e-06        -2.0371014285582007e-07        -5.5348678352415810e-06        -3.5640320206760453e-11         5.8832457814337949e-10        -3.0267294209292023e-05        -5.1650283888022399e-05
36                                    -9.5797569031920183e-06         4.1392782174711230e-05        -4.5165865957052530e-06         2.0097879670681872e-05         5.9683293408729541e-06         2.3646532376129668e-05         4.6425062542584179e-05         5.0811185165645226e-05
37                                    -3.1616467802986395e-06         8.4123504390349116e-05        -4.5578072195528320e-05         1.6112425155474504e-05         8.7135620480310386e-05        -1.3006807305778877e-06         2.9100217186442563e-05        -1.8284364293872843e-04
38                                     7.6944930532766120e-06        -2.5334119204342169e-05        -6.6108756942611765e-06        -9.7380210186243077e-06        -1.9742483121368162e-05         8.6699689504576621e-05        -1.6227155802330136e-06        -1.5000901166041874e-04
39                                    -5.5600939737577546e-05        -1.3819603211309601e-05        -1.7142477681921748e-05        -1.4317101993760055e-05        -1.5612148658205157e-05         1.9169927404297663e-04         6.3439528138136726e-05         3.3562272980889305e-04
40                                    -1.8504449468568506e-06        -3.4875088682715292e-05        -1.1259440149731937e-05         1.0521053741248304e-04         1.6208864230668970e-04         4.8033190302184830e-05         1.5869292290055016e-04         1.8769883171644616e-03
41                                    -6.1705043378217948e-05         4.5404021664724599e-06         7.6991634483442235e-07         9.0204963880340620e-06         8.6297525593914058e-05         1.3077696254759264e-04         6.8754022240540653e-05         1.8862446924541773e-04
42                                    -6.2801734026908765e-05         2.1974750168798088e-04        -7.4210261999239425e-05        -2.1167620756685609e-04        -1.1609507714195706e-03        -2.1362337765512616e-04        -1.7156902870998139e-03         1.1295022291786961e-03
43                                    -8.3374160471105745e-06        -4.9948844519779443e-05         5.0114223693527258e-06         6.4672948614977172e-05         7.5891064400025331e-04         3.1084498184761982e-04         8.7937775600735631e-04        -7.8546562453430139e-04
44                                    -1.4132284146814869e-05        -2.2021284475415661e-04         2.3889273603029496e-05        -1.6287007042684922e-05        -2.3623638442359270e-05        -1.0875126954045937e-04        -1.3170315951804558e-04        -1.7945225073181875e-04
45                                    -1.0650557510164888e-04         2.2085963568454565e-04         8.7088888173861867e-05        -2.7880154259762445e-05        -6.1029168482472949e-05         3.4468962695193829e-05        -7.7292466363547816e-10        -1.4375758969037162e-04
46                                     8.3138507360429727e-05         9.7056192597540469e-06         2.7808216566860131e-04        -1.3259917734884910e-04        -7.7425086526035968e-05        -8.0868527673206832e-06         1.2769167011007703e-09        -3.3337166660593446e-04
47                                     7.6686679285961292e-05         3.6187989854529504e-04         8.0042608523455709e-05        -6.5057206742561260e-05        -7.9426375930116608e-10        -7.0707260321741993e-10         9.0585452812670837e-05         7.9901714715640518e-05
48                                     3.9481946039715435e-05        -1.1650259133289551e-03         6.6085574075576403e-04         7.3935584770745515e-08        -1.2544857476774927e-04         1.5284315563397459e-05        -1.2525689024781495e-10         1.4718683384325334e-04
49                                     1.4379025141508442e-05         1.1602053188203558e-05         3.9848251516847469e-04        -8.4845214788079200e-05         6.5809275957340359e-05        -2.1270806949229325e-05        -6.3484051336916614e-10        -1.4024695638555637e-04
50                                    -1.1722405330073307e-05        -1.9400052506076777e-03         7.7434658405030950e-04        -5.0699437352894687e-05        -2.2333264936893381e-09        -3.9755543129488862e-11         3.6236135382094781e-04        -3.4125555986416387e-04
51                                    -2.4417115753224479e-04         8.6275503615227539e-04        -7.1360764751035978e-04        -3.3002892905148505e-04        -1.1609526418721399e-03        -2.1362358366175917e-04         1.7156884881724668e-03         5.9335746249794611e-05
52                                    -1.6491168926349384e-04        -7.1061409772330442e-04         5.3811180066697692e-04         3.1642645493756513e-04         7.5891035769300543e-04         3.1084290723753822e-04        -8.7938040853508242e-04        -3.2759094102460839e-05
53                                     1.1136854932965912e-04         3.5412689688105832e-04        -2.3659707789721218e-04         6.9397991786749810e-04         2.3628658195865200e-05         1.0875055895124649e-04        -1.3170176744065981e-04         3.9661017726657909e-05
54                                    -2.0845871213979027e-03        -3.8550580253904464e-03        -1.5444588537636321e-02         1.0023829771316894e-03         3.2736513739603686e-04         1.6181079350486240e-04        -6.8812842809808420e-04         3.0936918321044040e-04
55                                    -2.0039413746004119e-03        -7.1553171252709217e-04        -4.6453128809419240e-03         4.1405156185722429e-04        -3.2920709968842481e-04         5.8030669437390619e-04         1.8084176042968423e-04         3.1475858861780624e-04
56                                     4.9639100140361332e-02        -4.9518588001860033e-03        -2.4404354514676600e-02         7.9303977797134852e-04        -4.0972486287167318e-04        -5.7797361777545369e-04         1.0173360603905265e-03        -1.1251970319903345e-04
57                                    -4.9518588001860033e-03         1.3014751895658089e-01         2.7977687400355354e-02         1.1908993847971966e-01         9.0541993229236719e-04         3.1141205448099372e-04        -7.1316521375836841e-04        -1.2022817849290541e-04
58                                    -2.4404354514676600e-02         2.7977687400355354e-02         5.9252961621303613e-02         4.4485362665728306e-02        -1.8455127190374456e-05         1.2308784203946471e-04        -4.0114975167969598e-04         2.1525744794524432e-04
59                                     7.9303977797134852e-04         1.1908993847971966e-01         4.4485362665728306e-02         2.3507744130626670e-01         9.8590625504157980e-05        -4.0447344654736357e-04         1.0442748274827494e-03         1.1428210234847154e-04
60                                    -4.0972486287167318e-04         9.0541993229236719e-04        -1.8455127190374456e-05         9.8590625504157980e-05         2.4380021973802077e-01        -1.2269785958288609e-01         3.3664376250281021e-09         3.2736515829949507e-04
61                                    -5.7797361777545369e-04         3.1141205448099372e-04         1.2308784203946471e-04        -4.0447344654736357e-04        -1.2269785958288609e-01         1.3177322550111245e-01         2.3044638335978970e-09         1.6180819525219570e-04
62                                     1.0173360603905265e-03        -7.1316521375836841e-04        -4.0114975167969598e-04         1.0442748274827494e-03         3.3664376250281021e-09         2.3044638335978970e-09         5.2378932923086992e-02         6.8812927180760398e-04
63                                    -1.1251970319903345e-04        -1.2022817849290541e-04         2.1525744794524432e-04         1.1428210234847154e-04         3.2736515829949507e-04         1.6180819525219570e-04         6.8812927180760398e-04         6.5883366358955212e-02
64                                    -3.4317707200679426e-04        -9.3035629495492563e-06         2.8925362219608036e-04        -1.0598149753427878e-04        -3.2920881411289613e-04         5.8030642483952017e-04        -1.8084232430798266e-04         6.0853419036375908e-02
65                                    -2.0392178068205592e-04        -1.5657495289393849e-04         1.7901523720364128e-04         2.8344765093393629e-04         4.0972639706965690e-04         5.7797475279689598e-04         1.0173366349518040e-03         2.0845892968306672e-03
66                                     1.5657485478960865e-04         5.8606015862280175e-04         9.1977603693833398e-05        -1.1011264851181432e-03         9.0541928648004615e-04         3.1141098411942601e-04         7.1316459840808314e-04        -3.8550580457413783e-03
67                                    -1.7901492946727888e-04         9.1976483435808436e-05         4.1938011814133093e-04        -1.1930552436824245e-04        -1.8455529180173326e-05         1.2308577351864377e-04         4.0114973497596822e-04        -1.5444589661828177e-02
68                                     2.8344551347547487e-04         1.1011256158136341e-03         1.1930688780635961e-04        -1.8318781261991871e-03        -9.8591294220021913e-05         4.0447355116765256e-04         1.0442734940934420e-03        -1.0023847392423048e-03
69                                     4.0414543363463819e-04         1.3786597735706499e-05         3.3690958300426037e-05         2.9151568456861859e-04         5.2428862236654668e-04        -1.0539570267155971e-04        -3.7960703113693956e-04         1.1428454459816331e-04
70                                     1.6887636251572387e-03         2.7309240989182660e-04         1.2090116766147651e-04        -1.4881988432146668e-04         6.2355699831686726e-04         1.3064132717079090e-03        -4.7524801197760874e-05         4.4038137679008031e-04
71                                    -2.2648577070602652e-05        -8.4440112103522494e-05        -3.8673118936358626e-05         2.5352197342065060e-04        -1.6471701857355154e-04         4.0275367592354679e-04         1.9266780991227355e-04        -6.4765177572930068e-05
72                                     8.8276400868632268e-05        -5.2946223869006562e-05        -1.0897960490282872e-04         2.8019271831858443e-04         5.2428798005055982e-04        -1.0539727352436019e-04         3.7960826750553278e-04        -3.4594515825510426e-05
73                                    -4.2668994347269676e-05         5.2014920135323695e-05         8.1503975599556811e-05         6.1365225072278077e-04         6.2355512956194042e-04         1.3064147880286975e-03         4.7525196979696527e-05        -1.4857992746662736e-03
74                                     2.4878471957565334e-04        -1.9072311636006965e-04         2.5517501602782795e-05         3.3791347808314416e-04         1.6471974985950892e-04        -4.0275574655549004e-04         1.9266637843277007e-04        -3.9350830644171617e-04
75                                     2.2162090405064918e-04         4.0516653933763292e-04        -1.3950364499293982e-05         7.2319860157434696e-05         5.9712092716695880e-06         2.3645013452403425e-05        -4.6423773966694092e-05        -2.5396282777901774e-05
76                                     3.1681151089959651e-04         4.7760068174112786e-04        -9.0108809292328883e-05         3.5859190937047146e-04         8.7132403920884091e-05        -1.3005285746763789e-06        -2.9102149829840944e-05        -4.3218802122119114e-06
77                                     1.5063639156737217e-04         2.7459484152018499e-04        -2.0311295570660373e-04         4.6013793483968711e-05         1.9741786977455817e-05        -8.6699300813480182e-05        -1.6217181747040904e-06         7.3817841209300515e-05
78                                     8.7104564802470186e-05         3.4300907284356992e-05        -1.4644477550737253e-05         3.8229056036667496e-05        -1.5612104845796052e-05         1.9169753951537533e-04        -6.3439416482992218e-05         5.3861469885206826e-05
79                                    -2.6226893629730593e-04        -1.5074959304718771e-04         2.3981954850142768e-04         1.6079023899094930e-04         1.6208832913145263e-04         4.8031985258797001e-05        -1.5869637039062144e-04        -1.0283395972886749e-05
80                                     3.7481924409701986e-04         3.7548634198505216e-04        -1.2083909556646811e-04         1.4055855504344509e-04        -8.6304727278535402e-05        -1.3077450704419925e-04         6.8754266756232391e-05        -3.8903714928118188e-05
                                                        64                          65                          66                          67                          68                          69                          70                          71

0                                     -1.5354321128798241e-04         2.4476830581220507e-04         1.1130672183224009e-04        -2.2981916602119498e-05         3.3719973037131507e-05         1.9009388703141283e-03        -2.7122726706393192e-04        -2.7696897199817883e-04
1                                     -4.4475565404626877e-04        -1.3164599846539148e-04         1.4025550081699450e-04        -2.1227778622888385e-05        -2.2692106099113382e-04        -1.0122103598028433e-03         1.7980228198258663e-03        -5.6763172912675753e-04
2                                     -2.1239731857392233e-04         1.1002218045730007e-04         7.5334051373229029e-05        -1.3490961523160805e-05         1.9676309873653934e-05        -8.4039817418215331e-04        -1.4846597733892460e-04         3.7191933260369026e-04
3                                      1.1168888400101099e-04        -6.3069417116578326e-04        -2.5988296653948383e-04         5.5480069547004986e-05        -1.1480026283191740e-04        -1.7698277772474146e-02         9.8245117797065608e-03         1.7332382038757685e-04
4                                      7.7816588284888161e-04         5.9684208576415163e-04         6.2291930375463320e-05         8.8805772255034403e-05         6.4678380048737794e-05        -7.0426535991207984e-03         2.3808491593221509e-03         6.3019702826025079e-04
5                                      7.0897566824940604e-04        -1.3204111541002193e-04        -9.6495661063745238e-05         5.7909508902884979e-05        -1.4448484594539862e-04         2.4112039191410729e-02        -1.5188474866443646e-02        -2.4123788958864611e-03
6                                      4.4388334771651343e-03        -4.9659049269137456e-04         8.2966333138581637e-04         2.6871838043261015e-04        -1.3902062189276548e-04         1.0936821411667028e-03        -7.6887670283514505e-04        -8.4640409130846798e-04
7                                     -3.3617710334691089e-04         2.5975610941861153e-04        -1.4548320460249994e-03         9.6736152560605599e-04         1.3327378097570462e-04        -5.5858276673529392e-04         3.8820696036890451e-04        -2.1352398357547827e-04
8                                     -2.5794113576494727e-04         5.8122384496504809e-04         2.4688756442778933e-04        -7.6296945524281215e-04         1.5458805200618711e-04         1.3637664542289101e-03        -5.0198871977385595e-04         4.7610855365525146e-04
9                                     -4.6035638605140781e-03         6.2638309694149790e-04        -1.5814122535562827e-02         9.3850576083912441e-03        -4.1541241586370847e-04        -1.1635775023139837e-04        -1.6087571212515842e-05         2.2033725154408225e-04
10                                    -1.7934338195838805e-02         9.2515825603290552e-04        -6.4029068644516594e-03         1.9808193446790310e-03        -2.9463936956266451e-05         7.5578500949419723e-05        -2.5304490387220360e-04         1.9684523423540832e-04
11                                     2.5129810798551019e-04        -1.4753517237593673e-03         2.3516795694668025e-02        -1.5212366769346314e-02         1.7313208367185536e-04        -1.1791249196500882e-04        -7.4685497744341356e-05         9.2166171755467025e-05
12                                    -1.1681257850198446e-03         4.9449943433539862e-05        -4.3715678903429381e-03         2.7217620742401505e-03        -2.6050789279384937e-04         1.7306336864593929e-04         3.4746727308072704e-05        -5.4559446198435436e-05
13                                     5.1247823363804361e-04        -6.5289714695125926e-04         4.7040697296886333e-03        -1.7770853355072876e-03        -3.0504701101176455e-04         2.5419861663793968e-05         8.7664146347325540e-05        -5.4909684577674291e-05
14                                     4.7566365501725385e-04         1.0318992155422134e-04        -1.6145887787757454e-03         4.9463320433263086e-04         1.6616072726749797e-03         8.1685195549951301e-05         3.7521243239714742e-05        -5.6640024371989595e-05
15                                     1.8017645865856641e-04        -9.9572480987410411e-05        -3.7064785258820489e-04        -5.9636376822051220e-05        -4.8588148551914536e-04         4.3564442217859049e-04         2.5175143329623281e-04        -1.8201133068872742e-04
16                                    -3.3314465459567644e-05         3.0231027322458019e-05        -7.9210931685751683e-05        -7.1654954755087262e-05         3.7145592379642274e-04         5.2947188021815498e-04        -4.2369840935508284e-04        -1.3538601499774776e-04
17                                    -2.0335428774176855e-04        -4.5469167955066570e-05        -4.9810251008282694e-04         3.4322247486375467e-04         3.2659037010843682e-04        -2.4713826368476504e-04         6.9761782212169384e-05        -1.2020087014986969e-04
18                                     1.4392315566852794e-04        -9.8344427355632862e-05        -1.5497974198346515e-03        -6.2282558171039538e-04        -5.1717891884164244e-03         9.7592911026958247e-04        -1.0445285692669759e-03        -5.4023584303698139e-04
19                                     2.4183261895836144e-04        -9.1637061542005900e-04        -1.2010850602270401e-03         2.9105355065754939e-04        -2.2196653372637334e-03        -1.2039989368749495e-03        -6.7111921826422984e-03         4.9453064930031140e-04
20                                     7.5028079750579695e-04         1.3603881931728021e-03        -3.2443357776054471e-03        -6.6472893929620663e-04        -3.2610628461525147e-03        -8.7592528979374678e-04        -1.7603073433077191e-03         1.4219650165334862e-03
21                                    -1.5783552913112755e-03        -5.6679408380064357e-03         9.6787241229146243e-03         3.4698219486587068e-03         1.4926532793962680e-02        -4.4483447784146590e-03        -1.7972034984129196e-02        -9.3466367210514765e-04
22                                    -6.8941677920030696e-03        -2.6397369307371219e-02         3.4921907196868427e-03        -4.7531131907636165e-04         5.8546652051187668e-03        -1.6886171498575776e-03        -7.4527868919057674e-03         7.4978555859410434e-06
23                                     4.4329056136165404e-04        -1.3545907228424197e-03        -1.5396311201250295e-02        -5.6563590122889092e-03        -2.2805872837855429e-02         4.5161618245809099e-03         2.6525093960648310e-02        -8.7108961932139215e-04
24                                    -5.6897004297080146e-02         1.5516177120635591e-03        -1.1735226353613441e-01        -2.8247456266902362e-02         1.0990220986871460e-01         6.3382204932327033e-05         4.1663045613755815e-04        -5.0725310381875420e-04
25                                    -2.8318666363142642e-01         6.2824622632445175e-04        -2.7414457896704464e-02        -5.8457556298742094e-02         4.0825866492102611e-02         1.8314245801977300e-04         1.5207281966217265e-03        -4.9641860418730109e-04
26                                    -1.0363259391194760e-03        -4.7035366711942195e-02         1.1024601461480323e-01         4.2215090495088037e-02        -2.1373298607315538e-01         5.0479410386492375e-04         1.1706724146296902e-03         5.8972032928772432e-04
27                                    -7.8202080057727594e-04        -2.5709705354471524e-03         7.6938866052177755e-04         4.5132986981839189e-04         1.0434351153523079e-03        -1.1858659330831137e-01        -3.0290749609914340e-02         1.0953262248764567e-01
28                                     1.4153650984788518e-03        -2.0832815417364241e-04         5.9835331741520136e-04         4.3783355684706541e-04         1.0280983129530752e-03        -2.9171781099035333e-02        -5.6417007571818445e-02         4.4782781854750056e-02
29                                    -1.7325346221759583e-03        -4.6027249159949464e-03         5.3893011630341825e-05        -5.8806038737374273e-04         7.9775412967196622e-04         1.0775820693911740e-01         4.4939967454095793e-02        -2.1518722083955122e-01
30                                    -1.4720101548002201e-04         1.0766776472770411e-05         7.3731162488002277e-05        -6.6116671040283577e-06         1.2757120755325728e-05        -3.8655608325604031e-03         3.3017975491245822e-03         3.0442386211661926e-04
31                                    -2.8544585496218054e-05         3.8492409008084234e-05        -7.0233216295539805e-05         8.1968813240530688e-05         1.1265307519047331e-04         4.0395865207576024e-03        -2.0492561636549782e-03        -7.1665590765863734e-04
32                                     1.7149357713727741e-04         8.0757994378164444e-05        -8.0470254422957983e-06         5.6386882386821663e-06         1.1105044854828544e-04        -1.7649843835147172e-03         1.5630222207858846e-04         1.5173212212553164e-03
33                                     1.8590368664238809e-05         3.7032041450775626e-05         2.5540419340941572e-05        -1.2736093852352113e-05        -7.2651291708042669e-06         1.9412867062533958e-04        -1.8155971509039085e-04        -1.7870843629510407e-04
34                                     8.3100655186652586e-05        -7.3688361134620502e-05        -2.9015566792329426e-05         6.5646880698350193e-07        -1.2545514516526995e-05        -2.8645923064254145e-04         3.2400993224116804e-04        -1.2705409351676335e-04
35                                     8.5870387029650979e-05         2.1181602511420512e-05        -3.0501152687474419e-06         2.0433022754372014e-07        -5.5333609210551235e-06        -2.4238113678772536e-04         3.3879834472047267e-05         1.2641134283969770e-04
36                                    -1.9808917897322722e-05        -2.2162168770743074e-04         4.0516621917208965e-04        -1.3949925872679447e-05        -7.2316039236504457e-05        -3.6618883620474730e-05        -1.6417798212134643e-04         2.4946861285074702e-05
37                                     2.4124376303522819e-04        -3.1681111975545519e-04         4.7760037384412607e-04        -9.0110005222387318e-05        -3.5859669386595979e-04         5.3595122604769738e-05         2.1794609408242278e-05         1.8710289169873181e-04
38                                     6.4078288185678519e-05         1.5063874534071583e-04        -2.7459614918296969e-04         2.0311417830539108e-04         4.6013462839619110e-05        -7.4447326310436289e-04         2.3432858783576388e-04         4.5189912165914431e-04
39                                    -2.3039073037994004e-04        -8.7103203617083693e-05         3.4301440344318560e-05        -1.4641647684033871e-05        -3.8228805711825153e-05         3.3808771442734556e-04        -1.8395049935770251e-04        -2.4355200199557229e-05
40                                    -1.4729636114644887e-03         2.6226808047584215e-04        -1.5074921425141280e-04         2.3981899732395342e-04        -1.6079270637117234e-04         1.8751789990232770e-04        -6.6140920950206450e-05        -1.2740742685576415e-04
41                                    -3.0743679220665440e-04         3.7482017501268609e-04        -3.7548589108553712e-04         1.2083930497407663e-04         1.4056094726089499e-04        -1.2324843197874077e-04        -6.1470807657859963e-05         1.6650598863778097e-04
42                                     5.2440316494289062e-05         2.4417050752695551e-04         8.6275545338970056e-04        -7.1360755794885032e-04         3.3002903156306566e-04        -4.2367003669083771e-05        -5.7343529767597327e-05         3.2382443449532523e-05
43                                     6.7286542384880179e-04         1.6490971814122127e-04        -7.1061313918010084e-04         5.3811054335981716e-04        -3.1642799326135802e-04        -7.1384074002270423e-05         5.7624922014910922e-05         2.0090588574870434e-05
44                                     3.7204020423772105e-04         1.1136977323617741e-04        -3.5412767554255818e-04         2.3659548321581614e-04         6.9397945865438352e-04        -5.7710011077834804e-05        -4.1588541307808130e-05        -1.6768425087741441e-05
45                                     3.1616831304114598e-04         1.0650503403661989e-04         2.2085823714509668e-04         8.7090496759458541e-05         2.7880162492788252e-05        -5.1184822900345640e-05         2.7357988029918381e-05         1.0917011386639953e-05
46                                     4.4017612179159604e-04        -8.3140325414010917e-05         9.7056089833380440e-06         2.7808282520966690e-04         1.3259874208384134e-04        -4.2479531611040661e-05         1.5666187604897480e-05         1.9587641640919623e-05
47                                    -4.5618478968170837e-04         7.6688562143810527e-05        -3.6187975378276804e-04        -8.0044785586249638e-05        -6.5057419801465153e-05        -7.6788606547479625e-05         2.7551860855243255e-05         2.5199402028244666e-05
48                                     1.5789796257647168e-04        -3.9482912991108631e-05        -1.1650269435045531e-03         6.6085680251549484e-04        -7.4503473421454885e-08        -2.0535757149140076e-05        -6.4137557406326729e-05         2.6311662207743569e-05
49                                     3.0070742865177813e-04        -1.4378488480853745e-05         1.1601184401121244e-05         3.9848451258845958e-04         8.4845754942086687e-05         9.7745258867874301e-06        -7.7232609825270802e-06        -2.0189324717977881e-05
50                                     1.4490204467063070e-04        -1.1720487792274017e-05         1.9400054847016502e-03        -7.7434608719936739e-04        -5.0698020917901046e-05        -2.4730189634776193e-05        -7.2852900796031327e-05         1.3214732354794888e-05
51                                     2.5025010884814153e-05         6.2802080764928775e-05         2.1975094864473368e-04        -7.4208615414922180e-05         2.1167491420938931e-04        -2.3108193818755875e-05        -1.6427845338312067e-04         7.5779955299619175e-05
52                                    -2.4849437305688628e-05         8.3386900796934129e-06        -4.9949748325291835e-05         5.0121180843764907e-06        -6.4671771613576153e-05        -1.6937859475445522e-04         2.2168022731401619e-04         4.7270752833310719e-05
53                                    -8.9045787378922288e-05        -1.4132282698303175e-05         2.2021065948309794e-04        -2.3887278749858784e-05        -1.6287146802601791e-05         4.4444468451426518e-05         1.9151627338261776e-05        -8.5476909167190242e-05
54                                     3.1475856411260900e-04         1.1251947566436403e-04        -1.2022723207160359e-04         2.1525788008212941e-04        -1.1428270458815427e-04        -3.4594703698900164e-05        -1.4857969524153011e-03         3.9350890925775404e-04
55                                     3.1434360397440914e-04         3.4317661676834532e-04        -9.3021720074829234e-06         2.8925349590882714e-04         1.0598069283456453e-04        -4.3380433983655959e-05        -6.3855719983197160e-04         8.3886577076498162e-05
56                                    -3.4317707200679426e-04        -2.0392178068205592e-04         1.5657485478960865e-04        -1.7901492946727888e-04         2.8344551347547487e-04         4.0414543363463819e-04         1.6887636251572387e-03        -2.2648577070602652e-05
57                                    -9.3035629495492563e-06        -1.5657495289393849e-04         5.8606015862280175e-04         9.1976483435808436e-05         1.1011256158136341e-03         1.3786597735706499e-05         2.7309240989182660e-04        -8.4440112103522494e-05
58                                     2.8925362219608036e-04         1.7901523720364128e-04         9.1977603693833398e-05         4.1938011814133093e-04         1.1930688780635961e-04         3.3690958300426037e-05         1.2090116766147651e-04        -3.8673118936358626e-05
59                                    -1.0598149753427878e-04         2.8344765093393629e-04        -1.1011264851181432e-03        -1.1930552436824245e-04        -1.8318781261991871e-03         2.9151568456861859e-04        -1.4881988432146668e-04         2.5352197342065060e-04
60                                    -3.2920881411289613e-04         4.0972639706965690e-04         9.0541928648004615e-04        -1.8455529180173326e-05        -9.8591294220021913e-05         5.2428862236654668e-04         6.2355699831686726e-04        -1.6471701857355154e-04
61                                     5.8030642483952017e-04         5.7797475279689598e-04         3.1141098411942601e-04         1.2308577351864377e-04         4.0447355116765256e-04        -1.0539570267155971e-04         1.3064132717079090e-03         4.0275367592354679e-04
62                                    -1.8084232430798266e-04         1.0173366349518040e-03         7.1316459840808314e-04         4.0114973497596822e-04         1.0442734940934420e-03        -3.7960703113693956e-04        -4.7524801197760874e-05         1.9266780991227355e-04
63                                     6.0853419036375908e-02         2.0845892968306672e-03        -3.8550580457413783e-03        -1.5444589661828177e-02        -1.0023847392423048e-03         1.1428454459816331e-04         4.4038137679008031e-04        -6.4765177572930068e-05
64                                     3.0968542831587492e-01         2.0039448432454987e-03        -7.1553126567855570e-04        -4.6453143164613565e-03        -4.1405271528869615e-04         1.4886414192582107e-05         8.0456922912098798e-05         7.5839429183816948e-05
65                                     2.0039448432454987e-03         4.9639091122064813e-02         4.9518587918928447e-03         2.4404353886790815e-02         7.9303908098199015e-04        -8.8276768077612640e-05         4.2671106683477494e-05         2.4878572790723293e-04
66                                    -7.1553126567855570e-04         4.9518587918928447e-03         1.3014751673629379e-01         2.7977685569532749e-02        -1.1908993641286536e-01        -5.2946868135726857e-05         5.2013740384621685e-05         1.9072309172361287e-04
67                                    -4.6453143164613565e-03         2.4404353886790815e-02         2.7977685569532749e-02         5.9252962844343886e-02        -4.4485365986979566e-02        -1.0898056765906586e-04         8.1502817301068383e-05        -2.5520751825379201e-05
68                                    -4.1405271528869615e-04         7.9303908098199015e-04        -1.1908993641286536e-01        -4.4485365986979566e-02         2.3507743752359411e-01        -2.8018909410755565e-04        -6.1365405340857329e-04         3.3791097092379619e-04
69                                     1.4886414192582107e-05        -8.8276768077612640e-05        -5.2946868135726857e-05        -1.0898056765906586e-04        -2.8018909410755565e-04         1.3078577264723981e-01         3.2366772015279079e-02        -1.2114127565212990e-01
70                                     8.0456922912098798e-05         4.2671106683477494e-05         5.2013740384621685e-05         8.1502817301068383e-05        -6.1365405340857329e-04         3.2366772015279079e-02         6.4262921533692507e-02        -5.0154428007325065e-02
71                                     7.5839429183816948e-05         2.4878572790723293e-04         1.9072309172361287e-04        -2.5520751825379201e-05         3.3791097092379619e-04        -1.2114127565212990e-01        -5.0154428007325065e-02         2.3015267997387689e-01
72                                    -4.3381374969708736e-05        -4.0414351518262533e-04         1.3785892378323205e-05         3.3691413680456908e-05        -2.9151493619356721e-04         9.3061893585122506e-03         4.1760381499589098e-03         1.3694594775902132e-02
73                                    -6.3855643621426195e-04        -1.6887628444390615e-03         2.7309194947330227e-04         1.2090333966571944e-04         1.4882150533478543e-04         4.1760399410250134e-03         1.0532767824656150e-03         5.5764316794642190e-03
74                                    -8.3886260673912878e-05        -2.2648253548050533e-05         8.4440114497359725e-05         3.8678086361659501e-05         2.5352124275714174e-04        -1.3694596392839740e-02        -5.5764349132004761e-03        -1.7992412548908727e-02
75                                     1.7369613954663316e-05         9.5826358646112639e-06         4.1391830582113636e-05        -4.5175684034825161e-06        -2.0098127468023044e-05         1.7885503574932370e-04        -8.5210949653149960e-05        -1.0251439514733520e-04
76                                     4.0872364270952850e-06         3.1583403320265741e-06         8.4124118518620600e-05        -4.5577742343656063e-05        -1.6112044198492604e-05         6.9504577765599554e-05        -6.0384485410756102e-05        -1.1041886004835442e-05
77                                    -8.0023315153609172e-05         7.6942042872573980e-06         2.5335773818640188e-05         6.6106740969236930e-06        -9.7387281819726133e-06         8.6511862173198421e-05         2.9179763058495854e-04         3.1465991421920512e-04
78                                     3.7206520196788229e-05         5.5599791576958950e-05        -1.3819331080643394e-05        -1.7141415859015278e-05         1.4312752739233935e-05        -1.1215426337773632e-03         9.5801585679370293e-04         4.0488440232815993e-04
79                                    -1.6612359932959464e-07         1.8495397589601327e-06        -3.4873413560150558e-05        -1.1258666806880450e-05        -1.0521124652492254e-04        -2.5638476721490328e-04         3.5807233361433323e-04         1.5629425904197349e-04
80                                    -3.1488270742772535e-05        -6.1708251274685886e-05        -4.5385641958332363e-06        -7.6941323043070071e-07         9.0190447966827745e-06         1.5544799396247167e-03        -8.3903662027184206e-04         1.2179126644532487e-05
                                                        72                          73                          74                          75                          76                          77                          78                          79

0                                      1.9009397640772589e-03        -2.7122574232465069e-04         2.7696727627059834e-04         8.9469277435283304e-04         7.0658244245699550e-04        -2.5501042415726656e-04         1.5521723465757283e-03        -5.3256864781320279e-04
1                                     -1.0122092257881243e-03         1.7980225435168156e-03         5.6762892628906643e-04         1.6963013651668181e-03         1.2061155678875467e-03        -2.4954401359997790e-04        -1.7227375872595763e-04         2.5130433969549081e-03
2                                      8.4039882826137920e-04         1.4846686500200675e-04         3.7191624897121205e-04        -8.8149894389007437e-04         6.4969693214907143e-05         3.0519032348776389e-03        -8.2975578589600208e-04        -3.9222599043024027e-04
3                                     -1.7698281957738475e-02         9.8245127394047636e-03        -1.7332652862422568e-04         7.6019546017239426e-03         3.5708628769350464e-03        -1.5981097213618654e-02        -1.7431829724788996e-02        -5.8815525549959034e-03
4                                     -7.0426546188191259e-03         2.3808521188600912e-03        -6.3019068545688839e-04         3.6205076975470017e-03        -4.1356320378808670e-04        -7.2443898319883857e-03         1.1431665149007800e-02         1.1029399799102578e-03
5                                     -2.4112032768312947e-02         1.5188474939957310e-02        -2.4123648679963633e-03         1.5004731962615581e-02         5.5674820782882148e-03        -2.5039354513109013e-02        -4.8094621818237093e-04         3.1812491145316070e-04
6                                     -3.8655611810350550e-03         3.3017959582892606e-03        -3.0442646081029444e-04        -1.2190962628227610e-03        -8.3618093435478393e-04         5.0617999981595529e-03         2.7726256628463487e-04         4.6337044990240727e-05
7                                      4.0395878530669373e-03        -2.0492551968427485e-03         7.1665120537947147e-04        -8.2680040092353020e-04         5.4053571861991875e-05         1.8738284723741534e-03        -3.6956805885012597e-04         2.1067299958175663e-04
8                                      1.7649827659948526e-03        -1.5630011305287506e-04         1.5173165325451802e-03         2.7165989623482503e-03         1.7401641079371104e-03        -3.2811265748379989e-03        -1.3964336194396826e-03        -2.7074950864376104e-04
9                                      4.3564782371118948e-04         2.5175192879239470e-04         1.8201140284007308e-04        -3.1493171557462002e-04        -1.8124488255580069e-04         1.7170515973962243e-04         1.8374202600561203e-05        -1.4408854464756420e-04
10                                     5.2947100708252781e-04        -4.2369722257597664e-04         1.3538923971330007e-04        -1.5914894139524086e-04        -1.2378999309753337e-04         6.7973038359132789e-04         1.1029269580802275e-04        -2.5580403097261715e-04
11                                     2.4713549651669397e-04        -6.9765160075887286e-05        -1.2019366788847390e-04        -5.1963936371713162e-06         3.6362395680682950e-04         2.9346866040594853e-04         1.9863058611268550e-04        -5.9983743600112256e-05
12                                     1.7306549013879481e-04         3.4744107542841892e-05         5.4562271275551905e-05         5.5952259251199499e-04        -5.6921415171327060e-04         4.3109837634902962e-04         6.8345886376080991e-04         1.2969169217459428e-03
13                                     2.5423066253772004e-05         8.7663521278491608e-05         5.4907861928607895e-05        -2.4828593089325727e-03        -6.4965609269347357e-03         3.2865112020071842e-04        -2.3030086609272500e-04         1.3464550211756739e-03
14                                    -8.1685777764238120e-05        -3.7520736143428448e-05        -5.6641735537122022e-05         9.1754389171940821e-04         1.5022117840781694e-03         1.6347407891781490e-03         7.9907437395330071e-05         7.0537953046696886e-04
15                                    -1.1635809345500459e-04        -1.6087223853498316e-05        -2.2033851903857833e-04        -5.9604005207779340e-03        -1.6520570078903070e-02         8.9920221313311618e-04         6.7346281082572273e-03         2.7031459982716284e-02
16                                     7.5573766371471061e-05        -2.5304319229798618e-04        -1.9684240281670875e-04        -1.2329756297168948e-03        -7.6265721211444294e-03         1.0126025052840590e-04        -4.8732360678000221e-03        -1.8363618981853784e-02
17                                     1.1791139361341609e-04         7.4683170824367513e-05         9.2172280563994737e-05        -6.6946308713484344e-03        -2.6434286551767997e-02         1.0030651791189003e-03        -6.8582969992103031e-04        -4.6331805075974488e-04
18                                     6.3381997113554425e-05         4.1663088334720037e-04         5.0725471234189701e-04         3.2697843140127442e-04        -8.4223315831077894e-04         2.3751375682554100e-05         8.9237367851508018e-04        -4.0503392110386597e-03
19                                     1.8314249511423158e-04         1.5207227758484492e-03         4.9642100365184080e-04         9.5176418256569717e-04         1.5627136716132826e-03         1.0864830723826676e-04        -1.8051149684648639e-03        -6.0005688634036086e-03
20                                    -5.0479648612346934e-04        -1.1706732501470527e-03         5.8971797210198183e-04         4.1963750349105153e-04        -7.2909462265417150e-04         1.8956386836000257e-04        -2.5472574927684036e-04        -1.9441685830412844e-04
21                                    -4.4483452874126191e-03        -1.7972039002773603e-02         9.3466015919990188e-04         1.1612351298695981e-05        -4.0289398784915998e-06         1.8798433728082272e-04        -4.4590914555373874e-05        -2.2056590467479670e-04
22                                    -1.6886157588108970e-03        -7.4527851432301846e-03        -7.4959831110749109e-06        -3.2199840684088161e-04        -1.4751852260028490e-04        -9.1538789505436237e-05        -5.3166648680032409e-04        -4.7907388545706704e-05
23                                    -4.5161580492593008e-03        -2.6525090582636239e-02        -8.7108835738328692e-04        -4.5708645403343389e-05         8.5039196993633940e-05        -1.2130813134616125e-04        -1.1283442566085858e-04         4.0615665341057604e-04
24                                     9.7592690236705847e-04        -1.0445250573286090e-03         5.4023498606553880e-04         2.3762812892693893e-06        -5.1598218648627161e-05        -1.2942104697443205e-04        -3.3693619678505779e-05         5.3895912214995691e-05
25                                    -1.2039987530074823e-03        -6.7111906863974082e-03        -4.9452820862006842e-04         5.9830322165249313e-05         1.0184931458116732e-04         1.1121650517278352e-04        -5.3659936484395194e-05         1.2413078902652670e-04
26                                     8.7592783604532615e-04         1.7603099524460845e-03         1.4219659325700983e-03        -2.8092349711310869e-05         2.8140068659647153e-05         8.8476253892250415e-05        -1.2294516582003973e-04         1.1339052235088943e-04
27                                    -1.1858659484172500e-01        -3.0290745631834440e-02        -1.0953262298527337e-01         1.0849352754581055e-03         1.7434412839280864e-04        -1.6223700757445163e-03        -5.1737749583651363e-04        -1.6291956971808807e-03
28                                    -2.9171783026985053e-02        -5.6417009942901691e-02        -4.4782782478721361e-02         2.2292462451906086e-04        -2.7613266224534722e-06         3.4064639482000395e-04        -2.1148609330095157e-03         5.7032231876484683e-04
29                                    -1.0775821116550399e-01        -4.4939968612173871e-02        -2.1518722093404530e-01         4.8774793819501838e-04        -4.9928060045494179e-04         7.7511774982818964e-04         4.1756043637318037e-03         1.0978632292909744e-03
30                                     1.0936850884220011e-03        -7.6887578753494484e-04         8.4640757605231802e-04        -1.2099411021114589e-01        -2.7836573895722607e-02        -1.0990023553002712e-01        -2.1772618669579713e-01         1.1383977503170487e-01
31                                    -5.5858018953990670e-04         3.8820181846991090e-04         2.1352419425159605e-04        -2.8786059317133419e-02        -5.7181043919544108e-02        -4.4613470193730513e-02         1.1467676922539209e-01        -1.2030019165265324e-01
32                                    -1.3637667993308213e-03         5.0198658800720689e-04         4.7609818062156425e-04        -1.1181783233407268e-01        -4.5201693324457129e-02        -2.1126528331474892e-01        -8.2914017029858157e-04        -9.2622255428434584e-04
33                                     1.9412941034436444e-04        -1.8155872248979565e-04         1.7870632231191885e-04        -4.1478729662226431e-05         1.7854466288869095e-04        -3.2171947895549705e-05        -4.9110079939227022e-04         5.7955188598650734e-04
34                                    -2.8645922958577550e-04         3.2401287942782309e-04         1.2705400234207118e-04        -1.7448119792074618e-04        -3.7013520463125430e-05         3.4414053001819350e-05        -1.1157498962618591e-03        -1.2236270778146472e-04
35                                     2.4237960734463431e-04        -3.3880964379837225e-05         1.2641181015975010e-04        -4.3659699186769879e-05         8.0387773815893105e-05        -2.7742275656644972e-04         6.8933397733319439e-04         3.1610160042827167e-06
36                                     1.7885594974787679e-04        -8.5212032150469024e-05         1.0251588457145720e-04         6.2542516313351568e-04         4.2620675291722865e-05        -8.1895602770555988e-04         1.6195509825303191e-04        -8.8597561264357560e-05
37                                     6.9504254642453503e-05        -6.0384850571450753e-05         1.1038911231860996e-05         4.2618803128986320e-05         4.1112569070868830e-04        -5.2281630238221123e-04        -2.9798021495537700e-04         2.7470434778448480e-05
38                                    -8.6511270173994585e-05        -2.9179960468995168e-04         3.1466014511090097e-04         8.1895683052210554e-04         5.2281741067469398e-04        -1.8050152502972973e-03        -5.7079551177243305e-05        -1.4242477117440991e-04
39                                    -1.1215431172203636e-03         9.5801471034019225e-04        -4.0488362205992964e-04         1.6195087942567774e-04        -2.9797987006390826e-04         5.7077651968477465e-05         7.4392916460241563e-04        -4.3642528585855736e-05
40                                    -2.5638457130634372e-04         3.5807371927685063e-04        -1.5629428272280070e-04        -8.8599942884692059e-05         2.7471082776186250e-05         1.4242236085649821e-04        -4.3643180458293005e-05        -2.3411600165026343e-05
41                                    -1.5544819649827984e-03         8.3903483926608675e-04         1.2183043962751518e-05         8.6952154646397091e-05        -2.0160469022750723e-04         2.5149159242070755e-04         3.0051794861186379e-04        -2.0725342472674283e-04
42                                    -2.3108686887097544e-05        -1.6427783530548621e-04        -7.5780299842729255e-05         3.4220868905772828e-05         1.0458468555880130e-04        -1.2797093209500812e-04         1.3705298427493077e-05        -4.3167832059626875e-06
43                                    -1.6937591708917666e-04         2.2168251699564457e-04        -4.7273562406230344e-05         7.9674999458252796e-05         8.7470814557242987e-05        -1.8764152288594231e-04         5.7897573118666706e-05         1.0514586196735187e-05
44                                    -4.4446286286273294e-05        -1.9150183609967133e-05        -8.5481043013966714e-05        -1.4581329341349623e-04        -1.6814191329549515e-04        -2.0393506128007062e-05         5.2496177456172227e-06        -1.0301524495167255e-04
45                                    -5.1183621814426021e-05         2.7360450055947997e-05        -1.0916401595852210e-05        -1.1517289375372915e-04        -1.0922691904925621e-03        -2.2327762727021182e-05         2.3411333257064977e-04        -2.1320885049758642e-04
46                                    -4.2481426267830470e-05         1.5664198470439395e-05        -1.9587701214603121e-05        -4.5105401909345245e-04        -6.3494472307160305e-04         7.1619989677415086e-05         3.8607515419508199e-05         2.1254642776099932e-04
47                                     7.6788041941876510e-05        -2.7552473509288995e-05         2.5201100604809312e-05        -8.7268276392459497e-04        -1.8183347977390974e-03         5.7409002521760828e-05         1.5602539407563891e-04         3.3174409353307243e-04
48                                    -2.0533778612142156e-05        -6.4136727809869349e-05        -2.6312792105947662e-05         2.9281891920677680e-04        -7.3903090493738764e-05        -1.1068960466364947e-04         1.1882724853512017e-04        -6.0916994261804016e-04
49                                     9.7761688965087300e-06        -7.7219003533547404e-06         2.0187924572233974e-05         3.1993485294710671e-05         1.8651555956061873e-04         5.6944983499504394e-05         9.1409432245916826e-05         1.7885099057519287e-04
50                                     2.4729993883472501e-05         7.2852199182578525e-05         1.3214933884941912e-05         3.1683032926574817e-04         1.6967655598921133e-04        -7.6550233720454805e-05         2.6293507407857444e-04        -3.7865348907893507e-04
51                                    -4.2366401830845535e-05        -5.7343702075287246e-05        -3.2379831558837084e-05         7.5139666663916888e-06         2.3543161324174637e-04        -1.7572402822441189e-05         6.0782585619101326e-04        -1.5918492250684081e-04
52                                    -7.1386102942384554e-05         5.7625927747763404e-05        -2.0090036198974257e-05         1.9402273515297871e-04         1.3306065314840649e-03        -4.8751860070089977e-04         6.5082594636261528e-04         1.2752859607838190e-03
53                                     5.7711394242141581e-05         4.1586940012978038e-05        -1.6770110318558884e-05         9.0013489803322582e-05         4.2793331593725175e-04         6.2568412438761918e-04        -1.3927879328939755e-04         3.6046890839257781e-04
54                                     1.1428499618342188e-04         4.4038162080054964e-04         6.4764126923386018e-05         5.0811052117864940e-05        -1.8284479680048018e-04         1.5000798737989176e-04         3.3562218320525142e-04         1.8769872884226116e-03
55                                     1.4886358062891965e-05         8.0459281213165354e-05        -7.5841562317731788e-05        -1.9808205002515340e-05         2.4124687666150028e-04        -6.4079419930157305e-05        -2.3039109974999021e-04        -1.4729661104759817e-03
56                                     8.8276400868632268e-05        -4.2668994347269676e-05         2.4878471957565334e-04         2.2162090405064918e-04         3.1681151089959651e-04         1.5063639156737217e-04         8.7104564802470186e-05        -2.6226893629730593e-04
57                                    -5.2946223869006562e-05         5.2014920135323695e-05        -1.9072311636006965e-04         4.0516653933763292e-04         4.7760068174112786e-04         2.7459484152018499e-04         3.4300907284356992e-05        -1.5074959304718771e-04
58                                    -1.0897960490282872e-04         8.1503975599556811e-05         2.5517501602782795e-05        -1.3950364499293982e-05        -9.0108809292328883e-05        -2.0311295570660373e-04        -1.4644477550737253e-05         2.3981954850142768e-04
59                                     2.8019271831858443e-04         6.1365225072278077e-04         3.3791347808314416e-04         7.2319860157434696e-05         3.5859190937047146e-04         4.6013793483968711e-05         3.8229056036667496e-05         1.6079023899094930e-04
60                                     5.2428798005055982e-04         6.2355512956194042e-04         1.6471974985950892e-04         5.9712092716695880e-06         8.7132403920884091e-05         1.9741786977455817e-05        -1.5612104845796052e-05         1.6208832913145263e-04
61                                    -1.0539727352436019e-04         1.3064147880286975e-03        -4.0275574655549004e-04         2.3645013452403425e-05        -1.3005285746763789e-06        -8.6699300813480182e-05         1.9169753951537533e-04         4.8031985258797001e-05
62                                     3.7960826750553278e-04         4.7525196979696527e-05         1.9266637843277007e-04        -4.6423773966694092e-05        -2.9102149829840944e-05        -1.6217181747040904e-06        -6.3439416482992218e-05        -1.5869637039062144e-04
63                                    -3.4594515825510426e-05        -1.4857992746662736e-03        -3.9350830644171617e-04        -2.5396282777901774e-05        -4.3218802122119114e-06         7.3817841209300515e-05         5.3861469885206826e-05        -1.0283395972886749e-05
64                                    -4.3381374969708736e-05        -6.3855643621426195e-04        -8.3886260673912878e-05         1.7369613954663316e-05         4.0872364270952850e-06        -8.0023315153609172e-05         3.7206520196788229e-05        -1.6612359932959464e-07
65                                    -4.0414351518262533e-04        -1.6887628444390615e-03        -2.2648253548050533e-05         9.5826358646112639e-06         3.1583403320265741e-06         7.6942042872573980e-06         5.5599791576958950e-05         1.8495397589601327e-06
66                                     1.3785892378323205e-05         2.7309194947330227e-04         8.4440114497359725e-05         4.1391830582113636e-05         8.4124118518620600e-05         2.5335773818640188e-05        -1.3819331080643394e-05        -3.4873413560150558e-05
67                                     3.3691413680456908e-05         1.2090333966571944e-04         3.8678086361659501e-05        -4.5175684034825161e-06        -4.5577742343656063e-05         6.6106740969236930e-06        -1.7141415859015278e-05        -1.1258666806880450e-05
68                                    -2.9151493619356721e-04         1.4882150533478543e-04         2.5352124275714174e-04        -2.0098127468023044e-05        -1.6112044198492604e-05        -9.7387281819726133e-06         1.4312752739233935e-05        -1.0521124652492254e-04
69                                     9.3061893585122506e-03         4.1760399410250134e-03        -1.3694596392839740e-02         1.7885503574932370e-04         6.9504577765599554e-05         8.6511862173198421e-05        -1.1215426337773632e-03        -2.5638476721490328e-04
70                                     4.1760381499589098e-03         1.0532767824656150e-03        -5.5764349132004761e-03        -8.5210949653149960e-05        -6.0384485410756102e-05         2.9179763058495854e-04         9.5801585679370293e-04         3.5807233361433323e-04
71                                     1.3694594775902132e-02         5.5764316794642190e-03        -1.7992412548908727e-02        -1.0251439514733520e-04        -1.1041886004835442e-05         3.1465991421920512e-04         4.0488440232815993e-04         1.5629425904197349e-04
72                                     1.3078576960043395e-01         3.2366769535596529e-02         1.2114127508445621e-01        -3.6620966662335693e-05         5.3595103901056274e-05         7.4447258970222340e-04         3.3808842060727623e-04         1.8752052605175483e-04
73                                     3.2366769535596529e-02         6.4262909945052765e-02         5.0154436672327392e-02        -1.6417796375455153e-04         2.1793914831904657e-05        -2.3432921219712275e-04        -1.8395179560428375e-04        -6.6139475364637286e-05
74                                     1.2114127508445621e-01         5.0154436672327392e-02         2.3015266806795626e-01        -2.4943619485745668e-05        -1.8710465363629651e-04         4.5190265303651626e-04         2.4353475751838765e-05         1.2740511217236908e-04
75                                    -3.6620966662335693e-05        -1.6417796375455153e-04        -2.4943619485745668e-05         1.2876313182933560e-01         3.4087359503665204e-02         1.1952300465169619e-01        -1.2342122018591068e-02        -6.1924909344174854e-03
76                                     5.3595103901056274e-05         2.1793914831904657e-05        -1.8710465363629651e-04         3.4087359503665204e-02         6.3928863486407389e-02         4.9689119934332351e-02         8.5967964183728991e-03         3.6972265035290853e-03
77                                     7.4447258970222340e-04        -2.3432921219712275e-04         4.5190265303651626e-04         1.1952300465169619e-01         4.9689119934332351e-02         2.3236306894608455e-01         1.2695049232358275e-03         2.7739078338274818e-04
78                                     3.3808842060727623e-04        -1.8395179560428375e-04         2.4353475751838765e-05        -1.2342122018591068e-02         8.5967964183728991e-03         1.2695049232358275e-03         2.3693737659278780e-01        -1.2482016019264415e-01
79                                     1.8752052605175483e-04        -6.6139475364637286e-05         1.2740511217236908e-04        -6.1924909344174854e-03         3.6972265035290853e-03         2.7739078338274818e-04        -1.2482016019264415e-01         1.3474901232520944e-01
80                                     1.2324955813636603e-04         6.1467767702709969e-05         1.6650679770116271e-04        -1.9938234305314977e-02         1.4326531212172257e-02         5.9291836944095505e-04        -2.8583011760066365e-03        -3.7309701776894823e-04
                                                        80

0                                     -1.6125908811968591e-03
1                                     -1.7352627093934880e-03
2                                      1.1983192881674766e-03
3                                      2.3646659130138761e-02
4                                     -1.5744189433295523e-02
5                                     -1.8780484293110244e-03
6                                      7.5037106372021281e-04
7                                     -4.7656304625353523e-04
8                                      1.4398660639516354e-03
9                                      6.5982858140135794e-05
10                                     1.9483656386894469e-04
11                                    -1.7956610581525189e-05
12                                     3.5942310216576287e-04
13                                    -5.9457128376545223e-04
14                                     6.5783641176120393e-05
15                                    -1.7398700471591066e-03
16                                     4.3577605960760891e-04
17                                    -1.4258036068656357e-03
18                                     2.3133562712131597e-04
19                                     8.2206629009041912e-04
20                                     6.5702980875591201e-04
21                                    -1.6470133452448380e-04
22                                     5.6321491559794493e-04
23                                    -5.6563272345278850e-05
24                                    -3.2819926522923175e-05
25                                     2.1334280490327168e-06
26                                     1.1220745627128566e-04
27                                     2.1597153157218120e-03
28                                     1.9255408464036537e-03
29                                    -4.2477618205388869e-03
30                                    -1.4422389115872343e-03
31                                     2.8692489125414951e-04
32                                    -4.7136478938151698e-02
33                                    -3.6226551029463425e-04
34                                     8.6058428143556969e-04
35                                    -1.4029099156204153e-05
36                                    -8.6951267178219356e-05
37                                     2.0160804512999036e-04
38                                     2.5149175127902473e-04
39                                    -3.0051359571433390e-04
40                                     2.0725563320013707e-04
41                                    -2.4734292431035005e-04
42                                    -5.5676811149476757e-05
43                                    -3.2728617561210946e-05
44                                    -9.7584264188577881e-06
45                                     5.5088163172014310e-05
46                                     2.5490475132597083e-05
47                                    -4.5329530884632852e-06
48                                    -9.5901092325600306e-06
49                                    -1.2206306089868095e-04
50                                     9.3446853863962811e-05
51                                    -3.3114884846993469e-04
52                                    -4.1964133889747833e-05
53                                     1.1439077449576810e-04
54                                    -1.8862496327647232e-04
55                                     3.0743520872367365e-04
56                                     3.7481924409701986e-04
57                                     3.7548634198505216e-04
58                                    -1.2083909556646811e-04
59                                     1.4055855504344509e-04
60                                    -8.6304727278535402e-05
61                                    -1.3077450704419925e-04
62                                     6.8754266756232391e-05
63                                    -3.8903714928118188e-05
64                                    -3.1488270742772535e-05
65                                    -6.1708251274685886e-05
66                                    -4.5385641958332363e-06
67                                    -7.6941323043070071e-07
68                                     9.0190447966827745e-06
69                                     1.5544799396247167e-03
70                                    -8.3903662027184206e-04
71                                     1.2179126644532487e-05
72                                     1.2324955813636603e-04
73                                     6.1467767702709969e-05
74                                     1.6650679770116271e-04
75                                    -1.9938234305314977e-02
76                                     1.4326531212172257e-02
77                                     5.9291836944095505e-04
78                                    -2.8583011760066365e-03
79                                    -3.7309701776894823e-04
80                                     4.9802693289601387e-02
   &MODES [&Type "ArrayOfDoubles", &Dim (81,81)] "The modes of vibrations"
                                                         0                           1                           2                           3                           4                           5                           6                           7

0                                      8.1047550079307570e-02         0.0000000000000000e+00         0.0000000000000000e+00        -1.2376860178859718e-01         0.0000000000000000e+00         0.0000000000000000e+00         0.0000000000000000e+00        -1.2931575954216662e-01
1                                      0.0000000000000000e+00         8.1047550079307570e-02         0.0000000000000000e+00         3.3544443966978747e-02         0.0000000000000000e+00         0.0000000000000000e+00         0.0000000000000000e+00         3.7990372860265520e-02
2                                      0.0000000000000000e+00         0.0000000000000000e+00         8.1047550079307570e-02         0.0000000000000000e+00         1.2701302046397736e-01        -1.8516863514168397e-02         6.7493762681189617e-02         0.0000000000000000e+00
3                                      8.1047550079307570e-02         0.0000000000000000e+00         0.0000000000000000e+00        -5.7117193159616754e-02         0.0000000000000000e+00         0.0000000000000000e+00         0.0000000000000000e+00         8.7025662819793185e-03
4                                      0.0000000000000000e+00         8.1047550079307570e-02         0.0000000000000000e+00         1.4021758696717172e-02         0.0000000000000000e+00         0.0000000000000000e+00         0.0000000000000000e+00        -2.6195749862650440e-03
5                                      0.0000000000000000e+00         0.0000000000000000e+00         8.1047550079307570e-02         0.0000000000000000e+00         5.8468536276680021e-02        -6.8183141979255230e-03        -1.4239180259121909e-02         0.0000000000000000e+00
6                                      8.1047550079307557e-02         0.0000000000000000e+00         0.0000000000000000e+00        -4.1288381557592603e-02         6.0322386586531126e-03        -7.1397819326532608e-02         1.5077243358840815e-02         7.0154214911664056e-02
7                                      0.0000000000000000e+00         8.1047550079307557e-02         0.0000000000000000e+00        -2.5703236329947039e-02         6.0244291983844726e-02         1.0329439531300564e-02        -4.3193800857033067e-03        -2.6898850447680426e-02
8                                      0.0000000000000000e+00         0.0000000000000000e+00         8.1047550079307557e-02         0.0000000000000000e+00         3.8679895119230000e-02         3.7507389245236597e-02        -3.0531209695890266e-02        -3.1703424955743284e-02
9                                      8.1047550079307557e-02         0.0000000000000000e+00         0.0000000000000000e+00         3.0675781158840738e-02         6.0550651277626001e-03        -7.1667994332789045e-02         4.1134298667221698e-03         1.4707953292335981e-02
10                                     0.0000000000000000e+00         8.1047550079307557e-02         0.0000000000000000e+00        -4.3608688003891151e-02         6.0472261158774430e-02         1.0368526949044112e-02        -1.1996925832315663e-02        -3.8539352088099218e-03
11                                     0.0000000000000000e+00         0.0000000000000000e+00         8.1047550079307557e-02         0.0000000000000000e+00        -3.5010776058954383e-02         4.6380916261150505e-02        -1.1610544851481703e-02        -2.8324906612585102e-03
12                                     8.1047550079307570e-02         0.0000000000000000e+00         0.0000000000000000e+00         4.6269633877303304e-02         0.0000000000000000e+00         0.0000000000000000e+00         0.0000000000000000e+00        -2.3939159900957612e-02
13                                     0.0000000000000000e+00         8.1047550079307570e-02         0.0000000000000000e+00        -8.3348797477542078e-02         0.0000000000000000e+00         0.0000000000000000e+00         0.0000000000000000e+00         1.0451021355745888e-01
14                                     0.0000000000000000e+00         0.0000000000000000e+00         8.1047550079307570e-02         0.0000000000000000e+00        -5.4566181763255027e-02         9.0764765922318469e-02        -1.1812517302707139e-02         0.0000000000000000e+00
15                                     8.1047550079307557e-02         0.0000000000000000e+00         0.0000000000000000e+00         3.0675781158840738e-02        -6.0550651277626001e-03         7.1667994332789045e-02        -4.1134298667221698e-03         1.4707953292335981e-02
16                                     0.0000000000000000e+00         8.1047550079307557e-02         0.0000000000000000e+00        -4.3608688003891151e-02        -6.0472261158774430e-02        -1.0368526949044112e-02         1.1996925832315663e-02        -3.8539352088099218e-03
17                                     0.0000000000000000e+00         0.0000000000000000e+00         8.1047550079307557e-02         0.0000000000000000e+00        -3.5010776058954383e-02         4.6380916261150505e-02        -1.1610544851481703e-02         2.8324906612585102e-03
18                                     8.1047550079307557e-02         0.0000000000000000e+00         0.0000000000000000e+00         7.1087601477524076e-02        -6.0461777333295262e-03         7.1562802774907605e-02         2.3093259290396760e-02        -1.1980251227013220e-02
19                                     0.0000000000000000e+00         8.1047550079307557e-02         0.0000000000000000e+00         1.8458794011238164e-02        -6.0383502272480426e-02        -1.0353308419310451e-02         5.3536814609697982e-02        -4.5871488129046463e-02
20                                     0.0000000000000000e+00         0.0000000000000000e+00         8.1047550079307557e-02         0.0000000000000000e+00        -6.9177035965942615e-02        -3.4034201692234325e-02         2.1113389382048847e-02        -2.6881436120102586e-02
21                                     8.1047550079307570e-02         0.0000000000000000e+00         0.0000000000000000e+00         5.5301414223735683e-02         0.0000000000000000e+00         0.0000000000000000e+00         0.0000000000000000e+00         1.0377947864930301e-02
22                                     0.0000000000000000e+00         8.1047550079307570e-02         0.0000000000000000e+00         5.8284128424459160e-02         0.0000000000000000e+00         0.0000000000000000e+00         0.0000000000000000e+00        -1.9427152857007192e-03
23                                     0.0000000000000000e+00         0.0000000000000000e+00         8.1047550079307570e-02         0.0000000000000000e+00        -4.9420942901824590e-02        -7.8486015963956657e-02        -8.8416893494878378e-03         0.0000000000000000e+00
24                                     8.1047550079307557e-02         0.0000000000000000e+00         0.0000000000000000e+00         7.1087601477524076e-02         6.0461777333295262e-03        -7.1562802774907605e-02        -2.3093259290396760e-02        -1.1980251227013220e-02
25                                     0.0000000000000000e+00         8.1047550079307557e-02         0.0000000000000000e+00         1.8458794011238164e-02         6.0383502272480426e-02         1.0353308419310451e-02        -5.3536814609697982e-02        -4.5871488129046463e-02
26                                     0.0000000000000000e+00         0.0000000000000000e+00         8.1047550079307557e-02         0.0000000000000000e+00        -6.9177035965942615e-02        -3.4034201692234325e-02         2.1113389382048847e-02         2.6881436120102586e-02
27                                     8.1047550079307570e-02         0.0000000000000000e+00         0.0000000000000000e+00        -1.6783123011821163e-02         0.0000000000000000e+00         0.0000000000000000e+00         0.0000000000000000e+00         2.2069095784230844e-02
28                                     0.0000000000000000e+00         8.1047550079307570e-02         0.0000000000000000e+00         7.5657588780726148e-02         0.0000000000000000e+00         0.0000000000000000e+00         0.0000000000000000e+00         1.3726660727839082e-02
29                                     0.0000000000000000e+00         0.0000000000000000e+00         8.1047550079307570e-02         0.0000000000000000e+00         2.4336774327379115e-02        -8.6709006161390004e-02        -6.1945168986777294e-02         0.0000000000000000e+00
30                                     8.1047550079307557e-02         0.0000000000000000e+00         0.0000000000000000e+00        -4.1288381557592603e-02        -6.0322386586531126e-03         7.1397819326532608e-02        -1.5077243358840815e-02         7.0154214911664056e-02
31                                     0.0000000000000000e+00         8.1047550079307557e-02         0.0000000000000000e+00        -2.5703236329947039e-02        -6.0244291983844726e-02        -1.0329439531300564e-02         4.3193800857033067e-03        -2.6898850447680426e-02
32                                     0.0000000000000000e+00         0.0000000000000000e+00         8.1047550079307557e-02         0.0000000000000000e+00         3.8679895119230000e-02         3.7507389245236597e-02        -3.0531209695890266e-02         3.1703424955743284e-02
33                                     8.1047550079307584e-02         0.0000000000000000e+00         0.0000000000000000e+00        -1.4937134433770519e-01         0.0000000000000000e+00         0.0000000000000000e+00         0.0000000000000000e+00        -1.9436476473868766e-01
34                                     0.0000000000000000e+00         8.1047550079307584e-02         0.0000000000000000e+00        -5.4405103590836300e-03         0.0000000000000000e+00         0.0000000000000000e+00         0.0000000000000000e+00        -6.1208413876549170e-02
35                                     0.0000000000000000e+00         0.0000000000000000e+00         8.1047550079307584e-02         0.0000000000000000e+00         1.4869269161652635e-01         3.2030009333361378e-02         7.9474678678134247e-01         0.0000000000000000e+00
36                                     8.1047550079307570e-02         0.0000000000000000e+00         0.0000000000000000e+00        -5.3472082631493084e-02         1.0343985995354490e-02        -1.2243183418366362e-01         3.5051624029180585e-02         1.4399372432953222e-01
37                                     0.0000000000000000e+00         8.1047550079307570e-02         0.0000000000000000e+00         2.5731100526862377e-03         1.0330594458278246e-01         1.7712757053861519e-02        -2.4384297520020051e-02        -6.9792250021799465e-02
38                                     0.0000000000000000e+00         0.0000000000000000e+00         8.1047550079307570e-02         0.0000000000000000e+00         5.3681387581597212e-02         6.1132854755636696e-03        -2.2841975706284746e-02         4.2215350941374992e-03
39                                     8.1047550079307570e-02         0.0000000000000000e+00         0.0000000000000000e+00        -7.1107124361768845e-02         6.0810177293326518e-03        -7.1975170368553790e-02         1.9437915151218392e-02         9.2624489162647955e-02
40                                     0.0000000000000000e+00         8.1047550079307570e-02         0.0000000000000000e+00        -6.9578948706187721e-02         6.0731451186755783e-02         1.0412967470012762e-02        -1.6861158432704489e-03         4.7069084264879700e-03
41                                     0.0000000000000000e+00         0.0000000000000000e+00         8.1047550079307570e-02         0.0000000000000000e+00         6.4082504261252796e-02         9.4567493922893056e-02        -6.1889237066693373e-02        -1.1645986815972427e-01
42                                     8.1047550079307570e-02         0.0000000000000000e+00         0.0000000000000000e+00         4.1576780430510288e-02         1.0391206731702095e-02        -1.2299074071786974e-01         4.9536143336466791e-03         1.2844257812573133e-02
43                                     0.0000000000000000e+00         8.1047550079307570e-02         0.0000000000000000e+00        -7.2019452501281431e-02         1.0377754061689104e-01         1.7793616543733719e-02        -1.6219846199117184e-02        -7.5356967364545368e-03
44                                     0.0000000000000000e+00         0.0000000000000000e+00         8.1047550079307570e-02         0.0000000000000000e+00        -4.8744167868412416e-02         7.8153913954849469e-02        -1.1278567171220177e-02        -7.3604336647265271e-04
45                                     8.1047550079307584e-02         0.0000000000000000e+00         0.0000000000000000e+00         9.7477412457482315e-02         0.0000000000000000e+00         0.0000000000000000e+00         0.0000000000000000e+00        -1.8612188641593860e-01
46                                     0.0000000000000000e+00         8.1047550079307584e-02         0.0000000000000000e+00        -9.6898182604695862e-02         0.0000000000000000e+00         0.0000000000000000e+00         0.0000000000000000e+00         1.4803523297041141e-01
47                                     0.0000000000000000e+00         0.0000000000000000e+00         8.1047550079307584e-02         0.0000000000000000e+00        -1.0708336401063384e-01         9.8036067823474973e-02        -7.8173937595911822e-03         0.0000000000000000e+00
48                                     8.1047550079307584e-02         0.0000000000000000e+00         0.0000000000000000e+00         1.8023805735439290e-02         0.0000000000000000e+00         0.0000000000000000e+00         0.0000000000000000e+00         6.4942603365911539e-02
49                                     0.0000000000000000e+00         8.1047550079307584e-02         0.0000000000000000e+00        -1.2817293047697748e-01         0.0000000000000000e+00         0.0000000000000000e+00         0.0000000000000000e+00         2.4665122836731121e-01
50                                     0.0000000000000000e+00         0.0000000000000000e+00         8.1047550079307584e-02         0.0000000000000000e+00        -3.0829951730101800e-02         1.4867842088808828e-01        -1.1357050166336221e-02         0.0000000000000000e+00
51                                     8.1047550079307570e-02         0.0000000000000000e+00         0.0000000000000000e+00         4.1576780430510288e-02        -1.0391206731702095e-02         1.2299074071786974e-01        -4.9536143336466791e-03         1.2844257812573133e-02
52                                     0.0000000000000000e+00         8.1047550079307570e-02         0.0000000000000000e+00        -7.2019452501281431e-02        -1.0377754061689104e-01        -1.7793616543733719e-02         1.6219846199117184e-02        -7.5356967364545368e-03
53                                     0.0000000000000000e+00         0.0000000000000000e+00         8.1047550079307570e-02         0.0000000000000000e+00        -4.8744167868412416e-02         7.8153913954849469e-02        -1.1278567171220177e-02         7.3604336647265271e-04
54                                     8.1047550079307570e-02         0.0000000000000000e+00         0.0000000000000000e+00         1.2266046692386494e-01        -6.1095071552519677e-03         7.2312372359324834e-02         6.5755288678621585e-02        -4.0163743730782998e-02
55                                     0.0000000000000000e+00         8.1047550079307570e-02         0.0000000000000000e+00         6.3952132310190982e-03        -6.1015976615979850e-02        -1.0461751979208678e-02         4.4873664751577405e-02        -4.0479533427279397e-02
56                                     0.0000000000000000e+00         0.0000000000000000e+00         8.1047550079307570e-02         0.0000000000000000e+00        -1.2191033742674291e-01        -2.8584740426427120e-02         9.7713395472343825e-02        -1.0584573085267689e-01
57                                     8.1047550079307570e-02         0.0000000000000000e+00         0.0000000000000000e+00         6.0916189851401188e-02        -1.0406750438940581e-02         1.2317471666177346e-01         2.4004447142251313e-02        -2.9822885643863900e-02
58                                     0.0000000000000000e+00         8.1047550079307570e-02         0.0000000000000000e+00         4.6803043234124903e-02        -1.0393277645724422e-01        -1.7820233160399230e-02         1.3956153072214175e-01        -1.2238185990075083e-01
59                                     0.0000000000000000e+00         0.0000000000000000e+00         8.1047550079307570e-02         0.0000000000000000e+00        -5.6179229563799622e-02        -6.5853422492662239e-02         7.7878240633059818e-04         2.1907386457882200e-03
60                                     8.1047550079307584e-02         0.0000000000000000e+00         0.0000000000000000e+00         8.3911173225411764e-02         0.0000000000000000e+00         0.0000000000000000e+00         0.0000000000000000e+00         1.4900226338516885e-02
61                                     0.0000000000000000e+00         8.1047550079307584e-02         0.0000000000000000e+00         1.0284127829872569e-01         0.0000000000000000e+00         0.0000000000000000e+00         0.0000000000000000e+00         5.3890035671108069e-03
62                                     0.0000000000000000e+00         0.0000000000000000e+00         8.1047550079307584e-02         0.0000000000000000e+00        -7.3547485243570548e-02        -1.3614588682878820e-01         1.4353841421767151e-03         0.0000000000000000e+00
63                                     8.1047550079307570e-02         0.0000000000000000e+00         0.0000000000000000e+00         1.2266046692386494e-01         6.1095071552519677e-03        -7.2312372359324834e-02        -6.5755288678621585e-02        -4.0163743730782998e-02
64                                     0.0000000000000000e+00         8.1047550079307570e-02         0.0000000000000000e+00         6.3952132310190982e-03         6.1015976615979850e-02         1.0461751979208678e-02        -4.4873664751577405e-02        -4.0479533427279397e-02
65                                     0.0000000000000000e+00         0.0000000000000000e+00         8.1047550079307570e-02         0.0000000000000000e+00        -1.2191033742674291e-01        -2.8584740426427120e-02         9.7713395472343825e-02         1.0584573085267689e-01
66                                     8.1047550079307570e-02         0.0000000000000000e+00         0.0000000000000000e+00         6.0916189851401188e-02         1.0406750438940581e-02        -1.2317471666177346e-01        -2.4004447142251313e-02        -2.9822885643863900e-02
67                                     0.0000000000000000e+00         8.1047550079307570e-02         0.0000000000000000e+00         4.6803043234124903e-02         1.0393277645724422e-01         1.7820233160399230e-02        -1.3956153072214175e-01        -1.2238185990075083e-01
68                                     0.0000000000000000e+00         0.0000000000000000e+00         8.1047550079307570e-02         0.0000000000000000e+00        -5.6179229563799622e-02        -6.5853422492662239e-02         7.7878240633059818e-04        -2.1907386457882200e-03
69                                     8.1047550079307570e-02         0.0000000000000000e+00         0.0000000000000000e+00        -2.8823809856468086e-02         4.2813995624317140e-03        -5.0674817380559109e-02        -4.7785099979686121e-02         2.6123207674665423e-02
70                                     0.0000000000000000e+00         8.1047550079307570e-02         0.0000000000000000e+00         1.0443871273030322e-01         4.2758567744770264e-02         7.3313508287733429e-03        -1.4531334129924890e-02         3.3209111621161473e-04
71                                     0.0000000000000000e+00         0.0000000000000000e+00         8.1047550079307570e-02         0.0000000000000000e+00         3.9245878945865141e-02        -1.1872530200187957e-01        -9.9102048260133066e-02        -1.0968492636074909e-03
72                                     8.1047550079307570e-02         0.0000000000000000e+00         0.0000000000000000e+00        -2.8823809856468086e-02        -4.2813995624317140e-03         5.0674817380559109e-02         4.7785099979686121e-02         2.6123207674665423e-02
73                                     0.0000000000000000e+00         8.1047550079307570e-02         0.0000000000000000e+00         1.0443871273030322e-01        -4.2758567744770264e-02        -7.3313508287733429e-03         1.4531334129924890e-02         3.3209111621161473e-04
74                                     0.0000000000000000e+00         0.0000000000000000e+00         8.1047550079307570e-02         0.0000000000000000e+00         3.9245878945865141e-02        -1.1872530200187957e-01        -9.9102048260133066e-02         1.0968492636074909e-03
75                                     8.1047550079307570e-02         0.0000000000000000e+00         0.0000000000000000e+00        -5.3472082631493084e-02        -1.0343985995354490e-02         1.2243183418366362e-01        -3.5051624029180585e-02         1.4399372432953222e-01
76                                     0.0000000000000000e+00         8.1047550079307570e-02         0.0000000000000000e+00         2.5731100526862377e-03        -1.0330594458278246e-01        -1.7712757053861519e-02         2.4384297520020051e-02        -6.9792250021799465e-02
77                                     0.0000000000000000e+00         0.0000000000000000e+00         8.1047550079307570e-02         0.0000000000000000e+00         5.3681387581597212e-02         6.1132854755636696e-03        -2.2841975706284746e-02        -4.2215350941374992e-03
78                                     8.1047550079307570e-02         0.0000000000000000e+00         0.0000000000000000e+00        -7.1107124361768845e-02        -6.0810177293326518e-03         7.1975170368553790e-02        -1.9437915151218392e-02         9.2624489162647955e-02
79                                     0.0000000000000000e+00         8.1047550079307570e-02         0.0000000000000000e+00        -6.9578948706187721e-02        -6.0731451186755783e-02        -1.0412967470012762e-02         1.6861158432704489e-03         4.7069084264879700e-03
80                                     0.0000000000000000e+00         0.0000000000000000e+00         8.1047550079307570e-02         0.0000000000000000e+00         6.4082504261252796e-02         9.4567493922893056e-02        -6.1889237066693373e-02         1.1645986815972427e-01
                                                         8                           9                          10                          11                          12                          13                          14                          15

0                                      0.0000000000000000e+00         0.0000000000000000e+00         9.8331317972118748e-02         0.0000000000000000e+00         0.0000000000000000e+00         1.4951647887177809e-02        -2.6575950245972486e-02        -4.3200327855581672e-02
1                                      0.0000000000000000e+00         0.0000000000000000e+00        -3.2548284082858578e-02         0.0000000000000000e+00         0.0000000000000000e+00        -2.7339441971971066e-03        -1.0329640953986317e-01         1.8033277095484999e-02
2                                     -1.2194349060882120e-01         5.6703155210330678e-03         0.0000000000000000e+00        -1.0217403615180849e-01        -6.1804600765924908e-02         0.0000000000000000e+00         0.0000000000000000e+00         0.0000000000000000e+00
3                                      0.0000000000000000e+00         0.0000000000000000e+00        -6.7836868175797066e-02         0.0000000000000000e+00         0.0000000000000000e+00         7.3361886998643114e-02        -1.8138627091495618e-02         4.3532727072992237e-02
4                                      0.0000000000000000e+00         0.0000000000000000e+00         1.7105743139635015e-02         0.0000000000000000e+00         0.0000000000000000e+00        -1.7807791428945740e-02        -7.5536920818105771e-02        -1.0126463347210264e-02
5                                     -5.5613193950316137e-03         1.1810031392369871e-03         0.0000000000000000e+00         8.9315073823588817e-02        -4.5860245098751813e-02         0.0000000000000000e+00         0.0000000000000000e+00         0.0000000000000000e+00
6                                     -3.9052765508944126e-02        -7.5459562351259113e-02        -4.6886605711176338e-02         2.6239873136681989e-02        -1.2698555530380904e-02         1.2550792400061607e-02        -1.5970237179379038e-02        -5.4320412431851560e-02
7                                     -1.5853199904443883e-02         2.1569506126759126e-02        -8.2061042193899668e-03        -7.0186531556375616e-03         7.7540488847550201e-02        -4.2999340180389631e-02        -2.1887907267854737e-02         2.9169545098953677e-02
8                                      2.2196273217136051e-02         4.6062728629120635e-02        -1.9401099847092238e-02         8.6580411277436820e-02        -3.8294260653859907e-02         3.9340837379280791e-02        -1.4938000417777106e-02         7.2446276883276831e-02
9                                      1.4720244472313910e-03         4.4458713243718244e-02         1.6132923577058825e-02         1.0690889038261035e-02        -2.4469280592701714e-02        -6.2213311201968387e-02        -8.6878934146732961e-03         2.9716572827875692e-02
10                                    -1.4829561864964071e-02        -8.4998344062203555e-03        -3.3996077067684871e-02         1.1319726678752074e-02         9.3095619241325658e-02        -2.8160126327916972e-02         5.8931137915985826e-04         1.4483825804067605e-02
11                                     5.4468571014324235e-03        -2.6047849896249649e-02         9.6045141886717932e-03        -3.5576193013237133e-02        -1.3396231509076584e-02         4.5775824375242906e-02        -1.6085823009748455e-02         1.7164071454223679e-02
12                                     0.0000000000000000e+00         0.0000000000000000e+00        -3.4296215953775626e-02         0.0000000000000000e+00         0.0000000000000000e+00        -1.1581850835482743e-01        -2.5027555217789415e-02         1.1503547817723421e-03
13                                     0.0000000000000000e+00         0.0000000000000000e+00         6.5808555608622366e-02         0.0000000000000000e+00         0.0000000000000000e+00        -4.1200579411703214e-02         8.8083581317430840e-02         4.8370455812296528e-02
14                                     8.9213716777824734e-03        -6.0805455111907332e-02         0.0000000000000000e+00        -6.0667909968758579e-02        -2.8517090829526665e-02         0.0000000000000000e+00         0.0000000000000000e+00         0.0000000000000000e+00
15                                    -1.4720244472313910e-03        -4.4458713243718244e-02         1.6132923577058825e-02        -1.0690889038261035e-02         2.4469280592701714e-02        -6.2213311201968387e-02        -8.6878934146732961e-03         2.9716572827875692e-02
16                                     1.4829561864964071e-02         8.4998344062203555e-03        -3.3996077067684871e-02        -1.1319726678752074e-02        -9.3095619241325658e-02        -2.8160126327916972e-02         5.8931137915985826e-04         1.4483825804067605e-02
17                                     5.4468571014324235e-03        -2.6047849896249649e-02        -9.6045141886717932e-03        -3.5576193013237133e-02        -1.3396231509076584e-02        -4.5775824375242906e-02         1.6085823009748455e-02        -1.7164071454223679e-02
18                                    -4.5792049469453339e-02        -4.8247723056577881e-02         2.9172215923378642e-02         4.2531563486908390e-02         5.0445583115658825e-02        -1.3830374093760665e-02         4.1701077721540990e-02         1.2529914336140891e-02
19                                    -5.0952507412943673e-02         1.3661302315341925e-02        -3.5474703904165031e-02         5.9096547956694091e-02        -4.8920227296519826e-02         3.9083195965964275e-02         7.1122024931128153e-02        -2.9265594013343894e-02
20                                    -2.3826073819495704e-02         3.1903399892485050e-02        -4.8817232118375145e-02        -1.1176054975270517e-02         7.6999251855718265e-02        -4.5478808081724366e-02         4.0542385548325822e-02        -1.7924156996814742e-02
21                                     0.0000000000000000e+00         0.0000000000000000e+00         5.2514558395252264e-02         0.0000000000000000e+00         0.0000000000000000e+00         4.5135553513269165e-02         1.7538757165518868e-02         4.2284797462850139e-02
22                                     0.0000000000000000e+00         0.0000000000000000e+00         4.5910478412325637e-02         0.0000000000000000e+00         0.0000000000000000e+00         7.5460965564137977e-02        -8.0299285602927727e-03        -5.4355429789668251e-02
23                                     1.7943008198918708e-02         5.2596845410044279e-02         0.0000000000000000e+00        -4.7488210334643309e-02         6.6588977919031206e-02         0.0000000000000000e+00         0.0000000000000000e+00         0.0000000000000000e+00
24                                     4.5792049469453339e-02         4.8247723056577881e-02         2.9172215923378642e-02        -4.2531563486908390e-02        -5.0445583115658825e-02        -1.3830374093760665e-02         4.1701077721540990e-02         1.2529914336140891e-02
25                                     5.0952507412943673e-02        -1.3661302315341925e-02        -3.5474703904165031e-02        -5.9096547956694091e-02         4.8920227296519826e-02         3.9083195965964275e-02         7.1122024931128153e-02        -2.9265594013343894e-02
26                                    -2.3826073819495704e-02         3.1903399892485050e-02         4.8817232118375145e-02        -1.1176054975270517e-02         7.6999251855718265e-02         4.5478808081724366e-02        -4.0542385548325822e-02         1.7924156996814742e-02
27                                     0.0000000000000000e+00         0.0000000000000000e+00        -6.3799013304689720e-02         0.0000000000000000e+00         0.0000000000000000e+00         1.0728217666568542e-01         1.2060878610491136e-02         5.4606800117204889e-02
28                                     0.0000000000000000e+00         0.0000000000000000e+00         5.3602075849770260e-02         0.0000000000000000e+00         0.0000000000000000e+00         5.3049875874977018e-02        -3.0778435116228017e-02        -4.3371900426138817e-02
29                                     6.6289687915664752e-02        -9.7347458131421316e-02         0.0000000000000000e+00         3.9998620463834934e-02         1.8108746499243128e-02         0.0000000000000000e+00         0.0000000000000000e+00         0.0000000000000000e+00
30                                     3.9052765508944126e-02         7.5459562351259113e-02        -4.6886605711176338e-02        -2.6239873136681989e-02         1.2698555530380904e-02         1.2550792400061607e-02        -1.5970237179379038e-02        -5.4320412431851560e-02
31                                     1.5853199904443883e-02        -2.1569506126759126e-02        -8.2061042193899668e-03         7.0186531556375616e-03        -7.7540488847550201e-02        -4.2999340180389631e-02        -2.1887907267854737e-02         2.9169545098953677e-02
32                                     2.2196273217136051e-02         4.6062728629120635e-02         1.9401099847092238e-02         8.6580411277436820e-02        -3.8294260653859907e-02        -3.9340837379280791e-02         1.4938000417777106e-02        -7.2446276883276831e-02
33                                     0.0000000000000000e+00         0.0000000000000000e+00         1.8538404370923220e-01         0.0000000000000000e+00         0.0000000000000000e+00        -4.8370989045328728e-03        -2.3997077048806388e-02        -9.3161410062954600e-02
34                                     0.0000000000000000e+00         0.0000000000000000e+00         9.9751091709299702e-02         0.0000000000000000e+00         0.0000000000000000e+00        -3.2366668922408345e-02        -1.0035868105658732e-01        -5.7595225344121377e-02
35                                     5.6447994042086580e-01        -7.0759385474383568e-02         0.0000000000000000e+00         2.2634106890457032e-02         5.8908537308904454e-02         0.0000000000000000e+00         0.0000000000000000e+00         0.0000000000000000e+00
36                                    -7.7553120587864746e-02        -1.8017547347699328e-01        -3.6666803055773890e-02         5.4714383975062932e-02        -2.0250499891941432e-02        -2.7581292364919314e-02        -2.5600945600521806e-03        -2.3921214458230358e-01
37                                     2.2873734209814488e-02         1.6481884158770005e-01         8.6739543456975758e-03         6.6046603614637697e-02         6.8595488380833181e-02        -9.9996377575062897e-02         9.6479629711817324e-04         1.9076607188217010e-01
38                                     8.7370478938160225e-03         1.8724214586362000e-02        -7.7580384519091751e-03         1.2622026945464790e-01        -4.5849965764251911e-02        -3.3117707470630333e-03         8.0187468540446306e-04        -1.8752530690653267e-03
39                                    -4.7266037776090196e-02        -1.4670208885273622e-01        -8.2795477260018846e-02         2.2409945753024133e-02         9.6715595865431922e-03         5.1168009698428732e-02        -3.8213492111367898e-03        -1.2236898693247360e-01
40                                    -2.8676693324832213e-02        -7.9454648808800099e-02        -6.2810106418555944e-02        -1.1776977471630793e-02         1.1119980620020391e-01         1.4565181258816715e-02        -3.6269467830856391e-03        -6.4988872195077402e-02
41                                     7.5162724114028953e-02         1.7900965066264712e-01        -5.1073256758428796e-02         9.2320176539130341e-02        -8.6722469284441321e-03         7.7039678835474426e-02         6.6870384262476355e-03         3.0551388318045319e-01
42                                     4.0995926601519010e-03         8.9334558742678497e-02         4.1298262985547923e-02         1.9545199787818882e-02         8.2494608778762284e-03        -7.0870366149265434e-03        -1.1142884998967100e-02         3.9747692452241724e-02
43                                    -3.1666128892890742e-02        -1.7774737039436644e-02        -7.6824499582038047e-02         8.4647625505958460e-02         6.1114392812797180e-02        -1.2110542921153431e-02        -3.1744914898505124e-02         2.4635856588281983e-02
44                                     7.6134844334896186e-03        -5.3120037526534873e-02         4.0197158857800458e-03        -6.0302014086407403e-02        -2.6819887038672250e-02         5.5253232643668725e-03        -6.2249227890238601e-03         8.2033211158803569e-03
45                                     0.0000000000000000e+00         0.0000000000000000e+00        -2.2513698006941524e-01         0.0000000000000000e+00         0.0000000000000000e+00        -1.2292354967493589e-01        -2.0531825920169561e-01        -9.7628540851216583e-02
46                                     0.0000000000000000e+00         0.0000000000000000e+00         1.1729527260774184e-01         0.0000000000000000e+00         0.0000000000000000e+00        -3.9302228423339365e-02         1.3637363284591189e-01         7.5459822968497778e-02
47                                     4.0913353120689548e-02        -4.2112147363385775e-02         0.0000000000000000e+00        -6.5983007408240077e-02        -1.4213312584663557e-01         0.0000000000000000e+00         0.0000000000000000e+00         0.0000000000000000e+00
48                                     0.0000000000000000e+00         0.0000000000000000e+00         7.2067739906411105e-02         0.0000000000000000e+00         0.0000000000000000e+00        -1.0758549085360064e-01         7.1524914162206993e-02         5.9595107656280552e-02
49                                     0.0000000000000000e+00         0.0000000000000000e+00         2.3614395720346792e-01         0.0000000000000000e+00         0.0000000000000000e+00        -2.7901824135913297e-02         2.4312131879248750e-01         1.4127747687042577e-01
50                                    -1.7774269387527072e-02        -1.1135446848175350e-01         0.0000000000000000e+00        -5.5687705129566951e-02         7.8603030907966373e-02         0.0000000000000000e+00         0.0000000000000000e+00         0.0000000000000000e+00
51                                    -4.0995926601519010e-03        -8.9334558742678497e-02         4.1298262985547923e-02        -1.9545199787818882e-02        -8.2494608778762284e-03        -7.0870366149265434e-03        -1.1142884998967100e-02         3.9747692452241724e-02
52                                     3.1666128892890742e-02         1.7774737039436644e-02        -7.6824499582038047e-02        -8.4647625505958460e-02        -6.1114392812797180e-02        -1.2110542921153431e-02        -3.1744914898505124e-02         2.4635856588281983e-02
53                                     7.6134844334896186e-03        -5.3120037526534873e-02        -4.0197158857800458e-03        -6.0302014086407403e-02        -2.6819887038672250e-02        -5.5253232643668725e-03         6.2249227890238601e-03        -8.2033211158803569e-03
54                                    -1.1583655267712424e-01        -2.5095741480721953e-02         2.2879552121410747e-02         1.2021691060658764e-01         1.3233523057245974e-01         6.0012027674469580e-02         1.3161954563489223e-01        -4.9909062362912024e-02
55                                    -3.6108638589720486e-02         8.1490077418480533e-03        -3.5807099596085079e-02         4.3369999317736711e-02        -6.7384993275914240e-02         2.1273811486949491e-02         5.2558352734710240e-02        -1.5390052621479173e-02
56                                    -1.2236572011972979e-01         2.4745196793064143e-02        -1.5574974251699039e-01         1.2086056943501931e-01         1.0928409151130022e-01        -9.0949239365628237e-02         2.0330676599119329e-01        -4.3980065667852175e-02
57                                    -5.1468089448217694e-02        -9.2522374810944191e-02        -1.2244630442044217e-02         5.1088963903449101e-02         1.1218384381963995e-02        -8.5060099910871989e-02         5.5925962853346424e-02         4.3625919881397053e-03
58                                    -1.6763328776802355e-01         2.9755837123876326e-02        -1.2062443654581301e-01         2.0782066983108832e-01         3.6489251855076919e-02         5.0762534407178546e-02         2.4652255728335337e-01        -8.3859606188941407e-02
59                                     6.4682348598797739e-03         5.6975999499882815e-02        -2.5008279120688147e-03        -5.0668591964422992e-02         8.3032168585988511e-02        -1.9354269350197811e-03        -8.3903697164995246e-03        -8.9915682826846419e-06
60                                     0.0000000000000000e+00         0.0000000000000000e+00         9.2712009679243687e-02         0.0000000000000000e+00         0.0000000000000000e+00         1.1536039483411557e-02        -7.9167168520387712e-04         3.0569785218692549e-02
61                                     0.0000000000000000e+00         0.0000000000000000e+00         1.0777257472492835e-01         0.0000000000000000e+00         0.0000000000000000e+00         2.3530224654545323e-02        -3.6385436189640658e-02        -7.2906053925679365e-02
62                                     2.9117615108681830e-02         1.0456601775135985e-01         0.0000000000000000e+00        -5.5037762694250356e-02        -1.4863794877908319e-02         0.0000000000000000e+00         0.0000000000000000e+00         0.0000000000000000e+00
63                                     1.1583655267712424e-01         2.5095741480721953e-02         2.2879552121410747e-02        -1.2021691060658764e-01        -1.3233523057245974e-01         6.0012027674469580e-02         1.3161954563489223e-01        -4.9909062362912024e-02
64                                     3.6108638589720486e-02        -8.1490077418480533e-03        -3.5807099596085079e-02        -4.3369999317736711e-02         6.7384993275914240e-02         2.1273811486949491e-02         5.2558352734710240e-02        -1.5390052621479173e-02
65                                    -1.2236572011972979e-01         2.4745196793064143e-02         1.5574974251699039e-01         1.2086056943501931e-01         1.0928409151130022e-01         9.0949239365628237e-02        -2.0330676599119329e-01         4.3980065667852175e-02
66                                     5.1468089448217694e-02         9.2522374810944191e-02        -1.2244630442044217e-02        -5.1088963903449101e-02        -1.1218384381963995e-02        -8.5060099910871989e-02         5.5925962853346424e-02         4.3625919881397053e-03
67                                     1.6763328776802355e-01        -2.9755837123876326e-02        -1.2062443654581301e-01        -2.0782066983108832e-01        -3.6489251855076919e-02         5.0762534407178546e-02         2.4652255728335337e-01        -8.3859606188941407e-02
68                                     6.4682348598797739e-03         5.6975999499882815e-02         2.5008279120688147e-03        -5.0668591964422992e-02         8.3032168585988511e-02         1.9354269350197811e-03         8.3903697164995246e-03         8.9915682826846419e-06
69                                     7.3176352946107276e-02        -1.2498250164901199e-01        -8.0775339495591875e-02        -1.0045269716525860e-02         3.6187410181717977e-02         1.0322724135498573e-01        -2.0740105595335855e-03         6.0920813185956879e-02
70                                     3.4345763478894121e-03        -9.2160265495449867e-02         1.0391728808591386e-01         8.9545530405513399e-02        -5.7008233043962776e-02         5.3348245834670745e-02        -3.5045392938450300e-03        -5.4441728667465439e-02
71                                     1.1641475543191375e-01        -2.0829638397692882e-01         2.5894404460005140e-03         5.8828324765076212e-02         2.6192422713654729e-02        -2.7123127585715681e-03        -1.3739231736994695e-03         7.1041342580867002e-04
72                                    -7.3176352946107276e-02         1.2498250164901199e-01        -8.0775339495591875e-02         1.0045269716525860e-02        -3.6187410181717977e-02         1.0322724135498573e-01        -2.0740105595335855e-03         6.0920813185956879e-02
73                                    -3.4345763478894121e-03         9.2160265495449867e-02         1.0391728808591386e-01        -8.9545530405513399e-02         5.7008233043962776e-02         5.3348245834670745e-02        -3.5045392938450300e-03        -5.4441728667465439e-02
74                                     1.1641475543191375e-01        -2.0829638397692882e-01        -2.5894404460005140e-03         5.8828324765076212e-02         2.6192422713654729e-02         2.7123127585715681e-03         1.3739231736994695e-03        -7.1041342580867002e-04
75                                     7.7553120587864746e-02         1.8017547347699328e-01        -3.6666803055773890e-02        -5.4714383975062932e-02         2.0250499891941432e-02        -2.7581292364919314e-02        -2.5600945600521806e-03        -2.3921214458230358e-01
76                                    -2.2873734209814488e-02        -1.6481884158770005e-01         8.6739543456975758e-03        -6.6046603614637697e-02        -6.8595488380833181e-02        -9.9996377575062897e-02         9.6479629711817324e-04         1.9076607188217010e-01
77                                     8.7370478938160225e-03         1.8724214586362000e-02         7.7580384519091751e-03         1.2622026945464790e-01        -4.5849965764251911e-02         3.3117707470630333e-03        -8.0187468540446306e-04         1.8752530690653267e-03
78                                     4.7266037776090196e-02         1.4670208885273622e-01        -8.2795477260018846e-02        -2.2409945753024133e-02        -9.6715595865431922e-03         5.1168009698428732e-02        -3.8213492111367898e-03        -1.2236898693247360e-01
79                                     2.8676693324832213e-02         7.9454648808800099e-02        -6.2810106418555944e-02         1.1776977471630793e-02        -1.1119980620020391e-01         1.4565181258816715e-02        -3.6269467830856391e-03        -6.4988872195077402e-02
80                                     7.5162724114028953e-02         1.7900965066264712e-01         5.1073256758428796e-02         9.2320176539130341e-02        -8.6722469284441321e-03        -7.7039678835474426e-02        -6.6870384262476355e-03        -3.0551388318045319e-01
                                                        16                          17                          18                          19                          20                          21                          22                          23

0                                      0.0000000000000000e+00        -3.5878485774033367e-02         0.0000000000000000e+00         1.8585351819966674e-02         1.2355318074606332e-02        -7.8284720275437359e-03         6.9610811894040498e-03         0.0000000000000000e+00
1                                      0.0000000000000000e+00        -1.4285822611795537e-01         0.0000000000000000e+00        -5.1374204351890941e-03         5.2470933947540190e-02        -3.1405048819322302e-02        -5.0536657313956269e-03         0.0000000000000000e+00
2                                     -6.6453347210349553e-02         0.0000000000000000e+00        -2.0546481803720915e-02         0.0000000000000000e+00         0.0000000000000000e+00         0.0000000000000000e+00         0.0000000000000000e+00         1.3178667375401326e-02
3                                      0.0000000000000000e+00        -1.8673146522541328e-02         0.0000000000000000e+00         5.0147429175690886e-02         2.7067485321099986e-03        -3.7794421944927384e-03        -3.2827256598652932e-02         0.0000000000000000e+00
4                                      0.0000000000000000e+00        -7.3058951452415671e-02         0.0000000000000000e+00        -1.0285409948492944e-02         2.2959771728896239e-03        -5.9488869612275260e-03         8.3571315710989288e-03         0.0000000000000000e+00
5                                      4.8217730961385860e-02         0.0000000000000000e+00        -5.3068909015489524e-02         0.0000000000000000e+00         0.0000000000000000e+00         0.0000000000000000e+00         0.0000000000000000e+00        -3.1953809922774419e-02
6                                      7.8249649065463556e-02        -3.4996194704110580e-03         1.6239998253018768e-02         5.7225359347390292e-03        -6.2180622228295880e-02         2.3092075282975251e-02        -2.2626907493936907e-02         4.1349317341412414e-03
7                                      7.5917217490953379e-03         2.2004788999149320e-02         6.7651815909839527e-02        -4.2899552637017398e-02         1.7876881455248569e-02         5.0308403905983186e-02        -3.7117037597839561e-02        -7.2742795717278916e-02
8                                      2.9297351573735128e-02        -1.4358126182454363e-02        -1.7174496643847841e-02        -1.2415229702413277e-03        -1.1143424913091769e-01         1.8842872981157562e-02         2.2046772469650137e-02         1.0359771291162667e-02
9                                      2.5094517634949236e-02         3.7381914813590187e-03         8.9827087109684678e-02        -1.7438299949255919e-03        -3.7943721748625495e-02        -3.2223270592343145e-02        -1.3128615045700868e-02         7.0804673765313769e-02
10                                     3.4585346726957997e-02         5.8269990007938456e-02         4.4035817285605940e-02        -3.8324923223648492e-02        -9.7507987960602643e-03         1.3792629674062159e-02         1.6887481574551427e-02         5.2181754818922876e-03
11                                     4.2297689800060795e-02        -1.7495159681447495e-02         8.0503058288219173e-02        -7.7347371412333291e-02        -5.8128784618595393e-02        -5.9346977287269884e-02         6.8073229505440425e-02         6.0397848737360080e-02
12                                     0.0000000000000000e+00         5.3339150390389757e-02         0.0000000000000000e+00         7.7947757725821298e-02        -5.4174414589773312e-03        -1.0614847302442174e-01         8.8871388543589433e-02         0.0000000000000000e+00
13                                     0.0000000000000000e+00         6.3335156580393206e-03         0.0000000000000000e+00         1.6674600702043539e-02         8.1510622539119806e-03        -3.2649744519457673e-02         4.0824485060706329e-02         0.0000000000000000e+00
14                                     2.4916993242455297e-02         0.0000000000000000e+00         6.5727322098717247e-02         0.0000000000000000e+00         0.0000000000000000e+00         0.0000000000000000e+00         0.0000000000000000e+00        -7.7649243987373717e-02
15                                    -2.5094517634949236e-02         3.7381914813590187e-03        -8.9827087109684678e-02        -1.7438299949255919e-03        -3.7943721748625495e-02        -3.2223270592343145e-02        -1.3128615045700868e-02        -7.0804673765313769e-02
16                                    -3.4585346726957997e-02         5.8269990007938456e-02        -4.4035817285605940e-02        -3.8324923223648492e-02        -9.7507987960602643e-03         1.3792629674062159e-02         1.6887481574551427e-02        -5.2181754818922876e-03
17                                     4.2297689800060795e-02         1.7495159681447495e-02         8.0503058288219173e-02         7.7347371412333291e-02         5.8128784618595393e-02         5.9346977287269884e-02        -6.8073229505440425e-02         6.0397848737360080e-02
18                                    -2.3627121636820882e-02        -1.9875336758457894e-02        -5.0657690678392590e-02        -3.5454918978890942e-02         5.1136069739245874e-03         3.2377089484811578e-02        -4.5819957130210739e-02         5.2170605861731126e-02
19                                    -3.4931933036083877e-02         2.3764150012858511e-02         4.4171716690223711e-02        -8.7770320684889859e-03         5.5400013602479072e-03        -6.7281229949482407e-02        -1.8961274467550294e-02        -6.6097304223827827e-02
20                                    -3.2576194545246126e-04        -4.4684215445322258e-02        -3.7051518452392719e-02         5.9494102476280120e-02         3.8574676827118522e-03         8.4990965785769035e-02         6.4523639052186665e-02         3.7482410164218542e-02
21                                     0.0000000000000000e+00         3.4671165096572164e-02         0.0000000000000000e+00        -1.0245696447745049e-01         6.4129260520616849e-02         6.9479714194415843e-02         8.8619802014890517e-02         0.0000000000000000e+00
22                                     0.0000000000000000e+00         5.0536062273450928e-02         0.0000000000000000e+00         1.0201843695217404e-01        -3.8207565134182928e-02        -1.0894584481026568e-02        -4.9150673099753787e-02         0.0000000000000000e+00
23                                     1.4259296364329594e-02         0.0000000000000000e+00        -5.2666121240541430e-02         0.0000000000000000e+00         0.0000000000000000e+00         0.0000000000000000e+00         0.0000000000000000e+00        -5.7277989158144263e-02
24                                     2.3627121636820882e-02        -1.9875336758457894e-02         5.0657690678392590e-02        -3.5454918978890942e-02         5.1136069739245874e-03         3.2377089484811578e-02        -4.5819957130210739e-02        -5.2170605861731126e-02
25                                     3.4931933036083877e-02         2.3764150012858511e-02        -4.4171716690223711e-02        -8.7770320684889859e-03         5.5400013602479072e-03        -6.7281229949482407e-02        -1.8961274467550294e-02         6.6097304223827827e-02
26                                    -3.2576194545246126e-04         4.4684215445322258e-02        -3.7051518452392719e-02        -5.9494102476280120e-02        -3.8574676827118522e-03        -8.4990965785769035e-02        -6.4523639052186665e-02         3.7482410164218542e-02
27                                     0.0000000000000000e+00         2.1785380661549683e-02         0.0000000000000000e+00         4.0634509524708491e-02         1.2201563031353126e-01        -4.5115824708308779e-03         4.5278780923919175e-02         0.0000000000000000e+00
28                                     0.0000000000000000e+00         1.5582765580579161e-02         0.0000000000000000e+00         7.2807813123397583e-02        -2.8649644445194876e-02         5.8914103127041734e-02         7.0916997163020426e-02         0.0000000000000000e+00
29                                    -9.6207471098915573e-02         0.0000000000000000e+00        -1.6094344219934175e-02         0.0000000000000000e+00         0.0000000000000000e+00         0.0000000000000000e+00         0.0000000000000000e+00        -2.5069978170748512e-02
30                                    -7.8249649065463556e-02        -3.4996194704110580e-03        -1.6239998253018768e-02         5.7225359347390292e-03        -6.2180622228295880e-02         2.3092075282975251e-02        -2.2626907493936907e-02        -4.1349317341412414e-03
31                                    -7.5917217490953379e-03         2.2004788999149320e-02        -6.7651815909839527e-02        -4.2899552637017398e-02         1.7876881455248569e-02         5.0308403905983186e-02        -3.7117037597839561e-02         7.2742795717278916e-02
32                                     2.9297351573735128e-02         1.4358126182454363e-02        -1.7174496643847841e-02         1.2415229702413277e-03         1.1143424913091769e-01        -1.8842872981157562e-02        -2.2046772469650137e-02         1.0359771291162667e-02
33                                     0.0000000000000000e+00        -2.5671422145090318e-02         0.0000000000000000e+00         1.7884779522743026e-02         2.7844078519398052e-03        -7.6947872071709449e-04         4.8071463021962788e-02         0.0000000000000000e+00
34                                     0.0000000000000000e+00        -1.2936918110462711e-01         0.0000000000000000e+00        -5.6268432572896482e-03         3.8323086526402678e-02        -2.1080329332015191e-02         5.6942410610516109e-02         0.0000000000000000e+00
35                                     5.0240375140195394e-02         0.0000000000000000e+00         8.0769788119643710e-03         0.0000000000000000e+00         0.0000000000000000e+00         0.0000000000000000e+00         0.0000000000000000e+00         7.3772668759702967e-03
36                                     1.9555264025295560e-01         2.3061619746643006e-02        -5.9739173813894215e-02        -9.7845895985628886e-02        -5.9094990017920589e-02         4.8946369586546350e-02         5.5053978161305099e-03        -6.4321837867746090e-02
37                                    -7.3533143754103372e-02         5.7384307364066273e-02         1.0077525610709502e-01         8.0025561705855439e-02         1.9497381354990084e-02         9.5837105326323196e-02        -1.3715039796921100e-01        -9.7779973227827360e-02
38                                     8.3193232322329294e-02         1.3121303965787574e-02        -5.7799322452989056e-02        -3.4364812038624973e-02        -1.1009024996745949e-01         4.7902004196431015e-02         1.3247354296632992e-02        -4.1121217819925872e-02
39                                     1.2399898236862544e-01         1.8596474989056380e-02        -3.0389501862981796e-02        -3.2112031334507310e-02        -5.8076410126280641e-02         5.0390749900102921e-02        -1.4559872156966495e-02        -5.2974187660607748e-02
40                                     7.1565503734389052e-02         5.6069559706405842e-02         4.5099959184492924e-04        -9.6136153063762650e-02         2.4715912115394818e-02         9.2776033978034037e-02        -2.7188320823329275e-02        -1.5901801052981487e-01
41                                    -9.8150543442044505e-02         1.4529891519938406e-02         4.8626206415072495e-02         1.4260870371915865e-01        -1.1074960206752928e-01         4.1499823712874105e-02        -6.2987887047257066e-02         1.1862423651959494e-02
42                                     2.2586868420110082e-02         1.0870778936354852e-03         2.9928397127857862e-02        -1.0473575490680931e-01        -4.5229601487732175e-02        -2.8144453180974340e-02        -1.1453857394262029e-01         1.3069365577948902e-01
43                                     5.9719523712084048e-02         8.5755189187406052e-03         3.9255293025107538e-02        -2.8930816157604843e-03        -1.3385820867677986e-01         1.1009682015635348e-01         4.8571368380162884e-02         3.0140308872247433e-03
44                                     3.7786129879200742e-02        -3.0266508074033899e-03         1.2268008720169324e-01        -1.9756037867030510e-02        -2.4300233804454036e-02        -8.7713576780633407e-02         1.2622744482905801e-01         2.1108422016594266e-02
45                                     0.0000000000000000e+00         2.4415273183677483e-01         0.0000000000000000e+00        -5.3777029395320794e-02         4.6397312746041544e-02        -8.4745270437081383e-02         1.0002273069803193e-01         0.0000000000000000e+00
46                                     0.0000000000000000e+00        -4.4343439635640504e-02         0.0000000000000000e+00         5.1625278129239574e-02        -6.8609490835474952e-03        -3.8953649645990802e-02         3.8638106196097380e-02         0.0000000000000000e+00
47                                    -2.6173613836293168e-02         0.0000000000000000e+00        -3.3374649859078107e-02         0.0000000000000000e+00         0.0000000000000000e+00         0.0000000000000000e+00         0.0000000000000000e+00        -1.6941253835784345e-01
48                                     0.0000000000000000e+00        -5.2441039858413578e-02         0.0000000000000000e+00         1.4154624998192894e-01        -4.3698342746103923e-02        -1.2285024448112909e-01         8.1715985056888096e-02         0.0000000000000000e+00
49                                     0.0000000000000000e+00        -1.6264997703802761e-01         0.0000000000000000e+00         1.1802890846118945e-01        -5.1698190848150798e-02        -5.6621099557426238e-02         3.0010392965687548e-02         0.0000000000000000e+00
50                                     2.2191395232347665e-02         0.0000000000000000e+00        -1.9043658963535656e-02         0.0000000000000000e+00         0.0000000000000000e+00         0.0000000000000000e+00         0.0000000000000000e+00        -2.2234090606067999e-01
51                                    -2.2586868420110082e-02         1.0870778936354852e-03        -2.9928397127857862e-02        -1.0473575490680931e-01        -4.5229601487732175e-02        -2.8144453180974340e-02        -1.1453857394262029e-01        -1.3069365577948902e-01
52                                    -5.9719523712084048e-02         8.5755189187406052e-03        -3.9255293025107538e-02        -2.8930816157604843e-03        -1.3385820867677986e-01         1.1009682015635348e-01         4.8571368380162884e-02        -3.0140308872247433e-03
53                                     3.7786129879200742e-02         3.0266508074033899e-03         1.2268008720169324e-01         1.9756037867030510e-02         2.4300233804454036e-02         8.7713576780633407e-02        -1.2622744482905801e-01         2.1108422016594266e-02
54                                    -4.2356036106153683e-02        -1.1716612931062519e-01         4.8286960603549443e-02         3.2735671413854808e-03        -2.0967491285263685e-02         1.9471942998048077e-02        -1.0874829178299952e-01         9.3487490388719036e-02
55                                    -3.2282308932021969e-02         4.4330477675607563e-02         2.2052377398720499e-02        -1.9223625289786963e-02         9.9329020851966852e-03        -6.5182286661091313e-02        -4.0913749776608542e-03        -7.6612523354093701e-02
56                                    -8.3642325279446983e-02        -2.1644820149131677e-01         4.0639133281882081e-02        -4.4853869403748699e-02        -3.5565370302917829e-02         6.3358697537924238e-02         1.1066423504686988e-01         2.2155687241744763e-02
57                                    -2.8569155550354424e-02        -3.4925669507306946e-02        -7.5267489606487591e-03         2.1112143954374593e-02        -2.8628447685639680e-04         2.9786421702578319e-02        -1.4851594789842118e-01         1.1323344111500318e-01
58                                    -1.1922512235317936e-01        -1.6846839167656047e-01         1.3531501853091130e-01        -8.3354720733113452e-02        -5.6381053966816551e-02        -9.7598553993896386e-02         1.3879167739513757e-02        -7.1512012500066224e-02
59                                     2.2418005431883565e-02         9.1666922807847329e-03        -8.6105343490897074e-02         3.9959790866289806e-02         2.2438705836246471e-02         9.5368465090566429e-02         1.2346981035105643e-01        -1.2757661970567032e-03
60                                     0.0000000000000000e+00         6.8715689694992619e-03         0.0000000000000000e+00        -1.2020250566290740e-01        -1.0254082172547324e-03         1.2227172189464948e-01         7.7034706997831784e-02         0.0000000000000000e+00
61                                     0.0000000000000000e+00         7.7193851649892528e-03         0.0000000000000000e+00         7.7284552351267605e-02        -1.4273296125034879e-01         6.8922120225579975e-02        -6.6165180079183275e-02         0.0000000000000000e+00
62                                     2.4799991918119092e-02         0.0000000000000000e+00         8.9434350238516841e-02         0.0000000000000000e+00         0.0000000000000000e+00         0.0000000000000000e+00         0.0000000000000000e+00        -2.0006019755648746e-01
63                                     4.2356036106153683e-02        -1.1716612931062519e-01        -4.8286960603549443e-02         3.2735671413854808e-03        -2.0967491285263685e-02         1.9471942998048077e-02        -1.0874829178299952e-01        -9.3487490388719036e-02
64                                     3.2282308932021969e-02         4.4330477675607563e-02        -2.2052377398720499e-02        -1.9223625289786963e-02         9.9329020851966852e-03        -6.5182286661091313e-02        -4.0913749776608542e-03         7.6612523354093701e-02
65                                    -8.3642325279446983e-02         2.1644820149131677e-01         4.0639133281882081e-02         4.4853869403748699e-02         3.5565370302917829e-02        -6.3358697537924238e-02        -1.1066423504686988e-01         2.2155687241744763e-02
66                                     2.8569155550354424e-02        -3.4925669507306946e-02         7.5267489606487591e-03         2.1112143954374593e-02        -2.8628447685639680e-04         2.9786421702578319e-02        -1.4851594789842118e-01        -1.1323344111500318e-01
67                                     1.1922512235317936e-01        -1.6846839167656047e-01        -1.3531501853091130e-01        -8.3354720733113452e-02        -5.6381053966816551e-02        -9.7598553993896386e-02         1.3879167739513757e-02         7.1512012500066224e-02
68                                     2.2418005431883565e-02        -9.1666922807847329e-03        -8.6105343490897074e-02        -3.9959790866289806e-02        -2.2438705836246471e-02        -9.5368465090566429e-02        -1.2346981035105643e-01        -1.2757661970567032e-03
69                                    -2.2233269064708830e-01        -1.2852291721557037e-03         1.3784301529566526e-01         5.0306808441889332e-02         1.2261976050631215e-01        -2.4404983602135059e-02         1.2570701333050251e-02         6.1686926215720264e-02
70                                    -6.9062730166346620e-02         6.4074764633630488e-02         6.0151812685550407e-02         3.4473270171310071e-02        -2.5590376397158790e-02         1.1893427379373503e-01         1.6066154022410986e-01         4.6129663885276471e-02
71                                    -2.6647145710959658e-01        -1.8363773490389103e-03         9.3608057266198169e-02        -4.4971565011044127e-03         1.9868775497765986e-04         2.6644254396892895e-03         2.2952761231870354e-03         2.8762553077356708e-02
72                                     2.2233269064708830e-01        -1.2852291721557037e-03        -1.3784301529566526e-01         5.0306808441889332e-02         1.2261976050631215e-01        -2.4404983602135059e-02         1.2570701333050251e-02        -6.1686926215720264e-02
73                                     6.9062730166346620e-02         6.4074764633630488e-02        -6.0151812685550407e-02         3.4473270171310071e-02        -2.5590376397158790e-02         1.1893427379373503e-01         1.6066154022410986e-01        -4.6129663885276471e-02
74                                    -2.6647145710959658e-01         1.8363773490389103e-03         9.3608057266198169e-02         4.4971565011044127e-03        -1.9868775497765986e-04        -2.6644254396892895e-03        -2.2952761231870354e-03         2.8762553077356708e-02
75                                    -1.9555264025295560e-01         2.3061619746643006e-02         5.9739173813894215e-02        -9.7845895985628886e-02        -5.9094990017920589e-02         4.8946369586546350e-02         5.5053978161305099e-03         6.4321837867746090e-02
76                                     7.3533143754103372e-02         5.7384307364066273e-02        -1.0077525610709502e-01         8.0025561705855439e-02         1.9497381354990084e-02         9.5837105326323196e-02        -1.3715039796921100e-01         9.7779973227827360e-02
77                                     8.3193232322329294e-02        -1.3121303965787574e-02        -5.7799322452989056e-02         3.4364812038624973e-02         1.1009024996745949e-01        -4.7902004196431015e-02        -1.3247354296632992e-02        -4.1121217819925872e-02
78                                    -1.2399898236862544e-01         1.8596474989056380e-02         3.0389501862981796e-02        -3.2112031334507310e-02        -5.8076410126280641e-02         5.0390749900102921e-02        -1.4559872156966495e-02         5.2974187660607748e-02
79                                    -7.1565503734389052e-02         5.6069559706405842e-02        -4.5099959184492924e-04        -9.6136153063762650e-02         2.4715912115394818e-02         9.2776033978034037e-02        -2.7188320823329275e-02         1.5901801052981487e-01
80                                    -9.8150543442044505e-02        -1.4529891519938406e-02         4.8626206415072495e-02        -1.4260870371915865e-01         1.1074960206752928e-01        -4.1499823712874105e-02         6.2987887047257066e-02         1.1862423651959494e-02
                                                        24                          25                          26                          27                          28                          29                          30                          31

0                                      0.0000000000000000e+00        -4.8121151724655831e-03         0.0000000000000000e+00         2.6966131516467755e-02         0.0000000000000000e+00         7.0437758112141284e-03         7.6440204507056018e-03         1.4739390150365949e-02
1                                      0.0000000000000000e+00         1.0612129436203788e-03         0.0000000000000000e+00         9.0856407992061752e-02         0.0000000000000000e+00         5.4355239105568090e-03         2.0945964149020238e-02         4.5861506843577808e-02
2                                      2.7385578000697240e-03         0.0000000000000000e+00        -7.1703438111918164e-04         0.0000000000000000e+00         1.3224810155323320e-02         0.0000000000000000e+00         0.0000000000000000e+00         0.0000000000000000e+00
3                                      0.0000000000000000e+00        -2.9669206543727279e-02         0.0000000000000000e+00        -9.1663301713219361e-03         0.0000000000000000e+00        -5.5784659443812071e-02         5.0647468535321975e-02        -4.0775784909505730e-02
4                                      0.0000000000000000e+00         5.2369758501218085e-03         0.0000000000000000e+00        -7.8863457329162903e-02         0.0000000000000000e+00         2.9740820421059544e-03        -4.0614023260210262e-02        -7.6711229207769363e-02
5                                      2.9598037249512793e-02         0.0000000000000000e+00         4.3112158143083909e-03         0.0000000000000000e+00        -4.8660946264126571e-02         0.0000000000000000e+00         0.0000000000000000e+00         0.0000000000000000e+00
6                                     -6.4148249645141681e-02        -3.1140161330882057e-02         6.7784592226291282e-02        -1.5065803823014676e-03        -2.0385911095678253e-02         1.6868056546273453e-02         4.9045049942396543e-02         1.0469240697469880e-02
7                                     -1.7263583076866668e-02         2.6524674648792986e-02        -2.3728846930426754e-02        -7.8690192240804355e-02        -6.3715480603723576e-02        -5.5911557586530228e-02         2.1385031709854393e-02         2.5640588574448335e-02
8                                     -4.8438240217809946e-03         4.3967836765731148e-02        -4.6438164010590699e-02         3.4540613334813910e-02         2.3352472244581830e-02         5.3357194791490807e-03        -5.9834621037219961e-02         4.9177576399131818e-02
9                                      6.8505055249249887e-03         1.3122313531797365e-02         1.6922290264558881e-02        -3.1610135460679138e-02        -2.1753359749807921e-02         7.0135143067844505e-02         1.2203476843341322e-02        -4.6035411917564904e-02
10                                     5.8367418233443115e-03        -7.0102851163557139e-03        -1.7434231343209489e-03         2.9597540291351414e-02         6.7993580109365362e-02         2.1835929197776691e-02        -2.7580709330999171e-02        -3.9303634646422371e-02
11                                    -2.5938496729623725e-03        -9.1120688809623387e-03        -1.1132504047787557e-02        -4.5345558365188450e-02         2.6721217414632563e-02        -4.6580328337794408e-02         1.0045433970134448e-02        -5.4285031622580075e-02
12                                     0.0000000000000000e+00         2.7188025135069734e-02         0.0000000000000000e+00        -2.8643471349250535e-03         0.0000000000000000e+00        -7.4906294266288836e-02         7.3733660750104173e-03         7.1271709915148654e-02
13                                     0.0000000000000000e+00        -1.1082424809654018e-01         0.0000000000000000e+00         5.6469095630241120e-02         0.0000000000000000e+00        -1.7328672918690443e-02        -6.6810892481543316e-02         7.6519729957251785e-03
14                                     1.8662302703599743e-02         0.0000000000000000e+00         4.6905807564732373e-02         0.0000000000000000e+00        -4.2866701330692099e-02         0.0000000000000000e+00         0.0000000000000000e+00         0.0000000000000000e+00
15                                    -6.8505055249249887e-03         1.3122313531797365e-02        -1.6922290264558881e-02        -3.1610135460679138e-02         2.1753359749807921e-02         7.0135143067844505e-02         1.2203476843341322e-02        -4.6035411917564904e-02
16                                    -5.8367418233443115e-03        -7.0102851163557139e-03         1.7434231343209489e-03         2.9597540291351414e-02        -6.7993580109365362e-02         2.1835929197776691e-02        -2.7580709330999171e-02        -3.9303634646422371e-02
17                                    -2.5938496729623725e-03         9.1120688809623387e-03        -1.1132504047787557e-02         4.5345558365188450e-02         2.6721217414632563e-02         4.6580328337794408e-02        -1.0045433970134448e-02         5.4285031622580075e-02
18                                    -5.9928550135179871e-02         4.8306451682456116e-03         2.3217085439641537e-02         2.8084148528985418e-02        -3.1232324756268740e-04        -3.5236712535370605e-02        -4.9917657207269497e-02        -2.1693362664731604e-02
19                                    -7.3927361823073981e-02         5.1662229304472666e-02        -2.3181114248216776e-02         4.2073220780304281e-02         4.2645838952394884e-02         3.7608518258255591e-02         4.2099984444790545e-02        -2.8295710067926900e-03
20                                    -2.8458507036495558e-02         3.2915247102706588e-02        -2.7804931266111377e-02         2.4760351964908577e-02        -5.9159032632383347e-02        -1.1150409570113335e-02         9.9358327633247250e-03        -6.7350873501859657e-02
21                                     0.0000000000000000e+00         1.9721749793162645e-03         0.0000000000000000e+00         6.6851956963643530e-02         0.0000000000000000e+00        -7.3193541622375352e-03         7.5426233596738668e-02         2.1912912133244686e-02
22                                     0.0000000000000000e+00         5.1604878696549844e-03         0.0000000000000000e+00         2.0891335666284091e-02         0.0000000000000000e+00        -6.7513598854069296e-02        -1.6555329447404225e-02        -5.6729636297292538e-02
23                                    -2.2451690641593375e-02         0.0000000000000000e+00         1.7304576556728100e-02         0.0000000000000000e+00         9.0399472479244639e-02         0.0000000000000000e+00         0.0000000000000000e+00         0.0000000000000000e+00
24                                     5.9928550135179871e-02         4.8306451682456116e-03        -2.3217085439641537e-02         2.8084148528985418e-02         3.1232324756268740e-04        -3.5236712535370605e-02        -4.9917657207269497e-02        -2.1693362664731604e-02
25                                     7.3927361823073981e-02         5.1662229304472666e-02         2.3181114248216776e-02         4.2073220780304281e-02        -4.2645838952394884e-02         3.7608518258255591e-02         4.2099984444790545e-02        -2.8295710067926900e-03
26                                    -2.8458507036495558e-02        -3.2915247102706588e-02        -2.7804931266111377e-02        -2.4760351964908577e-02        -5.9159032632383347e-02         1.1150409570113335e-02        -9.9358327633247250e-03         6.7350873501859657e-02
27                                     0.0000000000000000e+00         3.1185948195835419e-02         0.0000000000000000e+00        -7.0457939848534212e-02         0.0000000000000000e+00         3.7858781491853379e-02        -9.0557593177051240e-02         5.2868540382686362e-03
28                                     0.0000000000000000e+00        -4.5325387475774283e-02         0.0000000000000000e+00        -7.6433046475172600e-02         0.0000000000000000e+00         5.7358639268298921e-02        -2.1266351885921601e-03         3.9804880956906402e-02
29                                     4.2988694951162740e-02         0.0000000000000000e+00         1.0040158140049404e-01         0.0000000000000000e+00         2.7740931119588315e-02         0.0000000000000000e+00         0.0000000000000000e+00         0.0000000000000000e+00
30                                     6.4148249645141681e-02        -3.1140161330882057e-02        -6.7784592226291282e-02        -1.5065803823014676e-03         2.0385911095678253e-02         1.6868056546273453e-02         4.9045049942396543e-02         1.0469240697469880e-02
31                                     1.7263583076866668e-02         2.6524674648792986e-02         2.3728846930426754e-02        -7.8690192240804355e-02         6.3715480603723576e-02        -5.5911557586530228e-02         2.1385031709854393e-02         2.5640588574448335e-02
32                                    -4.8438240217809946e-03        -4.3967836765731148e-02        -4.6438164010590699e-02        -3.4540613334813910e-02         2.3352472244581830e-02        -5.3357194791490807e-03         5.9834621037219961e-02        -4.9177576399131818e-02
33                                     0.0000000000000000e+00         1.1965763557674971e-02         0.0000000000000000e+00        -2.6840380424584625e-02         0.0000000000000000e+00         7.6403990324862392e-02        -9.8094752026959220e-02         1.3197472607147844e-02
34                                     0.0000000000000000e+00         2.6672814857863363e-02         0.0000000000000000e+00         1.2439242521853142e-02         0.0000000000000000e+00         1.1079100877096357e-01        -1.3865725103500426e-01         4.6392501461496830e-02
35                                    -5.5865347979245404e-03         0.0000000000000000e+00         1.2962123797301167e-02         0.0000000000000000e+00         6.5754318510163508e-03         0.0000000000000000e+00         0.0000000000000000e+00         0.0000000000000000e+00
36                                     6.9527675183529841e-02         1.0985840064098820e-01        -1.7045445322482863e-01         7.6470272862681323e-03        -6.1381556010971491e-02         3.9876397328109303e-03        -8.5279060987219227e-02         1.3685635938597004e-01
37                                    -1.4306159966393239e-01        -1.2652457314206081e-01         1.8454181743486853e-01        -7.7225626903108996e-02        -2.0357837440618923e-01         5.3204212720280517e-02         1.3934089867978749e-01         1.0543502632802020e-01
38                                     4.5824918529798156e-02         9.1290458566873331e-02        -1.4112650098110838e-01         4.2563994067612319e-02        -4.3282256684326927e-02         2.7799632046215082e-02        -1.1297961998817894e-01         1.5667177533743157e-01
39                                    -5.4692440876165165e-04         3.9866202678293071e-02        -2.3689208169068155e-02         2.1947202384340829e-02        -1.0686210623594875e-02        -7.8008075658131282e-02         2.3071066410067245e-02         8.6269583009571077e-02
40                                     7.0777815227134999e-02         1.2537229391540472e-01        -1.4895428519281265e-01        -4.6426843777369609e-02        -5.0408308404688053e-02        -1.9693579502876435e-01        -1.3469710048777825e-02         1.3455857102227950e-01
41                                    -1.6136688182791611e-01        -1.3505202892723042e-01         2.4930886250729595e-01         4.9794320531384072e-02        -2.7983520205645228e-02        -1.0432142566876157e-02         1.5128964770631442e-01         6.1791042834515246e-02
42                                     1.3549901640651660e-02         1.9774126829806150e-02        -5.1930690073493005e-02        -4.8048903178344975e-02        -9.3739482103038618e-02         2.1643763424579759e-01         4.8149545243292180e-02        -6.8564033254668380e-02
43                                    -8.7178702304165245e-02         4.3739950842269781e-02        -3.8640245869012103e-04         6.5650479264582076e-02         2.3242367151551821e-01         7.5593500105365460e-02        -1.3248267882524362e-01        -1.0951849299962960e-01
44                                     1.6191407260399266e-02        -2.6076378512549066e-02         3.3605569595689957e-02        -4.3295057181740600e-02         3.1128417314778431e-02        -1.5669756375285032e-01         1.1913900945722273e-02        -1.9439761790320247e-02
45                                     0.0000000000000000e+00        -3.9043333915785350e-01         0.0000000000000000e+00         1.4991421913104383e-01         0.0000000000000000e+00        -1.9648585216034669e-02        -1.7149159469788192e-01         5.7874322000203227e-03
46                                     0.0000000000000000e+00         3.2930525176801200e-03         0.0000000000000000e+00         1.6464492756764107e-02         0.0000000000000000e+00        -3.0865221079532167e-02        -1.8706686590566578e-02         2.4343175124893941e-02
47                                     6.1186314761809246e-02         0.0000000000000000e+00         1.8150506490977943e-02         0.0000000000000000e+00        -2.1937168113620184e-01         0.0000000000000000e+00         0.0000000000000000e+00         0.0000000000000000e+00
48                                     0.0000000000000000e+00         2.5797436109727206e-01         0.0000000000000000e+00        -9.1245074228668815e-02         0.0000000000000000e+00        -8.8399627789743432e-02         1.0942674420736580e-01         8.9864879797615316e-02
49                                     0.0000000000000000e+00         2.6077029651534167e-01         0.0000000000000000e+00        -8.4171876607262955e-02         0.0000000000000000e+00        -4.2480019692419754e-02         9.5390750923906267e-02         3.7930276385456103e-02
50                                    -4.4905939294323752e-02         0.0000000000000000e+00         4.4933407259732557e-02         0.0000000000000000e+00         6.5348236195503836e-03         0.0000000000000000e+00         0.0000000000000000e+00         0.0000000000000000e+00
51                                    -1.3549901640651660e-02         1.9774126829806150e-02         5.1930690073493005e-02        -4.8048903178344975e-02         9.3739482103038618e-02         2.1643763424579759e-01         4.8149545243292180e-02        -6.8564033254668380e-02
52                                     8.7178702304165245e-02         4.3739950842269781e-02         3.8640245869012103e-04         6.5650479264582076e-02        -2.3242367151551821e-01         7.5593500105365460e-02        -1.3248267882524362e-01        -1.0951849299962960e-01
53                                     1.6191407260399266e-02         2.6076378512549066e-02         3.3605569595689957e-02         4.3295057181740600e-02         3.1128417314778431e-02         1.5669756375285032e-01        -1.1913900945722273e-02         1.9439761790320247e-02
54                                     1.1152840794849803e-01        -1.3015788860689984e-01         2.7741751161565645e-02        -4.0118099428053701e-02         8.0998132582164262e-02        -1.5773437632019791e-01        -1.2854363855047232e-01         7.8981145183128057e-02
55                                    -1.0708566157861726e-01         7.9425486585704350e-02        -2.2582433337104843e-02         5.6721497474535983e-02         2.2187283761468987e-02         6.6634692415733845e-02         6.0228324311938260e-02        -2.5172687553935515e-02
56                                     2.9709205647021170e-01        -1.3667166450110069e-01         5.6561507642061887e-02        -1.3235959840013695e-01        -8.9289901678713562e-02         5.8221788553967126e-02         2.3996212238685064e-02         4.0615838764576383e-02
57                                    -7.3379217512108208e-03         3.5388879859134588e-02         3.8349819327178777e-02         7.6453734715333788e-03        -2.0161973157041897e-02         6.4289778496657724e-03        -1.8225851462663317e-01         2.3215275208830832e-02
58                                     2.7855490290393875e-01        -1.6964428460415862e-01         4.7163692624109022e-02        -1.2270393961378856e-01         3.7689527007279199e-02         9.6698551031025159e-03         3.2402658451223088e-02         1.0454587542345803e-01
59                                    -1.4184129626092382e-01         6.2870876257238306e-02        -5.3430401211453246e-02         7.5681606972010665e-02        -4.3126481302162865e-02        -3.0620121075044828e-02         9.8425049013389387e-02        -1.2095764198821575e-01
60                                     0.0000000000000000e+00        -5.9259667473854583e-02         0.0000000000000000e+00         1.0252788413410641e-01         0.0000000000000000e+00        -1.0228702851661579e-01         1.2758338052157392e-01        -6.0789998023575362e-02
61                                     0.0000000000000000e+00        -9.0337800527611964e-02         0.0000000000000000e+00         7.6694690444834443e-02         0.0000000000000000e+00        -2.1316813468956214e-01         7.0428774478439968e-02        -1.8433139055088318e-01
62                                    -8.5397867531441449e-03         0.0000000000000000e+00        -5.9856831161734222e-02         0.0000000000000000e+00         2.8762870293479170e-01         0.0000000000000000e+00         0.0000000000000000e+00         0.0000000000000000e+00
63                                    -1.1152840794849803e-01        -1.3015788860689984e-01        -2.7741751161565645e-02        -4.0118099428053701e-02        -8.0998132582164262e-02        -1.5773437632019791e-01        -1.2854363855047232e-01         7.8981145183128057e-02
64                                     1.0708566157861726e-01         7.9425486585704350e-02         2.2582433337104843e-02         5.6721497474535983e-02        -2.2187283761468987e-02         6.6634692415733845e-02         6.0228324311938260e-02        -2.5172687553935515e-02
65                                     2.9709205647021170e-01         1.3667166450110069e-01         5.6561507642061887e-02         1.3235959840013695e-01        -8.9289901678713562e-02        -5.8221788553967126e-02        -2.3996212238685064e-02        -4.0615838764576383e-02
66                                     7.3379217512108208e-03         3.5388879859134588e-02        -3.8349819327178777e-02         7.6453734715333788e-03         2.0161973157041897e-02         6.4289778496657724e-03        -1.8225851462663317e-01         2.3215275208830832e-02
67                                    -2.7855490290393875e-01        -1.6964428460415862e-01        -4.7163692624109022e-02        -1.2270393961378856e-01        -3.7689527007279199e-02         9.6698551031025159e-03         3.2402658451223088e-02         1.0454587542345803e-01
68                                    -1.4184129626092382e-01        -6.2870876257238306e-02        -5.3430401211453246e-02        -7.5681606972010665e-02        -4.3126481302162865e-02         3.0620121075044828e-02        -9.8425049013389387e-02         1.2095764198821575e-01
69                                    -1.2114868319040187e-01         2.7701910402996993e-02        -2.9650300672218488e-01        -7.7127353690610953e-02        -1.0260301084421559e-02        -1.9177864268614129e-04        -1.1005779283551546e-01        -5.9215765860748976e-02
70                                    -7.3781073400847261e-02        -4.0739556997249751e-02        -1.2035595793129300e-01        -5.9794678814650636e-02        -1.5731726822015657e-01         1.4048548346267581e-01         6.7025531637606287e-02         1.7282637212089969e-01
71                                    -6.0866633241169796e-02        -7.2810115785017910e-04        -1.3643221762729063e-01         1.3389978437742698e-03        -2.3378626801607964e-02        -1.7300566087063735e-03         5.5895111939518070e-03        -3.7215060160408881e-03
72                                     1.2114868319040187e-01         2.7701910402996993e-02         2.9650300672218488e-01        -7.7127353690610953e-02         1.0260301084421559e-02        -1.9177864268614129e-04        -1.1005779283551546e-01        -5.9215765860748976e-02
73                                     7.3781073400847261e-02        -4.0739556997249751e-02         1.2035595793129300e-01        -5.9794678814650636e-02         1.5731726822015657e-01         1.4048548346267581e-01         6.7025531637606287e-02         1.7282637212089969e-01
74                                    -6.0866633241169796e-02         7.2810115785017910e-04        -1.3643221762729063e-01        -1.3389978437742698e-03        -2.3378626801607964e-02         1.7300566087063735e-03        -5.5895111939518070e-03         3.7215060160408881e-03
75                                    -6.9527675183529841e-02         1.0985840064098820e-01         1.7045445322482863e-01         7.6470272862681323e-03         6.1381556010971491e-02         3.9876397328109303e-03        -8.5279060987219227e-02         1.3685635938597004e-01
76                                     1.4306159966393239e-01        -1.2652457314206081e-01        -1.8454181743486853e-01        -7.7225626903108996e-02         2.0357837440618923e-01         5.3204212720280517e-02         1.3934089867978749e-01         1.0543502632802020e-01
77                                     4.5824918529798156e-02        -9.1290458566873331e-02        -1.4112650098110838e-01        -4.2563994067612319e-02        -4.3282256684326927e-02        -2.7799632046215082e-02         1.1297961998817894e-01        -1.5667177533743157e-01
78                                     5.4692440876165165e-04         3.9866202678293071e-02         2.3689208169068155e-02         2.1947202384340829e-02         1.0686210623594875e-02        -7.8008075658131282e-02         2.3071066410067245e-02         8.6269583009571077e-02
79                                    -7.0777815227134999e-02         1.2537229391540472e-01         1.4895428519281265e-01        -4.6426843777369609e-02         5.0408308404688053e-02        -1.9693579502876435e-01        -1.3469710048777825e-02         1.3455857102227950e-01
80                                    -1.6136688182791611e-01         1.3505202892723042e-01         2.4930886250729595e-01        -4.9794320531384072e-02        -2.7983520205645228e-02         1.0432142566876157e-02        -1.5128964770631442e-01        -6.1791042834515246e-02
                                                        32                          33                          34                          35                          36                          37                          38                          39

0                                      0.0000000000000000e+00         1.2940769262568451e-02         0.0000000000000000e+00         0.0000000000000000e+00        -2.3845174470177862e-02        -1.2319443108495750e-02         0.0000000000000000e+00         0.0000000000000000e+00
1                                      0.0000000000000000e+00         7.5545175344213919e-03         0.0000000000000000e+00         0.0000000000000000e+00        -5.0562129850138207e-02        -7.2424559046019351e-03         0.0000000000000000e+00         0.0000000000000000e+00
2                                      1.2158633242973501e-02         0.0000000000000000e+00        -3.0913007887275572e-03         2.9609552061045088e-03         0.0000000000000000e+00         0.0000000000000000e+00        -7.9636631108056166e-04         3.5876667193765797e-04
3                                      0.0000000000000000e+00         8.6224850951152135e-02         0.0000000000000000e+00         0.0000000000000000e+00         2.4840516870690065e-02        -5.8810938995037414e-02         0.0000000000000000e+00         0.0000000000000000e+00
4                                      0.0000000000000000e+00        -2.6284718365496874e-02         0.0000000000000000e+00         0.0000000000000000e+00         1.3360351370890688e-01         2.1771691891760498e-02         0.0000000000000000e+00         0.0000000000000000e+00
5                                     -5.7557962290844616e-02         0.0000000000000000e+00         5.6214648241888307e-02        -7.3551031353819657e-02         0.0000000000000000e+00         0.0000000000000000e+00         5.6039193787439733e-02         7.7137132781456242e-03
6                                      5.6528693045543567e-02        -2.6877403513359106e-02        -1.7272699704635148e-02         4.3243898345189644e-02         1.5329526872382197e-02         6.5133778419076138e-02         2.4731141166459854e-02        -2.5186553477018680e-03
7                                     -5.8744928390429434e-02        -2.5924518401284877e-02        -2.9272209968776983e-02         3.8296649848190110e-02        -3.0072078022749301e-02        -3.6889894250153668e-03        -2.8167550975894504e-02        -4.9597011416052201e-03
8                                      3.7156861551449295e-02        -2.3147920145647944e-02        -3.5370219454004481e-02         3.5143776466500153e-02         1.2516040413492038e-02        -3.2187618342855176e-02        -2.1664701457596788e-02        -1.0929340211606733e-03
9                                     -2.1130984130045369e-02        -1.9821245734799011e-02        -4.2368327829515093e-02        -6.3770999400553724e-02        -4.5965175239387736e-02        -3.5839611324371745e-02        -3.3373620897258316e-02         7.9919855838097142e-03
10                                     2.9041544501007693e-02         5.0100870510496380e-02         5.5622909915473737e-02        -4.8218093967408435e-02         2.3310092655492078e-02         8.4446585778824388e-03        -6.7818998421790575e-03        -1.5834326392140132e-03
11                                    -5.1206003849419250e-02         3.9715342770531188e-03         1.9937387701075674e-02         4.5493165982640062e-02        -6.9756851203951725e-02         3.7829482028131418e-02         2.7066575525305204e-03        -7.1865572570393825e-03
12                                     0.0000000000000000e+00         8.4209013993449006e-03         0.0000000000000000e+00         0.0000000000000000e+00         5.5533752575636718e-02        -2.5848793259118223e-03         0.0000000000000000e+00         0.0000000000000000e+00
13                                     0.0000000000000000e+00        -2.2963611877027591e-02         0.0000000000000000e+00         0.0000000000000000e+00        -3.3881506325599609e-02        -3.1274986877014632e-02         0.0000000000000000e+00         0.0000000000000000e+00
14                                     6.3384344190431985e-02         0.0000000000000000e+00        -3.2201299035708036e-02        -9.1958490549775035e-02         0.0000000000000000e+00         0.0000000000000000e+00        -1.5575434427215781e-02         1.5904289394603175e-02
15                                     2.1130984130045369e-02        -1.9821245734799011e-02         4.2368327829515093e-02         6.3770999400553724e-02        -4.5965175239387736e-02        -3.5839611324371745e-02         3.3373620897258316e-02        -7.9919855838097142e-03
16                                    -2.9041544501007693e-02         5.0100870510496380e-02        -5.5622909915473737e-02         4.8218093967408435e-02         2.3310092655492078e-02         8.4446585778824388e-03         6.7818998421790575e-03         1.5834326392140132e-03
17                                    -5.1206003849419250e-02        -3.9715342770531188e-03         1.9937387701075674e-02         4.5493165982640062e-02         6.9756851203951725e-02        -3.7829482028131418e-02         2.7066575525305204e-03        -7.1865572570393825e-03
18                                    -4.4106113923336597e-02         4.4107832808117559e-02        -6.0662087283465171e-02        -2.9197828906567583e-02        -2.6360159650067126e-02         2.9602199397078512e-02        -8.8113458290207843e-03         1.1580339581752553e-02
19                                    -4.4003914611509827e-02        -5.1090918308348294e-03         2.8005702299844837e-02        -1.0229349134273613e-02        -2.9045763239332503e-03         2.5679006662856198e-02        -3.2689364940088922e-02        -6.2074819672189021e-03
20                                     1.4147628836301815e-02        -2.1389304084313669e-02         4.5575015976707461e-02         3.7826816998788272e-03        -5.1928601288700763e-02         8.4046062823008635e-03        -1.3699894985584979e-02        -8.9174172291784076e-03
21                                     0.0000000000000000e+00        -4.6653005136312029e-02         0.0000000000000000e+00         0.0000000000000000e+00         8.6117724855182293e-02        -7.3653050169367339e-05         0.0000000000000000e+00         0.0000000000000000e+00
22                                     0.0000000000000000e+00        -7.7544765085001535e-02         0.0000000000000000e+00         0.0000000000000000e+00        -1.8589865625716961e-02        -3.2668176002037579e-02         0.0000000000000000e+00         0.0000000000000000e+00
23                                    -9.7480977287211102e-03         0.0000000000000000e+00        -8.9543149330066379e-02        -1.8623277910111830e-02         0.0000000000000000e+00         0.0000000000000000e+00         5.3267806901479017e-02         1.8417087602691066e-02
24                                     4.4106113923336597e-02         4.4107832808117559e-02         6.0662087283465171e-02         2.9197828906567583e-02        -2.6360159650067126e-02         2.9602199397078512e-02         8.8113458290207843e-03        -1.1580339581752553e-02
25                                     4.4003914611509827e-02        -5.1090918308348294e-03        -2.8005702299844837e-02         1.0229349134273613e-02        -2.9045763239332503e-03         2.5679006662856198e-02         3.2689364940088922e-02         6.2074819672189021e-03
26                                     1.4147628836301815e-02         2.1389304084313669e-02         4.5575015976707461e-02         3.7826816998788272e-03         5.1928601288700763e-02        -8.4046062823008635e-03        -1.3699894985584979e-02        -8.9174172291784076e-03
27                                     0.0000000000000000e+00        -4.2244537058897011e-02         0.0000000000000000e+00         0.0000000000000000e+00        -2.9219874847413334e-02        -3.3500508445715089e-03         0.0000000000000000e+00         0.0000000000000000e+00
28                                     0.0000000000000000e+00         8.5487612236115437e-02         0.0000000000000000e+00         0.0000000000000000e+00        -1.7153122735374692e-02        -2.0896844094012365e-02         0.0000000000000000e+00         0.0000000000000000e+00
29                                    -8.6146674498438172e-02         0.0000000000000000e+00         1.7144168405805450e-02         2.4452372833041916e-03         0.0000000000000000e+00         0.0000000000000000e+00        -7.4319816727047752e-02        -1.4262906021362454e-02
30                                    -5.6528693045543567e-02        -2.6877403513359106e-02         1.7272699704635148e-02        -4.3243898345189644e-02         1.5329526872382197e-02         6.5133778419076138e-02        -2.4731141166459854e-02         2.5186553477018680e-03
31                                     5.8744928390429434e-02        -2.5924518401284877e-02         2.9272209968776983e-02        -3.8296649848190110e-02        -3.0072078022749301e-02        -3.6889894250153668e-03         2.8167550975894504e-02         4.9597011416052201e-03
32                                     3.7156861551449295e-02         2.3147920145647944e-02        -3.5370219454004481e-02         3.5143776466500153e-02        -1.2516040413492038e-02         3.2187618342855176e-02        -2.1664701457596788e-02        -1.0929340211606733e-03
33                                     0.0000000000000000e+00        -1.0407225995365622e-01         0.0000000000000000e+00         0.0000000000000000e+00         7.7766525525315197e-02         9.1681137105230320e-02         0.0000000000000000e+00         0.0000000000000000e+00
34                                     0.0000000000000000e+00        -1.6902128616589540e-01         0.0000000000000000e+00         0.0000000000000000e+00         1.0082749995628482e-01         1.4868713323265631e-01         0.0000000000000000e+00         0.0000000000000000e+00
35                                     7.6558992172983276e-03         0.0000000000000000e+00         5.3057257464020585e-04         2.0628860823711731e-03         0.0000000000000000e+00         0.0000000000000000e+00        -1.7803604318316574e-03        -6.5541152188279962e-04
36                                    -5.2489649804841478e-02        -1.2512117781201310e-01        -8.9193731007738641e-02        -7.0721935322574772e-02        -7.7738261238660775e-02        -7.1745011991089111e-02         2.4404669444320886e-02         9.9166059839293122e-02
37                                     1.0516707420539821e-03        -2.1856965627740008e-01        -5.1999681673381537e-02        -6.6556463284267287e-02        -6.4071046120211264e-02         1.3311326422052810e-01         1.4810870976920776e-01         1.2897563939159729e-01
38                                    -1.8090215557373189e-02        -1.4256759652234174e-01        -8.7219154989078354e-02        -6.7684842310417798e-02        -6.0681940293261349e-02        -7.9425806853177822e-02         3.0127793176900612e-02         1.0275989345385315e-01
39                                     3.6102770016376469e-02         6.6920730660593036e-02        -1.2543605633706651e-02         1.3832819082157874e-01        -1.5140268136198455e-02        -3.7646987106248815e-02         4.3949093188587217e-02        -7.3164468062542981e-02
40                                    -8.4620455225238644e-02         1.1387420087221095e-01        -1.8252481848300115e-02         1.8337728193973343e-01        -6.9708942631851886e-02        -1.4759191391119045e-01         6.2357026924654193e-03        -1.1184131297423565e-01
41                                     1.4632859384826663e-01         4.1679667062411198e-02         2.8788844080617694e-02         1.8143399260931953e-01        -6.1655971536666975e-03         9.6919030688283545e-02         1.2718010111666425e-01        -8.6891968539150821e-02
42                                     1.2557369143346578e-02        -1.8246524840787454e-02        -5.3007316152215177e-02        -6.6447440902930963e-02        -5.1955115749163595e-02        -2.4069487843356280e-01        -1.3860876525630600e-01        -3.6147787583744323e-01
43                                     1.5960779611240294e-01         2.8501019784026353e-02         7.1029365245160632e-03         1.5818132959058304e-02         1.5670891731654013e-01         1.6206708111037868e-01        -2.8152006760301179e-01         4.6792058402483128e-02
44                                    -1.0335957766421507e-01         8.2571041376268486e-03         3.8732450491914018e-02         3.1602412158684187e-02        -1.0121308917346815e-01         1.3446057258239591e-01         1.3918274931957783e-01         2.2262104669878696e-01
45                                     0.0000000000000000e+00        -8.2273629490417277e-02         0.0000000000000000e+00         0.0000000000000000e+00        -9.7493755609573463e-02        -7.7060952844821021e-02         0.0000000000000000e+00         0.0000000000000000e+00
46                                     0.0000000000000000e+00         3.0171897942702763e-03         0.0000000000000000e+00         0.0000000000000000e+00         8.1662410325986645e-03        -1.0773843314550412e-02         0.0000000000000000e+00         0.0000000000000000e+00
47                                     1.3518950235675520e-01         0.0000000000000000e+00        -3.4297130181773772e-01        -5.7256487134058863e-02         0.0000000000000000e+00         0.0000000000000000e+00        -2.6145307687981584e-01        -2.1482747270802244e-01
48                                     0.0000000000000000e+00         5.6516253284706115e-02         0.0000000000000000e+00         0.0000000000000000e+00         1.2267661207502707e-01         3.2894593035440095e-02         0.0000000000000000e+00         0.0000000000000000e+00
49                                     0.0000000000000000e+00         5.7258312676505080e-02         0.0000000000000000e+00         0.0000000000000000e+00         7.8561612344213438e-02         2.8274653164848580e-02         0.0000000000000000e+00         0.0000000000000000e+00
50                                     2.7088050387117402e-01         0.0000000000000000e+00         1.8155727945497471e-01        -2.4414251571950402e-01         0.0000000000000000e+00         0.0000000000000000e+00        -9.6340236952100186e-02        -2.6607748664652342e-01
51                                    -1.2557369143346578e-02        -1.8246524840787454e-02         5.3007316152215177e-02         6.6447440902930963e-02        -5.1955115749163595e-02        -2.4069487843356280e-01         1.3860876525630600e-01         3.6147787583744323e-01
52                                    -1.5960779611240294e-01         2.8501019784026353e-02        -7.1029365245160632e-03        -1.5818132959058304e-02         1.5670891731654013e-01         1.6206708111037868e-01         2.8152006760301179e-01        -4.6792058402483128e-02
53                                    -1.0335957766421507e-01        -8.2571041376268486e-03         3.8732450491914018e-02         3.1602412158684187e-02         1.0121308917346815e-01        -1.3446057258239591e-01         1.3918274931957783e-01         2.2262104669878696e-01
54                                    -1.4279386435280839e-02        -1.1353493947517208e-01        -1.8518428558305899e-01        -1.8571038301378381e-01         2.5674350067292614e-02         1.5158826992413629e-01         1.7819507145616159e-01        -1.2178751265107943e-01
55                                    -4.8889314084640055e-02         3.1732527405619382e-02         5.6283788578143028e-02         2.9982051526550722e-02        -1.2633276927276296e-02        -6.7382365834360919e-03        -7.5257323274392260e-02         2.6165032686578341e-02
56                                     1.4217765866552015e-01         3.5759232677303569e-02         5.6820138950976450e-02         1.8104884507190847e-01         6.2552178531162600e-02        -1.8065983790819679e-01        -1.6283663220602228e-02         8.0724802260032674e-02
57                                    -1.1936185906111632e-01         2.3201446120619892e-01        -6.5860611618323350e-02         1.0686888828232023e-01        -6.3287760714772724e-03         1.0376683085207576e-01         6.4830378676646802e-02        -2.1893035865966856e-01
58                                     1.0733600444340552e-01        -8.0356677115461406e-02        -2.4045759953369918e-02         2.7938867777410118e-02         8.9737773608184287e-02        -8.7792656951315551e-02         3.6081855619619727e-02         5.6895550346878800e-02
59                                     2.7875195183789447e-02        -1.2720970032631232e-01         5.9741412617216362e-02        -9.1680424300262561e-02        -8.3427655572423987e-02        -1.5601410109457842e-02        -7.5338508935195697e-02         1.2643228478433841e-01
60                                     0.0000000000000000e+00        -1.9906235141739746e-02         0.0000000000000000e+00         0.0000000000000000e+00         1.7567853731764346e-01        -1.8702940103320517e-01         0.0000000000000000e+00         0.0000000000000000e+00
61                                     0.0000000000000000e+00        -3.5353425058200917e-02         0.0000000000000000e+00         0.0000000000000000e+00         1.1732570361673039e-01        -3.2614170347519639e-01         0.0000000000000000e+00         0.0000000000000000e+00
62                                    -5.5832377973293587e-02         0.0000000000000000e+00        -8.6723365957113954e-02        -3.0318913026534677e-02         0.0000000000000000e+00         0.0000000000000000e+00         4.0642487439152208e-01        -3.6745814958680245e-01
63                                     1.4279386435280839e-02        -1.1353493947517208e-01         1.8518428558305899e-01         1.8571038301378381e-01         2.5674350067292614e-02         1.5158826992413629e-01        -1.7819507145616159e-01         1.2178751265107943e-01
64                                     4.8889314084640055e-02         3.1732527405619382e-02        -5.6283788578143028e-02        -2.9982051526550722e-02        -1.2633276927276296e-02        -6.7382365834360919e-03         7.5257323274392260e-02        -2.6165032686578341e-02
65                                     1.4217765866552015e-01        -3.5759232677303569e-02         5.6820138950976450e-02         1.8104884507190847e-01        -6.2552178531162600e-02         1.8065983790819679e-01        -1.6283663220602228e-02         8.0724802260032674e-02
66                                     1.1936185906111632e-01         2.3201446120619892e-01         6.5860611618323350e-02        -1.0686888828232023e-01        -6.3287760714772724e-03         1.0376683085207576e-01        -6.4830378676646802e-02         2.1893035865966856e-01
67                                    -1.0733600444340552e-01        -8.0356677115461406e-02         2.4045759953369918e-02        -2.7938867777410118e-02         8.9737773608184287e-02        -8.7792656951315551e-02        -3.6081855619619727e-02        -5.6895550346878800e-02
68                                     2.7875195183789447e-02         1.2720970032631232e-01         5.9741412617216362e-02        -9.1680424300262561e-02         8.3427655572423987e-02         1.5601410109457842e-02        -7.5338508935195697e-02         1.2643228478433841e-01
69                                     2.1028431022493868e-01        -7.3238288237244958e-02        -1.6399847793907271e-01         2.8381074535615110e-02         3.6708248265346279e-02        -5.3349435305269942e-02         1.0907529424072686e-01         9.5910095965500722e-02
70                                     3.1733901019573033e-02         1.5580752749068100e-01         2.6901956006263755e-01        -1.3134549975919943e-01        -1.1720527170526526e-01         9.7496625056178704e-02         1.7226080242804764e-01        -1.2913418125128262e-01
71                                     6.5069805670150749e-02        -8.4983619220619603e-04        -1.9418420947128676e-02        -1.6842478299385906e-02         1.3400639975482487e-02        -3.4047274703592246e-04         5.1515228568777043e-02         1.5466635653214928e-02
72                                    -2.1028431022493868e-01        -7.3238288237244958e-02         1.6399847793907271e-01        -2.8381074535615110e-02         3.6708248265346279e-02        -5.3349435305269942e-02        -1.0907529424072686e-01        -9.5910095965500722e-02
73                                    -3.1733901019573033e-02         1.5580752749068100e-01        -2.6901956006263755e-01         1.3134549975919943e-01        -1.1720527170526526e-01         9.7496625056178704e-02        -1.7226080242804764e-01         1.2913418125128262e-01
74                                     6.5069805670150749e-02         8.4983619220619603e-04        -1.9418420947128676e-02        -1.6842478299385906e-02        -1.3400639975482487e-02         3.4047274703592246e-04         5.1515228568777043e-02         1.5466635653214928e-02
75                                     5.2489649804841478e-02        -1.2512117781201310e-01         8.9193731007738641e-02         7.0721935322574772e-02        -7.7738261238660775e-02        -7.1745011991089111e-02        -2.4404669444320886e-02        -9.9166059839293122e-02
76                                    -1.0516707420539821e-03        -2.1856965627740008e-01         5.1999681673381537e-02         6.6556463284267287e-02        -6.4071046120211264e-02         1.3311326422052810e-01        -1.4810870976920776e-01        -1.2897563939159729e-01
77                                    -1.8090215557373189e-02         1.4256759652234174e-01        -8.7219154989078354e-02        -6.7684842310417798e-02         6.0681940293261349e-02         7.9425806853177822e-02         3.0127793176900612e-02         1.0275989345385315e-01
78                                    -3.6102770016376469e-02         6.6920730660593036e-02         1.2543605633706651e-02        -1.3832819082157874e-01        -1.5140268136198455e-02        -3.7646987106248815e-02        -4.3949093188587217e-02         7.3164468062542981e-02
79                                     8.4620455225238644e-02         1.1387420087221095e-01         1.8252481848300115e-02        -1.8337728193973343e-01        -6.9708942631851886e-02        -1.4759191391119045e-01        -6.2357026924654193e-03         1.1184131297423565e-01
80                                     1.4632859384826663e-01        -4.1679667062411198e-02         2.8788844080617694e-02         1.8143399260931953e-01         6.1655971536666975e-03        -9.6919030688283545e-02         1.2718010111666425e-01        -8.6891968539150821e-02
                                                        40                          41                          42                          43                          44                          45                          46                          47

0                                     -2.3794027936052762e-02         0.0000000000000000e+00         2.0039303158291590e-02         0.0000000000000000e+00        -2.8809203216943639e-02         0.0000000000000000e+00         1.5516632171692517e-02         0.0000000000000000e+00
1                                     -4.7698020016207959e-02         0.0000000000000000e+00        -8.7309628876762069e-03         0.0000000000000000e+00        -1.3889515541109926e-03         0.0000000000000000e+00         9.3924323478440240e-04         0.0000000000000000e+00
2                                      0.0000000000000000e+00        -7.0606244961620194e-04         0.0000000000000000e+00        -1.1070981870008614e-02         0.0000000000000000e+00         1.4677503755262436e-02         0.0000000000000000e+00        -1.1281575231801163e-03
3                                      3.6946377509123850e-02         0.0000000000000000e+00         7.5151713086825181e-02         0.0000000000000000e+00        -2.7392025375080651e-02         0.0000000000000000e+00         6.8221590869579542e-03         0.0000000000000000e+00
4                                      1.2689152173234272e-01         0.0000000000000000e+00         5.2241565712622444e-02         0.0000000000000000e+00        -2.0375515175962439e-02         0.0000000000000000e+00         6.5214585736802678e-05         0.0000000000000000e+00
5                                      0.0000000000000000e+00        -1.1125721530966129e-03         0.0000000000000000e+00         6.5452647849192858e-02         0.0000000000000000e+00        -1.4277199357701256e-01         0.0000000000000000e+00         6.4947351410961349e-02
6                                      1.3359264089412111e-02         1.0243834548135735e-03        -2.0305866739250739e-02         1.1285614641841416e-02         2.0340504991086979e-03        -2.6000971638671041e-02        -1.3356232210682091e-02         1.4534151074522398e-03
7                                     -8.2039418175847353e-03         3.7646056934897872e-03         2.6574492718734830e-02         3.1800838725270994e-02         4.6703149768948238e-03        -3.6914271482682427e-02        -3.3237875226372865e-02        -3.6202319103432822e-02
8                                      3.0891596854258296e-02         1.3978405010323118e-03         2.3860352583885046e-02        -2.6346317478381648e-02        -1.0295210321268289e-02         1.2879415060737635e-02        -1.5396188090926865e-02        -3.2029534179510863e-02
9                                     -1.8423064524845583e-02         4.7766635440953820e-03         1.2382771208401382e-02        -1.6059743517645140e-02         7.2037995080136592e-03         1.0394368228320237e-02        -4.2247017461788203e-02        -3.6559570200975396e-02
10                                    -5.7035518717971440e-02        -2.9467300850877054e-03        -3.2626346335100503e-02        -1.2477002817427070e-02         1.1684514749516620e-03         7.4221293060404859e-03         4.9059353208394503e-02         7.3133245876510752e-02
11                                    -9.8804399910652502e-03        -2.7179472146468368e-03        -2.2197865307589989e-02         9.6797368910955302e-03        -2.7531005616474760e-03        -2.1945556483946548e-02         9.0295945115046843e-03         3.8644530420509022e-03
12                                    -1.4193301682823258e-02         0.0000000000000000e+00         4.3013687568092158e-03         0.0000000000000000e+00         2.1310214757182179e-02         0.0000000000000000e+00         3.1330391651930474e-02         0.0000000000000000e+00
13                                     6.3797124832703070e-02         0.0000000000000000e+00         3.1241754729672805e-02         0.0000000000000000e+00         1.3167171039941600e-02         0.0000000000000000e+00        -2.7225567241475072e-02         0.0000000000000000e+00
14                                     0.0000000000000000e+00         4.5596535494505826e-03         0.0000000000000000e+00        -2.1520469955463334e-02         0.0000000000000000e+00         3.8354406851308573e-02         0.0000000000000000e+00        -8.8460447847019397e-03
15                                    -1.8423064524845583e-02        -4.7766635440953820e-03         1.2382771208401382e-02         1.6059743517645140e-02         7.2037995080136592e-03        -1.0394368228320237e-02        -4.2247017461788203e-02         3.6559570200975396e-02
16                                    -5.7035518717971440e-02         2.9467300850877054e-03        -3.2626346335100503e-02         1.2477002817427070e-02         1.1684514749516620e-03        -7.4221293060404859e-03         4.9059353208394503e-02        -7.3133245876510752e-02
17                                     9.8804399910652502e-03        -2.7179472146468368e-03         2.2197865307589989e-02         9.6797368910955302e-03         2.7531005616474760e-03        -2.1945556483946548e-02        -9.0295945115046843e-03         3.8644530420509022e-03
18                                     2.9921532500177376e-02         5.4983473246708820e-03        -1.8054336537370978e-02         8.0752889396245673e-03        -4.7417782625256989e-04        -5.0481253965095054e-03         5.2886384307215165e-02        -3.1613597528374213e-02
19                                     4.9962573198743629e-02        -1.6617406521686885e-03         9.2168957171117373e-03        -2.6968775125598057e-02        -1.6301408657214807e-02        -2.4465971786137167e-03         9.7064401334193070e-05         2.5091653482856375e-02
20                                     2.3110856274036855e-02        -3.5488696956859438e-03         9.1658586033577880e-03        -1.0067200302989580e-03         9.3472721373896225e-03         3.3525845109176833e-02        -8.9937922402512291e-03         4.0746898180118167e-02
21                                    -1.1311117713478350e-02         0.0000000000000000e+00         2.0974439563003999e-02         0.0000000000000000e+00        -7.8171152878996480e-03         0.0000000000000000e+00        -5.5455967514290772e-02         0.0000000000000000e+00
22                                    -6.6636225608088864e-02         0.0000000000000000e+00        -1.9459165466273547e-03         0.0000000000000000e+00         1.8602397361589890e-02         0.0000000000000000e+00        -7.6975817085614379e-02         0.0000000000000000e+00
23                                     0.0000000000000000e+00         8.6942338309916895e-03         0.0000000000000000e+00         3.7488794991170804e-02         0.0000000000000000e+00        -4.4378272101915937e-02         0.0000000000000000e+00        -9.5648381614360595e-02
24                                     2.9921532500177376e-02        -5.4983473246708820e-03        -1.8054336537370978e-02        -8.0752889396245673e-03        -4.7417782625256989e-04         5.0481253965095054e-03         5.2886384307215165e-02         3.1613597528374213e-02
25                                     4.9962573198743629e-02         1.6617406521686885e-03         9.2168957171117373e-03         2.6968775125598057e-02        -1.6301408657214807e-02         2.4465971786137167e-03         9.7064401334193070e-05        -2.5091653482856375e-02
26                                    -2.3110856274036855e-02        -3.5488696956859438e-03        -9.1658586033577880e-03        -1.0067200302989580e-03        -9.3472721373896225e-03         3.3525845109176833e-02         8.9937922402512291e-03         4.0746898180118167e-02
27                                    -3.3317717151067773e-02         0.0000000000000000e+00        -3.4115503494944452e-02         0.0000000000000000e+00        -5.5309396800681801e-03         0.0000000000000000e+00        -1.6346846673068287e-02         0.0000000000000000e+00
28                                     2.0999684105019383e-02         0.0000000000000000e+00        -2.7990358759915405e-02         0.0000000000000000e+00        -1.9954806923380867e-02         0.0000000000000000e+00         8.8488950387794765e-02         0.0000000000000000e+00
29                                     0.0000000000000000e+00         5.7407604758917183e-04         0.0000000000000000e+00        -3.2875283265788036e-02         0.0000000000000000e+00         4.3707524195700391e-02         0.0000000000000000e+00         5.3315391932994864e-03
30                                     1.3359264089412111e-02        -1.0243834548135735e-03        -2.0305866739250739e-02        -1.1285614641841416e-02         2.0340504991086979e-03         2.6000971638671041e-02        -1.3356232210682091e-02        -1.4534151074522398e-03
31                                    -8.2039418175847353e-03        -3.7646056934897872e-03         2.6574492718734830e-02        -3.1800838725270994e-02         4.6703149768948238e-03         3.6914271482682427e-02        -3.3237875226372865e-02         3.6202319103432822e-02
32                                    -3.0891596854258296e-02         1.3978405010323118e-03        -2.3860352583885046e-02        -2.6346317478381648e-02         1.0295210321268289e-02         1.2879415060737635e-02         1.5396188090926865e-02        -3.2029534179510863e-02
33                                     8.4736307417222920e-02         0.0000000000000000e+00        -2.4172225622416685e-01         0.0000000000000000e+00         1.9559462433051508e-01         0.0000000000000000e+00        -6.3035121376209535e-02         0.0000000000000000e+00
34                                     1.1506611768754703e-01         0.0000000000000000e+00        -4.0192570744978584e-01         0.0000000000000000e+00         3.3243522817655358e-01         0.0000000000000000e+00        -1.1377904593417326e-01         0.0000000000000000e+00
35                                     0.0000000000000000e+00        -3.8606290651692800e-05         0.0000000000000000e+00         6.1389968969722099e-03         0.0000000000000000e+00        -6.5341603173814670e-04         0.0000000000000000e+00        -4.4472428464541885e-03
36                                     1.4209955470916085e-02        -1.2632641339727027e-01        -1.3008610661785805e-02        -5.8147514284705902e-02        -1.6362827450857953e-01         1.8177421759365217e-01         9.5293362990888669e-02         1.2732994610227187e-02
37                                     7.2724461576827767e-03        -1.8807644227397477e-01        -1.0361417229926319e-01        -4.5161419913761019e-04        -2.1127648200530957e-01         2.0948437200186368e-01         1.6323930646592083e-01         9.3079442539581309e-02
38                                     3.3557574615356529e-02        -1.3568820555715438e-01        -1.3025265700109884e-02        -8.0114286964496337e-02        -1.7754973684876066e-01         2.1333395361370514e-01         1.1126022138898910e-01         1.5390887002631031e-02
39                                     7.6165703814749242e-02         1.1788315362319482e-01        -9.1963591898894054e-02        -1.5229184876766449e-01         1.5455001767505028e-01         6.0138345533799036e-02        -1.0854371533869291e-02         5.1005409932375276e-03
40                                     8.8421767601734230e-02         1.7944951806259338e-01        -8.3269440808893494e-02        -2.0950555481140495e-01         2.3387928110654108e-01         8.5901923523564419e-02        -2.6991834984098788e-02        -2.3349775698949388e-02
41                                     7.1246172296401122e-02         1.2184894385263699e-01        -1.7571434180293474e-01        -1.4954525778684716e-01         1.7297476725349459e-01         1.4488557495878461e-02        -8.5989725671893769e-03         4.3327253113247678e-02
42                                     7.7425396338864855e-03        -7.9430437643180710e-02         4.3593676185087318e-02        -9.2969959878910477e-02         2.3357481374559610e-01        -9.1241967038194524e-02         1.1673704250939015e-01         1.0035668382204566e-02
43                                    -3.0873448900330414e-01         3.3554833546037811e-02         1.1344369278322462e-01         3.1719627309392850e-01         4.9173042433814110e-02         1.4155331810072538e-01        -2.8365097887404177e-03        -4.9198356424866301e-02
44                                     3.5782856965494048e-02         4.3274782701084195e-02        -8.0483602731360029e-02        -2.4031908311928411e-02        -1.6260404676338766e-01         1.4691353087838583e-02        -8.0902505051309706e-02         4.1598322258608713e-03
45                                     1.4004409382175378e-01         0.0000000000000000e+00         7.9487679904182387e-02         0.0000000000000000e+00         4.3102366155098763e-02         0.0000000000000000e+00        -5.5235463054346928e-02         0.0000000000000000e+00
46                                     1.8848618034664373e-02         0.0000000000000000e+00         9.1799150648674988e-03         0.0000000000000000e+00         8.3913187019522915e-03         0.0000000000000000e+00         1.2544495770004599e-03         0.0000000000000000e+00
47                                     0.0000000000000000e+00         2.7883494390744323e-01         0.0000000000000000e+00         3.1497092489056749e-01         0.0000000000000000e+00         2.3266824035457830e-02         0.0000000000000000e+00         3.7892254941197789e-01
48                                    -1.0996102587829697e-01         0.0000000000000000e+00        -3.7380238366793432e-02         0.0000000000000000e+00         2.4198531272966756e-02         0.0000000000000000e+00         7.8162632761640066e-02         0.0000000000000000e+00
49                                    -9.2445981956855675e-02         0.0000000000000000e+00        -3.8318726441991080e-02         0.0000000000000000e+00         1.5118256925126366e-02         0.0000000000000000e+00         5.4753590330430355e-02         0.0000000000000000e+00
50                                     0.0000000000000000e+00        -3.6246904001256552e-01         0.0000000000000000e+00        -2.3284803315098163e-01         0.0000000000000000e+00        -2.1479372868725849e-01         0.0000000000000000e+00        -3.4843685493672383e-01
51                                     7.7425396338864855e-03         7.9430437643180710e-02         4.3593676185087318e-02         9.2969959878910477e-02         2.3357481374559610e-01         9.1241967038194524e-02         1.1673704250939015e-01        -1.0035668382204566e-02
52                                    -3.0873448900330414e-01        -3.3554833546037811e-02         1.1344369278322462e-01        -3.1719627309392850e-01         4.9173042433814110e-02        -1.4155331810072538e-01        -2.8365097887404177e-03         4.9198356424866301e-02
53                                    -3.5782856965494048e-02         4.3274782701084195e-02         8.0483602731360029e-02        -2.4031908311928411e-02         1.6260404676338766e-01         1.4691353087838583e-02         8.0902505051309706e-02         4.1598322258608713e-03
54                                    -1.3025402072459288e-01         2.1106549989559306e-01         2.1105993214677404e-01        -1.2588906558519397e-01         1.5565475906317680e-01        -5.4765640006535013e-03         1.3504253849272829e-01         5.3646418328316112e-02
55                                     8.2226960347363237e-02        -5.1177511633128538e-02        -4.6623623189616707e-02         6.6939108801564538e-03        -5.3440369979560948e-02        -5.4800284774673266e-03        -2.3530942156458342e-02         5.0726741720094441e-04
56                                    -6.5150145342119006e-02        -1.2334693497894904e-01        -1.2206623339867188e-01         1.4074445688775999e-01        -5.9427440964396644e-02        -1.8585042231980366e-04        -1.1468343580107390e-01        -7.8609371113126422e-02
57                                     1.8155376394922422e-02        -2.8851015616270415e-01        -1.0126379380695277e-01         1.1085865450427630e-01        -1.6149130356514871e-01         9.2560727469771897e-02        -2.7767645668971491e-01         3.3184993547509270e-02
58                                    -1.2532942831217561e-01         7.0848927923834196e-02         1.7896647990275200e-02        -1.6070946403005409e-02         3.8503823951234355e-02        -6.5554275585212748e-02         2.5143373498712471e-02        -4.8834480605919627e-02
59                                     6.8847313567750423e-02         1.7080929766336247e-01         6.1778874431557773e-02        -6.8034093512468266e-02         1.0233644984861449e-01        -1.5848726203095506e-02         1.9732640761215381e-01         1.2202185781356994e-02
60                                    -3.5603025377019155e-02         0.0000000000000000e+00        -1.7525881342624230e-01         0.0000000000000000e+00        -1.3275616602124474e-01         0.0000000000000000e+00        -2.1365154984633320e-02         0.0000000000000000e+00
61                                    -1.0499876829632604e-01         0.0000000000000000e+00        -3.0511399835496600e-01         0.0000000000000000e+00        -1.7663528566339942e-01         0.0000000000000000e+00        -2.7388180300720037e-02         0.0000000000000000e+00
62                                     0.0000000000000000e+00        -9.2745815071935592e-02         0.0000000000000000e+00         2.5024009215072990e-01         0.0000000000000000e+00         2.3956042933199670e-01         0.0000000000000000e+00         1.1062293638465182e-01
63                                    -1.3025402072459288e-01        -2.1106549989559306e-01         2.1105993214677404e-01         1.2588906558519397e-01         1.5565475906317680e-01         5.4765640006535013e-03         1.3504253849272829e-01        -5.3646418328316112e-02
64                                     8.2226960347363237e-02         5.1177511633128538e-02        -4.6623623189616707e-02        -6.6939108801564538e-03        -5.3440369979560948e-02         5.4800284774673266e-03        -2.3530942156458342e-02        -5.0726741720094441e-04
65                                     6.5150145342119006e-02        -1.2334693497894904e-01         1.2206623339867188e-01         1.4074445688775999e-01         5.9427440964396644e-02        -1.8585042231980366e-04         1.1468343580107390e-01        -7.8609371113126422e-02
66                                     1.8155376394922422e-02         2.8851015616270415e-01        -1.0126379380695277e-01        -1.1085865450427630e-01        -1.6149130356514871e-01        -9.2560727469771897e-02        -2.7767645668971491e-01        -3.3184993547509270e-02
67                                    -1.2532942831217561e-01        -7.0848927923834196e-02         1.7896647990275200e-02         1.6070946403005409e-02         3.8503823951234355e-02         6.5554275585212748e-02         2.5143373498712471e-02         4.8834480605919627e-02
68                                    -6.8847313567750423e-02         1.7080929766336247e-01        -6.1778874431557773e-02        -6.8034093512468266e-02        -1.0233644984861449e-01        -1.5848726203095506e-02        -1.9732640761215381e-01         1.2202185781356994e-02
69                                    -2.6624740767523863e-03        -9.9543712031578802e-02        -1.0555053264188251e-01        -1.1949213702523399e-02        -4.3764598666229455e-02        -1.7625843512778561e-01         8.1910338335541788e-02         1.1399581780740263e-01
70                                    -1.5722618600802932e-02         2.3589066713675513e-01         1.8280698485444083e-01         2.0985692892435631e-01         4.0201699210861565e-02         1.8373177092560553e-01        -1.9635422943048653e-01        -3.0081284612738646e-01
71                                     8.4283818526702629e-03        -8.2439883979249764e-04         9.1124264311269534e-03         2.0951522091329573e-02        -7.2444978881806722e-03        -3.2004856410511359e-02        -1.2224190044104834e-02        -1.9186518272184439e-03
72                                    -2.6624740767523863e-03         9.9543712031578802e-02        -1.0555053264188251e-01         1.1949213702523399e-02        -4.3764598666229455e-02         1.7625843512778561e-01         8.1910338335541788e-02        -1.1399581780740263e-01
73                                    -1.5722618600802932e-02        -2.3589066713675513e-01         1.8280698485444083e-01        -2.0985692892435631e-01         4.0201699210861565e-02        -1.8373177092560553e-01        -1.9635422943048653e-01         3.0081284612738646e-01
74                                    -8.4283818526702629e-03        -8.2439883979249764e-04        -9.1124264311269534e-03         2.0951522091329573e-02         7.2444978881806722e-03        -3.2004856410511359e-02         1.2224190044104834e-02        -1.9186518272184439e-03
75                                     1.4209955470916085e-02         1.2632641339727027e-01        -1.3008610661785805e-02         5.8147514284705902e-02        -1.6362827450857953e-01        -1.8177421759365217e-01         9.5293362990888669e-02        -1.2732994610227187e-02
76                                     7.2724461576827767e-03         1.8807644227397477e-01        -1.0361417229926319e-01         4.5161419913761019e-04        -2.1127648200530957e-01        -2.0948437200186368e-01         1.6323930646592083e-01        -9.3079442539581309e-02
77                                    -3.3557574615356529e-02        -1.3568820555715438e-01         1.3025265700109884e-02        -8.0114286964496337e-02         1.7754973684876066e-01         2.1333395361370514e-01        -1.1126022138898910e-01         1.5390887002631031e-02
78                                     7.6165703814749242e-02        -1.1788315362319482e-01        -9.1963591898894054e-02         1.5229184876766449e-01         1.5455001767505028e-01        -6.0138345533799036e-02        -1.0854371533869291e-02        -5.1005409932375276e-03
79                                     8.8421767601734230e-02        -1.7944951806259338e-01        -8.3269440808893494e-02         2.0950555481140495e-01         2.3387928110654108e-01        -8.5901923523564419e-02        -2.6991834984098788e-02         2.3349775698949388e-02
80                                    -7.1246172296401122e-02         1.2184894385263699e-01         1.7571434180293474e-01        -1.4954525778684716e-01        -1.7297476725349459e-01         1.4488557495878461e-02         8.5989725671893769e-03         4.3327253113247678e-02
                                                        48                          49                          50                          51                          52                          53                          54                          55

0                                      0.0000000000000000e+00         7.5271377704346854e-03         1.2258614961645294e-02         0.0000000000000000e+00         0.0000000000000000e+00        -2.6951454065031331e-02         0.0000000000000000e+00        -1.2953171266124207e-02
1                                      0.0000000000000000e+00         3.1102305602482761e-05         1.2919690140358712e-03         0.0000000000000000e+00         0.0000000000000000e+00        -4.9749608260314252e-03         0.0000000000000000e+00        -3.6986949044585816e-03
2                                      5.9015613247233648e-04         0.0000000000000000e+00         0.0000000000000000e+00         5.4756490162363660e-04        -1.4445506477099969e-04         0.0000000000000000e+00         4.9513216391030021e-03         0.0000000000000000e+00
3                                      0.0000000000000000e+00        -4.7769094521902006e-02        -5.5565514832162273e-03         0.0000000000000000e+00         0.0000000000000000e+00         8.0146870586986649e-02         0.0000000000000000e+00         4.5643902207790542e-02
4                                      0.0000000000000000e+00        -5.1004888150067547e-02         9.4006836303384064e-03         0.0000000000000000e+00         0.0000000000000000e+00        -3.0981687201605459e-02         0.0000000000000000e+00         2.5922848668376047e-02
5                                     -5.0349666709726494e-02         0.0000000000000000e+00         0.0000000000000000e+00         4.4303373769526942e-02         2.5212395923344673e-03         0.0000000000000000e+00        -3.6578832221629047e-02         0.0000000000000000e+00
6                                      2.7986948131310998e-02         2.4914450408543811e-02        -3.2928359635673206e-02        -3.6176317195413740e-02         1.6585309435312460e-03        -3.8215023299839793e-02        -3.4617795128402350e-03        -3.0590224568818169e-02
7                                      2.4848290471596521e-02         5.7630556592944610e-02        -2.6645969147735926e-02        -4.9069680973318007e-02        -1.2329063601259102e-03        -4.1470893782066948e-03        -1.3826636387843890e-02        -2.7859671832340303e-02
8                                      5.8870004601408819e-03         3.7310587858188247e-03        -2.2464196286075454e-02        -6.7051667584889646e-02        -3.8342556529168733e-03        -8.9051408678862531e-03         3.4102323884380070e-03        -2.5945348192818032e-02
9                                     -7.3038188085047695e-02        -1.8539051174589434e-02         6.0461098369655998e-02        -1.1562625021977149e-02        -3.2458143039471844e-02         6.1234685221569794e-02         2.4813830122351405e-02         1.2853270845073091e-02
10                                    -4.1804028443115759e-02        -9.4375543167459705e-02        -2.3820346331198290e-02        -3.5462646897883900e-03         5.5903594214029712e-03         1.5723128425556914e-03         4.5276534075712416e-02        -4.1140117762909018e-02
11                                     6.3440324058582534e-02         9.5962531142549864e-03        -8.2841485878654385e-03         5.9820004376835753e-02         2.0788466522783194e-02        -1.1857132843786406e-02         2.3724001698064941e-02        -3.6327581598006842e-03
12                                     0.0000000000000000e+00         1.8783681001102968e-02        -3.2975008509957493e-02         0.0000000000000000e+00         0.0000000000000000e+00        -3.3528346710442046e-02         0.0000000000000000e+00        -1.1767075411765952e-03
13                                     0.0000000000000000e+00         4.4307458919168236e-02         3.9826430807684606e-03         0.0000000000000000e+00         0.0000000000000000e+00        -5.8859240785594687e-03         0.0000000000000000e+00         7.9173845789293033e-03
14                                    -7.2220995386608880e-02         0.0000000000000000e+00         0.0000000000000000e+00        -2.5522946854951541e-02         7.5199416971322736e-02         0.0000000000000000e+00        -1.1415701452860749e-01         0.0000000000000000e+00
15                                     7.3038188085047695e-02        -1.8539051174589434e-02         6.0461098369655998e-02         1.1562625021977149e-02         3.2458143039471844e-02         6.1234685221569794e-02        -2.4813830122351405e-02         1.2853270845073091e-02
16                                     4.1804028443115759e-02        -9.4375543167459705e-02        -2.3820346331198290e-02         3.5462646897883900e-03        -5.5903594214029712e-03         1.5723128425556914e-03        -4.5276534075712416e-02        -4.1140117762909018e-02
17                                     6.3440324058582534e-02        -9.5962531142549864e-03         8.2841485878654385e-03         5.9820004376835753e-02         2.0788466522783194e-02         1.1857132843786406e-02         2.3724001698064941e-02         3.6327581598006842e-03
18                                    -3.4311381008180201e-02         8.6073074271358491e-03        -1.9237607167563283e-02        -5.3351819948519634e-03         6.2151345152480365e-02        -5.3550228219487857e-02         4.8078006380618307e-02         5.6729694272288939e-02
19                                    -7.8242036147605967e-03         3.9515108765867543e-02        -1.1401090672146545e-03         9.7725674413567214e-03        -1.5071695428080378e-02         3.3455669417120922e-02        -4.5697037453747563e-03        -4.1482269632339402e-03
20                                    -1.4181975774877750e-03        -7.1539236113639364e-03        -6.6749162167488180e-03        -3.5389816952777167e-02        -3.8440427644199297e-02         1.3867821313234861e-02        -3.6197050482108195e-02        -3.6570249762078386e-02
21                                     0.0000000000000000e+00        -2.1151184384803779e-02         6.8593946355221216e-02         0.0000000000000000e+00         0.0000000000000000e+00        -1.3547296090872778e-02         0.0000000000000000e+00        -4.7128105565744545e-02
22                                     0.0000000000000000e+00        -6.8945860078469659e-02         3.4851853890266238e-02         0.0000000000000000e+00         0.0000000000000000e+00        -9.5505298955954082e-02         0.0000000000000000e+00         5.0784716307577639e-03
23                                    -3.5754351551996452e-02         0.0000000000000000e+00         0.0000000000000000e+00         8.8649173523331265e-02        -3.4567482290163730e-02         0.0000000000000000e+00         6.5953216552528174e-04         0.0000000000000000e+00
24                                     3.4311381008180201e-02         8.6073074271358491e-03        -1.9237607167563283e-02         5.3351819948519634e-03        -6.2151345152480365e-02        -5.3550228219487857e-02        -4.8078006380618307e-02         5.6729694272288939e-02
25                                     7.8242036147605967e-03         3.9515108765867543e-02        -1.1401090672146545e-03        -9.7725674413567214e-03         1.5071695428080378e-02         3.3455669417120922e-02         4.5697037453747563e-03        -4.1482269632339402e-03
26                                    -1.4181975774877750e-03         7.1539236113639364e-03         6.6749162167488180e-03        -3.5389816952777167e-02        -3.8440427644199297e-02        -1.3867821313234861e-02        -3.6197050482108195e-02         3.6570249762078386e-02
27                                     0.0000000000000000e+00         1.0774473405480480e-02        -5.7782802811456278e-02         0.0000000000000000e+00         0.0000000000000000e+00        -1.0391818310392891e-02         0.0000000000000000e+00         2.1637881386761443e-02
28                                     0.0000000000000000e+00         6.6761402597388261e-02         7.2746903077280489e-02         0.0000000000000000e+00         0.0000000000000000e+00         1.8538137876060509e-02         0.0000000000000000e+00        -6.2775494369317064e-02
29                                     2.8751163532607333e-02         0.0000000000000000e+00         0.0000000000000000e+00        -2.8729630444561421e-02         2.0616065082244670e-03         0.0000000000000000e+00         2.7874545221589823e-03         0.0000000000000000e+00
30                                    -2.7986948131310998e-02         2.4914450408543811e-02        -3.2928359635673206e-02         3.6176317195413740e-02        -1.6585309435312460e-03        -3.8215023299839793e-02         3.4617795128402350e-03        -3.0590224568818169e-02
31                                    -2.4848290471596521e-02         5.7630556592944610e-02        -2.6645969147735926e-02         4.9069680973318007e-02         1.2329063601259102e-03        -4.1470893782066948e-03         1.3826636387843890e-02        -2.7859671832340303e-02
32                                     5.8870004601408819e-03        -3.7310587858188247e-03         2.2464196286075454e-02        -6.7051667584889646e-02        -3.8342556529168733e-03         8.9051408678862531e-03         3.4102323884380070e-03         2.5945348192818032e-02
33                                     0.0000000000000000e+00        -3.2200499073189871e-02        -5.9579986817218988e-02         0.0000000000000000e+00         0.0000000000000000e+00         1.5585598237320492e-01         0.0000000000000000e+00         5.2069928119553383e-02
34                                     0.0000000000000000e+00        -5.8983956898304012e-02        -1.0350067802196333e-01         0.0000000000000000e+00         0.0000000000000000e+00         2.6175378578066943e-01         0.0000000000000000e+00         9.0535521028074398e-02
35                                     6.2353962414068258e-03         0.0000000000000000e+00         0.0000000000000000e+00        -4.1063491336955664e-03         9.4390095065878871e-05         0.0000000000000000e+00        -2.6714374599519637e-03         0.0000000000000000e+00
36                                     8.2137373600478389e-02        -8.0645639203267588e-02         4.0993916416129629e-02         1.0715773173232319e-01         9.8339417949992528e-03         6.3412638665082496e-02         6.9733285381482338e-02         4.5761527913819988e-02
37                                     1.5516152966222019e-01        -1.0694908086685638e-01         3.6968580742786777e-02         2.1714729980709555e-01         2.6505703524565872e-02         5.4590765846157466e-03         2.0348307968662025e-02         1.5714558926642902e-01
38                                     8.0081437171570083e-02        -1.0811862511593487e-01         4.1652014599897459e-02         1.0418343378953600e-01         1.0180504919415658e-02         5.5773141816238617e-02         6.4551073102970633e-02         6.7288819858803792e-02
39                                    -1.3347949233368728e-01        -4.7440444182335735e-02         1.2229353908005659e-01         1.0940651331021968e-01        -9.8019240824739461e-03         9.9454203089473937e-03         3.8213127951573431e-03         7.2397802458752977e-02
40                                    -2.1347437495022173e-01        -5.0583957307915477e-02         2.0329797747424919e-01         1.7361676354812144e-01        -1.6698359673151784e-02         5.5308265211226899e-02        -1.0553456468445747e-02         1.3013516846161358e-01
41                                    -1.0928118266312262e-01        -2.5327794953725519e-02         1.0169289458682650e-01         1.3971023848504929e-01        -3.4143850450157314e-03        -3.0922710303725190e-02         4.8063147262658756e-02        -9.1947008006636119e-03
42                                     7.1752073884728734e-02         1.9233793361273871e-02        -1.6400328996956268e-01         1.6143605986177947e-01         2.8032272313040174e-01        -1.2218939187117127e-01        -5.2827814698688955e-02        -1.2705473177906593e-01
43                                     3.7533553717948948e-02         2.9470205687062617e-01         1.6158519063878143e-01         1.8458018428273415e-01        -5.5617519206890939e-02         4.2777115252247207e-02        -2.0921614887394438e-01         2.9252424970741581e-01
44                                    -5.1745300980021836e-02        -1.1056688470879508e-01         9.1028683716461223e-02        -1.0347894699538424e-01        -1.6892676379865698e-01         9.7285898691172976e-02         1.4064300339970082e-01         3.7833411021189378e-03
45                                     0.0000000000000000e+00         8.9832752069508262e-02         2.7597515530521095e-02         0.0000000000000000e+00         0.0000000000000000e+00         2.2289798491401624e-02         0.0000000000000000e+00         8.0203232482901395e-03
46                                     0.0000000000000000e+00         2.0045300055412527e-02        -1.3987712288084040e-02         0.0000000000000000e+00         0.0000000000000000e+00        -2.0426705599439331e-02         0.0000000000000000e+00         1.6717868916209871e-03
47                                     2.9475457889301001e-02         0.0000000000000000e+00         0.0000000000000000e+00         7.7881255132682334e-02        -2.4357958041953862e-01         0.0000000000000000e+00         4.4748446428447114e-01         0.0000000000000000e+00
48                                     0.0000000000000000e+00        -3.4335965633794097e-02        -4.0225290053177473e-02         0.0000000000000000e+00         0.0000000000000000e+00        -2.1865415820217383e-02         0.0000000000000000e+00        -1.8792045250822145e-02
49                                     0.0000000000000000e+00        -4.9370716857605905e-02        -1.4253986702727697e-02         0.0000000000000000e+00         0.0000000000000000e+00         6.7963574188256012e-03         0.0000000000000000e+00        -2.3319428508820721e-02
50                                     1.4689261067608220e-01         0.0000000000000000e+00         0.0000000000000000e+00         5.9079038010296193e-03        -2.8898648417840905e-01         0.0000000000000000e+00         3.0676226210143703e-01         0.0000000000000000e+00
51                                    -7.1752073884728734e-02         1.9233793361273871e-02        -1.6400328996956268e-01        -1.6143605986177947e-01        -2.8032272313040174e-01        -1.2218939187117127e-01         5.2827814698688955e-02        -1.2705473177906593e-01
52                                    -3.7533553717948948e-02         2.9470205687062617e-01         1.6158519063878143e-01        -1.8458018428273415e-01         5.5617519206890939e-02         4.2777115252247207e-02         2.0921614887394438e-01         2.9252424970741581e-01
53                                    -5.1745300980021836e-02         1.1056688470879508e-01        -9.1028683716461223e-02        -1.0347894699538424e-01        -1.6892676379865698e-01        -9.7285898691172976e-02         1.4064300339970082e-01        -3.7833411021189378e-03
54                                     2.5857016872010768e-01        -6.9611481070286557e-02        -2.0927659440959909e-02        -1.7411014825636284e-02        -1.9387461158622094e-01         2.8070603037941388e-01        -1.7538266471965092e-01        -2.1406221034407849e-01
55                                    -7.4599791114053085e-02         5.2579619245301558e-02         1.6367378539584438e-03         1.5300455038029508e-02         4.6847528985700118e-02        -4.8172746768452811e-02         4.5420159327923239e-02         6.3041427783546627e-02
56                                    -1.0909806252110005e-01        -3.2699821302198784e-02         4.6948315493546708e-02         3.9185180369899111e-02         1.1774189079601367e-01        -1.9160510667951844e-01         1.5137857777003463e-01         5.1385922732563906e-02
57                                    -1.9260445495724426e-01         1.4186072201445812e-02         2.1372791143263903e-02         1.6467472548247083e-03        -2.4630828240841443e-01         2.1266837535495877e-02        -1.3958209433632027e-01        -1.9261023927397625e-01
58                                     8.6149509036645991e-02        -5.7166908601347925e-02         1.4442277857105159e-02         2.3181397020598887e-02         5.9847514749809101e-02        -8.8473501499298311e-03        -1.3938915498861774e-02         8.6232880978958093e-02
59                                     8.3211797768920473e-02         6.8095276627156802e-03        -3.3172498967232955e-02        -3.9243294530876487e-02         1.4482842235846782e-01        -2.6825124112372919e-02         9.1412772463208850e-02         9.7521734667672666e-02
60                                     0.0000000000000000e+00         1.4327140460673460e-01        -1.7797603502059342e-01         0.0000000000000000e+00         0.0000000000000000e+00         2.1895950146726803e-01         0.0000000000000000e+00         9.4252315679374567e-03
61                                     0.0000000000000000e+00         1.8857383430558952e-01        -3.4592298344106981e-01         0.0000000000000000e+00         0.0000000000000000e+00         2.7040572694989812e-01         0.0000000000000000e+00         9.8361998362284833e-02
62                                    -1.9851687000203056e-02         0.0000000000000000e+00         0.0000000000000000e+00        -3.3255816448795139e-01         3.1031547207668514e-01         0.0000000000000000e+00         1.5600777669930815e-01         0.0000000000000000e+00
63                                    -2.5857016872010768e-01        -6.9611481070286557e-02        -2.0927659440959909e-02         1.7411014825636284e-02         1.9387461158622094e-01         2.8070603037941388e-01         1.7538266471965092e-01        -2.1406221034407849e-01
64                                     7.4599791114053085e-02         5.2579619245301558e-02         1.6367378539584438e-03        -1.5300455038029508e-02        -4.6847528985700118e-02        -4.8172746768452811e-02        -4.5420159327923239e-02         6.3041427783546627e-02
65                                    -1.0909806252110005e-01         3.2699821302198784e-02        -4.6948315493546708e-02         3.9185180369899111e-02         1.1774189079601367e-01         1.9160510667951844e-01         1.5137857777003463e-01        -5.1385922732563906e-02
66                                     1.9260445495724426e-01         1.4186072201445812e-02         2.1372791143263903e-02        -1.6467472548247083e-03         2.4630828240841443e-01         2.1266837535495877e-02         1.3958209433632027e-01        -1.9261023927397625e-01
67                                    -8.6149509036645991e-02        -5.7166908601347925e-02         1.4442277857105159e-02        -2.3181397020598887e-02        -5.9847514749809101e-02        -8.8473501499298311e-03         1.3938915498861774e-02         8.6232880978958093e-02
68                                     8.3211797768920473e-02        -6.8095276627156802e-03         3.3172498967232955e-02        -3.9243294530876487e-02         1.4482842235846782e-01         2.6825124112372919e-02         9.1412772463208850e-02        -9.7521734667672666e-02
69                                    -6.1560391484114588e-02         7.7242474321772697e-02         9.4389729281642201e-02         4.0664769886770376e-02         5.2619481713131449e-03         1.7976537420775209e-03        -3.0949104757484018e-02        -8.4683857350338995e-02
70                                     3.3297527741759218e-03        -1.6305182659195827e-01        -2.9521737445517687e-01         5.9355183939648198e-02        -2.3341511458354686e-02         4.3934787889794540e-02         5.8580707197850024e-02         2.3039146521494538e-01
71                                    -1.6431205460204403e-02        -1.6705307744307726e-02         3.3350737583815929e-04         2.0717656489799917e-02        -1.5447108915887216e-03         1.2229620970734635e-02        -3.6212185361387409e-03         8.9659169364261077e-03
72                                     6.1560391484114588e-02         7.7242474321772697e-02         9.4389729281642201e-02        -4.0664769886770376e-02        -5.2619481713131449e-03         1.7976537420775209e-03         3.0949104757484018e-02        -8.4683857350338995e-02
73                                    -3.3297527741759218e-03        -1.6305182659195827e-01        -2.9521737445517687e-01        -5.9355183939648198e-02         2.3341511458354686e-02         4.3934787889794540e-02        -5.8580707197850024e-02         2.3039146521494538e-01
74                                    -1.6431205460204403e-02         1.6705307744307726e-02        -3.3350737583815929e-04         2.0717656489799917e-02        -1.5447108915887216e-03        -1.2229620970734635e-02        -3.6212185361387409e-03        -8.9659169364261077e-03
75                                    -8.2137373600478389e-02        -8.0645639203267588e-02         4.0993916416129629e-02        -1.0715773173232319e-01        -9.8339417949992528e-03         6.3412638665082496e-02        -6.9733285381482338e-02         4.5761527913819988e-02
76                                    -1.5516152966222019e-01        -1.0694908086685638e-01         3.6968580742786777e-02        -2.1714729980709555e-01        -2.6505703524565872e-02         5.4590765846157466e-03        -2.0348307968662025e-02         1.5714558926642902e-01
77                                     8.0081437171570083e-02         1.0811862511593487e-01        -4.1652014599897459e-02         1.0418343378953600e-01         1.0180504919415658e-02        -5.5773141816238617e-02         6.4551073102970633e-02        -6.7288819858803792e-02
78                                     1.3347949233368728e-01        -4.7440444182335735e-02         1.2229353908005659e-01        -1.0940651331021968e-01         9.8019240824739461e-03         9.9454203089473937e-03        -3.8213127951573431e-03         7.2397802458752977e-02
79                                     2.1347437495022173e-01        -5.0583957307915477e-02         2.0329797747424919e-01        -1.7361676354812144e-01         1.6698359673151784e-02         5.5308265211226899e-02         1.0553456468445747e-02         1.3013516846161358e-01
80                                    -1.0928118266312262e-01         2.5327794953725519e-02        -1.0169289458682650e-01         1.3971023848504929e-01        -3.4143850450157314e-03         3.0922710303725190e-02         4.8063147262658756e-02         9.1947008006636119e-03
                                                        56                          57                          58                          59                          60                          61                          62                          63

0                                     -1.1626056259620977e-02         0.0000000000000000e+00        -4.2523207492914335e-02         0.0000000000000000e+00         2.2982253859918176e-03         0.0000000000000000e+00         1.1233158467527261e-04         3.4663436913367016e-03
1                                      3.4874553176495685e-04         0.0000000000000000e+00        -5.6447297229515825e-03         0.0000000000000000e+00         1.3207944914707032e-04         0.0000000000000000e+00        -3.0284528880450184e-04        -1.7471308650292997e-03
2                                      0.0000000000000000e+00        -3.9821914774565174e-03         0.0000000000000000e+00        -3.1166508449126585e-05         0.0000000000000000e+00        -5.1505438085170101e-04         0.0000000000000000e+00         0.0000000000000000e+00
3                                      1.0459684355772408e-02         0.0000000000000000e+00         1.3597373668547613e-01         0.0000000000000000e+00        -9.5136196831308705e-03         0.0000000000000000e+00        -2.6661213416744418e-03        -4.6916498044738139e-03
4                                     -4.7292710327038738e-02         0.0000000000000000e+00        -6.6124734854058426e-02         0.0000000000000000e+00         6.3502662947266331e-03         0.0000000000000000e+00         5.8290775327678093e-03         2.6118236717609478e-02
5                                      0.0000000000000000e+00         6.0307384331657811e-02         0.0000000000000000e+00        -4.7287215261023439e-03         0.0000000000000000e+00        -1.2454786953022734e-03         0.0000000000000000e+00         0.0000000000000000e+00
6                                      1.9934848114778848e-02        -2.3997817066536357e-02        -1.8932955986836610e-02        -1.3859684576024182e-02        -8.3818692720852000e-03        -4.8927308745611115e-03        -5.3197507176403359e-03        -1.2574296228251687e-02
7                                      4.1828751168781327e-02        -4.1603133304182411e-03         2.6108741960228443e-02         3.2518129429385298e-02         1.6945345274201797e-02         2.2709532171413402e-02         1.6359225029294298e-02        -3.8109010188597914e-05
8                                      3.7149744915021737e-02        -3.6437014233959557e-02        -1.1605195860505133e-02        -3.5509551113868568e-02        -2.2385107753609943e-02        -1.5890541337514781e-02        -1.8174090081246892e-02        -2.3165620343295817e-02
9                                      3.8286147464828932e-02         4.3500357889518206e-02        -3.6112024748784513e-02        -2.0206227606226141e-03         3.9398436205027492e-03        -5.2738151267372234e-03        -3.4859667203049373e-03         5.4435331449437119e-03
10                                     2.2173630154393380e-02        -7.0240062397569275e-02        -1.3535029351484240e-02         3.3870427323397178e-03         1.5474161793236126e-03        -2.3897098852103784e-03        -6.0706930202442013e-04         1.2768488256565597e-03
11                                    -5.7823803150923767e-02         6.4271168191739883e-03         2.6813178165446015e-02        -2.6489840124315953e-03        -3.3160439806909662e-03        -1.0079526826901554e-02        -4.7858468737434897e-03         5.6291534247465778e-03
12                                    -2.6103305828532302e-02         0.0000000000000000e+00         2.2964697334328096e-02         0.0000000000000000e+00         3.8071269578243472e-02         0.0000000000000000e+00        -4.4950061355872796e-02         3.9245760063231612e-02
13                                    -1.3231954183848147e-02         0.0000000000000000e+00         8.1545189846238212e-03         0.0000000000000000e+00         1.4592933356876813e-02         0.0000000000000000e+00        -1.8906582944929650e-02         1.4816662475644110e-02
14                                     0.0000000000000000e+00        -2.7259693633010160e-02         0.0000000000000000e+00         5.1198551215017882e-03         0.0000000000000000e+00         1.8457881425258196e-02         0.0000000000000000e+00         0.0000000000000000e+00
15                                     3.8286147464828932e-02        -4.3500357889518206e-02        -3.6112024748784513e-02         2.0206227606226141e-03         3.9398436205027492e-03         5.2738151267372234e-03        -3.4859667203049373e-03         5.4435331449437119e-03
16                                     2.2173630154393380e-02         7.0240062397569275e-02        -1.3535029351484240e-02        -3.3870427323397178e-03         1.5474161793236126e-03         2.3897098852103784e-03        -6.0706930202442013e-04         1.2768488256565597e-03
17                                     5.7823803150923767e-02         6.4271168191739883e-03        -2.6813178165446015e-02        -2.6489840124315953e-03         3.3160439806909662e-03        -1.0079526826901554e-02         4.7858468737434897e-03        -5.6291534247465778e-03
18                                     4.1094213150927122e-02         2.1736873094178384e-02         7.0848364543956563e-03         5.6048766949610323e-03         5.9582988440562189e-03        -2.0706999461642416e-02         5.2060979516524390e-03        -1.2455632273914349e-02
19                                    -8.0078211658956185e-03        -2.5192524880555341e-02        -7.2172110467465939e-03        -1.7298616298860092e-02        -1.1543787499585251e-02         3.5896522217372308e-02         1.7763620603493603e-02         2.3162562099390879e-02
20                                    -3.6162946831631688e-02         1.8807386206868490e-02         4.6679778776030903e-03         2.0710611937299051e-02         1.1192433402249633e-02        -3.0290951640848295e-02        -2.9779886300463541e-02        -2.3787512640031410e-02
21                                    -1.9902795650906933e-02         0.0000000000000000e+00         3.6821402548310532e-02         0.0000000000000000e+00        -4.7768946244773789e-03         0.0000000000000000e+00        -1.2610628161047611e-02        -5.0840338808832465e-03
22                                    -1.4805812560659704e-03         0.0000000000000000e+00         4.1673313351209010e-02         0.0000000000000000e+00        -4.4550160518482150e-03         0.0000000000000000e+00         6.1274010747333239e-03         1.1391235489985100e-03
23                                     0.0000000000000000e+00        -9.1698105209126371e-02         0.0000000000000000e+00         3.5687740852673663e-03         0.0000000000000000e+00        -1.5801116725276279e-03         0.0000000000000000e+00         0.0000000000000000e+00
24                                     4.1094213150927122e-02        -2.1736873094178384e-02         7.0848364543956563e-03        -5.6048766949610323e-03         5.9582988440562189e-03         2.0706999461642416e-02         5.2060979516524390e-03        -1.2455632273914349e-02
25                                    -8.0078211658956185e-03         2.5192524880555341e-02        -7.2172110467465939e-03         1.7298616298860092e-02        -1.1543787499585251e-02        -3.5896522217372308e-02         1.7763620603493603e-02         2.3162562099390879e-02
26                                     3.6162946831631688e-02         1.8807386206868490e-02        -4.6679778776030903e-03         2.0710611937299051e-02        -1.1192433402249633e-02        -3.0290951640848295e-02         2.9779886300463541e-02         2.3787512640031410e-02
27                                    -4.7785185899195028e-03         0.0000000000000000e+00        -5.5596962931998561e-02         0.0000000000000000e+00        -4.3455134311452578e-02         0.0000000000000000e+00        -2.5008363777960993e-02         4.4554498887398340e-02
28                                     2.9077047759915514e-02         0.0000000000000000e+00         2.8455721162753606e-02         0.0000000000000000e+00        -1.7745808395397609e-02         0.0000000000000000e+00        -2.0743105763633380e-02        -3.3506847660878421e-03
29                                     0.0000000000000000e+00         1.5215861897918956e-03         0.0000000000000000e+00         3.9859121484155053e-04         0.0000000000000000e+00         1.3778497142788906e-03         0.0000000000000000e+00         0.0000000000000000e+00
30                                     1.9934848114778848e-02         2.3997817066536357e-02        -1.8932955986836610e-02         1.3859684576024182e-02        -8.3818692720852000e-03         4.8927308745611115e-03        -5.3197507176403359e-03        -1.2574296228251687e-02
31                                     4.1828751168781327e-02         4.1603133304182411e-03         2.6108741960228443e-02        -3.2518129429385298e-02         1.6945345274201797e-02        -2.2709532171413402e-02         1.6359225029294298e-02        -3.8109010188597914e-05
32                                    -3.7149744915021737e-02        -3.6437014233959557e-02         1.1605195860505133e-02        -3.5509551113868568e-02         2.2385107753609943e-02        -1.5890541337514781e-02         1.8174090081246892e-02         2.3165620343295817e-02
33                                     6.9962840091949433e-02         0.0000000000000000e+00         2.2179271854706220e-01         0.0000000000000000e+00        -1.4290358706482884e-02         0.0000000000000000e+00        -5.0015909136186011e-03        -2.4816572048752223e-02
34                                     1.1860794649582086e-01         0.0000000000000000e+00         3.7491515849226531e-01         0.0000000000000000e+00        -2.4053833331240296e-02         0.0000000000000000e+00        -8.0679265247644051e-03        -4.2090521313250771e-02
35                                     0.0000000000000000e+00        -4.6592860862951554e-03         0.0000000000000000e+00         1.4798446547936181e-03         0.0000000000000000e+00         1.6808032061954299e-03         0.0000000000000000e+00         0.0000000000000000e+00
36                                    -8.3290817839201212e-02         1.1221819840562950e-02         1.1997415844450048e-01         3.0662829842581346e-01         1.7713728657821826e-01         1.5808566200895199e-01         1.5190261846931299e-01         1.4174880756157926e-01
37                                    -2.1497173563144109e-01        -1.3305108680877022e-03         3.8958911232994588e-02        -2.6747613338011067e-01        -1.6706521205730024e-01        -1.6128507409098050e-01        -1.3746710788942659e-01        -8.0903224290619219e-02
38                                    -1.0232236215892172e-01        -1.1966035948040089e-02         8.0878979969409362e-02         1.0239316385492062e-01         5.5159836922387261e-02         4.4058929187333506e-02         4.8214831556893156e-02         5.9253333957273856e-02
39                                    -8.7341243652196407e-02         7.7247267922376364e-02        -1.3627162617126612e-01        -1.3577902983171897e-01        -6.7796311632148401e-02        -8.1752551912980517e-02        -6.7647549835063020e-02        -2.7001855609643258e-02
40                                    -1.2882884585105014e-01         1.4653208916564223e-01        -1.6319881553143775e-01        -1.5953888331685251e-01        -7.6626203368957077e-02        -9.6681429071269032e-02        -7.7905807048033932e-02        -2.2930456929877756e-02
41                                    -7.7671773666840596e-02         9.7861199638288585e-02        -1.0486530755489190e-01         3.5766792587422885e-01         2.2973556688478575e-01         1.8875999418089920e-01         1.8133902602708782e-01         1.8007859613131502e-01
42                                    -2.6118888348713565e-01        -1.2917380553003938e-01         1.0537469028402921e-01        -1.1921776564232888e-03         2.1192182367016162e-04         6.1147353914152956e-03        -2.8858542710457662e-02         8.4425654014121040e-03
43                                    -1.2588906520850227e-01         2.6934438638474018e-01         5.9650688518756240e-02         1.0835736485566893e-02         7.2766662207298244e-03         5.7187584268949437e-04         1.4626425962509688e-02         3.1927776942135576e-02
44                                     1.7327433547683169e-01         3.5917643356560627e-02        -8.5458548704601178e-02        -6.1295667418495865e-03        -2.5265319898474031e-03        -2.2673473964117074e-02         5.5829030462792523e-03        -7.2184427738547561e-04
45                                    -9.4388721456089231e-02         0.0000000000000000e+00        -1.4925611312761480e-02         0.0000000000000000e+00        -3.3210419743059866e-01         0.0000000000000000e+00         3.7909592137380149e-01        -3.2984684959431954e-01
46                                    -9.7631526744025446e-04         0.0000000000000000e+00         1.7836830322923953e-02         0.0000000000000000e+00         1.0418631902436405e-01         0.0000000000000000e+00        -1.2178181519116832e-01         1.0653075909751100e-01
47                                     0.0000000000000000e+00        -1.0040686807533296e-01         0.0000000000000000e+00         1.1180250769127788e-03         0.0000000000000000e+00        -4.7757489139481246e-02         0.0000000000000000e+00         0.0000000000000000e+00
48                                    -6.1673243707217953e-02         0.0000000000000000e+00         2.7900572469849966e-03         0.0000000000000000e+00        -1.7103915164480088e-01         0.0000000000000000e+00         1.9431147096914322e-01        -1.6954305443917186e-01
49                                    -5.7012241585882938e-02         0.0000000000000000e+00        -2.2388711903951697e-02         0.0000000000000000e+00        -3.0137677300775395e-01         0.0000000000000000e+00         3.4724330828671263e-01        -3.0288695992256698e-01
50                                     0.0000000000000000e+00         2.9116190546510301e-01         0.0000000000000000e+00        -2.5002883747979519e-02         0.0000000000000000e+00        -4.6173286588683818e-02         0.0000000000000000e+00         0.0000000000000000e+00
51                                    -2.6118888348713565e-01         1.2917380553003938e-01         1.0537469028402921e-01         1.1921776564232888e-03         2.1192182367016162e-04        -6.1147353914152956e-03        -2.8858542710457662e-02         8.4425654014121040e-03
52                                    -1.2588906520850227e-01        -2.6934438638474018e-01         5.9650688518756240e-02        -1.0835736485566893e-02         7.2766662207298244e-03        -5.7187584268949437e-04         1.4626425962509688e-02         3.1927776942135576e-02
53                                    -1.7327433547683169e-01         3.5917643356560627e-02         8.5458548704601178e-02        -6.1295667418495865e-03         2.5265319898474031e-03        -2.2673473964117074e-02        -5.5829030462792523e-03         7.2184427738547561e-04
54                                    -6.2224820573898137e-02         5.5132377540263143e-02        -8.5500534068948308e-02        -1.1852501719573783e-01        -6.4361707028979531e-02         2.2811754688812028e-01         9.6261406078299680e-02         1.5142286635999527e-01
55                                     1.8823930506424370e-02        -3.6616286335103977e-02         1.4255181204188901e-02         1.4676963343703544e-02         6.8122798476032368e-03        -2.7109793671529981e-02        -5.7584566870772192e-03        -1.6413890507298426e-02
56                                     5.4113012344247091e-02         9.9318834039999176e-03         7.2880370505755063e-02        -2.0014409359250615e-01        -1.3364988708731121e-01         3.4478067183194921e-01         2.3908965052233944e-01         2.4088028374414888e-01
57                                    -2.3996558285785327e-01        -1.1041430958805369e-01         6.9244776884596043e-02         3.3019513201281443e-02        -2.0904340182047129e-03        -1.9687718650758988e-02        -6.0644046177929629e-02        -2.2502956422007708e-02
58                                     6.2764394802413304e-02        -1.0379383373303446e-02        -3.4317637138505580e-02         2.2124365048105346e-01         1.4640046510146379e-01        -4.0600446713459254e-01        -2.3875368438118244e-01        -2.7726674717502831e-01
59                                     1.3246950506596777e-01         1.0430601419505833e-01        -2.7537689687136747e-02        -6.0050388874148847e-02        -2.4778747312295912e-02         8.1662868385845161e-02         7.8908576611452202e-02         6.0566008980645111e-02
60                                    -7.0094772505491010e-02         0.0000000000000000e+00        -1.3730178381418906e-01         0.0000000000000000e+00        -1.7370198718172391e-03         0.0000000000000000e+00        -1.4991576426453178e-02         2.1641841513640046e-02
61                                    -7.5685136168978637e-02         0.0000000000000000e+00        -2.2654147698459690e-01         0.0000000000000000e+00         9.2937229736016625e-04         0.0000000000000000e+00         1.0277241022987474e-02         4.5261300871354417e-02
62                                     0.0000000000000000e+00         3.5499280574391529e-01         0.0000000000000000e+00        -2.9685033777271294e-04         0.0000000000000000e+00        -3.4786262987939617e-02         0.0000000000000000e+00         0.0000000000000000e+00
63                                    -6.2224820573898137e-02        -5.5132377540263143e-02        -8.5500534068948308e-02         1.1852501719573783e-01        -6.4361707028979531e-02        -2.2811754688812028e-01         9.6261406078299680e-02         1.5142286635999527e-01
64                                     1.8823930506424370e-02         3.6616286335103977e-02         1.4255181204188901e-02        -1.4676963343703544e-02         6.8122798476032368e-03         2.7109793671529981e-02        -5.7584566870772192e-03        -1.6413890507298426e-02
65                                    -5.4113012344247091e-02         9.9318834039999176e-03        -7.2880370505755063e-02        -2.0014409359250615e-01         1.3364988708731121e-01         3.4478067183194921e-01        -2.3908965052233944e-01        -2.4088028374414888e-01
66                                    -2.3996558285785327e-01         1.1041430958805369e-01         6.9244776884596043e-02        -3.3019513201281443e-02        -2.0904340182047129e-03         1.9687718650758988e-02        -6.0644046177929629e-02        -2.2502956422007708e-02
67                                     6.2764394802413304e-02         1.0379383373303446e-02        -3.4317637138505580e-02        -2.2124365048105346e-01         1.4640046510146379e-01         4.0600446713459254e-01        -2.3875368438118244e-01        -2.7726674717502831e-01
68                                    -1.3246950506596777e-01         1.0430601419505833e-01         2.7537689687136747e-02        -6.0050388874148847e-02         2.4778747312295912e-02         8.1662868385845161e-02        -7.8908576611452202e-02        -6.0566008980645111e-02
69                                    -3.8785486120411675e-02         6.4946959303226651e-02        -3.5124598484563320e-02        -4.5780549707904513e-03         2.9739519544515169e-01         1.0614270179540187e-03         1.8209673423202946e-01        -2.3597731683128695e-01
70                                    -7.8165566068066128e-02        -1.6565265201279497e-01        -7.8729178856573642e-02         1.0493352119858601e-02         1.1700228914208259e-01        -2.0910262001568240e-03         9.9455165374222471e-02        -4.5420817009428890e-02
71                                    -4.5545195008344919e-02        -1.1425215405045446e-03        -1.2708596738581941e-02        -2.0222263880482759e-04         2.5488482367470183e-01         6.0959478450331075e-05         1.6627901020085728e-01        -1.9352207220386958e-01
72                                    -3.8785486120411675e-02        -6.4946959303226651e-02        -3.5124598484563320e-02         4.5780549707904513e-03         2.9739519544515169e-01        -1.0614270179540187e-03         1.8209673423202946e-01        -2.3597731683128695e-01
73                                    -7.8165566068066128e-02         1.6565265201279497e-01        -7.8729178856573642e-02        -1.0493352119858601e-02         1.1700228914208259e-01         2.0910262001568240e-03         9.9455165374222471e-02        -4.5420817009428890e-02
74                                     4.5545195008344919e-02        -1.1425215405045446e-03         1.2708596738581941e-02        -2.0222263880482759e-04        -2.5488482367470183e-01         6.0959478450331075e-05        -1.6627901020085728e-01         1.9352207220386958e-01
75                                    -8.3290817839201212e-02        -1.1221819840562950e-02         1.1997415844450048e-01        -3.0662829842581346e-01         1.7713728657821826e-01        -1.5808566200895199e-01         1.5190261846931299e-01         1.4174880756157926e-01
76                                    -2.1497173563144109e-01         1.3305108680877022e-03         3.8958911232994588e-02         2.6747613338011067e-01        -1.6706521205730024e-01         1.6128507409098050e-01        -1.3746710788942659e-01        -8.0903224290619219e-02
77                                     1.0232236215892172e-01        -1.1966035948040089e-02        -8.0878979969409362e-02         1.0239316385492062e-01        -5.5159836922387261e-02         4.4058929187333506e-02        -4.8214831556893156e-02        -5.9253333957273856e-02
78                                    -8.7341243652196407e-02        -7.7247267922376364e-02        -1.3627162617126612e-01         1.3577902983171897e-01        -6.7796311632148401e-02         8.1752551912980517e-02        -6.7647549835063020e-02        -2.7001855609643258e-02
79                                    -1.2882884585105014e-01        -1.4653208916564223e-01        -1.6319881553143775e-01         1.5953888331685251e-01        -7.6626203368957077e-02         9.6681429071269032e-02        -7.7905807048033932e-02        -2.2930456929877756e-02
80                                     7.7671773666840596e-02         9.7861199638288585e-02         1.0486530755489190e-01         3.5766792587422885e-01        -2.2973556688478575e-01         1.8875999418089920e-01        -1.8133902602708782e-01        -1.8007859613131502e-01
                                                        64                          65                          66                          67                          68                          69                          70                          71

0                                      2.1714684406959252e-03         0.0000000000000000e+00        -1.6793448060882396e-04         0.0000000000000000e+00        -2.3324768796168896e-05        -2.8503991345537667e-05        -4.9732353191405563e-05         0.0000000000000000e+00
1                                     -3.7010480624570271e-03         0.0000000000000000e+00        -5.2324441791758668e-04         0.0000000000000000e+00        -1.3968830684584555e-05        -6.2097953616507603e-05        -4.6103561497409790e-04         0.0000000000000000e+00
2                                      0.0000000000000000e+00         4.0513745467120748e-05         0.0000000000000000e+00        -1.0080524992737851e-05         0.0000000000000000e+00         0.0000000000000000e+00         0.0000000000000000e+00         1.3024860499539771e-04
3                                     -2.0728655608963590e-03         0.0000000000000000e+00        -1.7749583961783322e-04         0.0000000000000000e+00        -1.1282855963515875e-05        -1.8958719714007218e-04         3.9296954299275206e-04         0.0000000000000000e+00
4                                      2.7633544189377454e-02         0.0000000000000000e+00         2.0030597951565927e-03         0.0000000000000000e+00         3.1862415767643050e-04        -2.5601481496489135e-04         1.8976280624781823e-03         0.0000000000000000e+00
5                                      0.0000000000000000e+00         2.1616732453662933e-04         0.0000000000000000e+00        -1.1343233901921484e-04         0.0000000000000000e+00         0.0000000000000000e+00         0.0000000000000000e+00        -1.1524684166631153e-03
6                                     -1.0991849290386997e-02        -2.0309083504961273e-02        -1.9203510342601784e-02        -9.3324747747948065e-04        -6.2774434725527712e-04        -4.9887209935891815e-04        -6.0430002099720187e-03         4.0364376184601975e-03
7                                      1.7872909079143819e-02         3.2579765111735527e-02         3.0714213718264466e-02         1.7918582990808782e-03         1.1637728839479042e-03         2.0293115089980679e-03         7.4325090842394101e-03        -5.5718457456326318e-03
8                                     -2.7413265261889058e-02        -2.6252063032559177e-02        -2.5956434609442483e-02        -7.8577786454915154e-04        -1.2117144135218637e-03        -1.0537512655939389e-03        -6.1250570763830958e-03         4.2953097050915743e-03
9                                     -3.2088344554786494e-03         4.1550966317289396e-03         4.2969748829418623e-03         7.0064541203284786e-03        -7.5155394170288371e-04         1.2522610747083196e-02         3.6385953469743153e-03         2.9782848005630923e-02
10                                    -2.5732985867742788e-03         1.6451393751976237e-03         1.6450058765269261e-03         2.7949887453262868e-03        -2.6700628451863708e-04         4.8840138165742253e-03         1.1996614303714905e-03         1.1296247970583479e-02
11                                    -6.6803331171761777e-03         6.7201074825065168e-03         7.1616134407293261e-03         1.0659212305032072e-02        -1.1649230051808794e-03         1.9183658948001968e-02         5.6133027328210952e-03         4.4476664646521578e-02
12                                    -2.5261173444059672e-02         0.0000000000000000e+00         8.3250358939547051e-03         0.0000000000000000e+00        -3.2725767733880549e-02        -4.8880993976200812e-02         1.1794366874796592e-03         0.0000000000000000e+00
13                                    -9.7871001831203487e-03         0.0000000000000000e+00         2.2987559651680869e-03         0.0000000000000000e+00        -1.1509219095734409e-02        -1.6046398262369484e-02         4.0275645309203312e-04         0.0000000000000000e+00
14                                     0.0000000000000000e+00         7.2624195024127420e-04         0.0000000000000000e+00         9.7111906896650785e-04         0.0000000000000000e+00         0.0000000000000000e+00         0.0000000000000000e+00        -3.0795816704173758e-06
15                                    -3.2088344554786494e-03        -4.1550966317289396e-03         4.2969748829418623e-03        -7.0064541203284786e-03        -7.5155394170288371e-04         1.2522610747083196e-02         3.6385953469743153e-03        -2.9782848005630923e-02
16                                    -2.5732985867742788e-03        -1.6451393751976237e-03         1.6450058765269261e-03        -2.7949887453262868e-03        -2.6700628451863708e-04         4.8840138165742253e-03         1.1996614303714905e-03        -1.1296247970583479e-02
17                                     6.6803331171761777e-03         6.7201074825065168e-03        -7.1616134407293261e-03         1.0659212305032072e-02         1.1649230051808794e-03        -1.9183658948001968e-02        -5.6133027328210952e-03         4.4476664646521578e-02
18                                     6.6462018015838835e-03         6.2321713565204604e-04        -2.3567512411642482e-04        -1.3113809895572971e-02        -1.0330338529643813e-02         6.5123470139162839e-03        -3.9087181063220144e-04         3.5905445270674121e-03
19                                    -1.8662801485856632e-02        -2.2102488127896374e-03         1.5873750266878024e-03         2.8750425649856144e-02         2.3587902347120587e-02        -1.2576065084844703e-02        -2.9273357419787365e-04        -6.2840148239700182e-03
20                                     2.0210091546013571e-02         2.9082570926305213e-03        -2.2125508874672522e-03        -3.2763808441696664e-02        -2.8404889037614491e-02         1.5277578616385718e-02         4.7939951968586377e-04         8.5102840228300849e-03
21                                     5.5359712066054122e-03         0.0000000000000000e+00         1.9033303815740527e-03         0.0000000000000000e+00         1.4812996588550198e-02        -8.7527544860377064e-03        -1.7856714107613861e-02         0.0000000000000000e+00
22                                    -6.2138004428542596e-03         0.0000000000000000e+00        -1.4051054117595154e-03         0.0000000000000000e+00        -9.7723724852631089e-03         5.6153737159653485e-03         1.1267929587451075e-02         0.0000000000000000e+00
23                                     0.0000000000000000e+00        -9.1010118862482991e-05         0.0000000000000000e+00        -2.4039486263700327e-05         0.0000000000000000e+00         0.0000000000000000e+00         0.0000000000000000e+00        -9.0639069641787029e-04
24                                     6.6462018015838835e-03        -6.2321713565204604e-04        -2.3567512411642482e-04         1.3113809895572971e-02        -1.0330338529643813e-02         6.5123470139162839e-03        -3.9087181063220144e-04        -3.5905445270674121e-03
25                                    -1.8662801485856632e-02         2.2102488127896374e-03         1.5873750266878024e-03        -2.8750425649856144e-02         2.3587902347120587e-02        -1.2576065084844703e-02        -2.9273357419787365e-04         6.2840148239700182e-03
26                                    -2.0210091546013571e-02         2.9082570926305213e-03         2.2125508874672522e-03        -3.2763808441696664e-02         2.8404889037614491e-02        -1.5277578616385718e-02        -4.7939951968586377e-04         8.5102840228300849e-03
27                                     4.3545911112803523e-02         0.0000000000000000e+00        -1.4640113233342562e-02         0.0000000000000000e+00         4.8956111861034940e-03        -5.6119803641878612e-03         5.6918540087923374e-02         0.0000000000000000e+00
28                                     8.2368361153729377e-03         0.0000000000000000e+00        -7.0028170951211754e-03         0.0000000000000000e+00         1.2067255308914431e-03        -1.9527573228255769e-03         2.2803568541361063e-02         0.0000000000000000e+00
29                                     0.0000000000000000e+00         1.3837685681062942e-04         0.0000000000000000e+00         3.4328042825647391e-04         0.0000000000000000e+00         0.0000000000000000e+00         0.0000000000000000e+00         1.5621992123788662e-03
30                                    -1.0991849290386997e-02         2.0309083504961273e-02        -1.9203510342601784e-02         9.3324747747948065e-04        -6.2774434725527712e-04        -4.9887209935891815e-04        -6.0430002099720187e-03        -4.0364376184601975e-03
31                                     1.7872909079143819e-02        -3.2579765111735527e-02         3.0714213718264466e-02        -1.7918582990808782e-03         1.1637728839479042e-03         2.0293115089980679e-03         7.4325090842394101e-03         5.5718457456326318e-03
32                                     2.7413265261889058e-02        -2.6252063032559177e-02         2.5956434609442483e-02        -7.8577786454915154e-04         1.2117144135218637e-03         1.0537512655939389e-03         6.1250570763830958e-03         4.2953097050915743e-03
33                                    -2.0886873206232962e-02         0.0000000000000000e+00         2.4334639715625891e-04         0.0000000000000000e+00        -1.9810408649871763e-05         1.9939910983079824e-04        -1.0233833836277605e-03         0.0000000000000000e+00
34                                    -3.6728924053372553e-02         0.0000000000000000e+00        -4.7001407668008886e-03         0.0000000000000000e+00        -2.8513671945217445e-04        -6.5314377963220324e-05        -2.8418012072626451e-03         0.0000000000000000e+00
35                                     0.0000000000000000e+00        -2.7614450951649679e-03         0.0000000000000000e+00        -5.8332884745498615e-05         0.0000000000000000e+00         0.0000000000000000e+00         0.0000000000000000e+00         3.6891788888022408e-05
36                                     2.1653900957626038e-01        -2.1623519226086677e-01        -2.0913323865663141e-01        -8.3943171363898648e-03        -9.1770262715235740e-03        -1.1598410233033195e-02        -4.5237305520849036e-02         3.1822806932831571e-02
37                                    -1.7802824694806896e-01        -8.1279749799820694e-02        -7.9276097024092274e-02        -3.3528066203885160e-03        -3.8432634745157986e-03        -5.2837573335667836e-03        -1.6471143181954799e-02         1.3777432161595705e-02
38                                     7.2043545707939291e-02         3.1389425498965728e-01         3.0730629634724987e-01         1.1357311608949226e-02         1.3900928231659568e-02         1.5921960790704209e-02         6.7945847415934998e-02        -4.6490213498194606e-02
39                                    -8.2675993106003334e-02         4.5984827562163549e-01         4.3766016436776661e-01         2.1218061874421094e-02         1.6654434797276216e-02         2.0541533023052474e-02         1.1496493048391290e-01        -7.7714231995348104e-02
40                                    -8.9962029035098784e-02        -3.0482098403449659e-01        -2.8846073267991867e-01        -1.5138111519310651e-02        -1.0516139495558571e-02        -1.4573015623374413e-02        -7.5277614383235131e-02         5.3827351839302588e-02
41                                     2.6483421094483467e-01        -2.6721215743473110e-03        -1.4899070043927422e-03        -2.3440548477146196e-04        -9.4629897029599572e-05        -6.9357351994742177e-04         1.2278878684646194e-03        -4.1408767192533871e-04
42                                    -7.6870123111378872e-03        -5.3369461016782659e-02        -5.4556520502978080e-02        -8.4756508057970498e-02         6.2051234408633570e-03        -1.5306888783351152e-01        -4.2257307757537818e-02        -3.4943766289657852e-01
43                                     6.7981997348134935e-03        -1.8533616112006442e-02        -1.8691657998823625e-02        -3.4143012109770575e-02         4.1599280088172623e-03        -5.9650105725950663e-02        -1.5284723940426417e-02        -1.3332396935917953e-01
44                                    -1.2253886585510486e-02        -8.2582424153569561e-02        -8.5100210685009878e-02        -1.3202969138768031e-01         1.4215089816827705e-02        -2.3107596408640330e-01        -6.5161778470175263e-02        -5.3062303025206337e-01
45                                     2.1315664809248719e-01         0.0000000000000000e+00        -1.8399280645247394e-02         0.0000000000000000e+00         8.2152932304076748e-02         1.1897703524572470e-01        -2.7680311464349564e-03         0.0000000000000000e+00
46                                    -6.9485856491482256e-02         0.0000000000000000e+00        -8.0522180973110896e-02         0.0000000000000000e+00         3.3940201114121310e-01         4.9491128920091282e-01        -1.1845896900516894e-02         0.0000000000000000e+00
47                                     0.0000000000000000e+00        -1.4238724239759464e-03         0.0000000000000000e+00        -1.0119345546958625e-03         0.0000000000000000e+00         0.0000000000000000e+00         0.0000000000000000e+00         2.4913097903541998e-03
48                                     1.0787132847609109e-01         0.0000000000000000e+00        -7.9448418272846252e-02         0.0000000000000000e+00         3.0708682044550295e-01         4.6201775491123614e-01        -1.0814302950480376e-02         0.0000000000000000e+00
49                                     1.9516604158896619e-01         0.0000000000000000e+00         5.2580750151668479e-02         0.0000000000000000e+00        -2.0298868549080057e-01        -3.0419899726182981e-01         6.9968130917470476e-03         0.0000000000000000e+00
50                                     0.0000000000000000e+00        -1.3559235377398734e-03         0.0000000000000000e+00        -1.8675196307631867e-03         0.0000000000000000e+00         0.0000000000000000e+00         0.0000000000000000e+00         2.6421241169170447e-03
51                                    -7.6870123111378872e-03         5.3369461016782659e-02        -5.4556520502978080e-02         8.4756508057970498e-02         6.2051234408633570e-03        -1.5306888783351152e-01        -4.2257307757537818e-02         3.4943766289657852e-01
52                                     6.7981997348134935e-03         1.8533616112006442e-02        -1.8691657998823625e-02         3.4143012109770575e-02         4.1599280088172623e-03        -5.9650105725950663e-02        -1.5284723940426417e-02         1.3332396935917953e-01
53                                     1.2253886585510486e-02        -8.2582424153569561e-02         8.5100210685009878e-02        -1.3202969138768031e-01        -1.4215089816827705e-02         2.3107596408640330e-01         6.5161778470175263e-02        -5.3062303025206337e-01
54                                    -1.1698752254749864e-01         9.8990649432827704e-03        -7.5093382800240976e-03        -1.0832029847709530e-01        -9.1232020921836882e-02         4.7991270288622066e-02         1.6945117467867007e-03         2.1737214951922473e-02
55                                     1.1169955055973157e-02         3.6171614399794598e-02        -2.6339112841700683e-02        -4.4301515382369089e-01        -3.6838185753045932e-01         1.9592924209135520e-01         4.7984759601559833e-03         9.6391244534223708e-02
56                                    -2.0771560070614795e-01         7.5856562373847171e-05         2.1567887915497638e-04        -3.4598290627604715e-03        -2.5307000181492632e-03         2.0591914132897511e-03        -6.1532813786695706e-04         1.5350480412084416e-04
57                                     2.3884661386376078e-02        -2.1195476987900388e-02         1.5074307862664177e-02         2.6056109207065942e-01         2.1932496845990918e-01        -1.2206699494375142e-01        -1.1612636301972636e-03        -6.5353525884009139e-02
58                                     2.3104210559634253e-01        -8.5230729256158405e-03         5.9634828824163396e-03         1.0243043716935023e-01         8.6970839186981341e-02        -4.7238914017227698e-02        -1.1039264486361119e-03        -2.3504154561330773e-02
59                                    -5.3503876413779204e-02        -3.2983763984481863e-02         2.3927045257781911e-02         3.9518381373014938e-01         3.3678908022455456e-01        -1.8502126180161083e-01        -2.8624608672029629e-03        -9.7989698894524552e-02
60                                     2.2408312348970283e-02         0.0000000000000000e+00        -2.6728869251034022e-02         0.0000000000000000e+00        -1.8213493212012369e-01         1.0381762969880096e-01         2.1546060700015451e-01         0.0000000000000000e+00
61                                     9.7729694288445704e-03         0.0000000000000000e+00         1.7095023792647396e-02         0.0000000000000000e+00         1.1949194517529339e-01        -6.8422830626470768e-02        -1.3478164309219640e-01         0.0000000000000000e+00
62                                     0.0000000000000000e+00         1.2080375122506253e-04         0.0000000000000000e+00        -3.3783573527167167e-03         0.0000000000000000e+00         0.0000000000000000e+00         0.0000000000000000e+00         2.7257739201280882e-03
63                                    -1.1698752254749864e-01        -9.8990649432827704e-03        -7.5093382800240976e-03         1.0832029847709530e-01        -9.1232020921836882e-02         4.7991270288622066e-02         1.6945117467867007e-03        -2.1737214951922473e-02
64                                     1.1169955055973157e-02        -3.6171614399794598e-02        -2.6339112841700683e-02         4.4301515382369089e-01        -3.6838185753045932e-01         1.9592924209135520e-01         4.7984759601559833e-03        -9.6391244534223708e-02
65                                     2.0771560070614795e-01         7.5856562373847171e-05        -2.1567887915497638e-04        -3.4598290627604715e-03         2.5307000181492632e-03        -2.0591914132897511e-03         6.1532813786695706e-04         1.5350480412084416e-04
66                                     2.3884661386376078e-02         2.1195476987900388e-02         1.5074307862664177e-02        -2.6056109207065942e-01         2.1932496845990918e-01        -1.2206699494375142e-01        -1.1612636301972636e-03         6.5353525884009139e-02
67                                     2.3104210559634253e-01         8.5230729256158405e-03         5.9634828824163396e-03        -1.0243043716935023e-01         8.6970839186981341e-02        -4.7238914017227698e-02        -1.1039264486361119e-03         2.3504154561330773e-02
68                                     5.3503876413779204e-02        -3.2983763984481863e-02        -2.3927045257781911e-02         3.9518381373014938e-01        -3.3678908022455456e-01         1.8502126180161083e-01         2.8624608672029629e-03        -9.7989698894524552e-02
69                                    -2.5113401373413619e-01         1.3982569259908292e-03         8.9735582146124718e-02         1.5558946209672066e-03        -2.7983314334497078e-02         3.2989115112980312e-02        -3.3682087065288085e-01         6.1148573216324113e-03
70                                    -7.9314975843306046e-02         1.6946972258584814e-04         3.8696806033118661e-02         8.6715764171270654e-04        -1.0135589989426123e-02         1.2978503744125207e-02        -1.3783379592614797e-01         2.5963335619222485e-03
71                                    -2.1664682058703785e-01        -1.1574436820359557e-03        -1.4127600850859820e-01        -1.8368234678010763e-03         4.3041031087692264e-02        -5.1044670005265358e-02         5.2136504848383391e-01        -9.1975635710627966e-03
72                                    -2.5113401373413619e-01        -1.3982569259908292e-03         8.9735582146124718e-02        -1.5558946209672066e-03        -2.7983314334497078e-02         3.2989115112980312e-02        -3.3682087065288085e-01        -6.1148573216324113e-03
73                                    -7.9314975843306046e-02        -1.6946972258584814e-04         3.8696806033118661e-02        -8.6715764171270654e-04        -1.0135589989426123e-02         1.2978503744125207e-02        -1.3783379592614797e-01        -2.5963335619222485e-03
74                                     2.1664682058703785e-01        -1.1574436820359557e-03         1.4127600850859820e-01        -1.8368234678010763e-03        -4.3041031087692264e-02         5.1044670005265358e-02        -5.2136504848383391e-01        -9.1975635710627966e-03
75                                     2.1653900957626038e-01         2.1623519226086677e-01        -2.0913323865663141e-01         8.3943171363898648e-03        -9.1770262715235740e-03        -1.1598410233033195e-02        -4.5237305520849036e-02        -3.1822806932831571e-02
76                                    -1.7802824694806896e-01         8.1279749799820694e-02        -7.9276097024092274e-02         3.3528066203885160e-03        -3.8432634745157986e-03        -5.2837573335667836e-03        -1.6471143181954799e-02        -1.3777432161595705e-02
77                                    -7.2043545707939291e-02         3.1389425498965728e-01        -3.0730629634724987e-01         1.1357311608949226e-02        -1.3900928231659568e-02        -1.5921960790704209e-02        -6.7945847415934998e-02        -4.6490213498194606e-02
78                                    -8.2675993106003334e-02        -4.5984827562163549e-01         4.3766016436776661e-01        -2.1218061874421094e-02         1.6654434797276216e-02         2.0541533023052474e-02         1.1496493048391290e-01         7.7714231995348104e-02
79                                    -8.9962029035098784e-02         3.0482098403449659e-01        -2.8846073267991867e-01         1.5138111519310651e-02        -1.0516139495558571e-02        -1.4573015623374413e-02        -7.5277614383235131e-02        -5.3827351839302588e-02
80                                    -2.6483421094483467e-01        -2.6721215743473110e-03         1.4899070043927422e-03        -2.3440548477146196e-04         9.4629897029599572e-05         6.9357351994742177e-04        -1.2278878684646194e-03        -4.1408767192533871e-04
                                                        72                          73                          74                          75                          76                          77                          78                          79

0                                     -1.9928456479796974e-04        -1.1924818598698344e-04         0.0000000000000000e+00         2.4105903304220229e-04         0.0000000000000000e+00         3.1248266499738609e-04         5.0400083292080358e-05         0.0000000000000000e+00
1                                     -6.8428349602297852e-05        -4.2108566261792155e-04         0.0000000000000000e+00         9.9959291435975785e-05         0.0000000000000000e+00         8.3482524581392632e-05         7.4441802450544436e-05         0.0000000000000000e+00
2                                      0.0000000000000000e+00         0.0000000000000000e+00        -2.0119484624510318e-04         0.0000000000000000e+00        -7.0935124446728405e-05         0.0000000000000000e+00         0.0000000000000000e+00         2.2635740129074483e-04
3                                      9.1397271139745547e-04        -4.1754958941272404e-05         0.0000000000000000e+00        -1.9537672907987956e-03         0.0000000000000000e+00        -2.2890962159358413e-03        -1.9383602860815452e-04         0.0000000000000000e+00
4                                      6.8029562300773498e-05         1.7797541987679233e-03         0.0000000000000000e+00         1.3283538357566701e-04         0.0000000000000000e+00         2.4955345030931074e-04        -1.4081766482758711e-04         0.0000000000000000e+00
5                                      0.0000000000000000e+00         0.0000000000000000e+00         1.2639919520048266e-03         0.0000000000000000e+00         2.9269580324606308e-04         0.0000000000000000e+00         0.0000000000000000e+00        -2.6184097996459735e-03
6                                     -5.0526225402059031e-03        -6.4028649504340373e-03        -4.8218120046065481e-02        -3.4101489648685403e-02        -1.3343243514714050e-02        -3.5986849772627443e-02        -2.3509158170587768e-03         7.0136340132188561e-03
7                                      4.7327166343434065e-03         6.4495784411451899e-03         6.8574492895825409e-03         4.9576395008052998e-03         2.3361289596457611e-03         5.1762828531598457e-03        -2.0552713927375326e-04        -9.6844717520940113e-04
8                                     -1.9891636589843774e-03        -3.3586122457924571e-03         3.4883913540171167e-02         2.5651334522910334e-02         9.6663189631473693e-03         2.6785414823322810e-02         1.7095590165759633e-03        -4.4684676711979170e-03
9                                     -2.0079475530254704e-02        -1.7948289350787155e-02        -2.2321597704893885e-04         1.2251209627574115e-03        -1.1351875180396695e-03         3.7700939451039498e-05         1.7358245317802051e-04         7.7062507029913982e-04
10                                    -8.0427241627218891e-03        -6.2481328993514128e-03         6.1486645889585040e-04         1.7938606692378042e-04        -8.7734176522221135e-04         1.1533022197220493e-03         1.8940625897688706e-03         3.3152993214992821e-04
11                                    -3.1902529138165901e-02        -2.7154120047185620e-02         1.0612228775192393e-03         1.9626450336280286e-03         2.7012646347796297e-04         2.8720057026395229e-03        -1.5393831912593998e-04         6.3100722092260307e-04
12                                    -1.6028990038654659e-02        -1.4565750119991294e-02         0.0000000000000000e+00         1.8455755876953757e-02         0.0000000000000000e+00        -1.3905593693049136e-02        -1.9342014323702288e-02         0.0000000000000000e+00
13                                    -4.5054448826561235e-03        -5.3443700015937262e-03         0.0000000000000000e+00        -4.7511047711335470e-02         0.0000000000000000e+00         4.2400898115598940e-02         5.4447251003110674e-02         0.0000000000000000e+00
14                                     0.0000000000000000e+00         0.0000000000000000e+00        -5.4825828371198276e-04         0.0000000000000000e+00        -7.2541765779541309e-04         0.0000000000000000e+00         0.0000000000000000e+00         1.1997750815869636e-04
15                                    -2.0079475530254704e-02        -1.7948289350787155e-02         2.2321597704893885e-04         1.2251209627574115e-03         1.1351875180396695e-03         3.7700939451039498e-05         1.7358245317802051e-04        -7.7062507029913982e-04
16                                    -8.0427241627218891e-03        -6.2481328993514128e-03        -6.1486645889585040e-04         1.7938606692378042e-04         8.7734176522221135e-04         1.1533022197220493e-03         1.8940625897688706e-03        -3.3152993214992821e-04
17                                     3.1902529138165901e-02         2.7154120047185620e-02         1.0612228775192393e-03        -1.9626450336280286e-03         2.7012646347796297e-04        -2.8720057026395229e-03         1.5393831912593998e-04         6.3100722092260307e-04
18                                    -4.3441826007685632e-04         5.5386985681604838e-03        -8.4785944969013437e-03         1.2799561654529916e-02         2.8174826322793854e-02        -1.3567639273996981e-02         2.2099936881337427e-02        -2.9478605293671938e-03
19                                     3.0638924952569412e-04        -1.0594981446671339e-02        -1.3143322297787469e-02         2.1498230424944548e-02         4.4614870727519504e-02        -2.1959734930732153e-02         3.5461704357755329e-02        -4.4220075760170565e-03
20                                    -9.5877929584291678e-04         1.3631528587525615e-02        -8.2210094819521688e-03         1.3204408803379909e-02         2.9044273574828226e-02        -1.4889758415876551e-02         2.2699784786127438e-02        -2.3674360308326261e-03
21                                    -4.5182990966889658e-02         4.4018218498419935e-02         0.0000000000000000e+00        -2.2786429155468099e-04         0.0000000000000000e+00         3.8229197659964478e-04         7.1430781511242186e-04         0.0000000000000000e+00
22                                     2.9477912684475329e-02        -2.7802697249146663e-02         0.0000000000000000e+00         1.1310711454480232e-03         0.0000000000000000e+00        -1.5574007692519514e-03         1.5552904692716287e-03         0.0000000000000000e+00
23                                     0.0000000000000000e+00         0.0000000000000000e+00        -4.7595694426273038e-04         0.0000000000000000e+00         1.0562705117556797e-03         0.0000000000000000e+00         0.0000000000000000e+00        -1.6665639768872113e-03
24                                    -4.3441826007685632e-04         5.5386985681604838e-03         8.4785944969013437e-03         1.2799561654529916e-02        -2.8174826322793854e-02        -1.3567639273996981e-02         2.2099936881337427e-02         2.9478605293671938e-03
25                                     3.0638924952569412e-04        -1.0594981446671339e-02         1.3143322297787469e-02         2.1498230424944548e-02        -4.4614870727519504e-02        -2.1959734930732153e-02         3.5461704357755329e-02         4.4220075760170565e-03
26                                     9.5877929584291678e-04        -1.3631528587525615e-02        -8.2210094819521688e-03        -1.3204408803379909e-02         2.9044273574828226e-02         1.4889758415876551e-02        -2.2699784786127438e-02        -2.3674360308326261e-03
27                                    -8.5677416880096391e-03         1.3568761168280777e-02         0.0000000000000000e+00        -7.7524421863103235e-04         0.0000000000000000e+00        -4.6164316363153397e-04        -1.9025902576574622e-04         0.0000000000000000e+00
28                                    -3.4053977919072781e-03         5.2751175995588012e-03         0.0000000000000000e+00        -8.6632869247199281e-04         0.0000000000000000e+00        -2.1167446366699569e-04        -5.0337807544387062e-04         0.0000000000000000e+00
29                                     0.0000000000000000e+00         0.0000000000000000e+00        -9.6067572456018484e-03         0.0000000000000000e+00        -1.1492445764647453e-02         0.0000000000000000e+00         0.0000000000000000e+00        -8.7960065780949503e-02
30                                    -5.0526225402059031e-03        -6.4028649504340373e-03         4.8218120046065481e-02        -3.4101489648685403e-02         1.3343243514714050e-02        -3.5986849772627443e-02        -2.3509158170587768e-03        -7.0136340132188561e-03
31                                     4.7327166343434065e-03         6.4495784411451899e-03        -6.8574492895825409e-03         4.9576395008052998e-03        -2.3361289596457611e-03         5.1762828531598457e-03        -2.0552713927375326e-04         9.6844717520940113e-04
32                                     1.9891636589843774e-03         3.3586122457924571e-03         3.4883913540171167e-02        -2.5651334522910334e-02         9.6663189631473693e-03        -2.6785414823322810e-02        -1.7095590165759633e-03        -4.4684676711979170e-03
33                                     8.9509836668519814e-04         7.0360079393054498e-04         0.0000000000000000e+00        -8.6753002538670287e-04         0.0000000000000000e+00        -1.1039594403324468e-03        -2.6462373661634357e-04         0.0000000000000000e+00
34                                    -5.4744045405796891e-04        -1.9429644443885853e-03         0.0000000000000000e+00        -2.7198569746090437e-03         0.0000000000000000e+00        -2.9165590598331111e-03        -1.5990461720556164e-04         0.0000000000000000e+00
35                                     0.0000000000000000e+00         0.0000000000000000e+00        -8.5108563688635194e-04         0.0000000000000000e+00        -2.3068156334281000e-05         0.0000000000000000e+00         0.0000000000000000e+00         1.0257860086838320e-03
36                                    -1.4247476911528195e-02        -2.3412853856801287e-02         2.7908225271721865e-01         2.0134434459449843e-01         7.7350551222358746e-02         2.1155435900128833e-01         1.3471246667159582e-02        -3.8716315622652986e-02
37                                    -6.4832323842545303e-03        -1.0292022267648230e-02         1.2153442815912754e-01         8.6768875527634931e-02         3.4702613254903744e-02         9.1838585681194074e-02         4.7847681347042191e-03        -1.7142797081188346e-02
38                                     2.0314232474978149e-02         3.4524270421583916e-02        -4.2919424165691583e-01        -3.1135734164385637e-01        -1.1878081268886517e-01        -3.2506359735321511e-01        -1.9853565577251080e-02         6.2569684528877720e-02
39                                     7.3253639666049988e-02         9.8259925850355812e-02         2.9959996517128479e-01         2.1349881184901398e-01         8.4310671876257154e-02         2.2715572032402939e-01         1.4095600428525047e-02        -4.3470847634699016e-02
40                                    -5.0485690485203627e-02        -6.7393101202639735e-02        -2.0525975124604487e-01        -1.4442613357256606e-01        -5.8149900843378746e-02        -1.5552159483755565e-01        -1.0654141432759633e-02         2.8767355649539535e-02
41                                     6.2298427173768870e-04         1.4382909176184594e-03         8.1225335635214425e-03         7.0025822118081017e-03         1.5115680514284208e-03         7.0391893947725232e-03         1.0386307014882521e-03        -7.9216088331449152e-04
42                                     2.4279100255963557e-01         2.0803220927201801e-01        -4.5732768805496178e-03        -1.4466417253249332e-02         4.5099171054341740e-03        -1.4494521047874954e-02        -2.0568032948614615e-03        -6.6959025226981470e-03
43                                     9.4016847420508226e-02         7.8455586643219208e-02        -2.8043745441778426e-03        -5.5527715494814046e-03         1.9940173998462636e-03        -7.2984032942289140e-03        -2.8290713437104089e-03        -2.5447314026603844e-03
44                                     3.7449486852259506e-01         3.1700058084328464e-01        -8.3988487547463769e-03        -2.2138132471164734e-02         4.4790397525266536e-03        -2.5928129779946286e-02        -2.7622506884394859e-03        -9.3677495670815448e-03
45                                     3.7701309906175005e-02         3.7588914243035572e-02         0.0000000000000000e+00         1.0162298482253583e-01         0.0000000000000000e+00        -9.1793091979737451e-02        -1.2094775840643401e-01         0.0000000000000000e+00
46                                     1.4630202158325387e-01         1.4370491483040704e-01         0.0000000000000000e+00         3.7310190499438473e-01         0.0000000000000000e+00        -3.4283814678169039e-01        -4.4189814904844771e-01         0.0000000000000000e+00
47                                     0.0000000000000000e+00         0.0000000000000000e+00         1.4609163455596012e-03         0.0000000000000000e+00        -1.3520115694926160e-03         0.0000000000000000e+00         0.0000000000000000e+00         3.1597871250673673e-04
48                                     1.4873227865606597e-01         1.3121974065467973e-01         0.0000000000000000e+00        -3.2132940191628284e-01         0.0000000000000000e+00         2.6869402184644814e-01         3.5069786508049910e-01         0.0000000000000000e+00
49                                    -9.4789460717035978e-02        -8.2872797389597158e-02         0.0000000000000000e+00         1.9899865962286742e-01         0.0000000000000000e+00        -1.6426292978345833e-01        -2.1754482841348263e-01         0.0000000000000000e+00
50                                     0.0000000000000000e+00         0.0000000000000000e+00        -1.4717683203507679e-03         0.0000000000000000e+00         4.5536449368606771e-04         0.0000000000000000e+00         0.0000000000000000e+00         3.0262261700303097e-04
51                                     2.4279100255963557e-01         2.0803220927201801e-01         4.5732768805496178e-03        -1.4466417253249332e-02        -4.5099171054341740e-03        -1.4494521047874954e-02        -2.0568032948614615e-03         6.6959025226981470e-03
52                                     9.4016847420508226e-02         7.8455586643219208e-02         2.8043745441778426e-03        -5.5527715494814046e-03        -1.9940173998462636e-03        -7.2984032942289140e-03        -2.8290713437104089e-03         2.5447314026603844e-03
53                                    -3.7449486852259506e-01        -3.1700058084328464e-01        -8.3988487547463769e-03         2.2138132471164734e-02         4.4790397525266536e-03         2.5928129779946286e-02         2.7622506884394859e-03        -9.3677495670815448e-03
54                                    -3.2680519306208964e-03         3.7471571377575695e-02         3.1426125308930714e-02        -5.2016039230491189e-02        -1.0429276855755321e-01         5.2236227031486816e-02        -8.4500950190235402e-02         1.0809914516915329e-02
55                                    -5.7425575186687240e-03         1.5730034158660025e-01         1.3651099809803677e-01        -2.2199357267132935e-01        -4.5526906654037524e-01         2.2137459656806421e-01        -3.6959326979228097e-01         4.3720840609163182e-02
56                                     1.2995224372649536e-03        -1.6571201702750115e-03        -2.8677254783822919e-03         4.7386871171780729e-03         7.2711008114051913e-03        -4.0374844921044050e-03         7.4857374267155519e-03        -1.2037316382390104e-04
57                                     5.1805973800008237e-03        -1.0114191797017294e-01         6.5711981748397000e-02        -1.0351033987908363e-01        -2.3437379348203946e-01         1.1844063430388531e-01        -1.8063263292408746e-01         2.2080075089535991e-02
58                                     2.9186409447315054e-03        -3.6694543709247830e-02         2.3261575739685198e-02        -3.6341299201458926e-02        -7.9568247291317840e-02         4.0004398724509109e-02        -6.2903530167381205e-02         7.1879095176589696e-03
59                                     1.1793905679369878e-02        -1.5652286727725984e-01         1.0277385804218571e-01        -1.6207994822354885e-01        -3.6078720526254887e-01         1.8254826685867079e-01        -2.7857770076029192e-01         3.6201738531508917e-02
60                                     5.3933294545279353e-01        -5.1486447774444910e-01         0.0000000000000000e+00         7.2549602953111700e-03         0.0000000000000000e+00        -1.0839851078521565e-02         1.3089270598830528e-03         0.0000000000000000e+00
61                                    -3.4761699874578061e-01         3.3013612662766256e-01         0.0000000000000000e+00        -5.6205718607695689e-03         0.0000000000000000e+00         8.3552170398058512e-03        -3.0204470717060780e-03         0.0000000000000000e+00
62                                     0.0000000000000000e+00         0.0000000000000000e+00         5.9045634489785198e-04         0.0000000000000000e+00        -1.4493858060929481e-03         0.0000000000000000e+00         0.0000000000000000e+00         2.2389440490672482e-03
63                                    -3.2680519306208964e-03         3.7471571377575695e-02        -3.1426125308930714e-02        -5.2016039230491189e-02         1.0429276855755321e-01         5.2236227031486816e-02        -8.4500950190235402e-02        -1.0809914516915329e-02
64                                    -5.7425575186687240e-03         1.5730034158660025e-01        -1.3651099809803677e-01        -2.2199357267132935e-01         4.5526906654037524e-01         2.2137459656806421e-01        -3.6959326979228097e-01        -4.3720840609163182e-02
65                                    -1.2995224372649536e-03         1.6571201702750115e-03        -2.8677254783822919e-03        -4.7386871171780729e-03         7.2711008114051913e-03         4.0374844921044050e-03        -7.4857374267155519e-03        -1.2037316382390104e-04
66                                     5.1805973800008237e-03        -1.0114191797017294e-01        -6.5711981748397000e-02        -1.0351033987908363e-01         2.3437379348203946e-01         1.1844063430388531e-01        -1.8063263292408746e-01        -2.2080075089535991e-02
67                                     2.9186409447315054e-03        -3.6694543709247830e-02        -2.3261575739685198e-02        -3.6341299201458926e-02         7.9568247291317840e-02         4.0004398724509109e-02        -6.2903530167381205e-02        -7.1879095176589696e-03
68                                    -1.1793905679369878e-02         1.5652286727725984e-01         1.0277385804218571e-01         1.6207994822354885e-01        -3.6078720526254887e-01        -1.8254826685867079e-01         2.7857770076029192e-01         3.6201738531508917e-02
69                                     4.9474221101185809e-02        -7.7488084522810391e-02        -3.8185969449524015e-02         6.7849797826790995e-03        -4.6971333716492113e-02         7.1331781326436743e-03        -2.9568158604720897e-04        -3.6378067236134848e-01
70                                     2.1536714174837431e-02        -3.3248112865235623e-02        -1.7588817031157642e-02         2.1889002956778248e-03        -1.8483467391565915e-02         2.4502989897750753e-03        -5.7004799556258914e-04        -1.4945555072193670e-01
71                                    -7.5037315832173324e-02         1.1671307647888507e-01         5.6752120344001823e-02        -9.3640625846686410e-03         6.8327359041966920e-02        -8.0900337161531524e-03        -6.6009901913045453e-04         5.3057247833260102e-01
72                                     4.9474221101185809e-02        -7.7488084522810391e-02         3.8185969449524015e-02         6.7849797826790995e-03         4.6971333716492113e-02         7.1331781326436743e-03        -2.9568158604720897e-04         3.6378067236134848e-01
73                                     2.1536714174837431e-02        -3.3248112865235623e-02         1.7588817031157642e-02         2.1889002956778248e-03         1.8483467391565915e-02         2.4502989897750753e-03        -5.7004799556258914e-04         1.4945555072193670e-01
74                                     7.5037315832173324e-02        -1.1671307647888507e-01         5.6752120344001823e-02         9.3640625846686410e-03         6.8327359041966920e-02         8.0900337161531524e-03         6.6009901913045453e-04         5.3057247833260102e-01
75                                    -1.4247476911528195e-02        -2.3412853856801287e-02        -2.7908225271721865e-01         2.0134434459449843e-01        -7.7350551222358746e-02         2.1155435900128833e-01         1.3471246667159582e-02         3.8716315622652986e-02
76                                    -6.4832323842545303e-03        -1.0292022267648230e-02        -1.2153442815912754e-01         8.6768875527634931e-02        -3.4702613254903744e-02         9.1838585681194074e-02         4.7847681347042191e-03         1.7142797081188346e-02
77                                    -2.0314232474978149e-02        -3.4524270421583916e-02        -4.2919424165691583e-01         3.1135734164385637e-01        -1.1878081268886517e-01         3.2506359735321511e-01         1.9853565577251080e-02         6.2569684528877720e-02
78                                     7.3253639666049988e-02         9.8259925850355812e-02        -2.9959996517128479e-01         2.1349881184901398e-01        -8.4310671876257154e-02         2.2715572032402939e-01         1.4095600428525047e-02         4.3470847634699016e-02
79                                    -5.0485690485203627e-02        -6.7393101202639735e-02         2.0525975124604487e-01        -1.4442613357256606e-01         5.8149900843378746e-02        -1.5552159483755565e-01        -1.0654141432759633e-02        -2.8767355649539535e-02
80                                    -6.2298427173768870e-04        -1.4382909176184594e-03         8.1225335635214408e-03        -7.0025822118081017e-03         1.5115680514284217e-03        -7.0391893947725232e-03        -1.0386307014882521e-03        -7.9216088331449130e-04
                                                        80

0                                      4.9649508984407044e-02
1                                     -3.4164384390856728e-02
2                                      0.0000000000000000e+00
3                                      1.8385609312757721e-03
4                                     -6.8671025386289890e-04
5                                      0.0000000000000000e+00
6                                     -2.6652539205212529e-04
7                                      5.2504949542646914e-04
8                                     -2.0549347153226439e-04
9                                      4.7855606875155708e-05
10                                    -4.3114970166286385e-05
11                                     1.0516804669638122e-04
12                                    -3.9772355904535076e-05
13                                    -1.2169053133731755e-05
14                                     0.0000000000000000e+00
15                                     4.7855606875155708e-05
16                                    -4.3114970166286385e-05
17                                    -1.0516804669638122e-04
18                                     3.9783279341142592e-06
19                                    -2.6712327513239877e-05
20                                     2.2517475075169950e-05
21                                     1.3315682324970121e-04
22                                     1.2004044831950502e-04
23                                     0.0000000000000000e+00
24                                     3.9783279341142592e-06
25                                    -2.6712327513239877e-05
26                                    -2.2517475075169950e-05
27                                    -4.2726466469219203e-04
28                                    -6.6529735072460718e-05
29                                     0.0000000000000000e+00
30                                    -2.6652539205212529e-04
31                                     5.2504949542646914e-04
32                                     2.0549347153226439e-04
33                                    -8.0117253966161950e-01
34                                     5.4079268888816623e-01
35                                     0.0000000000000000e+00
36                                    -3.5444362948444571e-04
37                                    -4.1443033180783406e-04
38                                     2.7761463215086781e-04
39                                     6.9300947689494949e-04
40                                    -2.0658714136502585e-03
41                                    -1.5943820136706613e-03
42                                     4.3941017780421921e-04
43                                     9.1942541411601381e-04
44                                     5.2924241616459028e-04
45                                     2.1171723244019032e-04
46                                     4.0901853416701610e-04
47                                     0.0000000000000000e+00
48                                     1.4481535416934995e-04
49                                    -1.0410703208290210e-04
50                                     0.0000000000000000e+00
51                                     4.3941017780421921e-04
52                                     9.1942541411601381e-04
53                                    -5.2924241616459028e-04
54                                    -1.1421095714893234e-04
55                                     1.7772351190945766e-04
56                                     1.1923636279096697e-04
57                                    -1.1727716418130625e-04
58                                     1.6448078505702298e-06
59                                    -9.7065624674498834e-05
60                                    -3.6167426657779145e-04
61                                    -3.0270972359208590e-04
62                                     0.0000000000000000e+00
63                                    -1.1421095714893234e-04
64                                     1.7772351190945766e-04
65                                    -1.1923636279096697e-04
66                                    -1.1727716418130625e-04
67                                     1.6448078505702298e-06
68                                     9.7065624674498834e-05
69                                    -3.8319105792143312e-04
70                                     5.3374542357355770e-04
71                                     1.6410807870470540e-04
72                                    -3.8319105792143312e-04
73                                     5.3374542357355770e-04
74                                    -1.6410807870470540e-04
75                                    -3.5444362948444571e-04
76                                    -4.1443033180783406e-04
77                                    -2.7761463215086781e-04
78                                     6.9300947689494949e-04
79                                    -2.0658714136502585e-03
80                                     1.5943820136706613e-03
$End
$Calculation_Info
   &GeometryIndex 5
   &Mult [&Type "Integer"] 1
   &Charge [&Type "Integer"] 0
   &NumOfAtoms [&Type "Integer"] 27
   &NumOfElectrons [&Type "Integer"] 84
   &NumOfBasisFuncts [&Type "Integer"] 294
   &NumOfAuxCBasisFuncts [&Type "Integer"] 0
   &NumOfAuxJBasisFuncts [&Type "Integer"] 506
   &NumOfAuxJKBasisFuncts [&Type "Integer"] 0
   &NumOfCABSBasisFuncts [&Type "Integer"] 0
$End
$Calculation_Timings
   &GeometryIndex 5
   &GTOINT [&Type "Double"]       1.2765000000000025e+01
   &SCF [&Type "Double"]       1.3318999999999997e+02
   &SCFGRAD [&Type "Double"]       5.3652000000000015e+01
   &GSTEP [&Type "Double"]       1.0400000000000108e-01
   &PROPINT [&Type "Double"]       5.9913599999999997e+02
   &RESPONSE [&Type "Double"]       4.6323699999999997e+02
   &PROP [&Type "Double"]       2.0826500000000010e+02
   &SUM [&Type "Double"]       1.4703489999999999e+03
$End
