*************************************************
******************* ORCA 6.1.1 ******************
*************************************************
$Calculation_Status
   &GeometryIndex 6
   &version [&Type "String"] "6.1.1"
   &progName [&Type "String"] "LeanSCF"
   &Status [&Type "String"] "NORMAL TERMINATION"
$End
$Geometry
   &GeometryIndex 1
   &NAtoms [&Type "Integer"] 27
   &NCorelessECP [&Type "Integer"] 0
   &NGhostAtoms [&Type "Integer"] 0
   &CartesianCoordinates [&Type "Coordinates", &Dim(27,4), &Units "Bohr"] 
              O      1.257952937523    4.841285828951    0.000000000000
              C      0.567016557478    2.275107492272    0.000000000000
              C     -1.004325093614    1.637154977309   -2.393640526030
              C     -1.707608902049   -1.196641026197   -2.387349860113
              C     -3.275659223127   -1.804391814467    0.000000000000
              C     -1.707608902049   -1.196641026197    2.387349860113
              C      0.730233571964   -2.801725936627    2.382899381387
              C      2.300443451947   -2.188549807659    0.000000000000
              C      0.730233571964   -2.801725936627   -2.382899381387
              C      2.998131888540    0.646718686069    0.000000000000
              C     -1.004325093614    1.637154977309    2.393640526030
              H     -0.320095023771    5.857010115060    0.000000000000
              H      0.098300894215    2.095378165213   -4.123833905907
              H     -2.757358811803    2.796438868364   -2.443147128777
              H     -2.837656395206   -1.642746505944   -4.101183937086
              H     -3.823891102300   -3.833436319752    0.000000000000
              H     -5.049676688786   -0.677258913722    0.000000000000
              H     -2.837656395206   -1.642746505944    4.101183937086
              H      0.243706274944   -4.846198972019    2.415685431849
              H      1.858586877374   -2.399000623862    4.109832172487
              H      4.055323524100   -3.343373866541    0.000000000000
              H      0.243706274944   -4.846198972019   -2.415685431849
              H      1.858586877374   -2.399000623862   -4.109832172487
              H      4.163361229070    1.091121821616   -1.692678121121
              H      4.163361229070    1.091121821616    1.692678121121
              H      0.098300894215    2.095378165213    4.123833905907
              H     -2.757358811803    2.796438868364    2.443147128777
$End
$SCF_Mulliken_Population_Analysis
   &GeometryIndex 1
   &NAtoms [&Type "Integer"] 27
   &ATNO [&Type "ArrayOfIntegers", &Dim (27,1)] 
                                                         0

0                                                        8
1                                                        6
2                                                        6
3                                                        6
4                                                        6
5                                                        6
6                                                        6
7                                                        6
8                                                        6
9                                                        6
10                                                       6
11                                                       1
12                                                       1
13                                                       1
14                                                       1
15                                                       1
16                                                       1
17                                                       1
18                                                       1
19                                                       1
20                                                       1
21                                                       1
22                                                       1
23                                                       1
24                                                       1
25                                                       1
26                                                       1
   &AtomicCharges [&Type "ArrayOfDoubles", &Dim (27,1)] 
                                                         0

0                                     -3.9312501194339333e-01
1                                      2.0161004064558252e-01
2                                     -4.2130683965280369e-01
3                                      6.3914765439706756e-02
4                                     -4.4612504317844071e-01
5                                      6.3914765439706756e-02
6                                     -4.4302376549728795e-01
7                                      5.7679635398798723e-02
8                                     -4.4302376549728795e-01
9                                     -4.6418049819113794e-01
10                                    -4.2130683965280280e-01
11                                     2.9687050349681776e-01
12                                     1.6860831926400666e-01
13                                     1.4689782961892472e-01
14                                     1.5188927210718861e-01
15                                     1.5867568960868206e-01
16                                     1.5095146445654550e-01
17                                     1.5188927210718850e-01
18                                     1.5779598752586055e-01
19                                     1.5358921858907504e-01
20                                     1.5288953992085386e-01
21                                     1.5779598752586055e-01
22                                     1.5358921858907515e-01
23                                     1.6401205249816275e-01
24                                     1.6401205249816275e-01
25                                     1.6860831926400666e-01
26                                     1.4689782961892484e-01
   &Method [&Type "String"] "SCF"
   &Level [&Type "String"] "Relaxed density"
   &Mult [&Type "Integer"] 1
   &State [&Type "Integer"] -1
   &Irrep [&Type "Integer"] 0
$End
$SCF_Loewdin_Population_Analysis
   &GeometryIndex 1
   &NAtoms [&Type "Integer"] 27
   &ATNO [&Type "ArrayOfIntegers", &Dim (27,1)] 
                                                         0

0                                                        8
1                                                        6
2                                                        6
3                                                        6
4                                                        6
5                                                        6
6                                                        6
7                                                        6
8                                                        6
9                                                        6
10                                                       6
11                                                       1
12                                                       1
13                                                       1
14                                                       1
15                                                       1
16                                                       1
17                                                       1
18                                                       1
19                                                       1
20                                                       1
21                                                       1
22                                                       1
23                                                       1
24                                                       1
25                                                       1
26                                                       1
   &AtomicCharges [&Type "ArrayOfDoubles", &Dim (27,1)] 
                                                         0

0                                     -5.9393781399188050e-01
1                                      8.2400286757597030e-02
2                                     -2.5881639830296344e-01
3                                     -2.1248098899155909e-01
4                                     -2.8473462436530017e-01
5                                     -2.1248098899155909e-01
6                                     -2.8404196407101701e-01
7                                     -2.1085497108889140e-01
8                                     -2.8404196407101701e-01
9                                     -2.4229434275747774e-01
10                                    -2.5881639830296432e-01
11                                     2.8621423172835991e-01
12                                     1.7196967809237940e-01
13                                     1.6256912898642173e-01
14                                     1.6187469264988219e-01
15                                     1.6268598929361200e-01
16                                     1.6118845898869560e-01
17                                     1.6187469264988208e-01
18                                     1.6248596112747316e-01
19                                     1.6258367861238521e-01
20                                     1.6302835334470123e-01
21                                     1.6248596112747271e-01
22                                     1.6258367861238554e-01
23                                     1.7200842794229942e-01
24                                     1.7200842794229976e-01
25                                     1.7196967809237906e-01
26                                     1.6256912898642140e-01
   &Method [&Type "String"] "SCF"
   &Level [&Type "String"] "Relaxed density"
   &Mult [&Type "Integer"] 1
   &State [&Type "Integer"] -1
   &Irrep [&Type "Integer"] 0
$End
$SCF_Mayer_Population_Analysis
   &GeometryIndex 1
   &NAtoms [&Type "Integer"] 27 "Total number of atoms"
   &NBondOrdersPrint [&Type "Integer"] 29 "The number of bond orders larger than threshold"
   &bondThresh [&Type "Double"]       1.0000000000000001e-01  "The threshold for printing"
   &components [&Type "ArrayOfIntegers", &Dim (29,4)] "The indices and atomic numbers of the bonding atoms"
                                                         0                           1                           2                           3

0                                                        0                           8                           1                           6
1                                                        0                           8                          11                           1
2                                                        1                           6                           2                           6
3                                                        1                           6                           9                           6
4                                                        1                           6                          10                           6
5                                                        2                           6                           3                           6
6                                                        2                           6                          12                           1
7                                                        2                           6                          13                           1
8                                                        3                           6                           4                           6
9                                                        3                           6                           8                           6
10                                                       3                           6                          14                           1
11                                                       4                           6                           5                           6
12                                                       4                           6                          15                           1
13                                                       4                           6                          16                           1
14                                                       5                           6                           6                           6
15                                                       5                           6                          10                           6
16                                                       5                           6                          17                           1
17                                                       6                           6                           7                           6
18                                                       6                           6                          18                           1
19                                                       6                           6                          19                           1
20                                                       7                           6                           8                           6
21                                                       7                           6                           9                           6
22                                                       7                           6                          20                           1
23                                                       8                           6                          21                           1
24                                                       8                           6                          22                           1
25                                                       9                           6                          23                           1
26                                                       9                           6                          24                           1
27                                                      10                           6                          25                           1
28                                                      10                           6                          26                           1
   &BondOrders [&Type "ArrayOfDoubles", &Dim (29,1)] "The bond orders"
                                                         0

0                                      9.0254384341734839e-01
1                                      8.8571169097046443e-01
2                                      9.4877033645214870e-01
3                                      9.3389599582702110e-01
4                                      9.4877033645214914e-01
5                                      8.7994866205021149e-01
6                                      9.6417652976010337e-01
7                                      9.5827795396058046e-01
8                                      9.2469357164414046e-01
9                                      9.3201394258038484e-01
10                                     8.6915965869607015e-01
11                                     9.2469357164414057e-01
12                                     9.6425152722831420e-01
13                                     9.6410008401340275e-01
14                                     9.3201394258038450e-01
15                                     8.7994866205021083e-01
16                                     8.6915965869607004e-01
17                                     9.2578570270189275e-01
18                                     9.6369397342074281e-01
19                                     9.6177783960408847e-01
20                                     9.2578570270189253e-01
21                                     9.0076778722694195e-01
22                                     8.7367382252492420e-01
23                                     9.6369397342074270e-01
24                                     9.6177783960408825e-01
25                                     9.6313258521420009e-01
26                                     9.6313258521419998e-01
27                                     9.6417652976010337e-01
28                                     9.5827795396058046e-01
   &ATNO [&Type "ArrayOfIntegers", &Dim (27,1)] "Atomic number of the elements"
                                                         0

0                                                        8
1                                                        6
2                                                        6
3                                                        6
4                                                        6
5                                                        6
6                                                        6
7                                                        6
8                                                        6
9                                                        6
10                                                       6
11                                                       1
12                                                       1
13                                                       1
14                                                       1
15                                                       1
16                                                       1
17                                                       1
18                                                       1
19                                                       1
20                                                       1
21                                                       1
22                                                       1
23                                                       1
24                                                       1
25                                                       1
26                                                       1
   &NA [&Type "ArrayOfDoubles", &Dim (27,1)] "Mulliken gross atomic population"
                                                         0

0                                      8.3931250119433933e+00
1                                      5.7983899593544095e+00
2                                      6.4213068396527992e+00
3                                      5.9360852345602924e+00
4                                      6.4461250431784496e+00
5                                      5.9360852345602932e+00
6                                      6.4430237654972853e+00
7                                      5.9423203646012013e+00
8                                      6.4430237654972853e+00
9                                      6.4641804981911442e+00
10                                     6.4213068396527984e+00
11                                     7.0312949650318279e-01
12                                     8.3139168073599312e-01
13                                     8.5310217038107505e-01
14                                     8.4811072789281139e-01
15                                     8.4132431039131794e-01
16                                     8.4904853554345439e-01
17                                     8.4811072789281139e-01
18                                     8.4220401247413967e-01
19                                     8.4641078141092518e-01
20                                     8.4711046007914614e-01
21                                     8.4220401247413956e-01
22                                     8.4641078141092518e-01
23                                     8.3598794750183747e-01
24                                     8.3598794750183747e-01
25                                     8.3139168073599323e-01
26                                     8.5310217038107494e-01
   &ZA [&Type "ArrayOfDoubles", &Dim (27,1)] "Total nuclear charge"
                                                         0

0                                      8.0000000000000000e+00
1                                      6.0000000000000000e+00
2                                      6.0000000000000000e+00
3                                      6.0000000000000000e+00
4                                      6.0000000000000000e+00
5                                      6.0000000000000000e+00
6                                      6.0000000000000000e+00
7                                      6.0000000000000000e+00
8                                      6.0000000000000000e+00
9                                      6.0000000000000000e+00
10                                     6.0000000000000000e+00
11                                     1.0000000000000000e+00
12                                     1.0000000000000000e+00
13                                     1.0000000000000000e+00
14                                     1.0000000000000000e+00
15                                     1.0000000000000000e+00
16                                     1.0000000000000000e+00
17                                     1.0000000000000000e+00
18                                     1.0000000000000000e+00
19                                     1.0000000000000000e+00
20                                     1.0000000000000000e+00
21                                     1.0000000000000000e+00
22                                     1.0000000000000000e+00
23                                     1.0000000000000000e+00
24                                     1.0000000000000000e+00
25                                     1.0000000000000000e+00
26                                     1.0000000000000000e+00
   &QA [&Type "ArrayOfDoubles", &Dim (27,1)] "Mulliken gross atomic charge"
                                                         0

0                                     -3.9312501194339333e-01
1                                      2.0161004064559052e-01
2                                     -4.2130683965279925e-01
3                                      6.3914765439707644e-02
4                                     -4.4612504317844959e-01
5                                      6.3914765439706756e-02
6                                     -4.4302376549728528e-01
7                                      5.7679635398798723e-02
8                                     -4.4302376549728528e-01
9                                     -4.6418049819114415e-01
10                                    -4.2130683965279836e-01
11                                     2.9687050349681721e-01
12                                     1.6860831926400688e-01
13                                     1.4689782961892495e-01
14                                     1.5188927210718861e-01
15                                     1.5867568960868206e-01
16                                     1.5095146445654561e-01
17                                     1.5188927210718861e-01
18                                     1.5779598752586033e-01
19                                     1.5358921858907482e-01
20                                     1.5288953992085386e-01
21                                     1.5779598752586044e-01
22                                     1.5358921858907482e-01
23                                     1.6401205249816253e-01
24                                     1.6401205249816253e-01
25                                     1.6860831926400677e-01
26                                     1.4689782961892506e-01
   &VA [&Type "ArrayOfDoubles", &Dim (27,1)] "Mayer's total valence"
                                                         0

0                                      1.7613781180714829e+00
1                                      3.6379750259802184e+00
2                                      3.6490939952362988e+00
3                                      3.4212843118928147e+00
4                                      3.7302502899101873e+00
5                                      3.4212843118928133e+00
6                                      3.7381175322019886e+00
7                                      3.4679551318869501e+00
8                                      3.7381175322019908e+00
9                                      3.7637158196828517e+00
10                                     3.6490939952362984e+00
11                                     9.0562088079044500e-01
12                                     9.6341994388982410e-01
13                                     9.6878363281672042e-01
14                                     9.5232356645505367e-01
15                                     9.6131993756384071e-01
16                                     9.6464648079450499e-01
17                                     9.5232356645505378e-01
18                                     9.6123598423589673e-01
19                                     9.6348510733214998e-01
20                                     9.5282784352943761e-01
21                                     9.6123598423589607e-01
22                                     9.6348510733214987e-01
23                                     9.6253217339997033e-01
24                                     9.6253217339996988e-01
25                                     9.6341994388982455e-01
26                                     9.6878363281672042e-01
   &BVA [&Type "ArrayOfDoubles", &Dim (27,1)] "Mayer's bonded valence"
                                                         0

0                                      1.7613781180714838e+00
1                                      3.6379750259802290e+00
2                                      3.6490939952363295e+00
3                                      3.4212843118928151e+00
4                                      3.7302502899101904e+00
5                                      3.4212843118928151e+00
6                                      3.7381175322020037e+00
7                                      3.4679551318869235e+00
8                                      3.7381175322020002e+00
9                                      3.7637158196828460e+00
10                                     3.6490939952363317e+00
11                                     9.0562088079044178e-01
12                                     9.6341994388982555e-01
13                                     9.6878363281672131e-01
14                                     9.5232356645505289e-01
15                                     9.6131993756384271e-01
16                                     9.6464648079450555e-01
17                                     9.5232356645505278e-01
18                                     9.6123598423589429e-01
19                                     9.6348510733215031e-01
20                                     9.5282784352943761e-01
21                                     9.6123598423589418e-01
22                                     9.6348510733214987e-01
23                                     9.6253217339996977e-01
24                                     9.6253217339996966e-01
25                                     9.6341994388982555e-01
26                                     9.6878363281672142e-01
   &FA [&Type "ArrayOfDoubles", &Dim (27,1)] "Mayer's free valence"
                                                         0

0                                      0.0000000000000000e+00
1                                      0.0000000000000000e+00
2                                      0.0000000000000000e+00
3                                      0.0000000000000000e+00
4                                      0.0000000000000000e+00
5                                      0.0000000000000000e+00
6                                      0.0000000000000000e+00
7                                      0.0000000000000000e+00
8                                      0.0000000000000000e+00
9                                      0.0000000000000000e+00
10                                     0.0000000000000000e+00
11                                     0.0000000000000000e+00
12                                     0.0000000000000000e+00
13                                     0.0000000000000000e+00
14                                     0.0000000000000000e+00
15                                     0.0000000000000000e+00
16                                     0.0000000000000000e+00
17                                     0.0000000000000000e+00
18                                     0.0000000000000000e+00
19                                     0.0000000000000000e+00
20                                     0.0000000000000000e+00
21                                     0.0000000000000000e+00
22                                     0.0000000000000000e+00
23                                     0.0000000000000000e+00
24                                     0.0000000000000000e+00
25                                     0.0000000000000000e+00
26                                     0.0000000000000000e+00
   &Method [&Type "String"] "SCF"
   &Level [&Type "String"] "Relaxed density"
   &Mult [&Type "Integer"] 1
   &State [&Type "Integer"] -1
   &Irrep [&Type "Integer"] 0
$End
$SCF_Energy
   &GeometryIndex 1
   &Method [&Type "String"] "SCF"
   &totalEnergy [&Type "ArrayOfDoubles", &Dim (1,1)] "Total energy of each state"
                                                         0

0                                     -4.6583492994957680e+02
   &Mult [&Type "ArrayOfIntegers", &Dim (1,1)] "Multiplicity of each state"
                                                         0

0                                                        1
   &Irrep [&Type "ArrayOfIntegers", &Dim (1,1)] "Irreducible representation of each state"
                                                         0

0                                                        0
$End
$DFT_Energy
   &GeometryIndex 1
   &nAlphaEl [&Type "Integer"] 41
   &nBetaEl [&Type "Integer"] 41
   &nTotalEl [&Type "Integer"] 83
   &finalEn [&Type "Double"]      -4.6583492994957680e+02  "No Van der Waals correction"
   &eExchange [&Type "Double"]      -6.5985335746581825e+01
   &eCorr [&Type "Double"]      -2.7006742006841131e+00
   &eXC [&Type "Double"]      -6.8686009947265944e+01
   &eCNL [&Type "Double"]       0.0000000000000000e+00
$End
$SCF_Timings
   &GeometryIndex 1
   &TOTAL [&Type "Double"]       4.5264000000000003e+01
   &PREP [&Type "Double"]       2.6800000000000002e-01
   &FOCK [&Type "Double"]       4.1384999999999998e+01
   &DENS [&Type "Double"]       3.5100000000000620e-01
   &ETOT [&Type "Double"]       2.2999999999999687e-01
   &POP [&Type "Double"]       1.6100000000000136e-01
   &TRAFO [&Type "Double"]       9.8000000000002530e-02
   &DIIS [&Type "Double"]       4.9399999999999800e-01
   &SOSCF [&Type "Double"]       5.5400000000000205e-01
   &XC [&Type "Double"]       3.6456000000000003e+01
   &FOCKSTART [&Type "Double"]       2.8999999999994697e-02
   &INT_BF [&Type "Double"]       6.0850000000002140e+00
   &INT_DENS [&Type "Double"]       1.2157999999999799e+01
   &INT_DENSIO [&Type "Double"]       1.6592005400000006e+05
   &INT_FUNC [&Type "Double"]       1.5759999999999645e+00
   &INT_POT [&Type "Double"]       1.4344999999999985e+01
   &INT_POTIO [&Type "Double"]       2.7700000000002234e-01
   &INT_SUM [&Type "Double"]       1.9999999999971152e-03
   &SPLITRIJ [&Type "Double"]       6.2089999999999996e+00
$End
$VdW_Correction
   &GeometryIndex 1
   &vdW [&Type "Double"]      -1.0743433355238988e-02
$End
$gCP_Energy
   &GeometryIndex 1
   &gCP_Energy [&Type "Double"]       1.1021804200000001e-02
$End
$Single_Point_Data
   &GeometryIndex 1
   &FinalEnergy [&Type "Double"]      -4.6583465157873201e+02  "Final single point energy"
   &Converged [&Type "Boolean"] true
$End
$SCF_Nuc_Gradient
   &GeometryIndex 1
   &NAtoms [&Type "Integer"] 27
   &gradNorm [&Type "Double"]       5.4367670962443257e-02
   &grad [&Type "ArrayOfDoubles", &Dim (81,1)] 
                                                         0

0                                      1.1811117711759526e-02
1                                     -2.5641476633377264e-02
2                                      1.1627793564823657e-10
3                                      8.4030744373786177e-03
4                                      1.5265537531260389e-02
5                                      2.9510343440118080e-09
6                                     -7.9348726108635376e-05
7                                      3.3999975371455573e-03
8                                      1.2198108532025097e-03
9                                      2.9242472741535398e-03
10                                     2.2047485162963805e-03
11                                     2.6000236474695046e-03
12                                     3.1123200759498536e-03
13                                     1.6214943588126521e-03
14                                     2.7096873371475344e-10
15                                     2.9242505388486616e-03
16                                     2.2047526102806918e-03
17                                    -2.6000315567945948e-03
18                                    -9.4690615106984789e-04
19                                     2.3875781373677734e-03
20                                    -2.5825188044808450e-03
21                                    -5.1758304654465578e-04
22                                     1.8707356810688538e-03
23                                    -4.2928133250489058e-10
24                                    -9.4690433646896113e-04
25                                     2.3875769297856961e-03
26                                     2.5825197015815291e-03
27                                    -4.6455460433381017e-03
28                                    -3.3398711410017050e-03
29                                     4.5246775959438758e-10
30                                    -7.9344872247995028e-05
31                                     3.3999957349955725e-03
32                                    -1.2198096094893631e-03
33                                    -2.1381478096943851e-02
34                                     1.3792366221373061e-02
35                                     4.3730758989854964e-10
36                                     3.0620379165452022e-03
37                                     3.1728594763695144e-04
38                                    -8.7701090921038938e-03
39                                    -6.6124892261615739e-03
40                                     2.8894018446071392e-03
41                                    -1.5751632697409746e-03
42                                    -4.2291037680402448e-03
43                                    -1.7799997395533422e-03
44                                    -6.4163814534696252e-03
45                                    -2.0787104991662319e-03
46                                    -8.1540312626155968e-03
47                                     1.2370208687037510e-09
48                                    -6.8235890346878296e-03
49                                     4.4923525672112101e-03
50                                     9.2306232881348836e-10
51                                    -4.2291050362814799e-03
52                                    -1.7800001750916143e-03
53                                     6.4163815723431751e-03
54                                    -1.8463652330140906e-03
55                                    -8.2206573595144591e-03
56                                     8.5906055058379175e-05
57                                     4.4624724503413331e-03
58                                     1.7351435294934970e-03
59                                     6.8238284941778624e-03
60                                     6.4079700551270494e-03
61                                    -5.3479074385380035e-03
62                                     2.8116014120519806e-10
63                                    -1.8463655494724985e-03
64                                    -8.2206586234706749e-03
65                                    -8.5906026483906580e-05
66                                     4.4624732544848063e-03
67                                     1.7351424812612599e-03
68                                    -6.8238289340918556e-03
69                                     6.1216648668552366e-03
70                                    -2.1309667352549286e-04
71                                    -6.9441141949245586e-03
72                                     6.1216620492980491e-03
73                                    -2.1309775792762340e-04
74                                     6.9441127357504706e-03
75                                     3.0620364984777610e-03
76                                     3.1728745253780814e-04
77                                     8.7701105936085922e-03
78                                    -6.6124875073971367e-03
79                                     2.8893997247751626e-03
80                                     1.5751630493642857e-03
   &Method [&Type "String"] "SCF"
   &Level [&Type "String"] "Relaxed density"
   &Mult [&Type "Integer"] 1
   &State [&Type "Integer"] 0
   &Irrep [&Type "Integer"] 0
$End
$Geometry
   &GeometryIndex 2
   &NAtoms [&Type "Integer"] 27
   &NCorelessECP [&Type "Integer"] 0
   &NGhostAtoms [&Type "Integer"] 0
   &CartesianCoordinates [&Type "Coordinates", &Dim(27,4), &Units "Bohr"] 
              O      1.306741456618    4.839620276409    0.000000000000
              C      0.556009033309    2.263107692627    0.000000000000
              C     -1.004641359397    1.618770369480   -2.369737687981
              C     -1.708637515059   -1.202985684313   -2.374221709511
              C     -3.267699715657   -1.814189698350    0.000000000000
              C     -1.708637515059   -1.202985684313    2.374221709511
              C      0.722973570742   -2.789333511324    2.369852797012
              C      2.282909095243   -2.165840275569    0.000000000000
              C      0.722973570742   -2.789333511324   -2.369852797012
              C      2.966545350236    0.661463466159    0.000000000000
              C     -1.004641359397    1.618770369480    2.369737687981
              H     -0.205070387365    5.856943213673    0.000000000000
              H      0.094750237015    2.087172845010   -4.067247842106
              H     -2.733830104737    2.776194462518   -2.408348020870
              H     -2.823648633451   -1.640649415514   -4.071685362139
              H     -3.803982928218   -3.820721619384    0.000000000000
              H     -5.025078734162   -0.705816120780    0.000000000000
              H     -2.823648633451   -1.640649415514    4.071685362139
              H      0.250554709693   -4.811646913326    2.399001872128
              H      1.835335964924   -2.390064902581    4.078090957875
              H      4.027340450796   -3.291964450216    0.000000000000
              H      0.250554709693   -4.811646913326   -2.399001872128
              H      1.835335964924   -2.390064902581   -4.078090957875
              H      4.106164619283    1.123176650461   -1.672763462198
              H      4.106164619283    1.123176650461    1.672763462198
              H      0.094750237015    2.087172845010    4.067247842106
              H     -2.733830104737    2.776194462518    2.408348020870
$End
$SCF_Energy
   &GeometryIndex 2
   &Method [&Type "String"] "SCF"
   &totalEnergy [&Type "ArrayOfDoubles", &Dim (1,1)] "Total energy of each state"
                                                         0

0                                     -4.6583900859472647e+02
   &Mult [&Type "ArrayOfIntegers", &Dim (1,1)] "Multiplicity of each state"
                                                         0

0                                                        1
   &Irrep [&Type "ArrayOfIntegers", &Dim (1,1)] "Irreducible representation of each state"
                                                         0

0                                                        0
$End
$DFT_Energy
   &GeometryIndex 2
   &nAlphaEl [&Type "Integer"] 41
   &nBetaEl [&Type "Integer"] 41
   &nTotalEl [&Type "Integer"] 83
   &finalEn [&Type "Double"]      -4.6583900859472647e+02  "No Van der Waals correction"
   &eExchange [&Type "Double"]      -6.6101155202033510e+01
   &eCorr [&Type "Double"]      -2.7061240982721211e+00
   &eXC [&Type "Double"]      -6.8807279300305638e+01
   &eCNL [&Type "Double"]       0.0000000000000000e+00
$End
$SCF_Timings
   &GeometryIndex 2
   &TOTAL [&Type "Double"]       3.2116000000000000e+01
   &PREP [&Type "Double"]       2.7999999999999997e-01
   &FOCK [&Type "Double"]       2.8541999999999994e+01
   &DENS [&Type "Double"]       2.5399999999999778e-01
   &ETOT [&Type "Double"]       1.6099999999999692e-01
   &TRAFO [&Type "Double"]       7.7999999999999403e-02
   &DIIS [&Type "Double"]       4.0599999999999881e-01
   &SOSCF [&Type "Double"]       3.6800000000000921e-01
   &XC [&Type "Double"]       2.5813999999999997e+01
   &FOCKSTART [&Type "Double"]       2.1999999999992026e-02
   &INT_BF [&Type "Double"]       4.4990000000000334e+00
   &INT_DENS [&Type "Double"]       8.7689999999999717e+00
   &INT_DENSIO [&Type "Double"]       9.4332686000000074e+04
   &INT_FUNC [&Type "Double"]       1.1749999999999474e+00
   &INT_POT [&Type "Double"]       9.9200000000000372e+00
   &INT_POTIO [&Type "Double"]       1.8100000000002825e-01
   &SPLITRIJ [&Type "Double"]       4.4389999999999930e+00
$End
$VdW_Correction
   &GeometryIndex 2
   &vdW [&Type "Double"]      -1.0803582902567312e-02
$End
$gCP_Energy
   &GeometryIndex 2
   &gCP_Energy [&Type "Double"]       1.1254136200000001e-02
$End
$Single_Point_Data
   &GeometryIndex 2
   &FinalEnergy [&Type "Double"]      -4.6583855804142900e+02  "Final single point energy"
   &Converged [&Type "Boolean"] true
$End
$SCF_Nuc_Gradient
   &GeometryIndex 2
   &NAtoms [&Type "Integer"] 27
   &gradNorm [&Type "Double"]       1.2140025068867168e-02
   &grad [&Type "ArrayOfDoubles", &Dim (81,1)] 
                                                         0

0                                     -3.0485393453183671e-03
1                                     -5.0086379038292526e-03
2                                     -5.0202874365987132e-10
3                                      3.7251126660467807e-03
4                                      9.0690955000098054e-03
5                                      1.3767852274822521e-09
6                                      4.8207029657616686e-04
7                                      1.0516696026760595e-03
8                                     -1.7933629648130638e-04
9                                      1.9041924445922854e-04
10                                     3.8990304334888268e-04
11                                    -5.9717117171111914e-04
12                                    -3.7803388822844864e-04
13                                    -2.6851303223290716e-04
14                                    -2.1601019782717804e-09
15                                     1.9041719692351844e-04
16                                     3.8990912326487197e-04
17                                     5.9716785164142709e-04
18                                    -2.2951609828608197e-04
19                                    -3.4859366882322533e-04
20                                     1.4117974144132875e-04
21                                     7.1401906865228230e-04
22                                     4.0020120140201362e-05
23                                    -2.5155906906081853e-09
24                                    -2.2951983903495913e-04
25                                    -3.4858747710836240e-04
26                                    -1.4117187713770388e-04
27                                    -1.1895852857813263e-03
28                                     7.0783865659651926e-04
29                                    -3.5486094132646634e-09
30                                     4.8206510904590729e-04
31                                     1.0516702909413101e-03
32                                     1.7934007231332867e-04
33                                     2.4327919073833951e-04
34                                    -6.6647151024041640e-04
35                                     1.6687662064894261e-10
36                                    -4.1108312384105045e-04
37                                    -7.6834591997470138e-04
38                                    -8.6994145117352210e-04
39                                    -5.1650694648767070e-04
40                                    -3.2560145600749019e-04
41                                    -4.5557976371109210e-04
42                                    -3.0058399634359421e-04
43                                    -5.5463745046298611e-04
44                                    -3.5747482881980032e-04
45                                    -4.2978421619807691e-05
46                                    -4.3045702207941824e-04
47                                    -1.8177741825176494e-10
48                                    -2.7659002814627297e-04
49                                     3.3415182692566551e-04
50                                    -2.2658171002930016e-10
51                                    -3.0058904921726913e-04
52                                    -5.5463832658671523e-04
53                                     3.5747996726075094e-04
54                                    -1.4323823116367524e-04
55                                    -3.9088298944494953e-04
56                                     4.3284887533124306e-05
57                                     2.5312844517640890e-04
58                                     2.0144952135549713e-04
59                                     3.1098120018946103e-04
60                                     7.0603756270043146e-05
61                                    -5.6248215211190272e-04
62                                    -3.5102189645165458e-10
63                                    -1.4323769527455749e-04
64                                    -3.9088540437392843e-04
65                                    -4.3286905832001325e-05
66                                     2.5312935199311363e-04
67                                     2.0144744151105482e-04
68                                    -3.1098504452703099e-04
69                                     7.6667644024617100e-04
70                                    -8.6223733425342959e-04
71                                    -2.7687563797798782e-04
72                                     7.6667165246075276e-04
73                                    -8.6223914948889153e-04
74                                     2.7687307243751336e-04
75                                    -4.1108374529757552e-04
76                                    -7.6834516033675172e-04
77                                     8.6994277391857469e-04
78                                    -5.1650672543707610e-04
79                                    -3.2559916759303226e-04
80                                     4.5558135293833311e-04
   &Method [&Type "String"] "SCF"
   &Level [&Type "String"] "Relaxed density"
   &Mult [&Type "Integer"] 1
   &State [&Type "Integer"] 0
   &Irrep [&Type "Integer"] 0
$End
$Geometry
   &GeometryIndex 3
   &NAtoms [&Type "Integer"] 27
   &NCorelessECP [&Type "Integer"] 0
   &NGhostAtoms [&Type "Integer"] 0
   &CartesianCoordinates [&Type "Coordinates", &Dim(27,4), &Units "Bohr"] 
              O      1.322969591583    4.837085450188    0.000000000000
              C      0.550772497944    2.252435908817    0.000000000000
              C     -1.007902564493    1.617114742089   -2.363405451879
              C     -1.709938963842   -1.202664785021   -2.371996132042
              C     -3.267391549183   -1.815888529929    0.000000000000
              C     -1.709938963842   -1.202664785021    2.371996132042
              C      0.722551522098   -2.786082674386    2.368230202696
              C      2.281629657922   -2.162503493251    0.000000000000
              C      0.722551522098   -2.786082674386   -2.368230202696
              C      2.960745343595    0.662375824196    0.000000000000
              C     -1.007902564493    1.617114742089    2.363405451879
              H     -0.179338311654    5.868276049219    0.000000000000
              H      0.094858604883    2.097260178067   -4.053300550027
              H     -2.732923879048    2.778491945623   -2.392628895653
              H     -2.823126393528   -1.634650968429   -4.069045809280
              H     -3.800709610514   -3.821053445032    0.000000000000
              H     -5.025132004603   -0.711818672201    0.000000000000
              H     -2.823126393528   -1.634650968429    4.069045809280
              H      0.252337939447   -4.806844485448    2.396796284416
              H      1.832801292819   -2.387696062204    4.075516864176
              H      4.027871831389   -3.282396188685    0.000000000000
              H      0.252337939447   -4.806844485448   -2.396796284416
              H      1.832801292819   -2.387696062204   -4.075516864176
              H      4.092787492689    1.136009867497   -1.671848058728
              H      4.092787492689    1.136009867497    1.671848058728
              H      0.094858604883    2.097260178067    4.053300550027
              H     -2.732923879048    2.778491945623    2.392628895653
$End
$SCF_Energy
   &GeometryIndex 3
   &Method [&Type "String"] "SCF"
   &totalEnergy [&Type "ArrayOfDoubles", &Dim (1,1)] "Total energy of each state"
                                                         0

0                                     -4.6583922232633222e+02
   &Mult [&Type "ArrayOfIntegers", &Dim (1,1)] "Multiplicity of each state"
                                                         0

0                                                        1
   &Irrep [&Type "ArrayOfIntegers", &Dim (1,1)] "Irreducible representation of each state"
                                                         0

0                                                        0
$End
$DFT_Energy
   &GeometryIndex 3
   &nAlphaEl [&Type "Integer"] 41
   &nBetaEl [&Type "Integer"] 41
   &nTotalEl [&Type "Integer"] 83
   &finalEn [&Type "Double"]      -4.6583922232633222e+02  "No Van der Waals correction"
   &eExchange [&Type "Double"]      -6.6112055617074617e+01
   &eCorr [&Type "Double"]      -2.7067785777867863e+00
   &eXC [&Type "Double"]      -6.8818834194861410e+01
   &eCNL [&Type "Double"]       0.0000000000000000e+00
$End
$SCF_Timings
   &GeometryIndex 3
   &TOTAL [&Type "Double"]       2.5260999999999999e+01
   &PREP [&Type "Double"]       2.9399999999999998e-01
   &FOCK [&Type "Double"]       2.2195999999999998e+01
   &DENS [&Type "Double"]       1.8100000000000094e-01
   &ETOT [&Type "Double"]       1.3600000000000279e-01
   &TRAFO [&Type "Double"]       9.2999999999996419e-02
   &DIIS [&Type "Double"]       1.7799999999999994e-01
   &SOSCF [&Type "Double"]       4.2000000000000171e-01
   &XC [&Type "Double"]       2.0209999999999997e+01
   &FOCKSTART [&Type "Double"]       2.2000000000000020e-02
   &INT_BF [&Type "Double"]       3.5510000000000028e+00
   &INT_DENS [&Type "Double"]       6.9380000000000317e+00
   &INT_DENSIO [&Type "Double"]       6.2132849000000017e+04
   &INT_FUNC [&Type "Double"]       9.2499999999990468e-01
   &INT_POT [&Type "Double"]       7.6180000000000856e+00
   &INT_POTIO [&Type "Double"]       1.3400000000000090e-01
   &SPLITRIJ [&Type "Double"]       3.5530000000000026e+00
$End
$VdW_Correction
   &GeometryIndex 3
   &vdW [&Type "Double"]      -1.0812116795329011e-02
$End
$gCP_Energy
   &GeometryIndex 3
   &gCP_Energy [&Type "Double"]       1.1293986500000000e-02
$End
$Single_Point_Data
   &GeometryIndex 3
   &FinalEnergy [&Type "Double"]      -4.6583874045662753e+02  "Final single point energy"
   &Converged [&Type "Boolean"] true
$End
$SCF_Nuc_Gradient
   &GeometryIndex 3
   &NAtoms [&Type "Integer"] 27
   &gradNorm [&Type "Double"]       5.6055088987355152e-03
   &grad [&Type "ArrayOfDoubles", &Dim (81,1)] 
                                                         0

0                                     -1.5352645454274842e-03
1                                     -2.1073925462489502e-03
2                                      1.1637582199906281e-09
3                                      1.8240073081072161e-03
4                                      3.9633077665133251e-03
5                                     -1.4209182580397393e-09
6                                      3.1905690092281353e-04
7                                      8.1120978727122550e-05
8                                      3.1030544182211359e-04
9                                     -1.1921309584524015e-04
10                                     2.0746253405540095e-04
11                                    -4.7484953667567575e-04
12                                    -3.3809615956027436e-04
13                                    -2.5359876386294979e-04
14                                     1.6176517942592351e-09
15                                    -1.1921405474244850e-04
16                                     2.0746425560225716e-04
17                                     4.7485046278846670e-04
18                                    -5.5227905987981243e-05
19                                    -3.1889715851439666e-04
20                                     1.4463553237085912e-04
21                                     3.0276917985372234e-04
22                                     7.9909358467077416e-06
23                                    -1.7958873068746154e-09
24                                    -5.5229875241220736e-05
25                                    -3.1889257606776671e-04
26                                    -1.4463201093241327e-04
27                                    -8.9145056676671636e-04
28                                     8.4480879658168815e-04
29                                     1.4108016841831758e-10
30                                     3.1905363537275747e-04
31                                     8.1117017220388719e-05
32                                    -3.1030769496044239e-04
33                                     5.2974358043898751e-04
34                                    -4.0774061635448711e-04
35                                     2.3945947780462996e-10
36                                    -3.0025006879023897e-04
37                                    -4.5098713318731613e-04
38                                     2.9865441725019910e-05
39                                     4.4677110960735086e-05
40                                    -2.9839883032096624e-04
41                                    -9.2074910370326202e-05
42                                     1.0191816066172876e-04
43                                    -1.3621743275421026e-04
44                                     2.5626023100055280e-04
45                                     1.0116109770353431e-04
46                                     2.5402536314525265e-04
47                                    -7.8154906677159477e-10
48                                     2.6210811422855808e-04
49                                    -6.1696466149432233e-05
50                                     3.1479089975489458e-10
51                                     1.0191345926087675e-04
52                                    -1.3622008927044639e-04
53                                    -2.5625638378223132e-04
54                                     4.9774557668078262e-05
55                                     2.6956762381277061e-04
56                                     1.2185497515304547e-05
57                                    -1.1340608548835585e-04
58                                     2.8911454802352498e-06
59                                    -2.3120847617132497e-04
60                                    -2.6507575879472609e-04
61                                     8.9473359253447698e-05
62                                    -1.2005628701654103e-10
63                                     4.9775511264557888e-05
64                                     2.6956881972752694e-04
65                                    -1.2185810200008960e-05
66                                    -1.1340520285661054e-04
67                                     2.8893738558046639e-06
68                                     2.3120600137431908e-04
69                                     7.7722860239558093e-05
70                                    -5.2113014327832591e-04
71                                     2.1897103828465934e-04
72                                     7.7724748147527155e-05
73                                    -5.2112941558990250e-04
74                                    -2.1897096172429018e-04
75                                    -3.0025233468307345e-04
76                                    -4.5098587584129721e-04
77                                    -2.9867341732615557e-05
78                                     4.4679430824535928e-05
79                                    -2.9840092160069901e-04
80                                     9.2074120309170801e-05
   &Method [&Type "String"] "SCF"
   &Level [&Type "String"] "Relaxed density"
   &Mult [&Type "Integer"] 1
   &State [&Type "Integer"] 0
   &Irrep [&Type "Integer"] 0
$End
$Geometry
   &GeometryIndex 4
   &NAtoms [&Type "Integer"] 27
   &NCorelessECP [&Type "Integer"] 0
   &NGhostAtoms [&Type "Integer"] 0
   &CartesianCoordinates [&Type "Coordinates", &Dim(27,4), &Units "Bohr"] 
              O      1.329759158375    4.836601632958    0.000000000000
              C      0.547089935930    2.245560900040    0.000000000000
              C     -1.010515627894    1.617884669596   -2.362675121489
              C     -1.710609454790   -1.202176654400   -2.372172034766
              C     -3.267563943177   -1.816040000077    0.000000000000
              C     -1.710609454790   -1.202176654400    2.372172034766
              C      0.722983175447   -2.785004725158    2.368465162992
              C      2.282619240300   -2.162825219294    0.000000000000
              C      0.722983175447   -2.785004725158   -2.368465162992
              C      2.960305612083    0.661404924004    0.000000000000
              C     -1.010515627894    1.617884669596    2.362675121489
              H     -0.169726907058    5.873827014334    0.000000000000
              H      0.095081974143    2.106161674224   -4.049116116672
              H     -2.734189909401    2.781988142256   -2.386716504967
              H     -2.823659660143   -1.631767740279   -4.070323274640
              H     -3.800026236567   -3.821932951242    0.000000000000
              H     -5.026930446624   -0.713669183465    0.000000000000
              H     -2.823659660143   -1.631767740279    4.070323274640
              H      0.252704555614   -4.806292572862    2.397048651515
              H      1.832980469406   -2.387213208368    4.076549133738
              H      4.030029816009   -3.281878290545    0.000000000000
              H      0.252704555614   -4.806292572862   -2.397048651515
              H      1.832980469406   -2.387213208368   -4.076549133738
              H      4.088281987196    1.143593108043   -1.672629730161
              H      4.088281987196    1.143593108043    1.672629730161
              H      0.095081974143    2.106161674224    4.049116116672
              H     -2.734189909401    2.781988142256    2.386716504967
$End
$SCF_Energy
   &GeometryIndex 4
   &Method [&Type "String"] "SCF"
   &totalEnergy [&Type "ArrayOfDoubles", &Dim (1,1)] "Total energy of each state"
                                                         0

0                                     -4.6583926088439762e+02
   &Mult [&Type "ArrayOfIntegers", &Dim (1,1)] "Multiplicity of each state"
                                                         0

0                                                        1
   &Irrep [&Type "ArrayOfIntegers", &Dim (1,1)] "Irreducible representation of each state"
                                                         0

0                                                        0
$End
$DFT_Energy
   &GeometryIndex 4
   &nAlphaEl [&Type "Integer"] 41
   &nBetaEl [&Type "Integer"] 41
   &nTotalEl [&Type "Integer"] 83
   &finalEn [&Type "Double"]      -4.6583926088439762e+02  "No Van der Waals correction"
   &eExchange [&Type "Double"]      -6.6109715072789868e+01
   &eCorr [&Type "Double"]      -2.7066796309055787e+00
   &eXC [&Type "Double"]      -6.8816394703695451e+01
   &eCNL [&Type "Double"]       0.0000000000000000e+00
$End
$SCF_Timings
   &GeometryIndex 4
   &TOTAL [&Type "Double"]       2.1062000000000001e+01
   &PREP [&Type "Double"]       2.7000000000000002e-01
   &FOCK [&Type "Double"]       1.7616000000000007e+01
   &DENS [&Type "Double"]       2.5499999999999545e-01
   &ETOT [&Type "Double"]       8.6999999999995303e-02
   &TRAFO [&Type "Double"]       7.5999999999996959e-02
   &DIIS [&Type "Double"]       7.1000000000000618e-02
   &SOSCF [&Type "Double"]       3.1600000000000161e-01
   &XC [&Type "Double"]       1.7108999999999998e+01
   &FOCKSTART [&Type "Double"]       1.9000000000002570e-02
   &INT_BF [&Type "Double"]       2.9619999999999522e+00
   &INT_DENS [&Type "Double"]       5.8150000000000208e+00
   &INT_DENSIO [&Type "Double"]       4.0052221000000012e+04
   &INT_FUNC [&Type "Double"]       7.7199999999989721e-01
   &INT_POT [&Type "Double"]       6.6450000000000973e+00
   &INT_POTIO [&Type "Double"]       9.3000000000009297e-02
   &SPLITRIJ [&Type "Double"]       2.6850000000000014e+00
$End
$VdW_Correction
   &GeometryIndex 4
   &vdW [&Type "Double"]      -1.0811713895919711e-02
$End
$gCP_Energy
   &GeometryIndex 4
   &gCP_Energy [&Type "Double"]       1.1294424700000000e-02
$End
$Single_Point_Data
   &GeometryIndex 4
   &FinalEnergy [&Type "Double"]      -4.6583877817359354e+02  "Final single point energy"
   &Converged [&Type "Boolean"] true
$End
$SCF_Nuc_Gradient
   &GeometryIndex 4
   &NAtoms [&Type "Integer"] 27
   &gradNorm [&Type "Double"]       1.4606896199448787e-03
   &grad [&Type "ArrayOfDoubles", &Dim (81,1)] 
                                                         0

0                                     -3.2558419970677344e-04
1                                     -5.5737380543896542e-04
2                                     -5.0755443239178784e-11
3                                      4.7311843287281173e-04
4                                      7.2437689397568796e-04
5                                      1.1031444507627854e-09
6                                      3.7014028864512663e-05
7                                     -2.2934466024703717e-04
8                                      2.9238754622491184e-04
9                                     -6.9977892927880410e-05
10                                     1.1932937995851584e-04
11                                    -1.1360010959053367e-04
12                                    -6.1593797799883941e-05
13                                    -1.0911826059489300e-04
14                                     9.3358783545977971e-10
15                                    -6.9977837807125336e-05
16                                     1.1933532456042032e-04
17                                     1.1359719141610923e-04
18                                     1.7514158436801190e-06
19                                    -8.9093274350479545e-05
20                                    -5.8620934021299219e-06
21                                    -3.2490402951916065e-05
22                                    -1.1272526033710619e-05
23                                    -8.8952054059825132e-10
24                                     1.7463555414889569e-06
25                                    -8.9085298639082856e-05
26                                     5.8679584142307670e-06
27                                    -4.1321771247942139e-04
28                                     4.1871381458894076e-04
29                                    -1.3313772098942629e-09
30                                     3.7015648709742876e-05
31                                    -2.2934439709536308e-04
32                                    -2.9238354339284608e-04
33                                     1.8659198141193095e-04
34                                     6.2907347315159230e-05
35                                     1.7313633591556754e-11
36                                    -1.4679989091091338e-05
37                                    -9.5872159050119069e-05
38                                     4.6484562568274745e-05
39                                     4.4635981706738425e-05
40                                    -4.4091243133560806e-05
41                                     4.2317778955430169e-05
42                                     4.2221459839059193e-05
43                                     4.3634084026173995e-05
44                                     1.0214641777387480e-04
45                                     2.5270503899854589e-05
46                                     1.0989784741922862e-04
47                                     2.7891352856422578e-10
48                                     9.6948488723311082e-05
49                                    -2.3372032944127047e-05
50                                    -1.4748638543160498e-09
51                                     4.2220882218468837e-05
52                                     4.3630941109635806e-05
53                                    -1.0214547150420094e-04
54                                     3.8741139336059347e-05
55                                     1.0112901484754066e-04
56                                    -1.6020939757345725e-07
57                                    -5.0043451064372209e-05
58                                    -1.8708032994308699e-05
59                                    -8.3529328388233320e-05
60                                    -2.3606088037710061e-05
61                                     1.3398621479204537e-04
62                                     2.0062449902323017e-09
63                                     3.8742763924051244e-05
64                                     1.0112694758748352e-04
65                                     1.5825728012160584e-07
66                                    -5.0041555274347191e-05
67                                    -1.8711116823417453e-05
68                                     8.3522047171714767e-05
69                                     7.6168794757038006e-06
70                                    -1.6135943025846752e-04
71                                     6.4793479968698793e-05
72                                     7.6194920508599598e-06
73                                    -1.6135856167746881e-04
74                                    -6.4792121351258129e-05
75                                    -1.4680427548278535e-05
76                                    -9.5869738075385938e-05
77                                    -4.6483274543643240e-05
78                                     4.4637901810952885e-05
79                                    -4.4093269156604624e-05
80                                    -4.2319681772863350e-05
   &Method [&Type "String"] "SCF"
   &Level [&Type "String"] "Relaxed density"
   &Mult [&Type "Integer"] 1
   &State [&Type "Integer"] 0
   &Irrep [&Type "Integer"] 0
$End
$Geometry
   &GeometryIndex 5
   &NAtoms [&Type "Integer"] 27
   &NCorelessECP [&Type "Integer"] 0
   &NGhostAtoms [&Type "Integer"] 0
   &CartesianCoordinates [&Type "Coordinates", &Dim(27,4), &Units "Bohr"] 
              O      1.329724604123    4.837084541020    0.000000000000
              C      0.546127122084    2.244045966062    0.000000000000
              C     -1.010967041210    1.618514951266   -2.363728205937
              C     -1.710511428984   -1.202082364887   -2.372623945812
              C     -3.267447780938   -1.815469468581    0.000000000000
              C     -1.710511428984   -1.202082364887    2.372623945812
              C      0.723177620578   -2.785026671163    2.368753355405
              C      2.283205940339   -2.163700143071    0.000000000000
              C      0.723177620578   -2.785026671163   -2.368753355405
              C      2.961097907663    0.660611509778    0.000000000000
              C     -1.010967041210    1.618514951266    2.363728205937
              H     -0.170698900334    5.873352902074    0.000000000000
              H      0.095407600789    2.108469354585   -4.049386979659
              H     -2.734560231359    2.783006649951   -2.387440239602
              H     -2.823640435506   -1.632060317272   -4.070998829939
              H     -3.800187330183   -3.821598028093    0.000000000000
              H     -5.027153976959   -0.713132701277    0.000000000000
              H     -2.823640435506   -1.632060317272    4.070998829939
              H      0.252291952921   -4.806486761768    2.397462352229
              H      1.833315721112   -2.387464075957    4.077105975465
              H      4.030097623269   -3.284023440531    0.000000000000
              H      0.252291952921   -4.806486761768   -2.397462352229
              H      1.833315721112   -2.387464075957   -4.077105975465
              H      4.088025723456    1.145240147536   -1.672882641679
              H      4.088025723456    1.145240147536    1.672882641679
              H      0.095407600789    2.108469354585    4.049386979659
              H     -2.734560231359    2.783006649951    2.387440239602
$End
$SCF_Energy
   &GeometryIndex 5
   &Method [&Type "String"] "SCF"
   &totalEnergy [&Type "ArrayOfDoubles", &Dim (1,1)] "Total energy of each state"
                                                         0

0                                     -4.6583926110996720e+02
   &Mult [&Type "ArrayOfIntegers", &Dim (1,1)] "Multiplicity of each state"
                                                         0

0                                                        1
   &Irrep [&Type "ArrayOfIntegers", &Dim (1,1)] "Irreducible representation of each state"
                                                         0

0                                                        0
$End
$DFT_Energy
   &GeometryIndex 5
   &nAlphaEl [&Type "Integer"] 41
   &nBetaEl [&Type "Integer"] 41
   &nTotalEl [&Type "Integer"] 83
   &finalEn [&Type "Double"]      -4.6583926110996720e+02  "No Van der Waals correction"
   &eExchange [&Type "Double"]      -6.6107792971220732e+01
   &eCorr [&Type "Double"]      -2.7065597795430829e+00
   &eXC [&Type "Double"]      -6.8814352750763817e+01
   &eCNL [&Type "Double"]       0.0000000000000000e+00
$End
$SCF_Timings
   &GeometryIndex 5
   &TOTAL [&Type "Double"]       1.7968000000000000e+01
   &PREP [&Type "Double"]       3.1700000000000000e-01
   &FOCK [&Type "Double"]       1.5224000000000002e+01
   &DENS [&Type "Double"]       1.1200000000000188e-01
   &ETOT [&Type "Double"]       5.6999999999999496e-02
   &TRAFO [&Type "Double"]       3.3999999999998920e-02
   &DIIS [&Type "Double"]       7.3000000000000398e-02
   &SOSCF [&Type "Double"]       3.1400000000000183e-01
   &XC [&Type "Double"]       1.4556000000000001e+01
   &FOCKSTART [&Type "Double"]       1.8000000000000460e-02
   &INT_BF [&Type "Double"]       2.3290000000000028e+00
   &INT_DENS [&Type "Double"]       4.8689999999999927e+00
   &INT_DENSIO [&Type "Double"]       3.0787759000000020e+04
   &INT_FUNC [&Type "Double"]       6.0699999999999921e-01
   &INT_POT [&Type "Double"]       5.4470000000000045e+00
   &INT_POTIO [&Type "Double"]       6.3000000000015044e-02
   &SPLITRIJ [&Type "Double"]       2.4089999999999985e+00
$End
$VdW_Correction
   &GeometryIndex 5
   &vdW [&Type "Double"]      -1.0810503037317339e-02
$End
$gCP_Energy
   &GeometryIndex 5
   &gCP_Energy [&Type "Double"]       1.1290150699999999e-02
$End
$Single_Point_Data
   &GeometryIndex 5
   &FinalEnergy [&Type "Double"]      -4.6583878146230450e+02  "Final single point energy"
   &Converged [&Type "Boolean"] true
$End
$SCF_Nuc_Gradient
   &GeometryIndex 5
   &NAtoms [&Type "Integer"] 27
   &gradNorm [&Type "Double"]       3.9422391176693362e-04
   &grad [&Type "ArrayOfDoubles", &Dim (81,1)] 
                                                         0

0                                     -8.0284152343236353e-05
1                                     -1.2303728301904559e-04
2                                      1.1774594216062792e-09
3                                      9.8991326142871324e-05
4                                      2.0693656569112975e-05
5                                      1.6603594436344033e-09
6                                     -3.7416161259885838e-05
7                                     -1.1516382911740407e-04
8                                      6.2062769682147081e-05
9                                     -1.2153794691152555e-05
10                                     3.9858078604516278e-05
11                                    -5.8226644031028466e-06
12                                     1.0451527164748837e-06
13                                    -4.6723518594495783e-05
14                                    -7.3761396439178948e-11
15                                    -1.2154825035348043e-05
16                                     3.9863212518719617e-05
17                                     5.8211992838550267e-06
18                                     2.2480374500417820e-06
19                                    -1.7117093648646420e-05
20                                    -2.0605412856504717e-05
21                                    -5.8455892615427978e-05
22                                    -5.8245116067404164e-05
23                                    -3.0340350267073476e-09
24                                     2.2456768382387655e-06
25                                    -1.7114767150638613e-05
26                                     2.0609975198882983e-05
27                                    -9.2094646607205309e-05
28                                     1.6390997795631351e-04
29                                    -2.7171288102282257e-09
30                                    -3.7416364552012054e-05
31                                    -1.1516408353425251e-04
32                                    -6.2060277336706022e-05
33                                     7.4329943232025620e-05
34                                     1.0334095432343630e-04
35                                     7.2576617124497689e-11
36                                     2.2050008361852708e-05
37                                    -3.7385009695754991e-06
38                                     6.9653336064396179e-08
39                                     1.6460596768253020e-05
40                                     2.2445664138593193e-05
41                                     3.1082597288152712e-05
42                                     1.9475769424185090e-06
43                                     5.0282262602534475e-05
44                                     4.4863420660229381e-06
45                                    -6.6572852931414610e-06
46                                     1.9392677490158450e-05
47                                    -4.5604836962918022e-10
48                                     6.4983487442672066e-06
49                                     8.4180055734335872e-06
50                                    -1.3488601481328211e-11
51                                     1.9479418960414139e-06
52                                     5.0282115805043700e-05
53                                    -4.4858718049982371e-06
54                                     1.0136767238307079e-05
55                                     6.2423992209069824e-06
56                                    -5.3029243961708132e-08
57                                    -9.9261167100692343e-06
58                                    -1.0003336218160184e-05
59                                    -3.3913958722405282e-06
60                                     3.4563490337058785e-05
61                                     6.1991063489220185e-05
62                                    -1.9670573284581634e-09
63                                     1.0137195819880115e-05
64                                     6.2417450149120503e-06
65                                     5.3344412505880836e-08
66                                    -9.9248075444880617e-06
67                                    -1.0002959916843580e-05
68                                     3.3898247001600684e-06
69                                     1.7685681258825317e-05
70                                    -4.7681362347397360e-05
71                                     1.8353845571131484e-06
72                                     1.7688472723107319e-05
73                                    -4.7679148007435831e-05
74                                    -1.8329311042833071e-06
75                                     2.2047799957615531e-05
76                                    -3.7362763530289543e-06
77                                    -7.1428143143096885e-08
78                                     1.6460029116521790e-05
79                                     2.2445462163906191e-05
80                                    -3.1082729825481718e-05
   &Method [&Type "String"] "SCF"
   &Level [&Type "String"] "Relaxed density"
   &Mult [&Type "Integer"] 1
   &State [&Type "Integer"] 0
   &Irrep [&Type "Integer"] 0
$End
$Geometry
   &GeometryIndex 6
   &NAtoms [&Type "Integer"] 27
   &NCorelessECP [&Type "Integer"] 0
   &NGhostAtoms [&Type "Integer"] 0
   &CartesianCoordinates [&Type "Coordinates", &Dim(27,4), &Units "Bohr"] 
              O      1.329071668497    4.837345344206    0.000000000000
              C      0.545953711118    2.243813576767    0.000000000000
              C     -1.010848335165    1.618712245056   -2.364253823173
              C     -1.710370310259   -1.202086343775   -2.372783971562
              C     -3.267331878584   -1.815015090004    0.000000000000
              C     -1.710370310259   -1.202086343775    2.372783971562
              C      0.723201648197   -2.785078307376    2.368816683559
              C      2.283360804635   -2.164057762204    0.000000000000
              C      0.723201648197   -2.785078307376   -2.368816683559
              C      2.961430233373    0.660255037536    0.000000000000
              C     -1.010848335165    1.618712245056    2.364253823173
              H     -0.172462956362    5.872034601764    0.000000000000
              H      0.095775740200    2.108750501007   -4.049697162664
              H     -2.734517380542    2.783095391763   -2.388436058867
              H     -2.823537358440   -1.632679778205   -4.071067392621
              H     -3.800378032870   -3.821130870964    0.000000000000
              H     -5.026952961001   -0.712471042807    0.000000000000
              H     -2.823537358440   -1.632679778205    4.071067392621
              H      0.251972697125   -4.806518773641    2.397567739688
              H      1.833429358868   -2.387586857081    4.077179817246
              H      4.029673499947   -3.285340003156    0.000000000000
              H      0.251972697125   -4.806518773641   -2.397567739688
              H      1.833429358868   -2.387586857081   -4.077179817246
              H      4.088045647610    1.145571466755   -1.672918695056
              H      4.088045647610    1.145571466755    1.672918695056
              H      0.095775740200    2.108750501007    4.049697162664
              H     -2.734517380542    2.783095391763    2.388436058867
$End
$SCF_Mulliken_Population_Analysis
   &GeometryIndex 6
   &NAtoms [&Type "Integer"] 27
   &ATNO [&Type "ArrayOfIntegers", &Dim (27,1)] 
                                                         0

0                                                        8
1                                                        6
2                                                        6
3                                                        6
4                                                        6
5                                                        6
6                                                        6
7                                                        6
8                                                        6
9                                                        6
10                                                       6
11                                                       1
12                                                       1
13                                                       1
14                                                       1
15                                                       1
16                                                       1
17                                                       1
18                                                       1
19                                                       1
20                                                       1
21                                                       1
22                                                       1
23                                                       1
24                                                       1
25                                                       1
26                                                       1
   &AtomicCharges [&Type "ArrayOfDoubles", &Dim (27,1)] 
                                                         0

0                                     -3.9588835981406056e-01
1                                      2.1083056748367301e-01
2                                     -4.2211787912376852e-01
3                                      7.1506269858698346e-02
4                                     -4.5273408644006974e-01
5                                      7.1506269858699234e-02
6                                     -4.5001686694409582e-01
7                                      6.2915813175025370e-02
8                                     -4.5001686694411536e-01
9                                     -4.6593061530272539e-01
10                                    -4.2211787912377918e-01
11                                     2.8199679713568404e-01
12                                     1.6931913484166849e-01
13                                     1.4745660922330051e-01
14                                     1.5255817140197392e-01
15                                     1.5921241701240985e-01
16                                     1.5256384755876851e-01
17                                     1.5255817140197203e-01
18                                     1.5859059203410286e-01
19                                     1.5489151265079792e-01
20                                     1.5261208870970588e-01
21                                     1.5859059203410242e-01
22                                     1.5489151265079448e-01
23                                     1.6502322129817415e-01
24                                     1.6502322129817415e-01
25                                     1.6931913484166938e-01
26                                     1.4745660922329984e-01
   &Method [&Type "String"] "SCF"
   &Level [&Type "String"] "Relaxed density"
   &Mult [&Type "Integer"] 1
   &State [&Type "Integer"] -1
   &Irrep [&Type "Integer"] 0
$End
$SCF_Loewdin_Population_Analysis
   &GeometryIndex 6
   &NAtoms [&Type "Integer"] 27
   &ATNO [&Type "ArrayOfIntegers", &Dim (27,1)] 
                                                         0

0                                                        8
1                                                        6
2                                                        6
3                                                        6
4                                                        6
5                                                        6
6                                                        6
7                                                        6
8                                                        6
9                                                        6
10                                                       6
11                                                       1
12                                                       1
13                                                       1
14                                                       1
15                                                       1
16                                                       1
17                                                       1
18                                                       1
19                                                       1
20                                                       1
21                                                       1
22                                                       1
23                                                       1
24                                                       1
25                                                       1
26                                                       1
   &AtomicCharges [&Type "ArrayOfDoubles", &Dim (27,1)] 
                                                         0

0                                     -5.8486414183505531e-01
1                                      7.6480243640871137e-02
2                                     -2.5685538289092680e-01
3                                     -2.0906335051534342e-01
4                                     -2.8161382243633248e-01
5                                     -2.0906335051534608e-01
6                                     -2.8060235974839021e-01
7                                     -2.0851103656318415e-01
8                                     -2.8060235974839909e-01
9                                     -2.3891019971894423e-01
10                                    -2.5685538289093213e-01
11                                     2.6727934144018783e-01
12                                     1.7131667518523797e-01
13                                     1.6230385375479928e-01
14                                     1.6109408314854023e-01
15                                     1.6166026143612511e-01
16                                     1.6037291897757955e-01
17                                     1.6109408314853835e-01
18                                     1.6129001547099553e-01
19                                     1.6169855720359672e-01
20                                     1.6158093741032742e-01
21                                     1.6129001547099342e-01
22                                     1.6169855720359250e-01
23                                     1.7208065721578869e-01
24                                     1.7208065721578802e-01
25                                     1.7131667518523819e-01
26                                     1.6230385375479717e-01
   &Method [&Type "String"] "SCF"
   &Level [&Type "String"] "Relaxed density"
   &Mult [&Type "Integer"] 1
   &State [&Type "Integer"] -1
   &Irrep [&Type "Integer"] 0
$End
$SCF_Mayer_Population_Analysis
   &GeometryIndex 6
   &NAtoms [&Type "Integer"] 27 "Total number of atoms"
   &NBondOrdersPrint [&Type "Integer"] 29 "The number of bond orders larger than threshold"
   &bondThresh [&Type "Double"]       1.0000000000000001e-01  "The threshold for printing"
   &components [&Type "ArrayOfIntegers", &Dim (29,4)] "The indices and atomic numbers of the bonding atoms"
                                                         0                           1                           2                           3

0                                                        0                           8                           1                           6
1                                                        0                           8                          11                           1
2                                                        1                           6                           2                           6
3                                                        1                           6                           9                           6
4                                                        1                           6                          10                           6
5                                                        2                           6                           3                           6
6                                                        2                           6                          12                           1
7                                                        2                           6                          13                           1
8                                                        3                           6                           4                           6
9                                                        3                           6                           8                           6
10                                                       3                           6                          14                           1
11                                                       4                           6                           5                           6
12                                                       4                           6                          15                           1
13                                                       4                           6                          16                           1
14                                                       5                           6                           6                           6
15                                                       5                           6                          10                           6
16                                                       5                           6                          17                           1
17                                                       6                           6                           7                           6
18                                                       6                           6                          18                           1
19                                                       6                           6                          19                           1
20                                                       7                           6                           8                           6
21                                                       7                           6                           9                           6
22                                                       7                           6                          20                           1
23                                                       8                           6                          21                           1
24                                                       8                           6                          22                           1
25                                                       9                           6                          23                           1
26                                                       9                           6                          24                           1
27                                                      10                           6                          25                           1
28                                                      10                           6                          26                           1
   &BondOrders [&Type "ArrayOfDoubles", &Dim (29,1)] "The bond orders"
                                                         0

0                                      8.7920072525770698e-01
1                                      9.0250565762043466e-01
2                                      9.4358003447482974e-01
3                                      9.4576292281745467e-01
4                                      9.4358003447483019e-01
5                                      8.8265777979028515e-01
6                                      9.6616733179742020e-01
7                                      9.5943801278346863e-01
8                                      9.2530879858294313e-01
9                                      9.3082478136834479e-01
10                                     8.6896850826899907e-01
11                                     9.2530879858293713e-01
12                                     9.6700063469528641e-01
13                                     9.6678480825475188e-01
14                                     9.3082478136834923e-01
15                                     8.8265777979028848e-01
16                                     8.6896850826900063e-01
17                                     9.2529604236385521e-01
18                                     9.6679740452376128e-01
19                                     9.6390800575206104e-01
20                                     9.2529604236386020e-01
21                                     8.9389536623376920e-01
22                                     8.7324385446380615e-01
23                                     9.6679740452376595e-01
24                                     9.6390800575207147e-01
25                                     9.6606147621607974e-01
26                                     9.6606147621607996e-01
27                                     9.6616733179741765e-01
28                                     9.5943801278347363e-01
   &ATNO [&Type "ArrayOfIntegers", &Dim (27,1)] "Atomic number of the elements"
                                                         0

0                                                        8
1                                                        6
2                                                        6
3                                                        6
4                                                        6
5                                                        6
6                                                        6
7                                                        6
8                                                        6
9                                                        6
10                                                       6
11                                                       1
12                                                       1
13                                                       1
14                                                       1
15                                                       1
16                                                       1
17                                                       1
18                                                       1
19                                                       1
20                                                       1
21                                                       1
22                                                       1
23                                                       1
24                                                       1
25                                                       1
26                                                       1
   &NA [&Type "ArrayOfDoubles", &Dim (27,1)] "Mulliken gross atomic population"
                                                         0

0                                      8.3958883598140623e+00
1                                      5.7891694325163172e+00
2                                      6.4221178791237739e+00
3                                      5.9284937301413025e+00
4                                      6.4527340864400760e+00
5                                      5.9284937301413043e+00
6                                      6.4500168669440976e+00
7                                      5.9370841868249720e+00
8                                      6.4500168669441180e+00
9                                      6.4659306153027254e+00
10                                     6.4221178791237774e+00
11                                     7.1800320286431585e-01
12                                     8.3068086515833151e-01
13                                     8.5254339077669961e-01
14                                     8.4744182859802630e-01
15                                     8.4078758298759038e-01
16                                     8.4743615244123127e-01
17                                     8.4744182859802808e-01
18                                     8.4140940796589736e-01
19                                     8.4510848734920219e-01
20                                     8.4738791129029367e-01
21                                     8.4140940796589758e-01
22                                     8.4510848734920552e-01
23                                     8.3497677870182563e-01
24                                     8.3497677870182596e-01
25                                     8.3068086515833062e-01
26                                     8.5254339077670016e-01
   &ZA [&Type "ArrayOfDoubles", &Dim (27,1)] "Total nuclear charge"
                                                         0

0                                      8.0000000000000000e+00
1                                      6.0000000000000000e+00
2                                      6.0000000000000000e+00
3                                      6.0000000000000000e+00
4                                      6.0000000000000000e+00
5                                      6.0000000000000000e+00
6                                      6.0000000000000000e+00
7                                      6.0000000000000000e+00
8                                      6.0000000000000000e+00
9                                      6.0000000000000000e+00
10                                     6.0000000000000000e+00
11                                     1.0000000000000000e+00
12                                     1.0000000000000000e+00
13                                     1.0000000000000000e+00
14                                     1.0000000000000000e+00
15                                     1.0000000000000000e+00
16                                     1.0000000000000000e+00
17                                     1.0000000000000000e+00
18                                     1.0000000000000000e+00
19                                     1.0000000000000000e+00
20                                     1.0000000000000000e+00
21                                     1.0000000000000000e+00
22                                     1.0000000000000000e+00
23                                     1.0000000000000000e+00
24                                     1.0000000000000000e+00
25                                     1.0000000000000000e+00
26                                     1.0000000000000000e+00
   &QA [&Type "ArrayOfDoubles", &Dim (27,1)] "Mulliken gross atomic charge"
                                                         0

0                                     -3.9588835981406234e-01
1                                      2.1083056748368278e-01
2                                     -4.2211787912377385e-01
3                                      7.1506269858697458e-02
4                                     -4.5273408644007596e-01
5                                      7.1506269858695681e-02
6                                     -4.5001686694409759e-01
7                                      6.2915813175028035e-02
8                                     -4.5001686694411802e-01
9                                     -4.6593061530272539e-01
10                                    -4.2211787912377741e-01
11                                     2.8199679713568415e-01
12                                     1.6931913484166849e-01
13                                     1.4745660922330039e-01
14                                     1.5255817140197370e-01
15                                     1.5921241701240962e-01
16                                     1.5256384755876873e-01
17                                     1.5255817140197192e-01
18                                     1.5859059203410264e-01
19                                     1.5489151265079781e-01
20                                     1.5261208870970633e-01
21                                     1.5859059203410242e-01
22                                     1.5489151265079448e-01
23                                     1.6502322129817437e-01
24                                     1.6502322129817404e-01
25                                     1.6931913484166938e-01
26                                     1.4745660922329984e-01
   &VA [&Type "ArrayOfDoubles", &Dim (27,1)] "Mayer's total valence"
                                                         0

0                                      1.7674962481619350e+00
1                                      3.6083894007935395e+00
2                                      3.6507353728812850e+00
3                                      3.4135689313056048e+00
4                                      3.7422243306867280e+00
5                                      3.4135689313056092e+00
6                                      3.7454368054315736e+00
7                                      3.4460500348769392e+00
8                                      3.7454368054315665e+00
9                                      3.7655417884262441e+00
10                                     3.6507353728812610e+00
11                                     9.1637359096127569e-01
12                                     9.6287850152590815e-01
13                                     9.6845328718670753e-01
14                                     9.5222059503694767e-01
15                                     9.6101724636108410e-01
16                                     9.6389562078118107e-01
17                                     9.5222059503694811e-01
18                                     9.6087083754109304e-01
19                                     9.6293277880420025e-01
20                                     9.5288262314320116e-01
21                                     9.6087083754109337e-01
22                                     9.6293277880420103e-01
23                                     9.6264507396308041e-01
24                                     9.6264507396308130e-01
25                                     9.6287850152590759e-01
26                                     9.6845328718670687e-01
   &BVA [&Type "ArrayOfDoubles", &Dim (27,1)] "Mayer's bonded valence"
                                                         0

0                                      1.7674962481619314e+00
1                                      3.6083894007935542e+00
2                                      3.6507353728812806e+00
3                                      3.4135689313055710e+00
4                                      3.7422243306867125e+00
5                                      3.4135689313055697e+00
6                                      3.7454368054315532e+00
7                                      3.4460500348769343e+00
8                                      3.7454368054315665e+00
9                                      3.7655417884262072e+00
10                                     3.6507353728812832e+00
11                                     9.1637359096127313e-01
12                                     9.6287850152591703e-01
13                                     9.6845328718670265e-01
14                                     9.5222059503694589e-01
15                                     9.6101724636107533e-01
16                                     9.6389562078117508e-01
17                                     9.5222059503695111e-01
18                                     9.6087083754108438e-01
19                                     9.6293277880420358e-01
20                                     9.5288262314319461e-01
21                                     9.6087083754108882e-01
22                                     9.6293277880421413e-01
23                                     9.6264507396307752e-01
24                                     9.6264507396307797e-01
25                                     9.6287850152591392e-01
26                                     9.6845328718670642e-01
   &FA [&Type "ArrayOfDoubles", &Dim (27,1)] "Mayer's free valence"
                                                         0

0                                      0.0000000000000000e+00
1                                      0.0000000000000000e+00
2                                      0.0000000000000000e+00
3                                      0.0000000000000000e+00
4                                      0.0000000000000000e+00
5                                      0.0000000000000000e+00
6                                      0.0000000000000000e+00
7                                      0.0000000000000000e+00
8                                      0.0000000000000000e+00
9                                      0.0000000000000000e+00
10                                     0.0000000000000000e+00
11                                     0.0000000000000000e+00
12                                     0.0000000000000000e+00
13                                     0.0000000000000000e+00
14                                     0.0000000000000000e+00
15                                     0.0000000000000000e+00
16                                     0.0000000000000000e+00
17                                     0.0000000000000000e+00
18                                     0.0000000000000000e+00
19                                     0.0000000000000000e+00
20                                     0.0000000000000000e+00
21                                     0.0000000000000000e+00
22                                     0.0000000000000000e+00
23                                     0.0000000000000000e+00
24                                     0.0000000000000000e+00
25                                     0.0000000000000000e+00
26                                     0.0000000000000000e+00
   &Method [&Type "String"] "SCF"
   &Level [&Type "String"] "Relaxed density"
   &Mult [&Type "Integer"] 1
   &State [&Type "Integer"] -1
   &Irrep [&Type "Integer"] 0
$End
$SCF_Energy
   &GeometryIndex 6
   &Method [&Type "String"] "SCF"
   &totalEnergy [&Type "ArrayOfDoubles", &Dim (1,1)] "Total energy of each state"
                                                         0

0                                     -4.6583926096709092e+02
   &Mult [&Type "ArrayOfIntegers", &Dim (1,1)] "Multiplicity of each state"
                                                         0

0                                                        1
   &Irrep [&Type "ArrayOfIntegers", &Dim (1,1)] "Irreducible representation of each state"
                                                         0

0                                                        0
$End
$DFT_Energy
   &GeometryIndex 6
   &nAlphaEl [&Type "Integer"] 41
   &nBetaEl [&Type "Integer"] 41
   &nTotalEl [&Type "Integer"] 83
   &finalEn [&Type "Double"]      -4.6583926096709092e+02  "No Van der Waals correction"
   &eExchange [&Type "Double"]      -6.6107326877962748e+01
   &eCorr [&Type "Double"]      -2.7065269325719918e+00
   &eXC [&Type "Double"]      -6.8813853810534738e+01
   &eCNL [&Type "Double"]       0.0000000000000000e+00
$End
$SCF_Timings
   &GeometryIndex 6
   &TOTAL [&Type "Double"]       1.2909000000000001e+01
   &PREP [&Type "Double"]       2.8099999999999997e-01
   &FOCK [&Type "Double"]       1.0027999999999999e+01
   &DENS [&Type "Double"]       5.7999999999999829e-02
   &ETOT [&Type "Double"]       5.6000000000000938e-02
   &POP [&Type "Double"]       1.4700000000000024e-01
   &TRAFO [&Type "Double"]       5.4000000000000270e-02
   &DIIS [&Type "Double"]       5.6000000000000050e-02
   &SOSCF [&Type "Double"]       1.6099999999999870e-01
   &XC [&Type "Double"]       1.0571999999999999e+01
   &FOCKSTART [&Type "Double"]       1.2000000000000566e-02
   &INT_BF [&Type "Double"]       1.5399999999999903e+00
   &INT_DENS [&Type "Double"]       3.4450000000000096e+00
   &INT_DENSIO [&Type "Double"]       1.4863649999999996e+04
   &INT_FUNC [&Type "Double"]       4.1099999999999548e-01
   &INT_POT [&Type "Double"]       4.1800000000000095e+00
   &INT_POTIO [&Type "Double"]       5.8000000000003382e-02
   &SPLITRIJ [&Type "Double"]       1.5779999999999990e+00
$End
$VdW_Correction
   &GeometryIndex 6
   &vdW [&Type "Double"]      -1.0810225169322936e-02
$End
$gCP_Energy
   &GeometryIndex 6
   &gCP_Energy [&Type "Double"]       1.1289281599999999e-02
$End
$Single_Point_Data
   &GeometryIndex 6
   &FinalEnergy [&Type "Double"]      -4.6583878191066026e+02  "Final single point energy"
   &Converged [&Type "Boolean"] true
$End
$SCF_Dipole_Moment
   &GeometryIndex 6
   &dipoleMagnitude [&Type "Double", &Units "a.u."]       6.5427803112340710e-01
   &dipoleElecContrib [&Type "ArrayOfDoubles", &Dim (3,1)] "Electronic contribution"
                                                         0

0                                      1.1977436575790976e+00
1                                      3.3489676874341487e+00
2                                      0.0000000000000000e+00
   &dipoleNucContrib [&Type "ArrayOfDoubles", &Dim (3,1)] "Nuclear contribution"
                                                         0

0                                     -1.7509364361430544e+00
1                                     -3.6983349608806053e+00
2                                      0.0000000000000000e+00
   &dipoleTotal [&Type "ArrayOfDoubles", &Dim (3,1)] "Total"
                                                         0

0                                     -5.5319277856395677e-01
1                                     -3.4936727344645657e-01
2                                      0.0000000000000000e+00
   &doAtomicDipole [&Type "Boolean"] false
   &Method [&Type "String"] "SCF"
   &Level [&Type "String"] "Relaxed density"
   &Mult [&Type "Integer"] 1
   &State [&Type "Integer"] -1
   &Irrep [&Type "Integer"] 0
$End
$THERMOCHEMISTRY_Energies
   &GeometryIndex 6
   &temperature [&Type "Double"]       2.9814999999999998e+02
   &pressure [&Type "Double"]       1.0000000000000000e+00
   &totalMass [&Type "Double"]       1.5223700000000002e+02
   &spinDegeneracy [&Type "Integer"] 1
   &elEnergy [&Type "Double"]      -4.6583878191066026e+02
   &transEnergy [&Type "Double"]       1.4162714244859817e-03
   &rotEnergy [&Type "Double"]       1.4162714244859817e-03
   &vibEnergy [&Type "Double"]       5.3856959144699462e-03
   &numOfFreqs [&Type "Integer"] 81
   &freqScalingFactor [&Type "Double"]       1.0000000000000000e+00
   &FREQ [&Type "ArrayOfDoubles", &Units "cm^-1", &Dim (81,1)] 
                                                         0

0                                      0.0000000000000000e+00
1                                      0.0000000000000000e+00
2                                      0.0000000000000000e+00
3                                      0.0000000000000000e+00
4                                      0.0000000000000000e+00
5                                      0.0000000000000000e+00
6                                      2.6384647744531924e+02
7                                      2.7470407209988662e+02
8                                      2.8748818227015607e+02
9                                      3.1990739996860333e+02
10                                     4.0102684520580993e+02
11                                     4.0422744018379086e+02
12                                     4.0578808618594525e+02
13                                     4.0821153676078649e+02
14                                     4.3159837683263362e+02
15                                     4.7013461078222019e+02
16                                     4.7202115475382095e+02
17                                     5.5830944126043937e+02
18                                     6.5415014375801195e+02
19                                     6.5731398739832855e+02
20                                     7.2892072066706396e+02
21                                     7.8174046999273230e+02
22                                     8.1890642080526891e+02
23                                     8.2053368141854310e+02
24                                     8.9186229318092194e+02
25                                     8.9247058825369277e+02
26                                     8.9711434533618944e+02
27                                     9.3849221046528578e+02
28                                     9.3972012224509933e+02
29                                     9.4079749761111577e+02
30                                     9.8783409715316600e+02
31                                     9.9176639120543518e+02
32                                     9.9318556015970410e+02
33                                     1.0430988915937573e+03
34                                     1.0437128760371413e+03
35                                     1.0460956844240702e+03
36                                     1.1073008391883220e+03
37                                     1.1191142527921952e+03
38                                     1.1204582490513274e+03
39                                     1.1220481274621995e+03
40                                     1.1327605774029175e+03
41                                     1.1346625423703886e+03
42                                     1.1725071142174693e+03
43                                     1.2081154071488793e+03
44                                     1.2314729187272937e+03
45                                     1.2860544539355519e+03
46                                     1.3040264183054246e+03
47                                     1.3056728411656852e+03
48                                     1.3086413591868113e+03
49                                     1.3238531160279997e+03
50                                     1.3360648026644540e+03
51                                     1.3363592272956632e+03
52                                     1.3421087355668731e+03
53                                     1.3548758555901700e+03
54                                     1.3701699778039442e+03
55                                     1.3764623296982145e+03
56                                     1.3827572096803569e+03
57                                     1.3926600037724809e+03
58                                     1.4200044839442464e+03
59                                     1.4650669199546169e+03
60                                     1.4676304594701119e+03
61                                     1.4805003229739516e+03
62                                     1.4813553218938143e+03
63                                     1.4858821101101084e+03
64                                     1.5116099782667354e+03
65                                     2.9818164399843322e+03
66                                     2.9871378809685457e+03
67                                     2.9952195113052571e+03
68                                     2.9956389522839568e+03
69                                     2.9962332276325233e+03
70                                     3.0077042111646888e+03
71                                     3.0188594776515015e+03
72                                     3.0214934417371101e+03
73                                     3.0284354940647313e+03
74                                     3.0449367641471758e+03
75                                     3.0450676751634346e+03
76                                     3.0479203669407570e+03
77                                     3.0505321178085242e+03
78                                     3.0517569868956571e+03
79                                     3.0646035754869640e+03
80                                     3.7940479351201707e+03
   &zpe [&Type "Double"]       2.4598874843726978e-01
   &innerEnergyU [&Type "Double"]      -4.6558457492345957e+02
   &enthalpyH [&Type "Double"]      -4.6558363071441732e+02
   &qEl [&Type "Double"]       0.0000000000000000e+00
   &qRot [&Type "Double"]       1.3925788035078934e-02
   &qVib [&Type "Double"]       7.8134345750841706e-03
   &qTrans [&Type "Double"]       1.9466456147481100e-02
   &entropyS [&Type "Double"]       4.1205678757644207e-02
   &freeEnergyG [&Type "Double"]      -4.6562483639317497e+02
   &isLinear [&Type "Boolean"] false
$End
$Hessian
   &GeometryIndex 6
   &HESSIAN [&Type "ArrayOfDoubles", &Dim (81,81)] "The Hessian"
                                                         0                           1                           2                           3                           4                           5                           6                           7

0                                      4.8008344748172105e-01        -1.5808383753757027e-01         2.5399546492747491e-09        -1.0467731918520695e-01        -7.3024948770464941e-03         3.5696532049634884e-10        -7.1961545712595620e-03        -2.8745880379709085e-02
1                                     -1.5808383753757027e-01         4.4505183755595806e-01        -2.2443329897986995e-09        -5.4120877080660171e-02        -1.7155228687838947e-01        -5.8446358522989791e-09        -8.9850016125521230e-03        -3.1391334332184988e-02
2                                      2.5399546492747491e-09        -2.2443329897986995e-09         5.8004906888300116e-02        -2.1314303753461255e-09        -4.4811496554317467e-10        -6.2982319425247402e-02        -9.4926088802710917e-03        -3.2986016198316134e-02
3                                     -1.0467731918520695e-01        -5.4120877080660171e-02        -2.1314303753461255e-09         5.0558523794295795e-01        -2.1312696996352080e-02        -3.9460012618564022e-09        -1.0216568822469996e-01         4.2527596231178647e-03
4                                     -7.3024948770464941e-03        -1.7155228687838947e-01        -4.4811496554317467e-10        -2.1312696996352080e-02         4.8889392586202879e-01         5.9297358277927981e-09        -4.3783380615361432e-03        -7.2561297448848164e-02
5                                      3.5696532049634884e-10        -5.8446358522989791e-09        -6.2982319425247402e-02        -3.9460012618564022e-09         5.9297358277927981e-09         4.7643980604290698e-01        -3.6038853778452264e-02        -3.6894480440623906e-04
6                                     -7.1961545712595620e-03        -8.9850016125521230e-03        -9.4926088802710917e-03        -1.0216568822469996e-01        -4.3783380615361432e-03        -3.6038853778452264e-02         5.5552896051692302e-01        -4.8390947180172117e-02
7                                     -2.8745880379709085e-02        -3.1391334332184988e-02        -3.2986016198316134e-02         4.2527596231178647e-03        -7.2561297448848164e-02        -3.6894480440623906e-04        -4.8390947180172117e-02         4.7313064833815294e-01
8                                     -1.1822055327691885e-03        -3.1127143001011548e-03         2.5275084441757287e-03        -3.7571207928217679e-02        -1.0155130371614560e-02        -1.4168426988370458e-01        -6.2344925675465637e-02        -3.6381742038067183e-02
9                                     -1.8715144690331781e-03        -3.5089394465833579e-03        -3.6615833902265355e-03        -4.3170472747391369e-03        -1.8672323308735118e-02         1.8194422076033695e-04        -8.2832492611604067e-02        -2.0405542885858170e-02
10                                     1.3211658346959105e-03         3.0452181187283767e-03         6.8217948019493393e-04        -9.4263160135671584e-03        -1.3736675927626809e-02        -9.5232287800623983e-03        -2.0327269184865472e-02        -1.5504750538128853e-01
11                                    -5.4506937838221491e-03        -6.2090198707147326e-03        -5.3513181593176432e-03        -3.6343041790293448e-03        -2.6259478785926570e-02         4.3071672542312044e-03        -3.2935963987234225e-03        -1.3573518587641775e-03
12                                     6.3363393792037308e-04         8.0511692741296395e-04        -4.0240459602464023e-10        -8.0414679879248197e-04         1.3013386708598130e-04        -9.5684077602107652e-10        -6.6804443751830936e-03        -7.2917802340680543e-03
13                                     4.8050494256769477e-04         5.1520424992511533e-04         1.5701075854724940e-10         3.7730009800589909e-04         1.1677931295580903e-03         6.1721892850890908e-10        -2.2015534547049347e-02        -1.3540746635024015e-02
14                                     1.2740808089537378e-09         1.8023437521370246e-09        -9.6320605682742198e-04         1.3617024394516368e-10        -1.5494353443995283e-09         1.7271070683257776e-03         4.1401688389058160e-03         7.4525816731044678e-03
15                                    -1.8715143217282069e-03        -3.5089366223992006e-03         3.6615840918564260e-03        -4.3170467141517947e-03        -1.8672319503203156e-02        -1.8194200988876086e-04         2.6252211154444496e-04         1.0174752423927364e-03
16                                     1.3211655250851707e-03         3.0452189521691445e-03        -6.8218338539866551e-04        -9.4263173960833641e-03        -1.3736676752630022e-02         9.5232312380744005e-03         7.1900103299066612e-04         7.8032942559107601e-04
17                                     5.4506918271608976e-03         6.2090151583158509e-03        -5.3513200940032311e-03         3.6343003962373104e-03         2.6259473048618778e-02         4.3071728035003224e-03        -1.5457656820210761e-03        -1.4274040484529692e-03
18                                    -7.3828381413360326e-04        -3.9762964293741689e-05         5.5819857598194496e-04         9.9222082460532265e-04         1.5218577086580001e-04        -1.0404230522161797e-03        -8.1786800900060172e-05         1.5246545673516104e-04
19                                    -1.5175252003520219e-04         8.3817679107217602e-04        -2.8018261371360036e-04         1.5857524499604536e-05         1.0217610302867136e-03         2.8613331450200391e-04         3.2995347007505615e-04        -4.2355722111157672e-04
20                                     3.8043934515321828e-04        -6.3713797275615977e-04        -3.8802510166426355e-05        -9.0732720516133181e-04         5.3360646288628079e-04        -2.0871118054457404e-04        -2.0986699135763093e-04         4.3473906794308514e-04
21                                    -6.3707783955727609e-03         6.3595483022543219e-03         1.2140495903010884e-09         1.3514641363272894e-02         2.3515598646427605e-02         1.0341671645926754e-09         1.2665342120163209e-03        -1.6556085219769907e-03
22                                     2.9112833334837308e-03        -5.9986494582872640e-05         1.4280011238250049e-10         2.4593819448112328e-03        -2.7754997010931839e-02        -2.7377791993074978e-10        -3.1923138357388067e-04         1.3621478278464938e-03
23                                     9.7853892574248402e-10         2.1509520106878682e-10         5.9811593008747251e-05         1.6980479348789210e-09         1.3788735278827676e-10        -6.3573148729623597e-05         4.8340818712142800e-04        -2.7564539440397967e-04
24                                    -7.3828294467826784e-04        -3.9760777369121777e-05        -5.5820024349316814e-04         9.9221777148709393e-04         1.5218204032409633e-04         1.0404207986631116e-03         5.9761293227720350e-03         3.1459008697203444e-03
25                                    -1.5175185969419592e-04         8.3818176636008684e-04         2.8018492910124131e-04         1.5857001086401132e-05         1.0217583361811413e-03        -2.8613355790683753e-04         3.0164181257038694e-02        -2.9796277322652026e-02
26                                    -3.8043955051374635e-04         6.3714575482757760e-04        -3.8800710379786321e-05         9.0732760531414460e-04        -5.3361372333527151e-04        -2.0871073512560137e-04        -2.1518295200251281e-05         6.6590646041656248e-04
27                                     9.5528715128963843e-03        -3.1385638727297084e-03        -7.6375038250350546e-10        -1.5382434055569869e-01         4.6735736460730308e-02         3.8349806843831151e-09        -2.3437580543488826e-02         1.0121657960689067e-02
28                                     3.3535934043176494e-02        -4.1408861495952180e-02        -4.6442229721225347e-10         3.0583314324477709e-02        -9.0592647360007827e-02         1.6029074852116078e-09        -1.1540396966286913e-03         5.9995704998574428e-03
29                                    -2.5131354016950160e-09        -4.0384109600303760e-10         1.8949166430686547e-03        -4.8550483771381732e-10        -1.0486087132700021e-09        -7.9575310501172974e-02        -2.7253330941234104e-02         1.5429811447671797e-02
30                                    -7.1961529659351573e-03        -8.9850043293113885e-03         9.4926082224835590e-03        -1.0216568871014114e-01        -4.3783403720732382e-03         3.6038858753563316e-02         1.0862640086534946e-02         4.5012510552167578e-03
31                                    -2.8745879688749608e-02        -3.1391335414480727e-02         3.2986016467738175e-02         4.2527559178697771e-03        -7.2561296462467520e-02         3.6894551042326862e-04         4.5012548147426931e-03         5.1663920898302809e-03
32                                     1.1822035224785827e-03         3.1127125960655894e-03         2.5275101561122518e-03         3.7571207117212138e-02         1.0155133664800083e-02        -1.4168426807256937e-01         1.3258045869451549e-02         3.3858449814326286e-03
33                                    -3.6997648665384986e-01         2.3512890036506454e-01         1.8484152024625639e-09         6.8137094966336399e-03        -1.1166677919096007e-02        -2.7507570967111270e-09         2.2809933213910100e-03        -2.3191887679063147e-03
34                                     1.8619639370103055e-01        -1.7917843593929406e-01        -2.6776587685234822e-10         3.8117536043651680e-02        -2.8318522406959354e-02        -7.3102802268866180e-09         7.9445438215080275e-04         1.8041933660228621e-03
35                                     2.9746445392766809e-10         3.5716915008902992e-10        -2.0525283615601625e-03        -3.3042331728491410e-09        -1.0058969626428788e-09        -1.4596559996139877e-03         2.1025026067541556e-03        -4.7012801247931554e-04
36                                     8.4388589009664564e-04         1.7292385080010693e-03         7.6203051445673244e-04         8.0633271032791460e-03         3.9451975658326153e-03        -1.5149816713887373e-02        -1.2181025655639899e-01        -2.9423992074213159e-02
37                                     6.1304103245328565e-04         7.8587938678875203e-04         2.3505935635410055e-04         3.9211483978125600e-03         3.4006755446906213e-04        -5.5941328224807553e-03        -2.8972042941778520e-02        -5.8470449574108616e-02
38                                     1.2212828395971598e-04         5.5070552437524057e-05         3.4949160572587150e-03         1.6210994347681681e-02         7.5886808522198680e-03        -2.5780045812389459e-02         1.1042579415499587e-01         4.5807000110478294e-02
39                                     1.9014586017683591e-03        -6.9796074422891728e-04         1.0766160260767561e-03        -1.7753636277208169e-02         1.2165809223284122e-02         5.5589083989990989e-04        -2.1680317893995205e-01         1.1305335148322151e-01
40                                    -5.2762427268257441e-04         2.4407553225269185e-03         4.4088277169717933e-04        -5.6365250342915851e-03         1.4207592291347855e-03        -8.2379760806933558e-05         1.1235306880335479e-01        -1.1905719135825672e-01
41                                     1.8567124918480490e-03         1.8781550889605050e-03         1.0554724090418755e-03        -2.3995364607642518e-02         1.6062643786614601e-02        -1.7591268465005664e-03         9.5986386656430928e-04         1.2883880757640249e-04
42                                    -3.4305292677527972e-04        -5.8497838371077658e-04        -6.3540554751092507e-04         1.0787991004854772e-03        -1.1256168182103773e-03         1.4762971447372791e-03        -4.4792277642082016e-03        -2.0643658973430426e-03
43                                    -1.9422447104641383e-03        -2.4930057358525282e-03        -2.2170201637407932e-03         1.1777927264462092e-03        -4.8280461602415855e-03         3.9752003300431967e-03        -1.8785049870882212e-02        -8.9337547817972714e-03
44                                    -7.0994582880135222e-05        -5.6652911475411558e-05         3.4762140624358976e-05         6.0984344633610750e-04         3.5379743860599125e-04         1.3308717309683084e-03         7.7119228614297040e-04        -1.6113553839002329e-05
45                                    -7.6359305266555217e-05        -4.8972503628186888e-05        -1.2837503370277619e-09         5.9238244891191222e-04         3.8521844155385999e-04         4.3871114716548496e-09        -1.6811023429215135e-03         3.4601582989735036e-04
46                                    -1.7086093720113105e-04        -2.2428188356433693e-04        -1.1368226958774942e-09         6.3992478290552952e-04         4.6086831399693579e-04         4.9522497555483566e-09        -7.6339040361354978e-04         1.1898488405040590e-03
47                                     1.0974680583726138e-10        -2.0830728737421860e-10         8.7804289250724096e-04        -9.6903038777334311e-10         2.8604428882246652e-09        -1.4849750314846210e-03         3.6570317012456213e-03         6.9704836097451983e-05
48                                     5.2847211600814091e-05        -1.7314264397747404e-04         3.8504955216664291e-10        -2.4428943998570083e-04        -1.2123828330543810e-04        -7.2182188806329736e-10         7.0626888117141309e-05         1.1502349853374835e-03
49                                     1.3414698854772016e-05         9.4590725985507686e-05        -2.8099600021269151e-09         1.2610534348766458e-04        -4.7353576375118279e-05         1.1943313026573832e-09        -8.0012254125488066e-04         8.6911216363143133e-04
50                                    -2.3072037926592031e-09         8.8008399054457830e-10         5.4137432384698846e-05         2.7068886085088284e-09        -3.4236580852007367e-09        -7.1526070108534029e-05        -2.2753615962877393e-04        -1.2911462029932277e-03
51                                    -3.4305182136019994e-04        -5.8497564955012436e-04         6.3540443149571958e-04         1.0787966019801406e-03        -1.1256205157407929e-03        -1.4762936154611613e-03        -1.1499627730520963e-04        -1.8946945045551615e-04
52                                    -1.9422443006164530e-03        -2.4930041605977205e-03         2.2170235431819129e-03         1.1777904311046647e-03        -4.8280501319151745e-03        -3.9752098811368418e-03         2.6651260665329531e-05         1.2348852153384711e-04
53                                     7.0995206741000100e-05         5.6653001684643135e-05         3.4761391814384229e-05        -6.0983938090244591e-04        -3.5379212197745973e-04         1.3308777352184758e-03        -3.4919995037778571e-04        -4.7548400385974193e-04
54                                     4.9126826943632178e-04        -1.3806120436256971e-04        -3.1902804173492981e-04        -1.0106574250611901e-03         2.6710499808738520e-04         6.6476496659999122e-04        -4.1372978201528916e-05        -7.4403758646700595e-05
55                                    -1.5219590947631667e-04        -1.6087958001206795e-04         2.4761174172284028e-04         9.0749476868961522e-05         6.9713337325435359e-04        -7.2144970701167868e-04        -1.2116577337461512e-04        -1.0850664098701300e-04
56                                    -2.5934339627386413e-04         2.7325242177560097e-06         1.1919085699874693e-04         7.0023825808859493e-04        -4.7087983297716251e-04        -9.1305650175466655e-05         3.3098385724655850e-05        -6.7225372113207402e-05
57                                     1.0080927163999987e-04         1.1017093754875666e-04         5.1524281470242069e-05        -1.1104990720332760e-04         7.7719166276261767e-05        -1.0225383840269206e-04        -5.4002078695704293e-06        -5.6806156049018716e-05
58                                    -9.5124526387046614e-06         2.1660378041535745e-05        -3.9848148745855994e-05        -8.3276095331007811e-06        -2.9967997745876607e-05        -6.4015167909701066e-06         3.7001123079732868e-06         1.3487014742174499e-04
59                                     6.8920910723915211e-05         1.6704157048176918e-04         1.6165385217527096e-04        -3.8128087304433117e-05         1.0205275200355867e-04        -2.4546724743196085e-04         1.0602302643124284e-05        -1.6106192444357605e-04
60                                     5.3005213956941119e-04        -3.3599460128692828e-04        -5.1374980949022026e-10         8.0963322574082765e-05        -1.8285704682997860e-03        -1.2784748978303939e-09         2.1476483419219242e-04        -4.2770386559275566e-04
61                                     2.0808607354210430e-03        -2.0199481393114302e-03        -1.0087263639125457e-09        -5.7290491962504082e-03        -3.4254919511269993e-03         3.0952322495298708e-09        -5.0237067258210831e-04         1.4654315447181431e-04
62                                    -6.4047605157635698e-10         3.8237453390868175e-09         2.2090031476310645e-04         2.6228325868028306e-09        -4.2769530247449549e-09         4.2230356337760342e-04         2.1576155267809586e-04        -5.5297534492677967e-04
63                                     4.9126861155690234e-04        -1.3806620094103036e-04         3.1902941670103899e-04        -1.0106599940112400e-03         2.6711097429355608e-04        -6.6476690741103922e-04        -5.2705705316682897e-03         2.4632465701438116e-03
64                                    -1.5219525813750696e-04        -1.6087832354062370e-04        -2.4761259027095150e-04         9.0750707092377580e-05         6.9712783252578493e-04         7.2145226769275341e-04         4.4406054507112862e-03        -4.2340040461044323e-04
65                                     2.5934386118371563e-04        -2.7317514875876644e-06         1.1919089310174272e-04        -7.0023595344476867e-04         4.7088042769042769e-04        -9.1305357748830472e-05        -4.1077855200796060e-04         3.2855249108795228e-04
66                                     1.0081166333274693e-04         1.1016742729591609e-04        -5.1525284190664307e-05        -1.1105633605950770e-04         7.7726022370225051e-05         1.0225670703645283e-04         6.7325565691208787e-04        -1.5198362707755846e-03
67                                    -9.5095836781427037e-06         2.1662761058114082e-05         3.9848909166972652e-05        -8.3323497239208306e-06        -2.9972601817891329e-05         6.3952458789438013e-06         4.4236125654825340e-04         1.1465719864832374e-03
68                                    -6.8919386396040783e-05        -1.6703825490122122e-04         1.6165295171672120e-04         3.8119446616318939e-05        -1.0205667736102830e-04        -2.4546647934307669e-04        -9.5776834457060307e-05         1.9994320088085964e-04
69                                     1.9356244353278106e-03        -1.0518488453501690e-03        -1.0363417910166078e-03        -1.8294675490992788e-02        -6.9704797938161178e-03         2.4686445546998045e-02         9.4492206855475557e-04        -7.0708919677305688e-04
70                                    -2.6454141771932839e-04         1.3046116841016000e-03        -5.5723206016641607e-06         1.0063631127441415e-02         3.2606357670290449e-03        -1.5569554496179763e-02        -7.6956852518142850e-04         2.9044371304857812e-04
71                                    -3.3476186656297962e-04        -6.4856856709812473e-04         4.3928648273309275e-04         2.8192852740539440e-04         5.7813906103564017e-04        -2.3450520776922270e-03        -9.0461528347986903e-04        -2.5090787063930704e-04
72                                     1.9356264955493370e-03        -1.0518458966972894e-03         1.0363424293468222e-03        -1.8294680643759768e-02        -6.9704847243860710e-03        -2.4686448262722073e-02        -3.9873080301444305e-03         4.0476681136602721e-03
73                                    -2.6454283236483894e-04         1.3046068004687378e-03         5.5707770350619341e-06         1.0063632447069804e-02         3.2606346561039595e-03         1.5569566347092395e-02         3.3277144059008050e-03        -2.3005420475854417e-03
74                                     3.3476419152424349e-04         6.4857069657499821e-04         4.3928655186728890e-04        -2.8192862716858516e-04        -5.7813923727396705e-04        -2.3450549365914919e-03        -1.3424173868676649e-04         7.1951946782202597e-04
75                                     8.4388684783800495e-04         1.7292376763201863e-03        -7.6203093057591160e-04         8.0633259066840539e-03         3.9452017886097372e-03         1.5149814096467696e-02        -1.5786399939429379e-03        -7.6246343759847754e-04
76                                     6.1303810297667536e-04         7.8587900324323073e-04        -2.3505900126243620e-04         3.9211500613541804e-03         3.4005914849281980e-04         5.5941363391630479e-03        -8.2664674991357796e-04        -1.5575711220270272e-04
77                                    -1.2212785708232664e-04        -5.5069441015248664e-05         3.4949121790489529e-03        -1.6210988899796233e-02        -7.5886809241873894e-03        -2.5780030762099566e-02         5.1111095314515546e-03         1.9494913133475276e-03
78                                     1.9014590045454277e-03        -6.9796074119386677e-04        -1.0766164153376981e-03        -1.7753638905159824e-02         1.2165808763762210e-02        -5.5588870789742562e-04         8.4851730790314051e-05        -3.5324805138005951e-04
79                                    -5.2762189746266130e-04         2.4407548813357152e-03        -4.4088423210367900e-04        -5.6365283903446941e-03         1.4207584340221813e-03         8.2383651744242017e-05         1.4407183685805330e-04         6.6160186261709619e-05
80                                    -1.8567121383038284e-03        -1.8781534930410997e-03         1.0554751868003811e-03         2.3995363248320419e-02        -1.6062645876034180e-02        -1.7591309802547847e-03         1.0836590407563027e-03        -6.5526291270429700e-04
                                                         8                           9                          10                          11                          12                          13                          14                          15

0                                     -1.1822055327691885e-03        -1.8715144690331781e-03         1.3211658346959105e-03        -5.4506937838221491e-03         6.3363393792037308e-04         4.8050494256769477e-04         1.2740808089537378e-09        -1.8715143217282069e-03
1                                     -3.1127143001011548e-03        -3.5089394465833579e-03         3.0452181187283767e-03        -6.2090198707147326e-03         8.0511692741296395e-04         5.1520424992511533e-04         1.8023437521370246e-09        -3.5089366223992006e-03
2                                      2.5275084441757287e-03        -3.6615833902265355e-03         6.8217948019493393e-04        -5.3513181593176432e-03        -4.0240459602464023e-10         1.5701075854724940e-10        -9.6320605682742198e-04         3.6615840918564260e-03
3                                     -3.7571207928217679e-02        -4.3170472747391369e-03        -9.4263160135671584e-03        -3.6343041790293448e-03        -8.0414679879248197e-04         3.7730009800589909e-04         1.3617024394516368e-10        -4.3170467141517947e-03
4                                     -1.0155130371614560e-02        -1.8672323308735118e-02        -1.3736675927626809e-02        -2.6259478785926570e-02         1.3013386708598130e-04         1.1677931295580903e-03        -1.5494353443995283e-09        -1.8672319503203156e-02
5                                     -1.4168426988370458e-01         1.8194422076033695e-04        -9.5232287800623983e-03         4.3071672542312044e-03        -9.5684077602107652e-10         6.1721892850890908e-10         1.7271070683257776e-03        -1.8194200988876086e-04
6                                     -6.2344925675465637e-02        -8.2832492611604067e-02        -2.0327269184865472e-02        -3.2935963987234225e-03        -6.6804443751830936e-03        -2.2015534547049347e-02         4.1401688389058160e-03         2.6252211154444496e-04
7                                     -3.6381742038067183e-02        -2.0405542885858170e-02        -1.5504750538128853e-01        -1.3573518587641775e-03        -7.2917802340680543e-03        -1.3540746635024015e-02         7.4525816731044678e-03         1.0174752423927364e-03
8                                      5.2056972821906611e-01        -3.2523850254740708e-03        -8.8795803172016241e-04        -8.2505455772948585e-02         9.1431173648796691e-03         3.0464470820793975e-02        -2.3388874946021244e-03        -3.9012744982155033e-04
9                                     -3.2523850254740708e-03         4.9298669573418091e-01         1.8365878283452743e-02         7.4985922703713320e-02        -1.0447795302060472e-01        -1.0032775581874407e-02         3.6366510918814807e-02         1.3852386296065826e-02
10                                    -8.8795803172016241e-04         1.8365878283452743e-02         4.4643433695833495e-01         2.9417587170849226e-02        -1.0263031293327715e-02        -8.1580581143935682e-02         1.4685287520019991e-02         4.4668666929762492e-03
11                                    -8.2505455772948585e-02         7.4985922703713320e-02         2.9417587170849226e-02         5.5796997221959799e-01         3.5398421554578244e-02         1.3665504519590577e-02        -1.3764034128039085e-01         1.2198688620835015e-02
12                                     9.1431173648796691e-03        -1.0447795302060472e-01        -1.0263031293327715e-02         3.5398421554578244e-02         5.3812730835885403e-01        -2.6074008991263567e-02        -1.5692206984784657e-09        -1.0447795134560228e-01
13                                     3.0464470820793975e-02        -1.0032775581874407e-02        -8.1580581143935682e-02         1.3665504519590577e-02        -2.6074008991263567e-02         5.9685328019838446e-01        -4.7128948364337162e-09        -1.0032772949341483e-02
14                                    -2.3388874946021244e-03         3.6366510918814807e-02         1.4685287520019991e-02        -1.3764034128039085e-01        -1.5692206984784657e-09        -4.7128948364337162e-09         4.1216855627973908e-01        -3.6366510108830227e-02
15                                    -3.9012744982155033e-04         1.3852386296065826e-02         4.4668666929762492e-03         1.2198688620835015e-02        -1.0447795134560228e-01        -1.0032772949341483e-02        -3.6366510108830227e-02         4.9298669474624596e-01
16                                     1.9370522467713688e-04         4.4668679446563456e-03         2.6552752223836032e-03         4.7855790859765556e-03        -1.0263030281181123e-02        -8.1580583759362238e-02        -1.4685289391498803e-02         1.8365879933383789e-02
17                                     1.2795879885155910e-03        -1.2198691199293642e-02        -4.7855790079348454e-03        -3.6105614583898299e-02        -3.5398417008324273e-02        -1.3665504956509839e-02        -1.3764034233933647e-01        -7.4985922618760720e-02
18                                    -1.3490023257855741e-04         9.6240685202752391e-04         8.6350676600810980e-05         1.0630052889693711e-03        -2.4006872815674422e-02         1.1437164725538951e-02        -8.4520870830633796e-03        -1.3920475837789231e-01
19                                     6.2347324214806141e-04        -3.0926252199674903e-07        -5.0257522096948219e-04         4.0210307414565057e-04        -3.0586183014360141e-03         4.4440224075430884e-03         2.8039972211758475e-03         3.8644153204329929e-02
20                                    -6.0559435636628467e-04         1.1136216142602518e-03         5.0739207064654478e-04         1.9053886500004641e-03        -2.7388985140945413e-02         1.6023285958814665e-02        -1.6648597266638240e-03         1.7101035923458713e-03
21                                    -3.9005945517664106e-05        -2.4123372148438096e-02        -2.4977559113722181e-03        -2.7854800690114111e-02         1.9438890957152819e-03        -1.2983281967294362e-03         1.0366473106720472e-09        -2.4123374527311971e-02
22                                     4.3154671795086336e-04         1.0275713609449153e-02         5.4110085535152910e-03         1.6326498932140634e-02        -1.4243431561002107e-03         1.2151011686907520e-04        -7.2115979356428012e-10         1.0275717712782864e-02
23                                    -4.0884397403761086e-04        -9.0947954508296541e-03         4.2702945206687798e-03        -7.3079406952149956e-04         1.0379501903178019e-09         1.4361368416082734e-09         3.3038153699370063e-04         9.0947965205624010e-03
24                                     2.2663951159605528e-04        -1.3920476659301564e-01         3.9566935197038591e-02        -1.1948124434527085e-03        -2.4006871519183671e-02         1.1437164023769753e-02         8.4520865187744862e-03         9.6240288164361684e-04
25                                    -6.5656619515252687e-04         3.8644158033979192e-02        -1.0327687529528151e-01        -1.1259862364756609e-03        -3.0586188444973600e-03         4.4440188377636441e-03        -2.8039963494163669e-03        -3.0855861022282757e-07
26                                     1.0206307685063955e-03        -1.7101017281748315e-03        -5.6428502131092295e-04        -8.1109847430527029e-02         2.7388983988324324e-02        -1.6023283897315020e-02        -1.6648617066052640e-03        -1.1136201372141225e-03
27                                    -6.8688918938470192e-03         6.2175878300899361e-04        -1.8624790219267263e-04         1.0000873435448959e-03        -1.0209015461257534e-03        -5.0002143467546556e-04        -2.1040820589109664e-10         6.2175992172340284e-04
28                                     3.3632110477850273e-03         1.0020728138510205e-03         8.1138106377177249e-04         1.1456901111887236e-03        -2.7580505503020485e-04        -1.5819385268235316e-04        -2.5317606413258583e-10         1.0020727837143522e-03
29                                    -2.3566964854275924e-03         1.5384406808422804e-03         6.2689775383846860e-05         1.1733859923804494e-03         6.8079026127925984e-10         5.7799576188129668e-10        -1.0369059915043069e-04        -1.5384410860290621e-03
30                                    -1.3258042880927245e-02         2.6252411627219335e-04         7.1900165258467763e-04         1.5457639457144238e-03        -6.6804447677886146e-03        -2.2015533566582000e-02        -4.1401692289883673e-03        -8.2832490922941843e-02
31                                    -3.3858489656289140e-03         1.0174739698770429e-03         7.8033123822221842e-04         1.4274067911232147e-03        -7.2917831521254542e-03        -1.3540749822912115e-02        -7.4525788818276123e-03        -2.0405544319013449e-02
32                                    -3.4896424588404501e-02         3.9012572027413532e-04        -1.9370392721135277e-04         1.2795891606301353e-03        -9.1431185576244939e-03        -3.0464472221721779e-02        -2.3388866729993699e-03         3.2523822828368562e-03
33                                     6.8631565319750461e-04        -7.1434819898593587e-04        -1.8710910716526839e-05        -3.9226404584394303e-04         7.3026180437489943e-05        -5.0735304907525980e-05         1.3449138789098410e-10        -7.1434578529117705e-04
34                                    -6.3749254651054767e-04        -1.3620587609787255e-04        -1.0753768536295562e-04         7.4870995704767480e-04        -1.1955535661108910e-04         4.8784224863138810e-05         1.6864511222128228e-09        -1.3619980086813574e-04
35                                     3.9219625918319209e-04        -5.9018714925641110e-04        -9.5293459969596900e-05         3.5649075310013227e-05        -1.2657311140115608e-09        -1.0571649248580021e-09         3.2460840539476392e-04         5.9018840997104350e-04
36                                     1.1210476519823989e-01        -5.7894699639316699e-03        -1.2319363330809754e-03         6.5179146652356483e-03         1.8373028011755589e-04        -2.3008952453599085e-03        -8.8372879531797410e-04        -2.1341221986891524e-04
37                                     4.6943394513768583e-02        -1.6598284343760181e-02        -7.6314857890056797e-03         2.6794302768532861e-02        -5.7185067195893342e-04        -6.7173728418139320e-03        -1.5701292838200820e-03        -2.3948187974136813e-04
38                                    -2.1160429804056297e-01        -9.5696982634619048e-04         3.4855582092169907e-05         1.3046692076063673e-03        -4.1380067742554164e-04        -4.6163703603862259e-04         1.5394250198890944e-03        -1.7268514511003109e-04
39                                     8.8887930205980899e-04         6.6542082562797561e-03        -4.6639740146112024e-03         7.9587834721745864e-04         6.8355339236319049e-04        -2.9883919413690226e-04        -8.6258704158149405e-05         6.6368608786789018e-05
40                                     8.6631224460995203e-04         2.7659747701832365e-02        -1.8797878699888589e-02         5.5009315358713149e-04         1.7159494168255034e-03         1.1634798837025684e-03        -7.7664436172394675e-04        -1.6430316900690502e-04
41                                    -4.7512570797150933e-02         1.8394785221466908e-03        -3.4049748611100338e-04        -1.2931181598062492e-03        -6.1931553691252079e-04         6.4319387496197182e-04         6.7944450241199506e-05         2.8292137926967990e-05
42                                    -6.1111515572338437e-03        -1.1803422873659733e-01        -2.7794629027298713e-02        -1.1027555056629249e-01         1.0190010959021056e-02         4.2029007917315083e-03         1.6419688553109296e-02        -2.0799379797221866e-03
43                                    -2.8424777972626637e-02        -2.7880859861167912e-02        -5.6224834412967183e-02        -4.2690106771966496e-02         4.2119336619503948e-03         1.0549013146416086e-03         6.6378769902625725e-03        -1.1504248861607495e-03
44                                     1.0385326665344951e-03        -1.1018122462283189e-01        -4.2455495951031347e-02        -2.1417163126463939e-01        -1.4169191024292522e-02        -5.6393044844025532e-03        -2.2892867228930178e-02         5.2660267431496087e-03
45                                     3.0806013696526935e-03        -5.7219544440024681e-03        -1.6683549817732093e-02        -1.2751389004634923e-04        -6.2951194918082098e-02        -5.7887695253393143e-02        -1.7649469503707707e-09        -5.7219562845813674e-03
46                                     1.9552625816759116e-03        -8.9979029272483149e-04        -7.4618634936529891e-03         8.4885843749580442e-05        -5.9113185848187449e-02        -2.8266049711096175e-01        -5.6565481245760502e-10        -8.9979412850150695e-04
47                                    -4.9121679792703352e-03         6.9521864245387054e-03         2.7751125190447173e-02        -2.7669318719913787e-04         1.8461946459645897e-09        -1.7762936774382602e-09        -4.4904541619201481e-02        -6.9521897880533475e-03
48                                    -7.3411594922627096e-04        -1.5643290725085506e-02         9.5536090975207513e-03         1.2642648218880517e-04        -2.2270878735196026e-01         1.1232682127855484e-01         1.6800621853146520e-10        -1.5643289281692077e-02
49                                    -6.1018760976689138e-06        -6.4774927023991038e-03         2.0688989262269983e-03        -1.8472568854429727e-04         1.1345775846494080e-01        -1.2174666625667022e-01        -1.1973535758749897e-09        -6.4774946007755112e-03
50                                     9.5676167801298016e-04         2.4174507360943120e-02        -1.5584349584645996e-02        -7.5897442763922865e-05         1.2376454048311467e-09        -9.7455434697995350e-10        -4.5319570453726178e-02        -2.4174506597017403e-02
51                                    -1.6548569876379936e-05        -2.0799381379145313e-03        -1.0955168664206661e-03        -3.1042780482453212e-03         1.0190007582350922e-02         4.2028995830184334e-03        -1.6419688375673862e-02        -1.1803422835257608e-01
52                                    -4.4362203210970841e-04        -1.1504311967751564e-03         1.4587570843590516e-04        -9.3258293307660767e-04         4.2119337089972404e-03         1.0548973180341441e-03        -6.6378762651270636e-03        -2.7880859517237913e-02
53                                     5.1956645998277665e-04        -5.2660249148240596e-03        -2.0942303397325137e-03        -3.2212852352007243e-03         1.4169189266811363e-02         5.6393026515464562e-03        -2.2892867539984429e-02         1.1018122567206783e-01
54                                     8.3491686171414600e-06        -2.6391823445133218e-05        -2.4991039501624335e-05         3.8678374394848130e-05         1.5836053426475328e-03         7.1823800991265593e-04         5.8832375574007357e-04         6.0457980044771580e-03
55                                    -1.3993350814048462e-04         1.9890534924210147e-04        -3.4060300208178069e-05         3.1466556011703565e-04        -1.2711718777962330e-03         2.4265076457353173e-04        -4.8002399252664810e-04        -4.4728198915249019e-03
56                                     7.1560029838476876e-05        -3.6680645318777237e-05        -5.0917708567860853e-05        -1.0126859027130154e-04         1.0239155175118930e-04         8.7998180057355737e-04         1.1713891328828159e-04        -7.4289657254829767e-04
57                                     2.8047555646601441e-05        -3.7457903902093318e-04        -5.6112594529220648e-05         5.7816777007814717e-04        -4.6594218498315389e-03         4.5776282979687107e-03         1.6693645387800826e-03        -1.6015358145066078e-02
58                                    -4.9299429651182948e-05         1.3819530662820853e-05         1.8493002060518057e-05        -2.7943329230290881e-04         2.7308929998499949e-03        -2.1389771619711338e-03        -5.4705952958876381e-04         9.5873451080942858e-03
59                                     7.2993740773338867e-05         5.4199624938145764e-04        -3.9839528568355294e-04         3.7019070414869796e-04         3.0502500473083075e-04         1.9753234736915454e-04         1.5680970815172279e-03         1.8452683822697130e-04
60                                    -8.3935154518016697e-06        -2.4611788490685668e-04        -2.1552334311002661e-03        -3.8918393494741157e-03         7.3059000758652140e-04        -1.0947217894419128e-04         2.4387438046291804e-09        -2.4611847338333950e-04
61                                    -2.3231045654684189e-04        -8.0104969785589446e-04         1.8233656789080866e-04        -1.3361454335894477e-03         1.1447759230144062e-04         1.0813274701534231e-05         2.4396134316878684e-09        -8.0104887937855300e-04
62                                     2.2571594741829080e-05        -2.3741360060650753e-03        -2.4094431678584370e-03        -5.0759752241474288e-03         5.8513922005345269e-12        -1.0158108473721122e-09        -5.9104056685731774e-04         2.3741361780824323e-03
63                                     5.5275807725862830e-04         6.0457986424070388e-03         2.8192537688173452e-02         8.1993231811089114e-04         1.5836065751779725e-03         7.1823470824431443e-04        -5.8832390428961408e-04        -2.6390600209348283e-05
64                                    -2.6915894290919715e-05        -4.4728184994491729e-03        -1.8303399828662137e-02         2.6860148742882239e-04        -1.2711749304931928e-03         2.4265142130086917e-04         4.8002413302636934e-04         1.9890535946520986e-04
65                                     3.2682781968419684e-04         7.4289775538191822e-04         9.1300702358829708e-04        -1.3563041179458129e-03        -1.0239317154468741e-04        -8.7998199022867158e-04         1.1714167208796254e-04         3.6679271579130894e-05
66                                     3.6651099423407572e-04        -1.6015359148350727e-02        -6.3825290517241749e-03         2.3962616816341067e-02        -4.6594171563513927e-03         4.5776295891408166e-03        -1.6693642742743823e-03        -3.7458281992158271e-04
67                                    -1.0607697629429818e-03         9.5873451694231341e-03         2.0787984392115835e-03        -1.5524017355035721e-02         2.7308963934597405e-03        -2.1389786500999554e-03         5.4706083452001389e-04         1.3819421251890017e-05
68                                     1.1175495841314609e-05        -1.8452593471286055e-04        -1.5782711071886044e-04         4.0480377137898154e-04        -3.0501933005293302e-04        -1.9752800748827366e-04         1.5680961115673332e-03        -5.4199732927623454e-04
69                                     1.7584645801608182e-03        -1.9637202799936866e-04        -3.4484140366619143e-06        -2.2099837829401918e-04         1.7208097571393480e-04         5.6795164501667172e-05         1.3474700655484321e-04         4.3045940978631795e-04
70                                    -5.5413369700728137e-04        -1.1126881594298216e-04        -1.2830289842171805e-04        -1.2711557112078295e-04         7.0518781907213772e-05        -3.3830171284555868e-06         6.2072367058643108e-05         2.8324999372173788e-04
71                                     5.6909293579138556e-04         2.6405851837721372e-04         1.9803350645032533e-04         5.8461581669447954e-05        -3.4138156781351320e-06        -3.1339203720814109e-05        -8.9950801267486759e-05        -2.1091250143550136e-04
72                                     1.8637932991402636e-03         4.3046335165838369e-04         5.5663339805622465e-04         1.8486449523739436e-04         1.7208180992006605e-04         5.6793004119273360e-05        -1.3474714949954100e-04        -1.9637213897790145e-04
73                                    -1.4671234624421105e-04         2.8324929874160845e-04        -4.5890814236907948e-04        -6.1485959842877067e-05         7.0520289914293224e-05        -3.3832950719696027e-06        -6.2075713215875835e-05        -1.1127006091498010e-04
74                                     1.2355866580282312e-03         2.1091113391368769e-04         1.4695104535004423e-04        -1.1732308989627533e-05         3.4124093697095181e-06         3.1337371275160560e-05        -8.9951346046271993e-05        -2.6406143716992863e-04
75                                     2.7703586674936147e-03        -2.1341583767778304e-04        -1.9386726711855462e-04         8.3521590804062386e-05         1.8372803417733043e-04        -2.3008943883729305e-03         8.8372904610494775e-04        -5.7894713182607581e-03
76                                     1.8633166386148115e-03        -2.3947550300418567e-04        -1.2611080846052956e-04         3.7855212876856514e-04        -5.7185329183468379e-04        -6.7173754988265541e-03         1.5701287166921853e-03        -1.6598283463200639e-02
77                                    -3.4202293122178457e-03         1.7268978043844386e-04         7.2120627388427144e-04         2.8783840718595282e-04         4.1379792639245627e-04         4.6164365342321947e-04         1.5394220911638225e-03         9.5696836693604697e-04
78                                    -1.4963217488416299e-03         6.6370053452427004e-05         2.1278007608456430e-04         2.0106794913430943e-04         6.8355493317697261e-04        -2.9883880496753214e-04         8.6259254957589317e-05         6.6542076289057162e-03
79                                    -2.3718792502127597e-04        -1.6430395440525879e-04        -2.1335877068099913e-04        -2.0255237944020272e-04         1.7159506017890560e-03         1.1634819045994449e-03         7.7664449212961912e-04         2.7659747306052994e-02
80                                     1.6311179260173206e-03        -2.8292203192298131e-05         1.3041725553747494e-04        -6.9839196572192151e-05         6.1931213051766168e-04        -6.4319156054525278e-04         6.7946802380918777e-05        -1.8394796691582188e-03
                                                        16                          17                          18                          19                          20                          21                          22                          23

0                                      1.3211655250851707e-03         5.4506918271608976e-03        -7.3828381413360326e-04        -1.5175252003520219e-04         3.8043934515321828e-04        -6.3707783955727609e-03         2.9112833334837308e-03         9.7853892574248402e-10
1                                      3.0452189521691445e-03         6.2090151583158509e-03        -3.9762964293741689e-05         8.3817679107217602e-04        -6.3713797275615977e-04         6.3595483022543219e-03        -5.9986494582872640e-05         2.1509520106878682e-10
2                                     -6.8218338539866551e-04        -5.3513200940032311e-03         5.5819857598194496e-04        -2.8018261371360036e-04        -3.8802510166426355e-05         1.2140495903010884e-09         1.4280011238250049e-10         5.9811593008747251e-05
3                                     -9.4263173960833641e-03         3.6343003962373104e-03         9.9222082460532265e-04         1.5857524499604536e-05        -9.0732720516133181e-04         1.3514641363272894e-02         2.4593819448112328e-03         1.6980479348789210e-09
4                                     -1.3736676752630022e-02         2.6259473048618778e-02         1.5218577086580001e-04         1.0217610302867136e-03         5.3360646288628079e-04         2.3515598646427605e-02        -2.7754997010931839e-02         1.3788735278827676e-10
5                                      9.5232312380744005e-03         4.3071728035003224e-03        -1.0404230522161797e-03         2.8613331450200391e-04        -2.0871118054457404e-04         1.0341671645926754e-09        -2.7377791993074978e-10        -6.3573148729623597e-05
6                                      7.1900103299066612e-04        -1.5457656820210761e-03        -8.1786800900060172e-05         3.2995347007505615e-04        -2.0986699135763093e-04         1.2665342120163209e-03        -3.1923138357388067e-04         4.8340818712142800e-04
7                                      7.8032942559107601e-04        -1.4274040484529692e-03         1.5246545673516104e-04        -4.2355722111157672e-04         4.3473906794308514e-04        -1.6556085219769907e-03         1.3621478278464938e-03        -2.7564539440397967e-04
8                                      1.9370522467713688e-04         1.2795879885155910e-03        -1.3490023257855741e-04         6.2347324214806141e-04        -6.0559435636628467e-04        -3.9005945517664106e-05         4.3154671795086336e-04        -4.0884397403761086e-04
9                                      4.4668679446563456e-03        -1.2198691199293642e-02         9.6240685202752391e-04        -3.0926252199674903e-07         1.1136216142602518e-03        -2.4123372148438096e-02         1.0275713609449153e-02        -9.0947954508296541e-03
10                                     2.6552752223836032e-03        -4.7855790079348454e-03         8.6350676600810980e-05        -5.0257522096948219e-04         5.0739207064654478e-04        -2.4977559113722181e-03         5.4110085535152910e-03         4.2702945206687798e-03
11                                     4.7855790859765556e-03        -3.6105614583898299e-02         1.0630052889693711e-03         4.0210307414565057e-04         1.9053886500004641e-03        -2.7854800690114111e-02         1.6326498932140634e-02        -7.3079406952149956e-04
12                                    -1.0263030281181123e-02        -3.5398417008324273e-02        -2.4006872815674422e-02        -3.0586183014360141e-03        -2.7388985140945413e-02         1.9438890957152819e-03        -1.4243431561002107e-03         1.0379501903178019e-09
13                                    -8.1580583759362238e-02        -1.3665504956509839e-02         1.1437164725538951e-02         4.4440224075430884e-03         1.6023285958814665e-02        -1.2983281967294362e-03         1.2151011686907520e-04         1.4361368416082734e-09
14                                    -1.4685289391498803e-02        -1.3764034233933647e-01        -8.4520870830633796e-03         2.8039972211758475e-03        -1.6648597266638240e-03         1.0366473106720472e-09        -7.2115979356428012e-10         3.3038153699370063e-04
15                                     1.8365879933383789e-02        -7.4985922618760720e-02        -1.3920475837789231e-01         3.8644153204329929e-02         1.7101035923458713e-03        -2.4123374527311971e-02         1.0275717712782864e-02         9.0947965205624010e-03
16                                     4.4643433229729279e-01        -2.9417572272554038e-02         3.9566934804360201e-02        -1.0327687610074737e-01         5.6427924332263374e-04        -2.4977572171755169e-03         5.4110062635278136e-03        -4.2702952198149513e-03
17                                    -2.9417572272554038e-02         5.5796998323011004e-01         1.1948076219897782e-03         1.1259818256073584e-03        -8.1109847421568515e-02         2.7854805797477181e-02        -1.6326501099540581e-02        -7.3079326106349068e-04
18                                     3.9566934804360201e-02         1.1948076219897782e-03         4.6370693802233626e-01         4.6710654488767239e-02         6.7585437836464771e-02        -1.0536006259612765e-01        -8.3879477631448145e-03         3.7505130602006650e-02
19                                    -1.0327687610074737e-01         1.1259818256073584e-03         4.6710654488767239e-02         5.6506962215139755e-01         1.7164464073424344e-02        -7.3670679996432654e-03        -8.2839152693672216e-02         1.4718407044167364e-02
20                                     5.6427924332263374e-04        -8.1109847421568515e-02         6.7585437836464771e-02         1.7164464073424344e-02         5.1924162262427909e-01         3.6922340422104259e-02         1.5608035700896764e-02        -1.3533071687913417e-01
21                                    -2.4977572171755169e-03         2.7854805797477181e-02        -1.0536006259612765e-01        -7.3670679996432654e-03         3.6922340422104259e-02         5.6553709849374967e-01        -7.9321078512015877e-02         2.4375756612834976e-09
22                                     5.4110062635278136e-03        -1.6326501099540581e-02        -8.3879477631448145e-03        -8.2839152693672216e-02         1.5608035700896764e-02        -7.9321078512015877e-02         4.9340093012570313e-01         4.7116835569845777e-09
23                                    -4.2702952198149513e-03        -7.3079326106349068e-04         3.7505130602006650e-02         1.4718407044167364e-02        -1.3533071687913417e-01         2.4375756612834976e-09         4.7116835569845777e-09         4.4357841677124932e-01
24                                     8.6349159790305116e-05        -1.0630006475466089e-03         1.1888412155797931e-02         3.9416721349374417e-03         1.2468331766191665e-02        -1.0536006265647593e-01        -8.3879479690351505e-03        -3.7505133287998454e-02
25                                    -5.0257583065408187e-04        -4.0210754806970471e-04         3.9416743183886471e-03         2.5415233508244012e-03         5.6028922499930939e-03        -7.3670660426352723e-03        -8.2839154967547929e-02        -1.4718406530734094e-02
26                                    -5.0739232316238635e-04         1.9053845920026027e-03        -1.2468328485993024e-02        -5.6028905827597945e-03        -3.5914757805904127e-02        -3.6922342887291820e-02        -1.5608037917829401e-02        -1.3533071779750139e-01
27                                    -1.8624672541070735e-04        -1.0000862940554925e-03        -6.4825573430099086e-03        -2.1205132205359814e-02         3.2413616925301113e-03        -8.7131078236717993e-02        -1.5480682418873362e-02        -2.8935504974983369e-09
28                                     8.1138163331687108e-04        -1.1456883185325490e-03        -8.3816004383179127e-03        -1.3385217763870800e-02         7.0998254162915261e-03        -1.6465047361805790e-02        -1.6005586985918541e-01         2.3072877717944122e-10
29                                    -6.2688713062751186e-05         1.1733858702853549e-03         9.5819232326975166e-03         3.0748103555320126e-02        -2.3998949885885128e-03        -1.0832623879925451e-09        -8.4245483318508318e-10        -7.7193801544571811e-02
30                                    -2.0327271300534057e-02         3.2935964364625560e-03         5.9761283584604738e-03         3.0164181756624307e-02         2.1516127974631830e-05         1.2665322156263682e-03        -3.1923130955014648e-04        -4.8341115228530285e-04
31                                    -1.5504750130622535e-01         1.3573554957251321e-03         3.1459004149785724e-03        -2.9796281516523974e-02        -6.6590329837825767e-04        -1.6556095728487803e-03         1.3621487255501517e-03         2.7564580145337733e-04
32                                     8.8795716869020241e-04        -8.2505454610594858e-02        -2.2663802362712752e-04         6.5656415567409004e-04         1.0206356125886766e-03         3.9003624595043999e-05        -4.3154286141115078e-04        -4.0884533540068435e-04
33                                    -1.8710604352462296e-05         3.9226181979836860e-04         2.0281209607045359e-04         3.0150465203258436e-04        -5.7467912605549572e-05        -1.5094359597043767e-05        -7.6531870388288803e-04         2.4998127738782785e-10
34                                    -1.0753422439952962e-04        -7.4871917063276108e-04         2.6660039333854585e-04         2.4467098645204960e-04        -1.1945575737166720e-04         2.8733757767577780e-03        -1.3212168614653262e-04         5.5304431194028536e-10
35                                     9.5295919861671983e-05         3.5646292138869076e-05        -3.2990727262180620e-04        -3.7396637813082151e-04         2.5383804234187192e-05        -1.4028255362176387e-09         8.3537525811353256e-10         8.4030219930138509e-04
36                                    -1.9386689806865157e-04        -8.3525303153418693e-05        -2.2568776825170750e-05        -9.1992213508487741e-06         4.6598540768110971e-05         7.8325043274623217e-06        -2.4930584951708755e-04         1.2423838106298654e-04
37                                    -1.2610742549329877e-04        -3.7854955495416134e-04        -1.1586660666274386e-04         6.3894743348077206e-05        -5.9434504355096668e-05         1.4506234620819227e-04        -1.1352404948596680e-04        -2.6224041090859703e-05
38                                    -7.2120914532177154e-04         2.8783182622895819e-04         1.4719221590165895e-04        -1.4807481263976081e-04         2.4192082372794486e-05        -2.2819227108263800e-04         2.2328011495512156e-04        -1.3264280711268363e-04
39                                     2.1277968088913605e-04        -2.0106327392696664e-04        -1.1755826327304163e-04        -7.4601447664838019e-05         9.6727820008590988e-05         1.0065379054767249e-05        -5.6273422370181365e-04         1.1160109670455302e-04
40                                    -2.1335869799528426e-04         2.0255357500645202e-04         7.7531228702822129e-05         6.4474424035585853e-05        -1.6663986033114975e-04        -2.6212623934119585e-04        -4.5435456741651364e-05        -4.5981465109138026e-04
41                                    -1.3041963254232982e-04        -6.9833900241787414e-05         3.7202085362884147e-06        -4.7749031677337788e-05         1.2677604135406231e-04         4.8160952168093286e-05        -5.6116551588341647e-04        -2.8311216583755861e-05
42                                    -1.0955155877749295e-03         3.1042752855448517e-03        -2.9304250079925756e-04         5.5985631463255966e-05         4.8127324156675439e-04        -4.3224169151479790e-03         4.4901363766201626e-03         1.8261443487261660e-03
43                                     1.4587588715788292e-04         9.3257633542856086e-04        -4.2511095696222932e-05         8.3320423293129181e-05        -3.6450521895711437e-04         3.1695165262806127e-03        -2.1929520220192460e-03        -9.7465793533395469e-04
44                                     2.0942337570344152e-03        -3.2212926423830293e-03         5.2744526927118009e-04        -1.8261720885111472e-04         3.7523255029420959e-04         2.7756955555462842e-04         3.0633220339843122e-04         1.3344080747795493e-03
45                                    -1.6683551874313998e-02         1.2752006225541165e-04         6.0638732623040760e-04        -1.3892384980420049e-03         5.3969160517821767e-04        -1.8929108265477133e-04         1.1677278737439516e-04        -2.6805310004080651e-09
46                                    -7.4618642718702567e-03        -8.4886509837619334e-05         6.5386638461561954e-04         3.3893644308869916e-04         5.4741038516411926e-04        -3.2561815079381901e-04         4.9340976690221035e-05         1.0009839782568965e-09
47                                    -2.7751123662567906e-02        -2.7669178863276318e-04         1.0794678054483896e-03        -7.3987959510600433e-04         1.0142612126136882e-03        -2.6950102909548514e-09         1.1781780771056341e-09        -5.0404810023686351e-05
48                                     9.5536076199501628e-03        -1.2642527890206409e-04        -2.3153654741477764e-04        -2.1482077057628900e-03        -3.9330367720048515e-03         7.9886845565192016e-04         1.1980097829606101e-04        -2.4359895767342059e-09
49                                     2.0688982246015305e-03         1.8472650183809763e-04        -8.4197100288901927e-04         1.2342354554658892e-04        -6.4537083861859919e-04        -4.5374800586483761e-05        -8.1458565473029694e-05        -4.1142766687413552e-09
50                                     1.5584350503947316e-02        -7.5896480430833781e-05        -2.7472180999858231e-03        -2.4024735667876043e-03        -5.1374364748787045e-03         5.7572056920111445e-10        -3.0420441573528102e-09        -7.1221701216885079e-04
51                                    -2.7794628653706702e-02         1.1027554969901038e-01        -1.6035107616509236e-02        -5.8022086455615535e-03         2.3049021246164172e-02        -4.3224137890717409e-03         4.4901347605530249e-03        -1.8261458024446831e-03
52                                    -5.6224833374584039e-02         4.2690108384530967e-02         1.0796107619109693e-02         3.4749582824965645e-03        -1.6180947768246634e-02         3.1695183298672248e-03        -2.1929552298983702e-03         9.7465675730735849e-04
53                                     4.2455499460457798e-02        -2.1417163751240831e-01        -7.4146950780952688e-04        -4.7394495419905616e-04         9.6326770265972063e-04        -2.7757698638241485e-04        -3.0632898128432878e-04         1.3344066157053511e-03
54                                     2.8192534242784308e-02        -8.1992890367037479e-04        -5.9601071747997260e-02        -5.7526030745382511e-02        -1.2934964455389090e-03        -5.1878292590255672e-03        -1.8642452656471704e-02        -6.2864837774938721e-04
55                                    -1.8303399378965204e-02        -2.6859634926815028e-04        -5.6875149671147270e-02        -2.8305906484304388e-01         1.0279178265610654e-03        -1.8179750340000939e-03        -6.9368794821424926e-03        -2.6789316962842064e-04
56                                    -9.1300513834830909e-04        -1.3563025101684450e-03        -1.5898048715918042e-03        -5.1186126421877247e-05        -4.7493618542050600e-02         5.7101315754591857e-03         2.6922096086123129e-02        -1.3371404708546757e-03
57                                    -6.3825331721200276e-03        -2.3962616484991994e-02        -1.1762049919682525e-01        -2.7688214592631127e-02        -1.1036905687995641e-01         1.0145461978376371e-02         3.4917759803726784e-03         1.5528456325557842e-02
58                                     2.0788013818163276e-03         1.5524015254428397e-02        -2.8266696260441437e-02        -5.9005721950888386e-02        -4.2044203748049000e-02         3.5064970241245157e-03        -3.5489558408845125e-04         5.7938142182622620e-03
59                                     1.5782147430880994e-04         4.0480396467878837e-04        -1.1018574810354376e-01        -4.1091969441737798e-02        -2.1421666899493508e-01        -1.5035632381845068e-02        -5.8642987204212422e-03        -2.3266787878118138e-02
60                                    -2.1552349919339237e-03         3.8918330553755574e-03        -1.5038939354351513e-02         9.1671508795395859e-03         4.1299235623894247e-04        -2.2427693778897406e-01         1.1491210728964582e-01         3.3315684741538561e-10
61                                     1.8233356838635102e-04         1.3361400455215774e-03        -7.4337751413040944e-03         4.1458455890515267e-03         2.3541022493797756e-05         1.1474305110856112e-01        -1.1924137514157063e-01        -3.1778719098233340e-09
62                                     2.4094395199366170e-03        -5.0759780751137738e-03         2.4209889092754105e-02        -1.5552326601225186e-02        -7.7847050959243711e-04         1.5759515333825559e-09        -1.1889947225207105e-09        -4.5826825175988517e-02
63                                    -2.4986837361202954e-05        -3.8680583882770613e-05         3.3568678395454925e-04         1.7767014817542419e-04         1.1526560254416238e-03        -5.1878318523696856e-03        -1.8642447632315574e-02         6.2864851443759830e-04
64                                    -3.4061186734031285e-05        -3.1466867751603995e-04         1.4175363907852371e-04         4.4442422255309283e-05         7.8226558710010712e-04        -1.8179715576449249e-03        -6.9368824816744539e-03         2.6789135207987841e-04
65                                     5.0916647109141999e-05        -1.0127715583677972e-04        -2.2454021837055500e-04        -1.3567358690685909e-03         1.4700185355064760e-03        -5.7101299902413243e-03        -2.6922096664696527e-02        -1.3371454913581483e-03
66                                    -5.6110940094359404e-05        -5.7816493361274261e-04        -1.7691033963189834e-03        -1.2740414200320396e-03        -3.3535987705733475e-03         1.0145454578904754e-02         3.4917852260218348e-03        -1.5528456305957776e-02
67                                     1.8495282536885914e-05         2.7943004946178363e-04        -7.0476394823554365e-04        -6.3404762228350375e-05        -6.4673574879535716e-04         3.5064972650173279e-03        -3.5489617538063834e-04        -5.7938139732827826e-03
68                                     3.9839331331462807e-04         3.7019657262755534e-04        -5.2579728169280552e-03        -2.0862057690498766e-03        -3.4369598050229093e-03         1.5035631115424867e-02         5.8642980358267292e-03        -2.3266786640068184e-02
69                                     5.5663293597415413e-04        -1.8486151073709598e-04         8.6346891057594141e-04        -1.1282430002615557e-03        -9.4943752855982354e-04        -4.3418673235242292e-03        -1.8681958508092161e-03         4.3867028175375673e-03
70                                    -4.5891200505763141e-04         6.1492378333517957e-05        -9.8086807015821970e-04        -6.9170462791648523e-03        -1.7054042954210910e-03        -1.8230342597907255e-02        -7.4132976455487231e-03         2.6770734369003901e-02
71                                    -1.4695020855929252e-04        -1.1729301635555979e-05        -6.9821364690992281e-04         3.6095142611913128e-04         1.0666217657898970e-03        -1.1770681697642546e-03         8.7202771726878348e-06        -5.8021423973128074e-04
72                                    -3.4495333447308882e-06         2.2099764571881903e-04        -1.0273608391123037e-04         2.1274598315660959e-04        -8.0338873087360072e-04        -4.3418653830529352e-03        -1.8681951985277667e-03        -4.3867000881962059e-03
73                                    -1.2830236850153436e-04         1.2712194110710479e-04         2.5422057009392724e-04         1.4466353252974261e-03        -1.4850751924820808e-03        -1.8230343360552105e-02        -7.4132963930064110e-03        -2.6770735124166254e-02
74                                    -1.9803408881091628e-04         5.8461155961796532e-05         5.0913123051128922e-04         4.7462117662562617e-04         6.9851027444284806e-04         1.1770647258216391e-03        -8.7205696056892601e-06        -5.8021561890884282e-04
75                                    -1.2319362282631335e-03        -6.5179174720117559e-03         4.0457457107628174e-04         8.6349368788414885e-04         4.8561500299755013e-04         7.8333039024397304e-06        -2.4930461266248704e-04        -1.2423783588539272e-04
76                                    -7.6314850295385612e-03        -2.6794299705313891e-02        -1.1228736036064688e-03         1.5725085349776015e-03        -1.0680937634606395e-03         1.4507053900056707e-04        -1.1353023080990995e-04         2.6228116355470933e-05
77                                    -3.4856211084836886e-05         1.3046771662188358e-03        -4.3153357660666476e-05         1.2609761922061872e-04         3.3679241202034041e-05         2.2819601541929947e-04        -2.2328076265804974e-04        -1.3263960047552514e-04
78                                    -4.6639751664327156e-03        -7.9587872820329961e-04         7.6744933082856497e-04        -1.8008496347434594e-03        -3.8776705910244756e-04         1.0064733464161969e-05        -5.6273090654110867e-04        -1.1160090723874713e-04
79                                    -1.8797876426021837e-02        -5.5008928400653283e-04        -4.1509322863330896e-03        -6.2493180987455623e-03        -8.3206643848937004e-05        -2.6212664015809808e-04        -4.5431419795485557e-05         4.5981586295860619e-04
80                                     3.4049334521572133e-04        -1.2931197849525965e-03         1.2075699365779458e-04         8.5176436877195619e-04         3.7074909807796380e-04        -4.8153465109852106e-05         5.6116122913868428e-04        -2.8309819685436947e-05
                                                        24                          25                          26                          27                          28                          29                          30                          31

0                                     -7.3828294467826784e-04        -1.5175185969419592e-04        -3.8043955051374635e-04         9.5528715128963843e-03         3.3535934043176494e-02        -2.5131354016950160e-09        -7.1961529659351573e-03        -2.8745879688749608e-02
1                                     -3.9760777369121777e-05         8.3818176636008684e-04         6.3714575482757760e-04        -3.1385638727297084e-03        -4.1408861495952180e-02        -4.0384109600303760e-10        -8.9850043293113885e-03        -3.1391335414480727e-02
2                                     -5.5820024349316814e-04         2.8018492910124131e-04        -3.8800710379786321e-05        -7.6375038250350546e-10        -4.6442229721225347e-10         1.8949166430686547e-03         9.4926082224835590e-03         3.2986016467738175e-02
3                                      9.9221777148709393e-04         1.5857001086401132e-05         9.0732760531414460e-04        -1.5382434055569869e-01         3.0583314324477709e-02        -4.8550483771381732e-10        -1.0216568871014114e-01         4.2527559178697771e-03
4                                      1.5218204032409633e-04         1.0217583361811413e-03        -5.3361372333527151e-04         4.6735736460730308e-02        -9.0592647360007827e-02        -1.0486087132700021e-09        -4.3783403720732382e-03        -7.2561296462467520e-02
5                                      1.0404207986631116e-03        -2.8613355790683753e-04        -2.0871073512560137e-04         3.8349806843831151e-09         1.6029074852116078e-09        -7.9575310501172974e-02         3.6038858753563316e-02         3.6894551042326862e-04
6                                      5.9761293227720350e-03         3.0164181257038694e-02        -2.1518295200251281e-05        -2.3437580543488826e-02        -1.1540396966286913e-03        -2.7253330941234104e-02         1.0862640086534946e-02         4.5012548147426931e-03
7                                      3.1459008697203444e-03        -2.9796277322652026e-02         6.6590646041656248e-04         1.0121657960689067e-02         5.9995704998574428e-03         1.5429811447671797e-02         4.5012510552167578e-03         5.1663920898302809e-03
8                                      2.2663951159605528e-04        -6.5656619515252687e-04         1.0206307685063955e-03        -6.8688918938470192e-03         3.3632110477850273e-03        -2.3566964854275924e-03        -1.3258042880927245e-02        -3.3858489656289140e-03
9                                     -1.3920476659301564e-01         3.8644158033979192e-02        -1.7101017281748315e-03         6.2175878300899361e-04         1.0020728138510205e-03         1.5384406808422804e-03         2.6252411627219335e-04         1.0174739698770429e-03
10                                     3.9566935197038591e-02        -1.0327687529528151e-01        -5.6428502131092295e-04        -1.8624790219267263e-04         8.1138106377177249e-04         6.2689775383846860e-05         7.1900165258467763e-04         7.8033123822221842e-04
11                                    -1.1948124434527085e-03        -1.1259862364756609e-03        -8.1109847430527029e-02         1.0000873435448959e-03         1.1456901111887236e-03         1.1733859923804494e-03         1.5457639457144238e-03         1.4274067911232147e-03
12                                    -2.4006871519183671e-02        -3.0586188444973600e-03         2.7388983988324324e-02        -1.0209015461257534e-03        -2.7580505503020485e-04         6.8079026127925984e-10        -6.6804447677886146e-03        -7.2917831521254542e-03
13                                     1.1437164023769753e-02         4.4440188377636441e-03        -1.6023283897315020e-02        -5.0002143467546556e-04        -1.5819385268235316e-04         5.7799576188129668e-10        -2.2015533566582000e-02        -1.3540749822912115e-02
14                                     8.4520865187744862e-03        -2.8039963494163669e-03        -1.6648617066052640e-03        -2.1040820589109664e-10        -2.5317606413258583e-10        -1.0369059915043069e-04        -4.1401692289883673e-03        -7.4525788818276123e-03
15                                     9.6240288164361684e-04        -3.0855861022282757e-07        -1.1136201372141225e-03         6.2175992172340284e-04         1.0020727837143522e-03        -1.5384410860290621e-03        -8.2832490922941843e-02        -2.0405544319013449e-02
16                                     8.6349159790305116e-05        -5.0257583065408187e-04        -5.0739232316238635e-04        -1.8624672541070735e-04         8.1138163331687108e-04        -6.2688713062751186e-05        -2.0327271300534057e-02        -1.5504750130622535e-01
17                                    -1.0630006475466089e-03        -4.0210754806970471e-04         1.9053845920026027e-03        -1.0000862940554925e-03        -1.1456883185325490e-03         1.1733858702853549e-03         3.2935964364625560e-03         1.3573554957251321e-03
18                                     1.1888412155797931e-02         3.9416743183886471e-03        -1.2468328485993024e-02        -6.4825573430099086e-03        -8.3816004383179127e-03         9.5819232326975166e-03         5.9761283584604738e-03         3.1459004149785724e-03
19                                     3.9416721349374417e-03         2.5415233508244012e-03        -5.6028905827597945e-03        -2.1205132205359814e-02        -1.3385217763870800e-02         3.0748103555320126e-02         3.0164181756624307e-02        -2.9796281516523974e-02
20                                     1.2468331766191665e-02         5.6028922499930939e-03        -3.5914757805904127e-02         3.2413616925301113e-03         7.0998254162915261e-03        -2.3998949885885128e-03         2.1516127974631830e-05        -6.6590329837825767e-04
21                                    -1.0536006265647593e-01        -7.3670660426352723e-03        -3.6922342887291820e-02        -8.7131078236717993e-02        -1.6465047361805790e-02        -1.0832623879925451e-09         1.2665322156263682e-03        -1.6556095728487803e-03
22                                    -8.3879479690351505e-03        -8.2839154967547929e-02        -1.5608037917829401e-02        -1.5480682418873362e-02        -1.6005586985918541e-01        -8.4245483318508318e-10        -3.1923130955014648e-04         1.3621487255501517e-03
23                                    -3.7505133287998454e-02        -1.4718406530734094e-02        -1.3533071779750139e-01        -2.8935504974983369e-09         2.3072877717944122e-10        -7.7193801544571811e-02        -4.8341115228530285e-04         2.7564580145337733e-04
24                                     4.6370694599724221e-01         4.6710654985392522e-02        -6.7585447057914874e-02        -6.4825565546552371e-03        -8.3815991632510689e-03        -9.5819205013177103e-03        -8.1787558101231728e-05         1.5247078270306819e-04
25                                     4.6710654985392522e-02         5.6506962041898123e-01        -1.7164464759856661e-02        -2.1205131401810802e-02        -1.3385219182637647e-02        -3.0748104916052666e-02         3.2995609524686526e-04        -4.2355886008383324e-04
26                                    -6.7585447057914874e-02        -1.7164464759856661e-02         5.1924163905050280e-01        -3.2413612189848388e-03        -7.0998244393023283e-03        -2.3998954327361585e-03         2.0987098205928027e-04        -4.3474029858932978e-04
27                                    -6.4825565546552371e-03        -2.1205131401810802e-02        -3.2413612189848388e-03         5.1958549440590607e-01         3.7546379226281366e-02        -6.6014693126011104e-09        -2.3437583047024205e-02         1.0121661923221420e-02
28                                    -8.3815991632510689e-03        -1.3385219182637647e-02        -7.0998244393023283e-03         3.7546379226281366e-02         4.4493042530353677e-01         6.4344748283880204e-09        -1.1540380813633063e-03         5.9995704560564661e-03
29                                    -9.5819205013177103e-03        -3.0748104916052666e-02        -2.3998954327361585e-03        -6.6014693126011104e-09         6.4344748283880204e-09         6.1143087433150556e-01         2.7253330727548021e-02        -1.5429810944926630e-02
30                                    -8.1787558101231728e-05         3.2995609524686526e-04         2.0987098205928027e-04        -2.3437583047024205e-02        -1.1540380813633063e-03         2.7253330727548021e-02         5.5552896002329943e-01        -4.8390939573186208e-02
31                                     1.5247078270306819e-04        -4.2355886008383324e-04        -4.3474029858932978e-04         1.0121661923221420e-02         5.9995704560564661e-03        -1.5429810944926630e-02        -4.8390939573186208e-02         4.7313063773447406e-01
32                                     1.3490439472589946e-04        -6.2347078271764861e-04        -6.0559604920483456e-04         6.8688899659540212e-03        -3.3632141114640496e-03        -2.3566981015973390e-03         6.2344931700586720e-02         3.6381731549683514e-02
33                                     2.0281319957710206e-04         3.0150446043042747e-04         5.7469499162525646e-05         1.0975479109157672e-03        -1.4531606484371930e-04        -8.5747374272804461e-10         2.2809913311138044e-03        -2.3191912182565829e-03
34                                     2.6660180049570769e-04         2.4467679657712987e-04         1.1945738615810712e-04        -4.7873778441447842e-03        -7.8679988074734711e-03        -8.0929720909377966e-10         7.9444770921242597e-04         1.8041896386688273e-03
35                                     3.2990948429941917e-04         3.7396291562545602e-04         2.5381009294328863e-05         2.2302072289944401e-09        -1.9048934894193271e-10        -4.5921160278460105e-04        -2.1025006513873479e-03         4.7012972452470381e-04
36                                     4.0457351789905554e-04         8.6349139469190902e-04        -4.8561398977546230e-04         1.2930179330191850e-03         2.3658234915209780e-04        -6.6403920858365681e-04        -1.5786405105769762e-03        -7.6246190226670219e-04
37                                    -1.1228710272887508e-03         1.5725064042182986e-03         1.0680942090939239e-03         6.3732087453010049e-05        -9.9753937807603877e-05         5.6459762131222412e-04        -8.2664688397786031e-04        -1.5576185674543016e-04
38                                     4.3153125444571165e-05        -1.2609907709298365e-04         3.3680764218080653e-05         1.8812397497647987e-03        -2.9928562527169363e-04         6.0453035825547632e-04        -5.1111167670187573e-03        -1.9494932036287764e-03
39                                     7.6744977069049918e-04        -1.8008495158104258e-03         3.8776477764610774e-04        -7.2255794226006725e-04        -2.2807655493545091e-03        -4.2020226750437871e-03         8.4851032729533864e-05        -3.5324926979850377e-04
40                                    -4.1509307433698801e-03        -6.2493103171316275e-03         8.3207129029661594e-05        -1.6977294748976614e-03         4.9781725460702796e-04        -1.0938305094547445e-03         1.4407388191785839e-04         6.6158789591614937e-05
41                                    -1.2075732717602817e-04        -8.5176385378327819e-04         3.7074198781386278e-04        -2.0893183806240077e-03        -1.9552716997879617e-03        -4.5557720915916306e-03        -1.0836573201340113e-03         6.5526620020095287e-04
42                                    -1.6035103892743558e-02        -5.8022099704932570e-03        -2.3049019650142510e-02         4.8463851031515116e-04         4.7729000296806298e-04         4.9352332655451699e-04        -1.1500001361671938e-04        -1.8946839859172065e-04
43                                     1.0796106961775857e-02         3.4749606949083765e-03         1.6180952464517676e-02         3.1978906815395992e-04        -2.5554551925659067e-04         1.9790995808357669e-04         2.6647048742147990e-05         1.2348138631485081e-04
44                                     7.4146984883318324e-04         4.7394419119121088e-04         9.6327143891567976e-04         1.4122916916388010e-04         4.2803740261411526e-05         1.5315908870332153e-04         3.4919919697216570e-04         4.7547818029558889e-04
45                                     6.0638685044301201e-04        -1.3892471754090763e-03        -5.3969575651100291e-04         1.6024423996910874e-04        -1.0387937866614605e-05         3.1809124025733902e-09        -1.6811027377916887e-03         3.4601892775331690e-04
46                                     6.5386519493462465e-04         3.3893334380155106e-04        -5.4741024914876577e-04         1.0905364421327779e-04        -1.8015843058653228e-04        -1.5681601445276890e-09        -7.6338753164744647e-04         1.1898485558542622e-03
47                                    -1.0794663448721554e-03         7.3987939770315278e-04         1.0142632746918327e-03         7.5015725531109839e-10        -1.1321336683561029e-09        -1.5707746860359802e-05        -3.6570298816535635e-03        -6.9706654939393625e-05
48                                    -2.3153461269329739e-04        -2.1482064309890966e-03         3.9330379923829817e-03         1.2598953122639617e-04         1.8589851529272720e-04         2.9944432990137601e-09         7.0624654398360187e-05         1.1502376134773064e-03
49                                    -8.4197098503475953e-04         1.2342008710866572e-04         6.4537128280715492e-04         4.9469492954910300e-05         6.6477668172706950e-05         1.3824983496373167e-09        -8.0012361761273507e-04         8.6911501039710782e-04
50                                     2.7472184542710167e-03         2.4024710030460736e-03        -5.1374386463489243e-03        -3.8925450412273576e-10         9.1638852216490744e-10         1.2255723741504522e-06         2.2753142944097280e-04         1.2911509714933875e-03
51                                    -2.9304388146126525e-04         5.5984568611876142e-05        -4.8127203002655593e-04         4.8464042654102640e-04         4.7729159422898868e-04        -4.9352265939658913e-04        -4.4792257429684184e-03        -2.0643641710976161e-03
52                                    -4.2510029799272179e-05         8.3319176251312908e-05         3.6450529125398772e-04         3.1979060463644435e-04        -2.5554598792985428e-04        -1.9790689393895831e-04        -1.8785050046215661e-02        -8.9337573999873892e-03
53                                    -5.2744466532720930e-04         1.8262164037616876e-04         3.7523444276185225e-04        -1.4122385301375967e-04        -4.2804614548849545e-05         1.5315422497578276e-04        -7.7119648910430744e-04         1.6111872799579323e-05
54                                     3.3568653320811381e-04         1.7767020015003803e-04        -1.1526543700797172e-03        -1.8237089784083216e-03         1.0460528852224496e-06         4.0609631555961600e-03        -5.2705711980968982e-03         2.4632477322059140e-03
55                                     1.4175402259658043e-04         4.4439670063928238e-05        -7.8226790306106745e-04        -9.3883679827857017e-04         1.3541630826674790e-03         1.6506424510507869e-03         4.4406047334714181e-03        -4.2339990274315592e-04
56                                     2.2453962593283481e-04         1.3567425251681798e-03         1.4700201980962597e-03         2.6254633070339865e-03         7.0172966504595397e-05        -4.9380871769644265e-03         4.1078158777708003e-04        -3.2855717682870938e-04
57                                    -1.7691045158458240e-03        -1.2740354447450704e-03         3.3535964015001512e-03         7.6680786307564870e-04         6.6752432863608499e-04         2.5268132127613269e-05         6.7325766157235031e-04        -1.5198327519400760e-03
58                                    -7.0476372893186904e-04        -6.3401480793226695e-05         6.4673401518341436e-04         6.7264860958573224e-04         5.5373402510099957e-04         7.7767212292731772e-04         4.4235815338761783e-04         1.1465722774766482e-03
59                                     5.2579735302849670e-03         2.0862085959724268e-03        -3.4369572934030944e-03        -1.2403229321011197e-03        -1.1656609011885025e-03         5.9342256456092896e-04         9.5782035687136499e-05        -1.9994314283264410e-04
60                                    -1.5038938361696985e-02         9.1671501958116765e-03        -4.1299108298422727e-04         8.0281965236135636e-03        -5.4817203428587620e-03        -3.0505340654414055e-09         2.1476444852500500e-04        -4.2769963903631922e-04
61                                    -7.4337717489494594e-03         4.1458468118865258e-03        -2.3542974080620186e-05         2.8095846612806077e-02        -2.0093120288367051e-02        -4.5646589545474787e-09        -5.0237625653679670e-04         1.4655257248840769e-04
62                                    -2.4209890190049550e-02         1.5552328316364755e-02        -7.7847266211814796e-04        -1.0102442036191204e-09        -5.1355355307498731e-10        -3.1820706833680262e-04        -2.1576156682883850e-04         5.5297852750389948e-04
63                                    -5.9601071212133587e-02        -5.7526030850208965e-02         1.2934988574808868e-03        -1.8237083210416219e-03         1.0453024749945694e-06        -4.0609586073987415e-03        -4.1370780315386950e-05        -7.4411256120669733e-05
64                                    -5.6875151931762985e-02        -2.8305906182692370e-01        -1.0279173174578132e-03        -9.3883754824535676e-04         1.3541665241459735e-03        -1.6506420051389144e-03        -1.2116532911695494e-04        -1.0850420048900966e-04
65                                     1.5898040004811561e-03         5.1187376087412795e-05        -4.7493616985850445e-02        -2.6254615573176091e-03        -7.0172319350756199e-05        -4.9380868928371423e-03        -3.3097050848723078e-05         6.7227058327528515e-05
66                                    -1.1762049605993836e-01        -2.7688218837264127e-02         1.1036905637515704e-01         7.6680727197702466e-04         6.6752002301467264e-04        -2.5268004924360564e-05        -5.3985639836087208e-06        -5.6807291797995353e-05
67                                    -2.8266696827345106e-02        -5.9005719859973563e-02         4.2044204545586591e-02         6.7264849750536728e-04         5.5373397861487560e-04        -7.7767588495029807e-04         3.7004638940131909e-06         1.3487285343383388e-04
68                                     1.1018574646399104e-01         4.1091973363993187e-02        -2.1421666736371398e-01         1.2403189287514228e-03         1.1656584517511766e-03         5.9342355362437121e-04        -1.0597781145063340e-05         1.6106415487957514e-04
69                                    -1.0273417210345925e-04         2.1274227545855205e-04         8.0338601357581420e-04        -1.1898683056577875e-01        -3.0197079271480652e-02         1.0817064950481133e-01        -3.9873074291198740e-03         4.0476672856723543e-03
70                                     2.5422174453708238e-04         1.4466327964509445e-03         1.4850708877371999e-03        -3.1572459100580014e-02        -5.7796177255547705e-02         4.6809356212172137e-02         3.3277129041955128e-03        -2.3005366002976720e-03
71                                    -5.0912901410531900e-04        -4.7462344171177607e-04         6.9850836577237813e-04         1.0967609474622522e-01         4.5998502029298935e-02        -2.1610458664110496e-01         1.3423843977316066e-04        -7.1951867685298397e-04
72                                     8.6346404792756034e-04        -1.1282466083521684e-03         9.4943801560275730e-04        -1.1898683513170606e-01        -3.0197079639693952e-02        -1.0817064596854142e-01         9.4492993780407718e-04        -7.0709030538620380e-04
73                                    -9.8086664776042293e-04        -6.9170496259471671e-03         1.7054022982303622e-03        -3.1572456420038364e-02        -5.7796177065625703e-02        -4.6809358506086793e-02        -7.6956935665648224e-04         2.9044715195975022e-04
74                                     6.9821605681341442e-04        -3.6095007189668529e-04         1.0666218229926794e-03        -1.0967609210224252e-01        -4.5998503743845842e-02        -2.1610458566257132e-01         9.0461572908682206e-04         2.5090858431757630e-04
75                                    -2.2569036469434305e-05        -9.1966286607418971e-06        -4.6596118161517340e-05         1.2930221026868256e-03         2.3658223056818254e-04         6.6403851123137997e-04        -1.2181025607945073e-01        -2.9423994801696288e-02
76                                    -1.1587096900029544e-04         6.3894171438895302e-05         5.9431786277752740e-05         6.3731844047783953e-05        -9.9750450377465586e-05        -5.6459930120029826e-04        -2.8972038104830400e-02        -5.8470447674955975e-02
77                                    -1.4719309005208851e-04         1.4807569066566714e-04         2.4189230132953474e-05        -1.8812403061616214e-03         2.9928644662459251e-04         6.0452928363754696e-04        -1.1042579691525126e-01        -4.5806998851797821e-02
78                                    -1.1755847749252970e-04        -7.4603878999178475e-05        -9.6726082294445667e-05        -7.2255817095910960e-04        -2.2807676829506903e-03         4.2020190616168735e-03        -2.1680318283848402e-01         1.1305335379100415e-01
79                                     7.7530892775332528e-05         6.4471906810159921e-05         1.6663692870122569e-04        -1.6977301903175271e-03         4.9781576745978233e-04         1.0938323719934164e-03         1.1235306434310763e-01        -1.1905718746240637e-01
80                                    -3.7208339399850184e-06         4.7752092967039611e-05         1.2677367371720762e-04         2.0893197433891394e-03         1.9552719338107030e-03        -4.5557749470755823e-03        -9.5986644732009804e-04        -1.2883498920509629e-04
                                                        32                          33                          34                          35                          36                          37                          38                          39

0                                      1.1822035224785827e-03        -3.6997648665384986e-01         1.8619639370103055e-01         2.9746445392766809e-10         8.4388589009664564e-04         6.1304103245328565e-04         1.2212828395971598e-04         1.9014586017683591e-03
1                                      3.1127125960655894e-03         2.3512890036506454e-01        -1.7917843593929406e-01         3.5716915008902992e-10         1.7292385080010693e-03         7.8587938678875203e-04         5.5070552437524057e-05        -6.9796074422891728e-04
2                                      2.5275101561122518e-03         1.8484152024625639e-09        -2.6776587685234822e-10        -2.0525283615601625e-03         7.6203051445673244e-04         2.3505935635410055e-04         3.4949160572587150e-03         1.0766160260767561e-03
3                                      3.7571207117212138e-02         6.8137094966336399e-03         3.8117536043651680e-02        -3.3042331728491410e-09         8.0633271032791460e-03         3.9211483978125600e-03         1.6210994347681681e-02        -1.7753636277208169e-02
4                                      1.0155133664800083e-02        -1.1166677919096007e-02        -2.8318522406959354e-02        -1.0058969626428788e-09         3.9451975658326153e-03         3.4006755446906213e-04         7.5886808522198680e-03         1.2165809223284122e-02
5                                     -1.4168426807256937e-01        -2.7507570967111270e-09        -7.3102802268866180e-09        -1.4596559996139877e-03        -1.5149816713887373e-02        -5.5941328224807553e-03        -2.5780045812389459e-02         5.5589083989990989e-04
6                                      1.3258045869451549e-02         2.2809933213910100e-03         7.9445438215080275e-04         2.1025026067541556e-03        -1.2181025655639899e-01        -2.8972042941778520e-02         1.1042579415499587e-01        -2.1680317893995205e-01
7                                      3.3858449814326286e-03        -2.3191887679063147e-03         1.8041933660228621e-03        -4.7012801247931554e-04        -2.9423992074213159e-02        -5.8470449574108616e-02         4.5807000110478294e-02         1.1305335148322151e-01
8                                     -3.4896424588404501e-02         6.8631565319750461e-04        -6.3749254651054767e-04         3.9219625918319209e-04         1.1210476519823989e-01         4.6943394513768583e-02        -2.1160429804056297e-01         8.8887930205980899e-04
9                                      3.9012572027413532e-04        -7.1434819898593587e-04        -1.3620587609787255e-04        -5.9018714925641110e-04        -5.7894699639316699e-03        -1.6598284343760181e-02        -9.5696982634619048e-04         6.6542082562797561e-03
10                                    -1.9370392721135277e-04        -1.8710910716526839e-05        -1.0753768536295562e-04        -9.5293459969596900e-05        -1.2319363330809754e-03        -7.6314857890056797e-03         3.4855582092169907e-05        -4.6639740146112024e-03
11                                     1.2795891606301353e-03        -3.9226404584394303e-04         7.4870995704767480e-04         3.5649075310013227e-05         6.5179146652356483e-03         2.6794302768532861e-02         1.3046692076063673e-03         7.9587834721745864e-04
12                                    -9.1431185576244939e-03         7.3026180437489943e-05        -1.1955535661108910e-04        -1.2657311140115608e-09         1.8373028011755589e-04        -5.7185067195893342e-04        -4.1380067742554164e-04         6.8355339236319049e-04
13                                    -3.0464472221721779e-02        -5.0735304907525980e-05         4.8784224863138810e-05        -1.0571649248580021e-09        -2.3008952453599085e-03        -6.7173728418139320e-03        -4.6163703603862259e-04        -2.9883919413690226e-04
14                                    -2.3388866729993699e-03         1.3449138789098410e-10         1.6864511222128228e-09         3.2460840539476392e-04        -8.8372879531797410e-04        -1.5701292838200820e-03         1.5394250198890944e-03        -8.6258704158149405e-05
15                                     3.2523822828368562e-03        -7.1434578529117705e-04        -1.3619980086813574e-04         5.9018840997104350e-04        -2.1341221986891524e-04        -2.3948187974136813e-04        -1.7268514511003109e-04         6.6368608786789018e-05
16                                     8.8795716869020241e-04        -1.8710604352462296e-05        -1.0753422439952962e-04         9.5295919861671983e-05        -1.9386689806865157e-04        -1.2610742549329877e-04        -7.2120914532177154e-04         2.1277968088913605e-04
17                                    -8.2505454610594858e-02         3.9226181979836860e-04        -7.4871917063276108e-04         3.5646292138869076e-05        -8.3525303153418693e-05        -3.7854955495416134e-04         2.8783182622895819e-04        -2.0106327392696664e-04
18                                    -2.2663802362712752e-04         2.0281209607045359e-04         2.6660039333854585e-04        -3.2990727262180620e-04        -2.2568776825170750e-05        -1.1586660666274386e-04         1.4719221590165895e-04        -1.1755826327304163e-04
19                                     6.5656415567409004e-04         3.0150465203258436e-04         2.4467098645204960e-04        -3.7396637813082151e-04        -9.1992213508487741e-06         6.3894743348077206e-05        -1.4807481263976081e-04        -7.4601447664838019e-05
20                                     1.0206356125886766e-03        -5.7467912605549572e-05        -1.1945575737166720e-04         2.5383804234187192e-05         4.6598540768110971e-05        -5.9434504355096668e-05         2.4192082372794486e-05         9.6727820008590988e-05
21                                     3.9003624595043999e-05        -1.5094359597043767e-05         2.8733757767577780e-03        -1.4028255362176387e-09         7.8325043274623217e-06         1.4506234620819227e-04        -2.2819227108263800e-04         1.0065379054767249e-05
22                                    -4.3154286141115078e-04        -7.6531870388288803e-04        -1.3212168614653262e-04         8.3537525811353256e-10        -2.4930584951708755e-04        -1.1352404948596680e-04         2.2328011495512156e-04        -5.6273422370181365e-04
23                                    -4.0884533540068435e-04         2.4998127738782785e-10         5.5304431194028536e-10         8.4030219930138509e-04         1.2423838106298654e-04        -2.6224041090859703e-05        -1.3264280711268363e-04         1.1160109670455302e-04
24                                     1.3490439472589946e-04         2.0281319957710206e-04         2.6660180049570769e-04         3.2990948429941917e-04         4.0457351789905554e-04        -1.1228710272887508e-03         4.3153125444571165e-05         7.6744977069049918e-04
25                                    -6.2347078271764861e-04         3.0150446043042747e-04         2.4467679657712987e-04         3.7396291562545602e-04         8.6349139469190902e-04         1.5725064042182986e-03        -1.2609907709298365e-04        -1.8008495158104258e-03
26                                    -6.0559604920483456e-04         5.7469499162525646e-05         1.1945738615810712e-04         2.5381009294328863e-05        -4.8561398977546230e-04         1.0680942090939239e-03         3.3680764218080653e-05         3.8776477764610774e-04
27                                     6.8688899659540212e-03         1.0975479109157672e-03        -4.7873778441447842e-03         2.2302072289944401e-09         1.2930179330191850e-03         6.3732087453010049e-05         1.8812397497647987e-03        -7.2255794226006725e-04
28                                    -3.3632141114640496e-03        -1.4531606484371930e-04        -7.8679988074734711e-03        -1.9048934894193271e-10         2.3658234915209780e-04        -9.9753937807603877e-05        -2.9928562527169363e-04        -2.2807655493545091e-03
29                                    -2.3566981015973390e-03        -8.5747374272804461e-10        -8.0929720909377966e-10        -4.5921160278460105e-04        -6.6403920858365681e-04         5.6459762131222412e-04         6.0453035825547632e-04        -4.2020226750437871e-03
30                                     6.2344931700586720e-02         2.2809913311138044e-03         7.9444770921242597e-04        -2.1025006513873479e-03        -1.5786405105769762e-03        -8.2664688397786031e-04        -5.1111167670187573e-03         8.4851032729533864e-05
31                                     3.6381731549683514e-02        -2.3191912182565829e-03         1.8041896386688273e-03         4.7012972452470381e-04        -7.6246190226670219e-04        -1.5576185674543016e-04        -1.9494932036287764e-03        -3.5324926979850377e-04
32                                     5.2056972203502450e-01        -6.8631411593600943e-04         6.3749667519870791e-04         3.9219896361050851e-04        -2.7703558905274438e-03        -1.8633259409678313e-03        -3.4202260061908206e-03         1.4963209617955646e-03
33                                    -6.8631411593600943e-04         3.5986042752805858e-01        -2.1987090824886768e-01        -2.5310087288557820e-09        -1.5998104733878308e-04         2.9101634372865476e-04         8.8160014059290512e-05        -6.7951671240071634e-04
34                                     6.3749667519870791e-04        -2.1987090824886768e-01         2.1109202621510065e-01         3.0796057480416666e-10        -2.1112365739039572e-04         1.6560446115993421e-05        -3.4583460464169755e-05        -1.2951630695608712e-03
35                                     3.9219896361050851e-04        -2.5310087288557820e-09         3.0796057480416666e-10         2.8589433136039836e-03         2.5860320772657644e-04        -2.7721737880636872e-04        -5.2805100976515535e-04        -1.0905409749230250e-03
36                                    -2.7703558905274438e-03        -1.5998104733878308e-04        -2.1112365739039572e-04         2.5860320772657644e-04         1.3026945170948928e-01         3.4456657830583826e-02        -1.1969029995966801e-01        -1.3064972801206248e-02
37                                    -1.8633259409678313e-03         2.9101634372865476e-04         1.6560446115993421e-05        -2.7721737880636872e-04         3.4456657830583826e-02         6.5429208363744079e-02        -5.1150021769937042e-02         9.1654870979131220e-03
38                                    -3.4202260061908206e-03         8.8160014059290512e-05        -3.4583460464169755e-05        -5.2805100976515535e-04        -1.1969029995966801e-01        -5.1150021769937042e-02         2.3296735944179031e-01        -1.3342177121390721e-03
39                                     1.4963209617955646e-03        -6.7951671240071634e-04        -1.2951630695608712e-03        -1.0905409749230250e-03        -1.3064972801206248e-02         9.1654870979131220e-03        -1.3342177121390721e-03         2.3668533657321181e-01
40                                     2.3718530712505976e-04         5.8705426376688425e-04        -9.4388175781479153e-05        -8.2931345934068781e-05        -6.2568268467319728e-03         3.7086190974057456e-03        -2.0486497786944939e-04        -1.2354833273629669e-01
41                                     1.6311200281171091e-03         2.4637697111624599e-04        -1.0509848949687736e-03         1.5925974318851995e-04         2.0685408214616528e-02        -1.4767069811081990e-02         5.4440975844684530e-04         2.8677731887752330e-03
42                                     1.6549112813378465e-05        -1.5756027736011854e-05         4.1165992568442276e-05         4.7424130323361828e-05        -2.3240017041977357e-04         1.3352610540258002e-05         8.5990660363037888e-06         6.0516513475877658e-04
43                                     4.4362360820220537e-04        -1.9803679434155430e-04         3.1614669288068610e-04         1.1081720321955572e-04        -3.5105727081398679e-05         1.1478665257677401e-03         5.1055357488057019e-04         6.8405650737455681e-04
44                                     5.1956178319351610e-04        -3.1792912767677518e-05         6.3573597917705293e-05        -4.3147189997617789e-05        -5.4922622658379501e-05        -4.1734416070139495e-04         5.8863806848689221e-04         1.2384772784031217e-04
45                                    -3.0806016374646233e-03        -3.3520778661333319e-05         4.9546747345657286e-05         4.0291606802381010e-10         2.2245187802003171e-05        -1.1269375091091883e-03        -2.1171104409376494e-05         2.0767284302368417e-04
46                                    -1.9552627609923188e-03         2.3751711689060789e-05         1.1111805513924723e-04         2.8826726956362931e-10        -4.1609931460893316e-04        -4.8333367986880878e-04        -1.2369802300552391e-04        -4.9323350757250056e-06
47                                    -4.9121716229955656e-03         1.1193575156823953e-10        -1.1293599430060883e-10        -2.1011066577550483e-04         8.0572430025844632e-04         1.8261923103348938e-03         1.5327639338059802e-04        -1.4995077257026884e-04
48                                     7.3411840011890998e-04        -3.5730896365205461e-05        -7.9063702855289471e-05         6.3253635229034239e-10         4.8672217534809778e-04        -9.0643313889224027e-05         6.3149008196327489e-05         1.8164988079067638e-04
49                                     6.1052771350451202e-06        -1.6078198408695822e-05        -5.2239962497654426e-05         1.7177474662833128e-09         7.3377361435525510e-05         1.0474282943285281e-04        -3.9407504211980311e-05         5.4479529872243811e-05
50                                     9.5676260663451465e-04         2.0081916302482642e-11        -2.7189583610580732e-10         3.3642361005061112e-05        -3.9461906901425614e-04        -1.7198656159678102e-04        -8.7823331733357258e-05        -2.3487347191580637e-04
51                                     6.1111554910873202e-03        -1.5755454247749767e-05         4.1162683239881525e-05        -4.7422362181710452e-05         5.1867146619438958e-06         1.0821377679121091e-04         6.4483003159658027e-05         1.5645235039171181e-05
52                                     2.8424781541560428e-02        -1.9803641142930833e-04         3.1614568262981269e-04        -1.1081985738535616e-04         7.3319795407890561e-05         5.7198951818421663e-05         1.2148144686164231e-04         2.7511545471024064e-05
53                                     1.0385269983720254e-03         3.1794296535730786e-05        -6.3569242501978433e-05        -4.3146010740524935e-05         8.6024410278965832e-05         7.0589540345279288e-05         5.1571440469907331e-05         7.0157364084975221e-07
54                                    -5.5275851660964090e-04        -1.1312374959596876e-05        -1.6556203340021658e-04         1.0558670506817310e-04        -4.9794674160531793e-05        -3.3904194246737177e-05        -1.0636883019920704e-04         1.0176660545873468e-04
55                                     2.6913059831972647e-05         7.2256812321173144e-05         9.5341966640274424e-05        -1.3850416609151930e-04         2.9784287475665815e-05         5.9722957265542125e-05         5.8499892694407161e-05         8.6970198218960793e-06
56                                     3.2682358603729764e-04        -4.6034060922074053e-05         9.9856448702058745e-05         1.6194896210288169e-05        -4.5738140946743346e-06        -1.5898627518776141e-06         5.1500687778788733e-05        -5.8456656436758057e-05
57                                    -3.6650923241771452e-04         1.2544176806522297e-05        -1.9023469983994604e-05        -4.0527412556464197e-05         7.7441414693320406e-05         1.1885471829428142e-04         1.5446792368239287e-05        -1.1422084973866566e-05
58                                     1.0607697535019523e-03        -2.1559943036257578e-05        -2.6737286589481515e-05         1.9295830924844675e-05        -5.0027236459138525e-06        -5.0301352678116710e-05        -2.9164835431455278e-05        -3.1030634899573703e-05
59                                     1.1177817999962272e-05        -3.5707104225576360e-06        -1.6740992940457618e-06        -4.7718599019171864e-05         7.9196793029280392e-06        -3.3817680621881885e-05         3.5616056677057611e-05         2.2347911225866716e-05
60                                     8.3963465657868434e-06         1.5475722346917128e-05        -3.3783773829996208e-04         1.1366576848745579e-09        -8.0229167559457866e-06         7.2601316134958426e-05        -1.7409833229424174e-05         1.8667901779053763e-05
61                                     2.3231517642510323e-04         1.0286944623160051e-05        -8.2073186561698662e-04         1.8670253714315814e-09         2.8761496031548713e-05        -2.3939852719144050e-06         6.2860396040806139e-05         1.0870246934745285e-04
62                                     2.2577004424034717e-05         5.4932144094202588e-10         1.0402237427913986e-09        -6.5626000123501630e-05         2.0386893367224304e-05         1.2926257197685753e-05         1.1044571468328155e-05         6.1854234633793617e-05
63                                    -8.3530281181683902e-06        -1.1313059852519633e-05        -1.6556222507651782e-04        -1.0558760087599342e-04        -1.1785885797474917e-05        -1.3212689633943476e-04        -1.8769038648539763e-04         4.1544666517088699e-04
64                                     1.3993765306582161e-04         7.2257321492357526e-05         9.5340234051830616e-05         1.3850554639040436e-04         3.1356582258979058e-05         3.4962144391288902e-04        -2.2473684387616308e-05        -2.4518205040953596e-04
65                                     7.1565283665036064e-05         4.6034694991672963e-05        -9.9856086204661845e-05         1.6196737118663863e-05        -2.0000702459213615e-04        -4.6994665420190934e-04         2.0064798955442541e-04        -1.3387557283728037e-04
66                                    -2.8055051821455033e-05         1.2543339527616368e-05        -1.9024033408684103e-05         4.0526796244113542e-05         5.2039739528170984e-04         8.5220675305060483e-04        -3.5182098579559281e-04         1.0186831797980933e-04
67                                     4.9303499896277258e-05        -2.1560753137534871e-05        -2.6737578402314961e-05        -1.9295304121414925e-05         2.0911926849791554e-05        -4.2556575436781771e-04         3.4016698650838652e-04        -1.1160785447687739e-04
68                                     7.2995022843764384e-05         3.5717183042649828e-06         1.6743761073645565e-06        -4.7718103387049877e-05        -5.2325072394235339e-05        -5.3100783009454487e-04         1.9651671741848127e-04        -1.3035739417613032e-04
69                                    -1.8637966481803384e-03         1.8488668550721349e-04        -3.0385831113642842e-04        -1.4949812111869648e-04        -3.0497589499115180e-04         1.9889964236597784e-04        -1.1620420021489848e-03         5.1579290070754040e-04
70                                     1.4670895940509200e-04        -2.6062412382593658e-04         3.1081065970813633e-04         4.1454285394990043e-05        -9.9281755549158936e-05         1.5065298562159197e-04         2.9607003809084759e-04        -1.4371867515425274e-04
71                                     1.2355859977229121e-03        -2.2265700443279551e-04        -9.8669994424343231e-05         8.5050278421825885e-05        -5.5637481303986991e-05         2.2322782491740207e-04         4.4852398316744431e-04        -4.4076768747744813e-05
72                                    -1.7584641095894486e-03         1.8488664169723787e-04        -3.0385937784860794e-04         1.4949621616779191e-04         9.0255783425050116e-05         8.6856811265375255e-05        -8.1275071650531439e-05        -1.0559964042136274e-03
73                                     5.5412959381515980e-04        -2.6062460436469597e-04         3.1080773568198817e-04        -4.1453200988274009e-05        -1.1409345071448332e-04        -5.8370073067473050e-05        -3.3169974074246668e-04         1.0474847144205488e-03
74                                     5.6909292411915988e-04         2.2265793017684377e-04         9.8670830385909694e-05         8.5050240814835826e-05         1.6914466428490874e-04        -8.9976896751189439e-05         4.5754802260128836e-04        -3.9669194454667288e-04
75                                    -1.1210477095893454e-01        -1.5998001733573668e-04        -2.1112233383400450e-04        -2.5860515171380446e-04         7.6432782140794121e-04         2.6872362881951426e-05         8.9434748291990392e-04         2.1388420735129815e-04
76                                    -4.6943386826371128e-02         2.9101428711145487e-04         1.6560118513206726e-05         2.7721671117787852e-04         2.6866694321324132e-05         4.9395899970033756e-04         5.8540874370555248e-04        -3.3014209001993786e-04
77                                    -2.1160430634567515e-01        -8.8160171975549574e-05         3.4582394473807801e-05        -5.2804996718168202e-04        -8.9434220364850237e-04        -5.8541117446108933e-04        -1.7312515940300418e-03         1.1164084287036864e-04
78                                    -8.8887992188188937e-04        -6.7951626346157701e-04        -1.2951613958679530e-03         1.0905425757288460e-03         2.1388598742321831e-04        -3.3014459653251597e-04        -1.1164054026808947e-04         9.7798811854340160e-04
79                                    -8.6631659370497538e-04         5.8705465457441642e-04        -9.4387200522010051e-05         8.2932674987238708e-05        -1.7955705465445143e-04         5.3919630105292308e-05        -9.3538469601364520e-05        -1.2049327665531080e-04
80                                    -4.7512567575462870e-02        -2.4637806905515786e-04         1.0509839426831422e-03         1.5925993111853297e-04        -2.2293765249063009e-04         3.0012460149739017e-04         2.8844015471463807e-04        -4.7022744376698554e-04
                                                        40                          41                          42                          43                          44                          45                          46                          47

0                                     -5.2762427268257441e-04         1.8567124918480490e-03        -3.4305292677527972e-04        -1.9422447104641383e-03        -7.0994582880135222e-05        -7.6359305266555217e-05        -1.7086093720113105e-04         1.0974680583726138e-10
1                                      2.4407553225269185e-03         1.8781550889605050e-03        -5.8497838371077658e-04        -2.4930057358525282e-03        -5.6652911475411558e-05        -4.8972503628186888e-05        -2.2428188356433693e-04        -2.0830728737421860e-10
2                                      4.4088277169717933e-04         1.0554724090418755e-03        -6.3540554751092507e-04        -2.2170201637407932e-03         3.4762140624358976e-05        -1.2837503370277619e-09        -1.1368226958774942e-09         8.7804289250724096e-04
3                                     -5.6365250342915851e-03        -2.3995364607642518e-02         1.0787991004854772e-03         1.1777927264462092e-03         6.0984344633610750e-04         5.9238244891191222e-04         6.3992478290552952e-04        -9.6903038777334311e-10
4                                      1.4207592291347855e-03         1.6062643786614601e-02        -1.1256168182103773e-03        -4.8280461602415855e-03         3.5379743860599125e-04         3.8521844155385999e-04         4.6086831399693579e-04         2.8604428882246652e-09
5                                     -8.2379760806933558e-05        -1.7591268465005664e-03         1.4762971447372791e-03         3.9752003300431967e-03         1.3308717309683084e-03         4.3871114716548496e-09         4.9522497555483566e-09        -1.4849750314846210e-03
6                                      1.1235306880335479e-01         9.5986386656430928e-04        -4.4792277642082016e-03        -1.8785049870882212e-02         7.7119228614297040e-04        -1.6811023429215135e-03        -7.6339040361354978e-04         3.6570317012456213e-03
7                                     -1.1905719135825672e-01         1.2883880757640249e-04        -2.0643658973430426e-03        -8.9337547817972714e-03        -1.6113553839002329e-05         3.4601582989735036e-04         1.1898488405040590e-03         6.9704836097451983e-05
8                                      8.6631224460995203e-04        -4.7512570797150933e-02        -6.1111515572338437e-03        -2.8424777972626637e-02         1.0385326665344951e-03         3.0806013696526935e-03         1.9552625816759116e-03        -4.9121679792703352e-03
9                                      2.7659747701832365e-02         1.8394785221466908e-03        -1.1803422873659733e-01        -2.7880859861167912e-02        -1.1018122462283189e-01        -5.7219544440024681e-03        -8.9979029272483149e-04         6.9521864245387054e-03
10                                    -1.8797878699888589e-02        -3.4049748611100338e-04        -2.7794629027298713e-02        -5.6224834412967183e-02        -4.2455495951031347e-02        -1.6683549817732093e-02        -7.4618634936529891e-03         2.7751125190447173e-02
11                                     5.5009315358713149e-04        -1.2931181598062492e-03        -1.1027555056629249e-01        -4.2690106771966496e-02        -2.1417163126463939e-01        -1.2751389004634923e-04         8.4885843749580442e-05        -2.7669318719913787e-04
12                                     1.7159494168255034e-03        -6.1931553691252079e-04         1.0190010959021056e-02         4.2119336619503948e-03        -1.4169191024292522e-02        -6.2951194918082098e-02        -5.9113185848187449e-02         1.8461946459645897e-09
13                                     1.1634798837025684e-03         6.4319387496197182e-04         4.2029007917315083e-03         1.0549013146416086e-03        -5.6393044844025532e-03        -5.7887695253393143e-02        -2.8266049711096175e-01        -1.7762936774382602e-09
14                                    -7.7664436172394675e-04         6.7944450241199506e-05         1.6419688553109296e-02         6.6378769902625725e-03        -2.2892867228930178e-02        -1.7649469503707707e-09        -5.6565481245760502e-10        -4.4904541619201481e-02
15                                    -1.6430316900690502e-04         2.8292137926967990e-05        -2.0799379797221866e-03        -1.1504248861607495e-03         5.2660267431496087e-03        -5.7219562845813674e-03        -8.9979412850150695e-04        -6.9521897880533475e-03
16                                    -2.1335869799528426e-04        -1.3041963254232982e-04        -1.0955155877749295e-03         1.4587588715788292e-04         2.0942337570344152e-03        -1.6683551874313998e-02        -7.4618642718702567e-03        -2.7751123662567906e-02
17                                     2.0255357500645202e-04        -6.9833900241787414e-05         3.1042752855448517e-03         9.3257633542856086e-04        -3.2212926423830293e-03         1.2752006225541165e-04        -8.4886509837619334e-05        -2.7669178863276318e-04
18                                     7.7531228702822129e-05         3.7202085362884147e-06        -2.9304250079925756e-04        -4.2511095696222932e-05         5.2744526927118009e-04         6.0638732623040760e-04         6.5386638461561954e-04         1.0794678054483896e-03
19                                     6.4474424035585853e-05        -4.7749031677337788e-05         5.5985631463255966e-05         8.3320423293129181e-05        -1.8261720885111472e-04        -1.3892384980420049e-03         3.3893644308869916e-04        -7.3987959510600433e-04
20                                    -1.6663986033114975e-04         1.2677604135406231e-04         4.8127324156675439e-04        -3.6450521895711437e-04         3.7523255029420959e-04         5.3969160517821767e-04         5.4741038516411926e-04         1.0142612126136882e-03
21                                    -2.6212623934119585e-04         4.8160952168093286e-05        -4.3224169151479790e-03         3.1695165262806127e-03         2.7756955555462842e-04        -1.8929108265477133e-04        -3.2561815079381901e-04        -2.6950102909548514e-09
22                                    -4.5435456741651364e-05        -5.6116551588341647e-04         4.4901363766201626e-03        -2.1929520220192460e-03         3.0633220339843122e-04         1.1677278737439516e-04         4.9340976690221035e-05         1.1781780771056341e-09
23                                    -4.5981465109138026e-04        -2.8311216583755861e-05         1.8261443487261660e-03        -9.7465793533395469e-04         1.3344080747795493e-03        -2.6805310004080651e-09         1.0009839782568965e-09        -5.0404810023686351e-05
24                                    -4.1509307433698801e-03        -1.2075732717602817e-04        -1.6035103892743558e-02         1.0796106961775857e-02         7.4146984883318324e-04         6.0638685044301201e-04         6.5386519493462465e-04        -1.0794663448721554e-03
25                                    -6.2493103171316275e-03        -8.5176385378327819e-04        -5.8022099704932570e-03         3.4749606949083765e-03         4.7394419119121088e-04        -1.3892471754090763e-03         3.3893334380155106e-04         7.3987939770315278e-04
26                                     8.3207129029661594e-05         3.7074198781386278e-04        -2.3049019650142510e-02         1.6180952464517676e-02         9.6327143891567976e-04        -5.3969575651100291e-04        -5.4741024914876577e-04         1.0142632746918327e-03
27                                    -1.6977294748976614e-03        -2.0893183806240077e-03         4.8463851031515116e-04         3.1978906815395992e-04         1.4122916916388010e-04         1.6024423996910874e-04         1.0905364421327779e-04         7.5015725531109839e-10
28                                     4.9781725460702796e-04        -1.9552716997879617e-03         4.7729000296806298e-04        -2.5554551925659067e-04         4.2803740261411526e-05        -1.0387937866614605e-05        -1.8015843058653228e-04        -1.1321336683561029e-09
29                                    -1.0938305094547445e-03        -4.5557720915916306e-03         4.9352332655451699e-04         1.9790995808357669e-04         1.5315908870332153e-04         3.1809124025733902e-09        -1.5681601445276890e-09        -1.5707746860359802e-05
30                                     1.4407388191785839e-04        -1.0836573201340113e-03        -1.1500001361671938e-04         2.6647048742147990e-05         3.4919919697216570e-04        -1.6811027377916887e-03        -7.6338753164744647e-04        -3.6570298816535635e-03
31                                     6.6158789591614937e-05         6.5526620020095287e-04        -1.8946839859172065e-04         1.2348138631485081e-04         4.7547818029558889e-04         3.4601892775331690e-04         1.1898485558542622e-03        -6.9706654939393625e-05
32                                     2.3718530712505976e-04         1.6311200281171091e-03         1.6549112813378465e-05         4.4362360820220537e-04         5.1956178319351610e-04        -3.0806016374646233e-03        -1.9552627609923188e-03        -4.9121716229955656e-03
33                                     5.8705426376688425e-04         2.4637697111624599e-04        -1.5756027736011854e-05        -1.9803679434155430e-04        -3.1792912767677518e-05        -3.3520778661333319e-05         2.3751711689060789e-05         1.1193575156823953e-10
34                                    -9.4388175781479153e-05        -1.0509848949687736e-03         4.1165992568442276e-05         3.1614669288068610e-04         6.3573597917705293e-05         4.9546747345657286e-05         1.1111805513924723e-04        -1.1293599430060883e-10
35                                    -8.2931345934068781e-05         1.5925974318851995e-04         4.7424130323361828e-05         1.1081720321955572e-04        -4.3147189997617789e-05         4.0291606802381010e-10         2.8826726956362931e-10        -2.1011066577550483e-04
36                                    -6.2568268467319728e-03         2.0685408214616528e-02        -2.3240017041977357e-04        -3.5105727081398679e-05        -5.4922622658379501e-05         2.2245187802003171e-05        -4.1609931460893316e-04         8.0572430025844632e-04
37                                     3.7086190974057456e-03        -1.4767069811081990e-02         1.3352610540258002e-05         1.1478665257677401e-03        -4.1734416070139495e-04        -1.1269375091091883e-03        -4.8333367986880878e-04         1.8261923103348938e-03
38                                    -2.0486497786944939e-04         5.4440975844684530e-04         8.5990660363037888e-06         5.1055357488057019e-04         5.8863806848689221e-04        -2.1171104409376494e-05        -1.2369802300552391e-04         1.5327639338059802e-04
39                                    -1.2354833273629669e-01         2.8677731887752330e-03         6.0516513475877658e-04         6.8405650737455681e-04         1.2384772784031217e-04         2.0767284302368417e-04        -4.9323350757250056e-06        -1.4995077257026884e-04
40                                     1.3412416630405166e-01         1.0663652858912092e-04        -1.0286218030231258e-04         9.6035505755176671e-04        -5.2287604916277479e-04        -3.0396948563257838e-04         3.8629049556350350e-04        -4.0217747881301754e-04
41                                     1.0663652858912092e-04         5.0521648379396919e-02         3.4640734873829087e-04        -1.4576539741031273e-04         2.6619159002109409e-05         3.0994627163499731e-05        -9.4884058846273742e-05        -2.1891091210912884e-05
42                                    -1.0286218030231258e-04         3.4640734873829087e-04         1.3099493984591867e-01         2.9762377989101921e-02         1.1765237703719549e-01         5.9725985423812029e-04         9.0840547893641065e-05        -7.9591096600954193e-04
43                                     9.6035505755176671e-04        -1.4576539741031273e-04         2.9762377989101921e-02         6.5397961240967861e-02         4.5342154903386153e-02         4.7127161084375442e-04         2.1046649189714224e-04        -4.1758306980932023e-05
44                                    -5.2287604916277479e-04         2.6619159002109409e-05         1.1765237703719549e-01         4.5342154903386153e-02         2.3355091219275850e-01        -2.2322862174910035e-04         5.5194799945783475e-04         6.4497951008053982e-04
45                                    -3.0396948563257838e-04         3.0994627163499731e-05         5.9725985423812029e-04         4.7127161084375442e-04        -2.2322862174910035e-04         6.7358036764003718e-02         6.7034504852556909e-02         1.7773059996181750e-09
46                                     3.8629049556350350e-04        -9.4884058846273742e-05         9.0840547893641065e-05         2.1046649189714224e-04         5.5194799945783475e-04         6.7034504852556909e-02         3.0725175032428925e-01         2.7348143584807194e-09
47                                    -4.0217747881301754e-04        -2.1891091210912884e-05        -7.9591096600954193e-04        -4.1758306980932023e-05         6.4497951008053982e-04         1.7773059996181750e-09         2.7348143584807194e-09         5.3095599014863597e-02
48                                    -1.0701551457741858e-03         1.8094089625936315e-04         7.7863246820176341e-04        -2.1847644579410866e-05         1.9875926636679642e-04         7.3514775218087918e-03        -4.7651838578104087e-03        -7.5913835539280733e-10
49                                     8.7526439293665343e-05         2.3810838816886882e-04         3.4664575860403075e-04         1.1237339989119332e-04        -5.7770460396757914e-04         2.5804901211254266e-02        -1.5152974960590045e-02        -9.8130339398931789e-10
50                                     7.0016888124684929e-04         9.8296154943193145e-05        -5.7139814204788851e-04        -5.6830277118183369e-04         7.2198908848411644e-04         2.0274411066999389e-09         9.7597579109936877e-10        -6.7040702330712102e-04
51                                    -1.3275688845212083e-05         4.5207508156228050e-05         5.7393270400146116e-04         1.7377374599791752e-04        -1.1013638610572422e-03         5.9725760156594562e-04         9.0841873085212126e-05         7.9591255186370249e-04
52                                     1.7642095784826039e-05         3.0636453974941253e-05         1.7377599318534487e-04         3.1548548272586390e-04        -3.2136672351770355e-04         4.7127438097486650e-04         2.1046820021947132e-04         4.1758098110086708e-05
53                                     8.0929136808886686e-05        -1.5003197955487755e-05         1.1013633199323082e-03         3.2136698189260445e-04        -1.5844321306712852e-03         2.2322666747240935e-04        -5.5194900208315259e-04         6.4497778547147207e-04
54                                     9.3353755422584958e-06         6.8381804349354044e-05         3.8175552633954975e-05        -2.1330683938986352e-05        -3.5799109925972825e-05        -3.9085528827598941e-04        -4.3764455977595741e-04        -3.1837147006129763e-04
55                                     5.4627743248044942e-05         1.2465590813561238e-05         1.7681385711249258e-05        -6.7835368319898916e-06         5.5942732596921292e-05         6.1762187859805515e-04         6.4150521644376970e-04         6.7197579396209247e-04
56                                    -4.4677335279239030e-05        -7.4740008297634016e-05        -5.0552013514798316e-05        -6.3671022276316758e-06        -2.1362725681882237e-05        -3.2184310836663320e-04         4.7059931593403017e-05         8.7477730813881677e-05
57                                    -1.0064704376907510e-04         2.6326043433537059e-06         1.7949021481619871e-04        -3.9358142899671125e-05        -1.1450214216555867e-04         3.0390292267412926e-04         1.1714633765349831e-04         4.2654535923902998e-04
58                                     1.7252565229914892e-05        -1.9447452712357909e-06        -7.2139570823163621e-05        -2.0013278181464178e-05        -6.2212061130786922e-06         2.5584820916255970e-04         3.0076759843443261e-04         1.2718119489033101e-04
59                                     1.1245121341350319e-04         6.3562991505147380e-05        -1.0438509959245258e-04         4.8320918597136208e-05         6.6018217451968477e-05         1.1987205364673379e-05        -7.6704342920745107e-05        -7.2259037792540013e-05
60                                     5.0160796211127460e-05         1.0469017090319668e-04        -1.0148567190284747e-03         7.3963486628649618e-04         6.9650707492382481e-05        -5.5119056316732160e-05        -3.8266284241151791e-05         3.4957624522222974e-10
61                                     6.5624727364224644e-05         8.4175343239519380e-05        -2.8382077215313912e-04         3.4861462188853429e-04        -1.2177365530143718e-04         3.0141484911138934e-05         3.2198007148811700e-07        -2.5498874353664973e-09
62                                     1.0843193526999877e-04         3.6924837141233369e-05        -1.6974671406534345e-03         9.1545986230019173e-04        -3.5643146340632887e-05        -2.7916270853481913e-09        -3.5826723585975771e-10         6.2366493382731608e-05
63                                     1.9327010851621688e-03         1.5338921412390131e-04         1.0142375135274674e-03        -6.2667178028069821e-04        -3.0399888391343831e-04        -3.9085418660234799e-04        -4.3764253281709624e-04         3.1837164613315075e-04
64                                    -1.3381183266095087e-03        -3.1071361200919837e-04         2.0148292140154123e-04         4.3688554369657314e-04         4.8317660168824619e-04         6.1762045147027299e-04         6.4150527611094542e-04        -6.7197512288960735e-04
65                                     2.4844128425338761e-04         4.5872331680738422e-04         1.0371322537025822e-04         3.2338895628140283e-04         4.5618210303945898e-06         3.2183927895308039e-04        -4.7062264605572863e-05         8.7476483887159197e-05
66                                    -2.4878482769633481e-04        -4.6772075618174550e-04         4.0825916641890232e-04        -7.0624233447658157e-04        -3.2474136701638855e-04         3.0390459690457906e-04         1.1714757259816307e-04        -4.2654558059596515e-04
67                                     2.2814712016849944e-04         2.4807974566056341e-04        -7.3599028886541873e-04         5.5854710139972613e-04         2.3643386971393052e-04         2.5584629465000665e-04         3.0076647483388494e-04        -1.2718023487609867e-04
68                                    -9.1933396701175153e-05         2.0934456962088549e-04         3.1712837001621717e-04        -3.2989716405797923e-04         6.5233532779794719e-04        -1.1987123668613197e-05         7.6702826754849150e-05        -7.2257717370921939e-05
69                                     1.8444486395847982e-04        -2.3904280918778331e-04        -2.9074080988538385e-05        -5.6375145129491054e-05        -5.3058419067489836e-05        -2.1882445372290132e-05        -1.2988659230570541e-05        -1.1271497878111741e-04
70                                    -8.7371349508271541e-05        -7.1060547962593351e-05        -3.5977689927528924e-05         4.0937636299608927e-05        -3.8368699190154771e-05         5.1854914741541542e-05         4.9639185138657311e-05         8.0006661430375009e-05
71                                    -9.4060985324434000e-05         1.0992182679887618e-04         5.1896597238407227e-06         1.1592439464293671e-05        -1.6840258922301739e-05        -7.8125608589604562e-06         1.1486366223143613e-05         3.3085810623605613e-05
72                                    -2.9470485860278828e-04        -1.6116494064992188e-03         2.9723716976506106e-05        -1.1713187594237704e-04         3.5814710220868993e-05        -2.1881011777914110e-05        -1.2989072588660486e-05         1.1271484661318931e-04
73                                     4.1123448867492367e-04         9.0407004495765954e-04        -9.1541235953462711e-05         1.5191941269531830e-04         1.8251081309835545e-05         5.1859505077487042e-05         4.9640661367706469e-05        -8.0007947663954005e-05
74                                    -1.7085178125455505e-04         1.4856636092132087e-04        -1.2301840746278738e-05        -2.7218663472995262e-05        -5.5199332558239760e-05         7.8109266314992012e-06        -1.1486570674950659e-05         3.3085529684663046e-05
75                                    -1.7955611812573054e-04         2.2293698295243952e-04         5.1880873509050924e-06         7.3323709644761820e-05        -8.6018323734680328e-05         2.2241601525616744e-05        -4.1610023650071135e-04        -8.0572406769168446e-04
76                                     5.3920757629912527e-05        -3.0012552728326744e-04         1.0821036047923383e-04         5.7195238376057023e-05        -7.0596719247442772e-05        -1.1269338632391344e-03        -4.8333336834897097e-04        -1.8261925798514866e-03
77                                     9.3536372565297590e-05         2.8844212472135572e-04        -6.4485340586845161e-05        -1.2148113301667287e-04         5.1567006909217748e-05         2.1170752155432165e-05         1.2369826717572099e-04         1.5327826778075863e-04
78                                    -1.2049614166727892e-04         4.7022714846327459e-04         1.5644899118901281e-05         2.7509725560464246e-05        -7.0523902599532728e-07         2.0767412320607081e-04        -4.9351220190625711e-06         1.4994992350620223e-04
79                                     1.1420058634791039e-04        -3.4333014085358962e-04        -1.3274135938455556e-05         1.7641294793923745e-05        -8.0932656576391919e-05        -3.0396724460698022e-04         3.8629076599854158e-04         4.0217802132874210e-04
80                                     3.4332906229828141e-04        -5.8740682972294330e-04        -4.5208537510393974e-05        -3.0637639066621594e-05        -1.5003945890557373e-05        -3.0993176879098180e-05         9.4883323744329745e-05        -2.1891078656816789e-05
                                                        48                          49                          50                          51                          52                          53                          54                          55

0                                      5.2847211600814091e-05         1.3414698854772016e-05        -2.3072037926592031e-09        -3.4305182136019994e-04        -1.9422443006164530e-03         7.0995206741000100e-05         4.9126826943632178e-04        -1.5219590947631667e-04
1                                     -1.7314264397747404e-04         9.4590725985507686e-05         8.8008399054457830e-10        -5.8497564955012436e-04        -2.4930041605977205e-03         5.6653001684643135e-05        -1.3806120436256971e-04        -1.6087958001206795e-04
2                                      3.8504955216664291e-10        -2.8099600021269151e-09         5.4137432384698846e-05         6.3540443149571958e-04         2.2170235431819129e-03         3.4761391814384229e-05        -3.1902804173492981e-04         2.4761174172284028e-04
3                                     -2.4428943998570083e-04         1.2610534348766458e-04         2.7068886085088284e-09         1.0787966019801406e-03         1.1777904311046647e-03        -6.0983938090244591e-04        -1.0106574250611901e-03         9.0749476868961522e-05
4                                     -1.2123828330543810e-04        -4.7353576375118279e-05        -3.4236580852007367e-09        -1.1256205157407929e-03        -4.8280501319151745e-03        -3.5379212197745973e-04         2.6710499808738520e-04         6.9713337325435359e-04
5                                     -7.2182188806329736e-10         1.1943313026573832e-09        -7.1526070108534029e-05        -1.4762936154611613e-03        -3.9752098811368418e-03         1.3308777352184758e-03         6.6476496659999122e-04        -7.2144970701167868e-04
6                                      7.0626888117141309e-05        -8.0012254125488066e-04        -2.2753615962877393e-04        -1.1499627730520963e-04         2.6651260665329531e-05        -3.4919995037778571e-04        -4.1372978201528916e-05        -1.2116577337461512e-04
7                                      1.1502349853374835e-03         8.6911216363143133e-04        -1.2911462029932277e-03        -1.8946945045551615e-04         1.2348852153384711e-04        -4.7548400385974193e-04        -7.4403758646700595e-05        -1.0850664098701300e-04
8                                     -7.3411594922627096e-04        -6.1018760976689138e-06         9.5676167801298016e-04        -1.6548569876379936e-05        -4.4362203210970841e-04         5.1956645998277665e-04         8.3491686171414600e-06        -1.3993350814048462e-04
9                                     -1.5643290725085506e-02        -6.4774927023991038e-03         2.4174507360943120e-02        -2.0799381379145313e-03        -1.1504311967751564e-03        -5.2660249148240596e-03        -2.6391823445133218e-05         1.9890534924210147e-04
10                                     9.5536090975207513e-03         2.0688989262269983e-03        -1.5584349584645996e-02        -1.0955168664206661e-03         1.4587570843590516e-04        -2.0942303397325137e-03        -2.4991039501624335e-05        -3.4060300208178069e-05
11                                     1.2642648218880517e-04        -1.8472568854429727e-04        -7.5897442763922865e-05        -3.1042780482453212e-03        -9.3258293307660767e-04        -3.2212852352007243e-03         3.8678374394848130e-05         3.1466556011703565e-04
12                                    -2.2270878735196026e-01         1.1345775846494080e-01         1.2376454048311467e-09         1.0190007582350922e-02         4.2119337089972404e-03         1.4169189266811363e-02         1.5836053426475328e-03        -1.2711718777962330e-03
13                                     1.1232682127855484e-01        -1.2174666625667022e-01        -9.7455434697995350e-10         4.2028995830184334e-03         1.0548973180341441e-03         5.6393026515464562e-03         7.1823800991265593e-04         2.4265076457353173e-04
14                                     1.6800621853146520e-10        -1.1973535758749897e-09        -4.5319570453726178e-02        -1.6419688375673862e-02        -6.6378762651270636e-03        -2.2892867539984429e-02         5.8832375574007357e-04        -4.8002399252664810e-04
15                                    -1.5643289281692077e-02        -6.4774946007755112e-03        -2.4174506597017403e-02        -1.1803422835257608e-01        -2.7880859517237913e-02         1.1018122567206783e-01         6.0457980044771580e-03        -4.4728198915249019e-03
16                                     9.5536076199501628e-03         2.0688982246015305e-03         1.5584350503947316e-02        -2.7794628653706702e-02        -5.6224833374584039e-02         4.2455499460457798e-02         2.8192534242784308e-02        -1.8303399378965204e-02
17                                    -1.2642527890206409e-04         1.8472650183809763e-04        -7.5896480430833781e-05         1.1027554969901038e-01         4.2690108384530967e-02        -2.1417163751240831e-01        -8.1992890367037479e-04        -2.6859634926815028e-04
18                                    -2.3153654741477764e-04        -8.4197100288901927e-04        -2.7472180999858231e-03        -1.6035107616509236e-02         1.0796107619109693e-02        -7.4146950780952688e-04        -5.9601071747997260e-02        -5.6875149671147270e-02
19                                    -2.1482077057628900e-03         1.2342354554658892e-04        -2.4024735667876043e-03        -5.8022086455615535e-03         3.4749582824965645e-03        -4.7394495419905616e-04        -5.7526030745382511e-02        -2.8305906484304388e-01
20                                    -3.9330367720048515e-03        -6.4537083861859919e-04        -5.1374364748787045e-03         2.3049021246164172e-02        -1.6180947768246634e-02         9.6326770265972063e-04        -1.2934964455389090e-03         1.0279178265610654e-03
21                                     7.9886845565192016e-04        -4.5374800586483761e-05         5.7572056920111445e-10        -4.3224137890717409e-03         3.1695183298672248e-03        -2.7757698638241485e-04        -5.1878292590255672e-03        -1.8179750340000939e-03
22                                     1.1980097829606101e-04        -8.1458565473029694e-05        -3.0420441573528102e-09         4.4901347605530249e-03        -2.1929552298983702e-03        -3.0632898128432878e-04        -1.8642452656471704e-02        -6.9368794821424926e-03
23                                    -2.4359895767342059e-09        -4.1142766687413552e-09        -7.1221701216885079e-04        -1.8261458024446831e-03         9.7465675730735849e-04         1.3344066157053511e-03        -6.2864837774938721e-04        -2.6789316962842064e-04
24                                    -2.3153461269329739e-04        -8.4197098503475953e-04         2.7472184542710167e-03        -2.9304388146126525e-04        -4.2510029799272179e-05        -5.2744466532720930e-04         3.3568653320811381e-04         1.4175402259658043e-04
25                                    -2.1482064309890966e-03         1.2342008710866572e-04         2.4024710030460736e-03         5.5984568611876142e-05         8.3319176251312908e-05         1.8262164037616876e-04         1.7767020015003803e-04         4.4439670063928238e-05
26                                     3.9330379923829817e-03         6.4537128280715492e-04        -5.1374386463489243e-03        -4.8127203002655593e-04         3.6450529125398772e-04         3.7523444276185225e-04        -1.1526543700797172e-03        -7.8226790306106745e-04
27                                     1.2598953122639617e-04         4.9469492954910300e-05        -3.8925450412273576e-10         4.8464042654102640e-04         3.1979060463644435e-04        -1.4122385301375967e-04        -1.8237089784083216e-03        -9.3883679827857017e-04
28                                     1.8589851529272720e-04         6.6477668172706950e-05         9.1638852216490744e-10         4.7729159422898868e-04        -2.5554598792985428e-04        -4.2804614548849545e-05         1.0460528852224496e-06         1.3541630826674790e-03
29                                     2.9944432990137601e-09         1.3824983496373167e-09         1.2255723741504522e-06        -4.9352265939658913e-04        -1.9790689393895831e-04         1.5315422497578276e-04         4.0609631555961600e-03         1.6506424510507869e-03
30                                     7.0624654398360187e-05        -8.0012361761273507e-04         2.2753142944097280e-04        -4.4792257429684184e-03        -1.8785050046215661e-02        -7.7119648910430744e-04        -5.2705711980968982e-03         4.4406047334714181e-03
31                                     1.1502376134773064e-03         8.6911501039710782e-04         1.2911509714933875e-03        -2.0643641710976161e-03        -8.9337573999873892e-03         1.6111872799579323e-05         2.4632477322059140e-03        -4.2339990274315592e-04
32                                     7.3411840011890998e-04         6.1052771350451202e-06         9.5676260663451465e-04         6.1111554910873202e-03         2.8424781541560428e-02         1.0385269983720254e-03        -5.5275851660964090e-04         2.6913059831972647e-05
33                                    -3.5730896365205461e-05        -1.6078198408695822e-05         2.0081916302482642e-11        -1.5755454247749767e-05        -1.9803641142930833e-04         3.1794296535730786e-05        -1.1312374959596876e-05         7.2256812321173144e-05
34                                    -7.9063702855289471e-05        -5.2239962497654426e-05        -2.7189583610580732e-10         4.1162683239881525e-05         3.1614568262981269e-04        -6.3569242501978433e-05        -1.6556203340021658e-04         9.5341966640274424e-05
35                                     6.3253635229034239e-10         1.7177474662833128e-09         3.3642361005061112e-05        -4.7422362181710452e-05        -1.1081985738535616e-04        -4.3146010740524935e-05         1.0558670506817310e-04        -1.3850416609151930e-04
36                                     4.8672217534809778e-04         7.3377361435525510e-05        -3.9461906901425614e-04         5.1867146619438958e-06         7.3319795407890561e-05         8.6024410278965832e-05        -4.9794674160531793e-05         2.9784287475665815e-05
37                                    -9.0643313889224027e-05         1.0474282943285281e-04        -1.7198656159678102e-04         1.0821377679121091e-04         5.7198951818421663e-05         7.0589540345279288e-05        -3.3904194246737177e-05         5.9722957265542125e-05
38                                     6.3149008196327489e-05        -3.9407504211980311e-05        -8.7823331733357258e-05         6.4483003159658027e-05         1.2148144686164231e-04         5.1571440469907331e-05        -1.0636883019920704e-04         5.8499892694407161e-05
39                                     1.8164988079067638e-04         5.4479529872243811e-05        -2.3487347191580637e-04         1.5645235039171181e-05         2.7511545471024064e-05         7.0157364084975221e-07         1.0176660545873468e-04         8.6970198218960793e-06
40                                    -1.0701551457741858e-03         8.7526439293665343e-05         7.0016888124684929e-04        -1.3275688845212083e-05         1.7642095784826039e-05         8.0929136808886686e-05         9.3353755422584958e-06         5.4627743248044942e-05
41                                     1.8094089625936315e-04         2.3810838816886882e-04         9.8296154943193145e-05         4.5207508156228050e-05         3.0636453974941253e-05        -1.5003197955487755e-05         6.8381804349354044e-05         1.2465590813561238e-05
42                                     7.7863246820176341e-04         3.4664575860403075e-04        -5.7139814204788851e-04         5.7393270400146116e-04         1.7377599318534487e-04         1.1013633199323082e-03         3.8175552633954975e-05         1.7681385711249258e-05
43                                    -2.1847644579410866e-05         1.1237339989119332e-04        -5.6830277118183369e-04         1.7377374599791752e-04         3.1548548272586390e-04         3.2136698189260445e-04        -2.1330683938986352e-05        -6.7835368319898916e-06
44                                     1.9875926636679642e-04        -5.7770460396757914e-04         7.2198908848411644e-04        -1.1013638610572422e-03        -3.2136672351770355e-04        -1.5844321306712852e-03        -3.5799109925972825e-05         5.5942732596921292e-05
45                                     7.3514775218087918e-03         2.5804901211254266e-02         2.0274411066999389e-09         5.9725760156594562e-04         4.7127438097486650e-04         2.2322666747240935e-04        -3.9085528827598941e-04         6.1762187859805515e-04
46                                    -4.7651838578104087e-03        -1.5152974960590045e-02         9.7597579109936877e-10         9.0841873085212126e-05         2.1046820021947132e-04        -5.5194900208315259e-04        -4.3764455977595741e-04         6.4150521644376970e-04
47                                    -7.5913835539280733e-10        -9.8130339398931789e-10        -6.7040702330712102e-04         7.9591255186370249e-04         4.1758098110086708e-05         6.4497778547147207e-04        -3.1837147006129763e-04         6.7197579396209247e-04
48                                     2.4511118202635510e-01        -1.2359588079858200e-01         2.2023182870466521e-10         7.7863185428143043e-04        -2.1847060677391682e-05        -1.9876127157013659e-04         1.3168547003422236e-04         7.5983503936599001e-05
49                                    -1.2359588079858200e-01         1.2825350789219989e-01         5.0229962017691145e-09         3.4664340885134232e-04         1.1237567826344926e-04         5.7770298101449645e-04        -2.5348858516945571e-04         4.4805144039982044e-04
50                                     2.2023182870466521e-10         5.0229962017691145e-09         5.3375095689862075e-02         5.7139837047586427e-04         5.6830252322914330e-04         7.2198868454091832e-04         3.7091145464642470e-04        -2.1175890385373203e-04
51                                     7.7863185428143043e-04         3.4664340885134232e-04         5.7139837047586427e-04         1.3099494063771466e-01         2.9762377906217580e-02        -1.1765238064592609e-01         1.0142382894156674e-03         2.0148466420251074e-04
52                                    -2.1847060677391682e-05         1.1237567826344926e-04         5.6830252322914330e-04         2.9762377906217580e-02         6.5397956112755881e-02        -4.5342156813337448e-02        -6.2667091846302890e-04         4.3688648279980149e-04
53                                    -1.9876127157013659e-04         5.7770298101449645e-04         7.2198868454091832e-04        -1.1765238064592609e-01        -4.5342156813337448e-02         2.3355090902400000e-01         3.0399736701427105e-04        -4.8317776367606119e-04
54                                     1.3168547003422236e-04        -2.5348858516945571e-04         3.7091145464642470e-04         1.0142382894156674e-03        -6.2667091846302890e-04         3.0399736701427105e-04         6.6677606147483665e-02         6.0674964856194773e-02
55                                     7.5983503936599001e-05         4.4805144039982044e-04        -2.1175890385373203e-04         2.0148466420251074e-04         4.3688648279980149e-04        -4.8317776367606119e-04         6.0674964856194773e-02         3.1000895601690914e-01
56                                     3.0730884263440979e-05        -1.0150197837758150e-04        -3.0861125720825448e-05        -1.0371451155169898e-04        -3.2339112194337035e-04         4.5620062779934260e-06        -1.9346342068786034e-03        -2.2378657870674862e-03
57                                    -1.0464486068193816e-03        -2.7542441825025325e-05        -1.9346221166925731e-03         4.0825740218404603e-04        -7.0624028760130748e-04         3.2474173048446884e-04        -3.9999701682485256e-03        -7.7879534789015645e-04
58                                     6.8385884552332331e-04         5.4055612443108033e-04         8.2404537564731623e-04        -7.3599025412211805e-04         5.5854885343482646e-04        -2.3643401583971126e-04        -1.6081833549562954e-02        -5.0827496643202786e-03
59                                     7.6705888633758421e-05        -9.2377482723077914e-05         5.5469737796564451e-05        -3.1712695568885188e-04         3.2989673954843192e-04         6.5233807379120462e-04         9.5865977815106328e-04         5.0327544088809087e-04
60                                     3.0406427834156306e-06         3.2190149225503999e-05        -1.2128163816608897e-09        -1.0148583453782069e-03         7.3963489015410329e-04        -6.9647132066250235e-05        -8.7394876149876795e-06        -4.2916101960724720e-04
61                                    -3.1004652335268976e-05        -3.3574525701138844e-05         2.7608970624778929e-10        -2.8382144092257869e-04         3.4861813411874468e-04         1.2177567079470902e-04         1.5561224938690811e-05         4.8994190291094201e-04
62                                    -3.8572007539844381e-10        -3.6607484491771185e-10         2.5780059681101850e-04         1.6974655962349015e-03        -9.1545663934880354e-04        -3.5643493750607400e-05        -5.3543185491555399e-04         2.4415143033913690e-04
63                                     1.3168435216923124e-04        -2.5348926579055100e-04        -3.7091066629823068e-04         3.8177689162935185e-05        -2.1332046771773132e-05         3.5797886383214395e-05         4.8286615761479137e-04         3.6355570603356169e-04
64                                     7.5983072129135083e-05         4.4804862120176097e-04         2.1175898764302312e-04         1.7680125574777092e-05        -6.7839876878774547e-06        -5.5942132909235498e-05         3.6355454709786905e-04         5.1741277301842886e-04
65                                    -3.0732006766013805e-05         1.0149813077664624e-04        -3.0862360023541839e-05         5.0549782676297355e-05         6.3688303842016980e-06        -2.1359493248918797e-05         2.1063579678177921e-04         5.6880882719138643e-04
66                                    -1.0464486525384160e-03        -2.7542114173698898e-05         1.9346217972704451e-03         1.7949499063535466e-04        -3.9359891120656094e-05         1.1450287645039733e-04        -1.5280388307409179e-04         2.2058100136036329e-05
67                                     6.8385829278895961e-04         5.4055553515946467e-04        -8.2404641531940109e-04        -7.2138923930064745e-05        -2.0015453846723838e-05         6.2262102482342051e-06         2.1360567592534565e-04         3.7787864315088292e-04
68                                    -7.6706590180214765e-05         9.2376302076558996e-05         5.5469035094378623e-05         1.0438695370741874e-04        -4.8321078223170929e-05         6.6020601395376608e-05        -1.6227251083102568e-04        -7.1390502514980317e-06
69                                     4.4659984320661499e-05         2.5160661980742991e-06        -1.5767172546663630e-05         2.9724654825623266e-05        -1.1713087333368343e-04        -3.5815155607967289e-05         6.0823320938834967e-05         1.4287786825332733e-05
70                                    -5.5989151437683786e-05        -4.8409115191561493e-06        -1.4049984076479482e-04        -9.1542290021339747e-05         1.5192404701747724e-04        -1.8256014754781729e-05        -1.4461021171453228e-03        -5.1960296980768216e-04
71                                     6.4073984139519438e-06        -2.7572052824947121e-05         2.5412249137762266e-05         1.2302258162640196e-05         2.7219812668935819e-05        -5.5200896290958160e-05         3.6320699950413617e-04         4.1722692588471930e-05
72                                     4.4660714084114291e-05         2.5168008748921618e-06         1.5767901152168498e-05        -2.9075900920650950e-05        -5.6376161238292320e-05         5.3060441165255975e-05         2.0789969856539845e-04         1.0379011081562348e-04
73                                    -5.5988521689649684e-05        -4.8406510003841212e-06         1.4050086051959333e-04        -3.5977727170512469e-05         4.0935922318695539e-05         3.8368781029962705e-05         5.7195819396622157e-04         1.5511158789705231e-04
74                                    -6.4092739882558834e-06         2.7570790888738379e-05         2.5411348214634716e-05        -5.1888445859763974e-06        -1.1591761491396447e-05        -1.6841753213775283e-05         7.9424188888448100e-05        -3.2515794157281924e-05
75                                     4.8672044731122447e-04         7.3372697054899412e-05         3.9461808085530423e-04        -2.3240223607396901e-04        -3.5106839811069671e-05         5.4924097408128036e-05        -1.1785341282299347e-05         3.1357080519963179e-05
76                                    -9.0639825746338491e-05         1.0474856636704495e-04         1.7198702163006169e-04         1.3352257821414720e-05         1.1478670001787896e-03         4.1734341041337161e-04        -1.3212848915570956e-04         3.4962060468983578e-04
77                                    -6.3149659837405392e-05         3.9406294618038809e-05        -8.7822036465663321e-05        -8.6005367290753476e-06        -5.1055235084582120e-04         5.8863428901294139e-04         1.8769102422402277e-04         2.2473214447237162e-05
78                                     1.8165183607128307e-04         5.4479802877194922e-05         2.3487501291669078e-04         6.0516517142693727e-04         6.8405728083633668e-04        -1.2384846551993962e-04         4.1544523593752621e-04        -2.4518223597441192e-04
79                                    -1.0701541953798445e-03         8.7526531515986702e-05        -7.0017001542082040e-04        -1.0285883618614241e-04         9.6035407562932405e-04         5.2287453327747035e-04         1.9327002098311224e-03        -1.3381179268709212e-03
80                                    -1.8094075750582162e-04        -2.3810639778311011e-04         9.8296222380397458e-05        -3.4640646730340783e-04         1.4576682513150118e-04         2.6619787014827573e-05        -1.5338946173758307e-04         3.1071210838130669e-04
                                                        56                          57                          58                          59                          60                          61                          62                          63

0                                     -2.5934339627386413e-04         1.0080927163999987e-04        -9.5124526387046614e-06         6.8920910723915211e-05         5.3005213956941119e-04         2.0808607354210430e-03        -6.4047605157635698e-10         4.9126861155690234e-04
1                                      2.7325242177560097e-06         1.1017093754875666e-04         2.1660378041535745e-05         1.6704157048176918e-04        -3.3599460128692828e-04        -2.0199481393114302e-03         3.8237453390868175e-09        -1.3806620094103036e-04
2                                      1.1919085699874693e-04         5.1524281470242069e-05        -3.9848148745855994e-05         1.6165385217527096e-04        -5.1374980949022026e-10        -1.0087263639125457e-09         2.2090031476310645e-04         3.1902941670103899e-04
3                                      7.0023825808859493e-04        -1.1104990720332760e-04        -8.3276095331007811e-06        -3.8128087304433117e-05         8.0963322574082765e-05        -5.7290491962504082e-03         2.6228325868028306e-09        -1.0106599940112400e-03
4                                     -4.7087983297716251e-04         7.7719166276261767e-05        -2.9967997745876607e-05         1.0205275200355867e-04        -1.8285704682997860e-03        -3.4254919511269993e-03        -4.2769530247449549e-09         2.6711097429355608e-04
5                                     -9.1305650175466655e-05        -1.0225383840269206e-04        -6.4015167909701066e-06        -2.4546724743196085e-04        -1.2784748978303939e-09         3.0952322495298708e-09         4.2230356337760342e-04        -6.6476690741103922e-04
6                                      3.3098385724655850e-05        -5.4002078695704293e-06         3.7001123079732868e-06         1.0602302643124284e-05         2.1476483419219242e-04        -5.0237067258210831e-04         2.1576155267809586e-04        -5.2705705316682897e-03
7                                     -6.7225372113207402e-05        -5.6806156049018716e-05         1.3487014742174499e-04        -1.6106192444357605e-04        -4.2770386559275566e-04         1.4654315447181431e-04        -5.5297534492677967e-04         2.4632465701438116e-03
8                                      7.1560029838476876e-05         2.8047555646601441e-05        -4.9299429651182948e-05         7.2993740773338867e-05        -8.3935154518016697e-06        -2.3231045654684189e-04         2.2571594741829080e-05         5.5275807725862830e-04
9                                     -3.6680645318777237e-05        -3.7457903902093318e-04         1.3819530662820853e-05         5.4199624938145764e-04        -2.4611788490685668e-04        -8.0104969785589446e-04        -2.3741360060650753e-03         6.0457986424070388e-03
10                                    -5.0917708567860853e-05        -5.6112594529220648e-05         1.8493002060518057e-05        -3.9839528568355294e-04        -2.1552334311002661e-03         1.8233656789080866e-04        -2.4094431678584370e-03         2.8192537688173452e-02
11                                    -1.0126859027130154e-04         5.7816777007814717e-04        -2.7943329230290881e-04         3.7019070414869796e-04        -3.8918393494741157e-03        -1.3361454335894477e-03        -5.0759752241474288e-03         8.1993231811089114e-04
12                                     1.0239155175118930e-04        -4.6594218498315389e-03         2.7308929998499949e-03         3.0502500473083075e-04         7.3059000758652140e-04         1.1447759230144062e-04         5.8513922005345269e-12         1.5836065751779725e-03
13                                     8.7998180057355737e-04         4.5776282979687107e-03        -2.1389771619711338e-03         1.9753234736915454e-04        -1.0947217894419128e-04         1.0813274701534231e-05        -1.0158108473721122e-09         7.1823470824431443e-04
14                                     1.1713891328828159e-04         1.6693645387800826e-03        -5.4705952958876381e-04         1.5680970815172279e-03         2.4387438046291804e-09         2.4396134316878684e-09        -5.9104056685731774e-04        -5.8832390428961408e-04
15                                    -7.4289657254829767e-04        -1.6015358145066078e-02         9.5873451080942858e-03         1.8452683822697130e-04        -2.4611847338333950e-04        -8.0104887937855300e-04         2.3741361780824323e-03        -2.6390600209348283e-05
16                                    -9.1300513834830909e-04        -6.3825331721200276e-03         2.0788013818163276e-03         1.5782147430880994e-04        -2.1552349919339237e-03         1.8233356838635102e-04         2.4094395199366170e-03        -2.4986837361202954e-05
17                                    -1.3563025101684450e-03        -2.3962616484991994e-02         1.5524015254428397e-02         4.0480396467878837e-04         3.8918330553755574e-03         1.3361400455215774e-03        -5.0759780751137738e-03        -3.8680583882770613e-05
18                                    -1.5898048715918042e-03        -1.1762049919682525e-01        -2.8266696260441437e-02        -1.1018574810354376e-01        -1.5038939354351513e-02        -7.4337751413040944e-03         2.4209889092754105e-02         3.3568678395454925e-04
19                                    -5.1186126421877247e-05        -2.7688214592631127e-02        -5.9005721950888386e-02        -4.1091969441737798e-02         9.1671508795395859e-03         4.1458455890515267e-03        -1.5552326601225186e-02         1.7767014817542419e-04
20                                    -4.7493618542050600e-02        -1.1036905687995641e-01        -4.2044203748049000e-02        -2.1421666899493508e-01         4.1299235623894247e-04         2.3541022493797756e-05        -7.7847050959243711e-04         1.1526560254416238e-03
21                                     5.7101315754591857e-03         1.0145461978376371e-02         3.5064970241245157e-03        -1.5035632381845068e-02        -2.2427693778897406e-01         1.1474305110856112e-01         1.5759515333825559e-09        -5.1878318523696856e-03
22                                     2.6922096086123129e-02         3.4917759803726784e-03        -3.5489558408845125e-04        -5.8642987204212422e-03         1.1491210728964582e-01        -1.1924137514157063e-01        -1.1889947225207105e-09        -1.8642447632315574e-02
23                                    -1.3371404708546757e-03         1.5528456325557842e-02         5.7938142182622620e-03        -2.3266787878118138e-02         3.3315684741538561e-10        -3.1778719098233340e-09        -4.5826825175988517e-02         6.2864851443759830e-04
24                                     2.2453962593283481e-04        -1.7691045158458240e-03        -7.0476372893186904e-04         5.2579735302849670e-03        -1.5038938361696985e-02        -7.4337717489494594e-03        -2.4209890190049550e-02        -5.9601071212133587e-02
25                                     1.3567425251681798e-03        -1.2740354447450704e-03        -6.3401480793226695e-05         2.0862085959724268e-03         9.1671501958116765e-03         4.1458468118865258e-03         1.5552328316364755e-02        -5.7526030850208965e-02
26                                     1.4700201980962597e-03         3.3535964015001512e-03         6.4673401518341436e-04        -3.4369572934030944e-03        -4.1299108298422727e-04        -2.3542974080620186e-05        -7.7847266211814796e-04         1.2934988574808868e-03
27                                     2.6254633070339865e-03         7.6680786307564870e-04         6.7264860958573224e-04        -1.2403229321011197e-03         8.0281965236135636e-03         2.8095846612806077e-02        -1.0102442036191204e-09        -1.8237083210416219e-03
28                                     7.0172966504595397e-05         6.6752432863608499e-04         5.5373402510099957e-04        -1.1656609011885025e-03        -5.4817203428587620e-03        -2.0093120288367051e-02        -5.1355355307498731e-10         1.0453024749945694e-06
29                                    -4.9380871769644265e-03         2.5268132127613269e-05         7.7767212292731772e-04         5.9342256456092896e-04        -3.0505340654414055e-09        -4.5646589545474787e-09        -3.1820706833680262e-04        -4.0609586073987415e-03
30                                     4.1078158777708003e-04         6.7325766157235031e-04         4.4235815338761783e-04         9.5782035687136499e-05         2.1476444852500500e-04        -5.0237625653679670e-04        -2.1576156682883850e-04        -4.1370780315386950e-05
31                                    -3.2855717682870938e-04        -1.5198327519400760e-03         1.1465722774766482e-03        -1.9994314283264410e-04        -4.2769963903631922e-04         1.4655257248840769e-04         5.5297852750389948e-04        -7.4411256120669733e-05
32                                     3.2682358603729764e-04        -3.6650923241771452e-04         1.0607697535019523e-03         1.1177817999962272e-05         8.3963465657868434e-06         2.3231517642510323e-04         2.2577004424034717e-05        -8.3530281181683902e-06
33                                    -4.6034060922074053e-05         1.2544176806522297e-05        -2.1559943036257578e-05        -3.5707104225576360e-06         1.5475722346917128e-05         1.0286944623160051e-05         5.4932144094202588e-10        -1.1313059852519633e-05
34                                     9.9856448702058745e-05        -1.9023469983994604e-05        -2.6737286589481515e-05        -1.6740992940457618e-06        -3.3783773829996208e-04        -8.2073186561698662e-04         1.0402237427913986e-09        -1.6556222507651782e-04
35                                     1.6194896210288169e-05        -4.0527412556464197e-05         1.9295830924844675e-05        -4.7718599019171864e-05         1.1366576848745579e-09         1.8670253714315814e-09        -6.5626000123501630e-05        -1.0558760087599342e-04
36                                    -4.5738140946743346e-06         7.7441414693320406e-05        -5.0027236459138525e-06         7.9196793029280392e-06        -8.0229167559457866e-06         2.8761496031548713e-05         2.0386893367224304e-05        -1.1785885797474917e-05
37                                    -1.5898627518776141e-06         1.1885471829428142e-04        -5.0301352678116710e-05        -3.3817680621881885e-05         7.2601316134958426e-05        -2.3939852719144050e-06         1.2926257197685753e-05        -1.3212689633943476e-04
38                                     5.1500687778788733e-05         1.5446792368239287e-05        -2.9164835431455278e-05         3.5616056677057611e-05        -1.7409833229424174e-05         6.2860396040806139e-05         1.1044571468328155e-05        -1.8769038648539763e-04
39                                    -5.8456656436758057e-05        -1.1422084973866566e-05        -3.1030634899573703e-05         2.2347911225866716e-05         1.8667901779053763e-05         1.0870246934745285e-04         6.1854234633793617e-05         4.1544666517088699e-04
40                                    -4.4677335279239030e-05        -1.0064704376907510e-04         1.7252565229914892e-05         1.1245121341350319e-04         5.0160796211127460e-05         6.5624727364224644e-05         1.0843193526999877e-04         1.9327010851621688e-03
41                                    -7.4740008297634016e-05         2.6326043433537059e-06        -1.9447452712357909e-06         6.3562991505147380e-05         1.0469017090319668e-04         8.4175343239519380e-05         3.6924837141233369e-05         1.5338921412390131e-04
42                                    -5.0552013514798316e-05         1.7949021481619871e-04        -7.2139570823163621e-05        -1.0438509959245258e-04        -1.0148567190284747e-03        -2.8382077215313912e-04        -1.6974671406534345e-03         1.0142375135274674e-03
43                                    -6.3671022276316758e-06        -3.9358142899671125e-05        -2.0013278181464178e-05         4.8320918597136208e-05         7.3963486628649618e-04         3.4861462188853429e-04         9.1545986230019173e-04        -6.2667178028069821e-04
44                                    -2.1362725681882237e-05        -1.1450214216555867e-04        -6.2212061130786922e-06         6.6018217451968477e-05         6.9650707492382481e-05        -1.2177365530143718e-04        -3.5643146340632887e-05        -3.0399888391343831e-04
45                                    -3.2184310836663320e-04         3.0390292267412926e-04         2.5584820916255970e-04         1.1987205364673379e-05        -5.5119056316732160e-05         3.0141484911138934e-05        -2.7916270853481913e-09        -3.9085418660234799e-04
46                                     4.7059931593403017e-05         1.1714633765349831e-04         3.0076759843443261e-04        -7.6704342920745107e-05        -3.8266284241151791e-05         3.2198007148811700e-07        -3.5826723585975771e-10        -4.3764253281709624e-04
47                                     8.7477730813881677e-05         4.2654535923902998e-04         1.2718119489033101e-04        -7.2259037792540013e-05         3.4957624522222974e-10        -2.5498874353664973e-09         6.2366493382731608e-05         3.1837164613315075e-04
48                                     3.0730884263440979e-05        -1.0464486068193816e-03         6.8385884552332331e-04         7.6705888633758421e-05         3.0406427834156306e-06        -3.1004652335268976e-05        -3.8572007539844381e-10         1.3168435216923124e-04
49                                    -1.0150197837758150e-04        -2.7542441825025325e-05         5.4055612443108033e-04        -9.2377482723077914e-05         3.2190149225503999e-05        -3.3574525701138844e-05        -3.6607484491771185e-10        -2.5348926579055100e-04
50                                    -3.0861125720825448e-05        -1.9346221166925731e-03         8.2404537564731623e-04         5.5469737796564451e-05        -1.2128163816608897e-09         2.7608970624778929e-10         2.5780059681101850e-04        -3.7091066629823068e-04
51                                    -1.0371451155169898e-04         4.0825740218404603e-04        -7.3599025412211805e-04        -3.1712695568885188e-04        -1.0148583453782069e-03        -2.8382144092257869e-04         1.6974655962349015e-03         3.8177689162935185e-05
52                                    -3.2339112194337035e-04        -7.0624028760130748e-04         5.5854885343482646e-04         3.2989673954843192e-04         7.3963489015410329e-04         3.4861813411874468e-04        -9.1545663934880354e-04        -2.1332046771773132e-05
53                                     4.5620062779934260e-06         3.2474173048446884e-04        -2.3643401583971126e-04         6.5233807379120462e-04        -6.9647132066250235e-05         1.2177567079470902e-04        -3.5643493750607400e-05         3.5797886383214395e-05
54                                    -1.9346342068786034e-03        -3.9999701682485256e-03        -1.6081833549562954e-02         9.5865977815106328e-04        -8.7394876149876795e-06         1.5561224938690811e-05        -5.3543185491555399e-04         4.8286615761479137e-04
55                                    -2.2378657870674862e-03        -7.7879534789015645e-04        -5.0827496643202786e-03         5.0327544088809087e-04        -4.2916101960724720e-04         4.8994190291094201e-04         2.4415143033913690e-04         3.6355570603356169e-04
56                                     5.0783754100451411e-02        -5.2368527725471601e-03        -2.5285589460995486e-02         6.9894259231870551e-04        -2.8714292538063930e-04        -5.2453542147654075e-04         9.8622714605085034e-04        -2.1063728784396135e-04
57                                    -5.2368527725471601e-03         1.3104230400376796e-01         2.8123223988437328e-02         1.1908726039843606e-01         8.0761497235579908e-04         4.0092471932806628e-04        -5.5947801192950293e-04        -1.5280343490344677e-04
58                                    -2.5285589460995486e-02         2.8123223988437328e-02         6.0590652532480839e-02         4.4527932497840553e-02         5.7648655289010975e-05         8.3815202489545527e-05        -5.5802416561941907e-04         2.1360535557726664e-04
59                                     6.9894259231870551e-04         1.1908726039843606e-01         4.4527932497840553e-02         2.3592788718855703e-01         2.0703569007072403e-04        -5.1399360321336286e-04         7.1637395448332481e-04         1.6227254225849785e-04
60                                    -2.8714292538063930e-04         8.0761497235579908e-04         5.7648655289010975e-05         2.0703569007072403e-04         2.4450152048711601e-01        -1.2223761498165478e-01         6.4526019022317221e-10        -8.7398935705307323e-06
61                                    -5.2453542147654075e-04         4.0092471932806628e-04         8.3815202489545527e-05        -5.1399360321336286e-04        -1.2223761498165478e-01         1.3271600981258003e-01        -1.8710546650989139e-10         1.5558174926843561e-05
62                                     9.8622714605085034e-04        -5.5947801192950293e-04        -5.5802416561941907e-04         7.1637395448332481e-04         6.4526019022317221e-10        -1.8710546650989139e-10         5.3901844358863499e-02         5.3543281900941993e-04
63                                    -2.1063728784396135e-04        -1.5280343490344677e-04         2.1360535557726664e-04         1.6227254225849785e-04        -8.7398935705307323e-06         1.5558174926843561e-05         5.3543281900941993e-04         6.6677603909861632e-02
64                                    -5.6880947326077061e-04         2.2056770882554737e-05         3.7787834261817591e-04         7.1371651186383223e-06        -4.2916125093098514e-04         4.8994267047846023e-04        -2.4415313424612560e-04         6.0674966099732684e-02
65                                    -6.1129382883846721e-04        -1.2105518427344677e-04         3.5310225495718286e-04         3.3032124213687539e-04         2.8714355660468846e-04         5.2453491037584307e-04         9.8622757356063226e-04         1.9346309456382898e-03
66                                     1.2105602017589359e-04         6.8461660613438453e-04         1.3225550585137854e-04        -1.1515686852940142e-03         8.0761998597548429e-04         4.0092193197166243e-04         5.5947809346157873e-04        -3.9999712744266608e-03
67                                    -3.5310207834245670e-04         1.3225437600356633e-04         5.3622272662412550e-04        -1.4473900927641325e-04         5.7648362943268309e-05         8.3813215339931723e-05         5.5802484484364324e-04        -1.6081835041976369e-02
68                                     3.3032074312725748e-04         1.1515684980104358e-03         1.4473984261015359e-04        -1.6718534326278277e-03        -2.0703642046957134e-04         5.1399236615337109e-04         7.1637479995499838e-04        -9.5865786675681727e-04
69                                     4.0695253042678098e-04        -2.4675341783556362e-05        -3.1956217279468591e-05         3.3213658020616070e-04         4.9673572090586701e-04        -7.9841061179500902e-05        -3.8624783601836808e-04         2.0789934875941696e-04
70                                     1.7226686397701981e-03         2.5635588496182403e-04         7.2733686819488825e-05        -2.1456042771715264e-04         6.4590756295517665e-04         9.9321139872249678e-04         1.5075228046675603e-04         5.7195816832562103e-04
71                                     1.4088459041978433e-04        -6.9853192904019510e-05        -1.4513864291436189e-04         4.3276001279435664e-04        -1.3124755602835110e-04         6.1431005583576902e-04         8.5188421024618745e-05        -7.9424490633234592e-05
72                                     1.8710928641076444e-04        -3.4039498001872410e-05        -3.2698797399567246e-04         5.6267671508399659e-04         4.9673592322962892e-04        -7.9843835161354151e-05         3.8624747775420300e-04         6.0823684663843629e-05
73                                     1.9733944312938949e-05        -8.7118720101980068e-05        -6.2370417852150844e-05         1.0381827312302225e-03         6.4590750364014200e-04         9.9321307438039047e-04        -1.5075470472577027e-04        -1.4461040829045332e-03
74                                     1.9201039446409295e-04        -1.8485964649905817e-04         7.6110449555810439e-05         3.9021916765130584e-04         1.3125020678326701e-04        -6.1430979141199275e-04         8.5189133814358737e-05        -3.6320728067858123e-04
75                                     2.0000893097112560e-04         5.2039673876775553e-04         2.0911205002763222e-05         5.2322854371440394e-05        -8.0249866255309790e-06         2.8756921019115148e-05        -2.0388364722978634e-05        -4.9793378625904408e-05
76                                     4.6994393284134948e-04         8.5220787149757626e-04        -4.2556798004820943e-04         5.3100831119676012e-04         7.2599673924696011e-05        -2.3875406491065008e-06        -1.2925180835938813e-05        -3.3905505052970211e-05
77                                     2.0064965171897784e-04         3.5181901971985396e-04        -3.4016944980518613e-04         1.9651796027973008e-04         1.7409384107653150e-05        -6.2859762791973427e-05         1.1038813534474811e-05         1.0637129584551417e-04
78                                     1.3387245961052728e-04         1.0186676952866208e-04        -1.1160781518862635e-04         1.3035882477756451e-04         1.8670636050202236e-05         1.0870365238710043e-04        -6.1854479130478884e-05         1.0176447150138596e-04
79                                    -2.4844009127988144e-04        -2.4878778053314971e-04         2.2814531067657314e-04         9.1936452153646916e-05         5.0161919714944350e-05         6.5625158393529991e-05        -1.0843242685131363e-04         9.3365374441293277e-06
80                                     4.5872250513262838e-04         4.6771952380561852e-04        -2.4808277165962877e-04         2.0934556203030434e-04        -1.0468956568913613e-04        -8.4168643973207195e-05         3.6928744972521222e-05        -6.8382158818401352e-05
                                                        64                          65                          66                          67                          68                          69                          70                          71

0                                     -1.5219525813750696e-04         2.5934386118371563e-04         1.0081166333274693e-04        -9.5095836781427037e-06        -6.8919386396040783e-05         1.9356244353278106e-03        -2.6454141771932839e-04        -3.3476186656297962e-04
1                                     -1.6087832354062370e-04        -2.7317514875876644e-06         1.1016742729591609e-04         2.1662761058114082e-05        -1.6703825490122122e-04        -1.0518488453501690e-03         1.3046116841016000e-03        -6.4856856709812473e-04
2                                     -2.4761259027095150e-04         1.1919089310174272e-04        -5.1525284190664307e-05         3.9848909166972652e-05         1.6165295171672120e-04        -1.0363417910166078e-03        -5.5723206016641607e-06         4.3928648273309275e-04
3                                      9.0750707092377580e-05        -7.0023595344476867e-04        -1.1105633605950770e-04        -8.3323497239208306e-06         3.8119446616318939e-05        -1.8294675490992788e-02         1.0063631127441415e-02         2.8192852740539440e-04
4                                      6.9712783252578493e-04         4.7088042769042769e-04         7.7726022370225051e-05        -2.9972601817891329e-05        -1.0205667736102830e-04        -6.9704797938161178e-03         3.2606357670290449e-03         5.7813906103564017e-04
5                                      7.2145226769275341e-04        -9.1305357748830472e-05         1.0225670703645283e-04         6.3952458789438013e-06        -2.4546647934307669e-04         2.4686445546998045e-02        -1.5569554496179763e-02        -2.3450520776922270e-03
6                                      4.4406054507112862e-03        -4.1077855200796060e-04         6.7325565691208787e-04         4.4236125654825340e-04        -9.5776834457060307e-05         9.4492206855475557e-04        -7.6956852518142850e-04        -9.0461528347986903e-04
7                                     -4.2340040461044323e-04         3.2855249108795228e-04        -1.5198362707755846e-03         1.1465719864832374e-03         1.9994320088085964e-04        -7.0708919677305688e-04         2.9044371304857812e-04        -2.5090787063930704e-04
8                                     -2.6915894290919715e-05         3.2682781968419684e-04         3.6651099423407572e-04        -1.0607697629429818e-03         1.1175495841314609e-05         1.7584645801608182e-03        -5.5413369700728137e-04         5.6909293579138556e-04
9                                     -4.4728184994491729e-03         7.4289775538191822e-04        -1.6015359148350727e-02         9.5873451694231341e-03        -1.8452593471286055e-04        -1.9637202799936866e-04        -1.1126881594298216e-04         2.6405851837721372e-04
10                                    -1.8303399828662137e-02         9.1300702358829708e-04        -6.3825290517241749e-03         2.0787984392115835e-03        -1.5782711071886044e-04        -3.4484140366619143e-06        -1.2830289842171805e-04         1.9803350645032533e-04
11                                     2.6860148742882239e-04        -1.3563041179458129e-03         2.3962616816341067e-02        -1.5524017355035721e-02         4.0480377137898154e-04        -2.2099837829401918e-04        -1.2711557112078295e-04         5.8461581669447954e-05
12                                    -1.2711749304931928e-03        -1.0239317154468741e-04        -4.6594171563513927e-03         2.7308963934597405e-03        -3.0501933005293302e-04         1.7208097571393480e-04         7.0518781907213772e-05        -3.4138156781351320e-06
13                                     2.4265142130086917e-04        -8.7998199022867158e-04         4.5776295891408166e-03        -2.1389786500999554e-03        -1.9752800748827366e-04         5.6795164501667172e-05        -3.3830171284555868e-06        -3.1339203720814109e-05
14                                     4.8002413302636934e-04         1.1714167208796254e-04        -1.6693642742743823e-03         5.4706083452001389e-04         1.5680961115673332e-03         1.3474700655484321e-04         6.2072367058643108e-05        -8.9950801267486759e-05
15                                     1.9890535946520986e-04         3.6679271579130894e-05        -3.7458281992158271e-04         1.3819421251890017e-05        -5.4199732927623454e-04         4.3045940978631795e-04         2.8324999372173788e-04        -2.1091250143550136e-04
16                                    -3.4061186734031285e-05         5.0916647109141999e-05        -5.6110940094359404e-05         1.8495282536885914e-05         3.9839331331462807e-04         5.5663293597415413e-04        -4.5891200505763141e-04        -1.4695020855929252e-04
17                                    -3.1466867751603995e-04        -1.0127715583677972e-04        -5.7816493361274261e-04         2.7943004946178363e-04         3.7019657262755534e-04        -1.8486151073709598e-04         6.1492378333517957e-05        -1.1729301635555979e-05
18                                     1.4175363907852371e-04        -2.2454021837055500e-04        -1.7691033963189834e-03        -7.0476394823554365e-04        -5.2579728169280552e-03         8.6346891057594141e-04        -9.8086807015821970e-04        -6.9821364690992281e-04
19                                     4.4442422255309283e-05        -1.3567358690685909e-03        -1.2740414200320396e-03        -6.3404762228350375e-05        -2.0862057690498766e-03        -1.1282430002615557e-03        -6.9170462791648523e-03         3.6095142611913128e-04
20                                     7.8226558710010712e-04         1.4700185355064760e-03        -3.3535987705733475e-03        -6.4673574879535716e-04        -3.4369598050229093e-03        -9.4943752855982354e-04        -1.7054042954210910e-03         1.0666217657898970e-03
21                                    -1.8179715576449249e-03        -5.7101299902413243e-03         1.0145454578904754e-02         3.5064972650173279e-03         1.5035631115424867e-02        -4.3418673235242292e-03        -1.8230342597907255e-02        -1.1770681697642546e-03
22                                    -6.9368824816744539e-03        -2.6922096664696527e-02         3.4917852260218348e-03        -3.5489617538063834e-04         5.8642980358267292e-03        -1.8681958508092161e-03        -7.4132976455487231e-03         8.7202771726878348e-06
23                                     2.6789135207987841e-04        -1.3371454913581483e-03        -1.5528456305957776e-02        -5.7938139732827826e-03        -2.3266786640068184e-02         4.3867028175375673e-03         2.6770734369003901e-02        -5.8021423973128074e-04
24                                    -5.6875151931762985e-02         1.5898040004811561e-03        -1.1762049605993836e-01        -2.8266696827345106e-02         1.1018574646399104e-01        -1.0273417210345925e-04         2.5422174453708238e-04        -5.0912901410531900e-04
25                                    -2.8305906182692370e-01         5.1187376087412795e-05        -2.7688218837264127e-02        -5.9005719859973563e-02         4.1091973363993187e-02         2.1274227545855205e-04         1.4466327964509445e-03        -4.7462344171177607e-04
26                                    -1.0279173174578132e-03        -4.7493616985850445e-02         1.1036905637515704e-01         4.2044204545586591e-02        -2.1421666736371398e-01         8.0338601357581420e-04         1.4850708877371999e-03         6.9850836577237813e-04
27                                    -9.3883754824535676e-04        -2.6254615573176091e-03         7.6680727197702466e-04         6.7264849750536728e-04         1.2403189287514228e-03        -1.1898683056577875e-01        -3.1572459100580014e-02         1.0967609474622522e-01
28                                     1.3541665241459735e-03        -7.0172319350756199e-05         6.6752002301467264e-04         5.5373397861487560e-04         1.1656584517511766e-03        -3.0197079271480652e-02        -5.7796177255547705e-02         4.5998502029298935e-02
29                                    -1.6506420051389144e-03        -4.9380868928371423e-03        -2.5268004924360564e-05        -7.7767588495029807e-04         5.9342355362437121e-04         1.0817064950481133e-01         4.6809356212172137e-02        -2.1610458664110496e-01
30                                    -1.2116532911695494e-04        -3.3097050848723078e-05        -5.3985639836087208e-06         3.7004638940131909e-06        -1.0597781145063340e-05        -3.9873074291198740e-03         3.3277129041955128e-03         1.3423843977316066e-04
31                                    -1.0850420048900966e-04         6.7227058327528515e-05        -5.6807291797995353e-05         1.3487285343383388e-04         1.6106415487957514e-04         4.0476672856723543e-03        -2.3005366002976720e-03        -7.1951867685298397e-04
32                                     1.3993765306582161e-04         7.1565283665036064e-05        -2.8055051821455033e-05         4.9303499896277258e-05         7.2995022843764384e-05        -1.8637966481803384e-03         1.4670895940509200e-04         1.2355859977229121e-03
33                                     7.2257321492357526e-05         4.6034694991672963e-05         1.2543339527616368e-05        -2.1560753137534871e-05         3.5717183042649828e-06         1.8488668550721349e-04        -2.6062412382593658e-04        -2.2265700443279551e-04
34                                     9.5340234051830616e-05        -9.9856086204661845e-05        -1.9024033408684103e-05        -2.6737578402314961e-05         1.6743761073645565e-06        -3.0385831113642842e-04         3.1081065970813633e-04        -9.8669994424343231e-05
35                                     1.3850554639040436e-04         1.6196737118663863e-05         4.0526796244113542e-05        -1.9295304121414925e-05        -4.7718103387049877e-05        -1.4949812111869648e-04         4.1454285394990043e-05         8.5050278421825885e-05
36                                     3.1356582258979058e-05        -2.0000702459213615e-04         5.2039739528170984e-04         2.0911926849791554e-05        -5.2325072394235339e-05        -3.0497589499115180e-04        -9.9281755549158936e-05        -5.5637481303986991e-05
37                                     3.4962144391288902e-04        -4.6994665420190934e-04         8.5220675305060483e-04        -4.2556575436781771e-04        -5.3100783009454487e-04         1.9889964236597784e-04         1.5065298562159197e-04         2.2322782491740207e-04
38                                    -2.2473684387616308e-05         2.0064798955442541e-04        -3.5182098579559281e-04         3.4016698650838652e-04         1.9651671741848127e-04        -1.1620420021489848e-03         2.9607003809084759e-04         4.4852398316744431e-04
39                                    -2.4518205040953596e-04        -1.3387557283728037e-04         1.0186831797980933e-04        -1.1160785447687739e-04        -1.3035739417613032e-04         5.1579290070754040e-04        -1.4371867515425274e-04        -4.4076768747744813e-05
40                                    -1.3381183266095087e-03         2.4844128425338761e-04        -2.4878482769633481e-04         2.2814712016849944e-04        -9.1933396701175153e-05         1.8444486395847982e-04        -8.7371349508271541e-05        -9.4060985324434000e-05
41                                    -3.1071361200919837e-04         4.5872331680738422e-04        -4.6772075618174550e-04         2.4807974566056341e-04         2.0934456962088549e-04        -2.3904280918778331e-04        -7.1060547962593351e-05         1.0992182679887618e-04
42                                     2.0148292140154123e-04         1.0371322537025822e-04         4.0825916641890232e-04        -7.3599028886541873e-04         3.1712837001621717e-04        -2.9074080988538385e-05        -3.5977689927528924e-05         5.1896597238407227e-06
43                                     4.3688554369657314e-04         3.2338895628140283e-04        -7.0624233447658157e-04         5.5854710139972613e-04        -3.2989716405797923e-04        -5.6375145129491054e-05         4.0937636299608927e-05         1.1592439464293671e-05
44                                     4.8317660168824619e-04         4.5618210303945898e-06        -3.2474136701638855e-04         2.3643386971393052e-04         6.5233532779794719e-04        -5.3058419067489836e-05        -3.8368699190154771e-05        -1.6840258922301739e-05
45                                     6.1762045147027299e-04         3.2183927895308039e-04         3.0390459690457906e-04         2.5584629465000665e-04        -1.1987123668613197e-05        -2.1882445372290132e-05         5.1854914741541542e-05        -7.8125608589604562e-06
46                                     6.4150527611094542e-04        -4.7062264605572863e-05         1.1714757259816307e-04         3.0076647483388494e-04         7.6702826754849150e-05        -1.2988659230570541e-05         4.9639185138657311e-05         1.1486366223143613e-05
47                                    -6.7197512288960735e-04         8.7476483887159197e-05        -4.2654558059596515e-04        -1.2718023487609867e-04        -7.2257717370921939e-05        -1.1271497878111741e-04         8.0006661430375009e-05         3.3085810623605613e-05
48                                     7.5983072129135083e-05        -3.0732006766013805e-05        -1.0464486525384160e-03         6.8385829278895961e-04        -7.6706590180214765e-05         4.4659984320661499e-05        -5.5989151437683786e-05         6.4073984139519438e-06
49                                     4.4804862120176097e-04         1.0149813077664624e-04        -2.7542114173698898e-05         5.4055553515946467e-04         9.2376302076558996e-05         2.5160661980742991e-06        -4.8409115191561493e-06        -2.7572052824947121e-05
50                                     2.1175898764302312e-04        -3.0862360023541839e-05         1.9346217972704451e-03        -8.2404641531940109e-04         5.5469035094378623e-05        -1.5767172546663630e-05        -1.4049984076479482e-04         2.5412249137762266e-05
51                                     1.7680125574777092e-05         5.0549782676297355e-05         1.7949499063535466e-04        -7.2138923930064745e-05         1.0438695370741874e-04         2.9724654825623266e-05        -9.1542290021339747e-05         1.2302258162640196e-05
52                                    -6.7839876878774547e-06         6.3688303842016980e-06        -3.9359891120656094e-05        -2.0015453846723838e-05        -4.8321078223170929e-05        -1.1713087333368343e-04         1.5192404701747724e-04         2.7219812668935819e-05
53                                    -5.5942132909235498e-05        -2.1359493248918797e-05         1.1450287645039733e-04         6.2262102482342051e-06         6.6020601395376608e-05        -3.5815155607967289e-05        -1.8256014754781729e-05        -5.5200896290958160e-05
54                                     3.6355454709786905e-04         2.1063579678177921e-04        -1.5280388307409179e-04         2.1360567592534565e-04        -1.6227251083102568e-04         6.0823320938834967e-05        -1.4461021171453228e-03         3.6320699950413617e-04
55                                     5.1741277301842886e-04         5.6880882719138643e-04         2.2058100136036329e-05         3.7787864315088292e-04        -7.1390502514980317e-06         1.4287786825332733e-05        -5.1960296980768216e-04         4.1722692588471930e-05
56                                    -5.6880947326077061e-04        -6.1129382883846721e-04         1.2105602017589359e-04        -3.5310207834245670e-04         3.3032074312725748e-04         4.0695253042678098e-04         1.7226686397701981e-03         1.4088459041978433e-04
57                                     2.2056770882554737e-05        -1.2105518427344677e-04         6.8461660613438453e-04         1.3225437600356633e-04         1.1515684980104358e-03        -2.4675341783556362e-05         2.5635588496182403e-04        -6.9853192904019510e-05
58                                     3.7787834261817591e-04         3.5310225495718286e-04         1.3225550585137854e-04         5.3622272662412550e-04         1.4473984261015359e-04        -3.1956217279468591e-05         7.2733686819488825e-05        -1.4513864291436189e-04
59                                     7.1371651186383223e-06         3.3032124213687539e-04        -1.1515686852940142e-03        -1.4473900927641325e-04        -1.6718534326278277e-03         3.3213658020616070e-04        -2.1456042771715264e-04         4.3276001279435664e-04
60                                    -4.2916125093098514e-04         2.8714355660468846e-04         8.0761998597548429e-04         5.7648362943268309e-05        -2.0703642046957134e-04         4.9673572090586701e-04         6.4590756295517665e-04        -1.3124755602835110e-04
61                                     4.8994267047846023e-04         5.2453491037584307e-04         4.0092193197166243e-04         8.3813215339931723e-05         5.1399236615337109e-04        -7.9841061179500902e-05         9.9321139872249678e-04         6.1431005583576902e-04
62                                    -2.4415313424612560e-04         9.8622757356063226e-04         5.5947809346157873e-04         5.5802484484364324e-04         7.1637479995499838e-04        -3.8624783601836808e-04         1.5075228046675603e-04         8.5188421024618745e-05
63                                     6.0674966099732684e-02         1.9346309456382898e-03        -3.9999712744266608e-03        -1.6081835041976369e-02        -9.5865786675681727e-04         2.0789934875941696e-04         5.7195816832562103e-04        -7.9424490633234592e-05
64                                     3.1000895218147145e-01         2.2378684691051632e-03        -7.7879357701354270e-04        -5.0827484520713125e-03        -5.0327648664424962e-04         1.0379258802610839e-04         1.5511180892717664e-04         3.2517247701238997e-05
65                                     2.2378684691051632e-03         5.0783757651019536e-02         5.2368541897327963e-03         2.5285591947852498e-02         6.9894314098207502e-04        -1.8711196938115706e-04        -1.9735255419149095e-05         1.9201011982299717e-04
66                                    -7.7879357701354270e-04         5.2368541897327963e-03         1.3104229657207150e-01         2.8123224401326037e-02        -1.1908725778294860e-01        -3.4040386225689823e-05        -8.7118507338534643e-05         1.8485826072234951e-04
67                                    -5.0827484520713125e-03         2.5285591947852498e-02         2.8123224401326037e-02         6.0590654744181037e-02        -4.4527930348235711e-02        -3.2699109670208362e-04        -6.2369923598370796e-05        -7.6108981313258162e-05
68                                    -5.0327648664424962e-04         6.9894314098207502e-04        -1.1908725778294860e-01        -4.4527930348235711e-02         2.3592788180516014e-01        -5.6268012188072326e-04        -1.0381844398497809e-03         3.9021557621887228e-04
69                                     1.0379258802610839e-04        -1.8711196938115706e-04        -3.4040386225689823e-05        -3.2699109670208362e-04        -5.6268012188072326e-04         1.3196960983148073e-01         3.3416365676744567e-02        -1.2096000123658615e-01
70                                     1.5511180892717664e-04        -1.9735255419149095e-05        -8.7118507338534643e-05        -6.2369923598370796e-05        -1.0381844398497809e-03         3.3416365676744567e-02         6.5846648903158431e-02        -5.1602684463990356e-02
71                                     3.2517247701238997e-05         1.9201011982299717e-04         1.8485826072234951e-04        -7.6108981313258162e-05         3.9021557621887228e-04        -1.2096000123658615e-01        -5.1602684463990356e-02         2.3150452886224054e-01
72                                     1.4290704969939765e-05        -4.0694994220950799e-04        -2.4673197978587746e-05        -3.1954099397555127e-05        -3.3214041756578477e-04         9.4334856990985275e-03         4.2717329062312579e-03         1.4228827925661876e-02
73                                    -5.1960103686364317e-04        -1.7226679382668518e-03         2.5635562761823131e-04         7.2733623135768147e-05         2.1455891516421514e-04         4.2717340945611082e-03         1.2649783521444247e-03         5.9382289125134982e-03
74                                    -4.1724795737048230e-05         1.4088437632851992e-04         6.9853553007296568e-05         1.4513904638725436e-04         4.3276194928811278e-04        -1.4228830295557566e-02        -5.9382272124106697e-03        -1.8917678778260189e-02
75                                     2.9783526297888756e-05         4.5735439335152115e-06         7.7442573060552836e-05        -5.0051386051065423e-06        -7.9219166329498082e-06         9.0257759765595327e-05        -1.1409361425127680e-04        -1.6914216489518014e-04
76                                     5.9725363818420975e-05         1.5926027329217404e-06         1.1885344836012435e-04        -5.0300374511274182e-05         3.3819297515647246e-05         8.6854282938937286e-05        -5.8367226685930747e-05         8.9978591487760353e-05
77                                    -5.8501950139612686e-05         5.1497849738675811e-05        -1.5444743717776908e-05         2.9165105319682062e-05         3.5616798728377742e-05         8.1276559464434767e-05         3.3169692671382995e-04         4.5754641291875613e-04
78                                     8.6977007722277913e-06         5.8458385108604296e-05        -1.1421839948874083e-05        -3.1027422038324521e-05        -2.2347011108830254e-05        -1.0559965473890646e-03         1.0474866304341565e-03         3.9669371844364577e-04
79                                     5.4627596332726923e-05         4.4676615408029038e-05        -1.0064700131405340e-04         1.7255100966358521e-05        -1.1244949673459891e-04        -2.9470677076350624e-04         4.1123545809853066e-04         1.7085173267495594e-04
80                                    -1.2466680821513897e-05        -7.4740822344647489e-05        -2.6318061689647098e-06         1.9449187307621558e-06         6.3564997146997734e-05         1.6116451368476867e-03        -9.0406560996565872e-04         1.4856772183641128e-04
                                                        72                          73                          74                          75                          76                          77                          78                          79

0                                      1.9356264955493370e-03        -2.6454283236483894e-04         3.3476419152424349e-04         8.4388684783800495e-04         6.1303810297667536e-04        -1.2212785708232664e-04         1.9014590045454277e-03        -5.2762189746266130e-04
1                                     -1.0518458966972894e-03         1.3046068004687378e-03         6.4857069657499821e-04         1.7292376763201863e-03         7.8587900324323073e-04        -5.5069441015248664e-05        -6.9796074119386677e-04         2.4407548813357152e-03
2                                      1.0363424293468222e-03         5.5707770350619341e-06         4.3928655186728890e-04        -7.6203093057591160e-04        -2.3505900126243620e-04         3.4949121790489529e-03        -1.0766164153376981e-03        -4.4088423210367900e-04
3                                     -1.8294680643759768e-02         1.0063632447069804e-02        -2.8192862716858516e-04         8.0633259066840539e-03         3.9211500613541804e-03        -1.6210988899796233e-02        -1.7753638905159824e-02        -5.6365283903446941e-03
4                                     -6.9704847243860710e-03         3.2606346561039595e-03        -5.7813923727396705e-04         3.9452017886097372e-03         3.4005914849281980e-04        -7.5886809241873894e-03         1.2165808763762210e-02         1.4207584340221813e-03
5                                     -2.4686448262722073e-02         1.5569566347092395e-02        -2.3450549365914919e-03         1.5149814096467696e-02         5.5941363391630479e-03        -2.5780030762099566e-02        -5.5588870789742562e-04         8.2383651744242017e-05
6                                     -3.9873080301444305e-03         3.3277144059008050e-03        -1.3424173868676649e-04        -1.5786399939429379e-03        -8.2664674991357796e-04         5.1111095314515546e-03         8.4851730790314051e-05         1.4407183685805330e-04
7                                      4.0476681136602721e-03        -2.3005420475854417e-03         7.1951946782202597e-04        -7.6246343759847754e-04        -1.5575711220270272e-04         1.9494913133475276e-03        -3.5324805138005951e-04         6.6160186261709619e-05
8                                      1.8637932991402636e-03        -1.4671234624421105e-04         1.2355866580282312e-03         2.7703586674936147e-03         1.8633166386148115e-03        -3.4202293122178457e-03        -1.4963217488416299e-03        -2.3718792502127597e-04
9                                      4.3046335165838369e-04         2.8324929874160845e-04         2.1091113391368769e-04        -2.1341583767778304e-04        -2.3947550300418567e-04         1.7268978043844386e-04         6.6370053452427004e-05        -1.6430395440525879e-04
10                                     5.5663339805622465e-04        -4.5890814236907948e-04         1.4695104535004423e-04        -1.9386726711855462e-04        -1.2611080846052956e-04         7.2120627388427144e-04         2.1278007608456430e-04        -2.1335877068099913e-04
11                                     1.8486449523739436e-04        -6.1485959842877067e-05        -1.1732308989627533e-05         8.3521590804062386e-05         3.7855212876856514e-04         2.8783840718595282e-04         2.0106794913430943e-04        -2.0255237944020272e-04
12                                     1.7208180992006605e-04         7.0520289914293224e-05         3.4124093697095181e-06         1.8372803417733043e-04        -5.7185329183468379e-04         4.1379792639245627e-04         6.8355493317697261e-04         1.7159506017890560e-03
13                                     5.6793004119273360e-05        -3.3832950719696027e-06         3.1337371275160560e-05        -2.3008943883729305e-03        -6.7173754988265541e-03         4.6164365342321947e-04        -2.9883880496753214e-04         1.1634819045994449e-03
14                                    -1.3474714949954100e-04        -6.2075713215875835e-05        -8.9951346046271993e-05         8.8372904610494775e-04         1.5701287166921853e-03         1.5394220911638225e-03         8.6259254957589317e-05         7.7664449212961912e-04
15                                    -1.9637213897790145e-04        -1.1127006091498010e-04        -2.6406143716992863e-04        -5.7894713182607581e-03        -1.6598283463200639e-02         9.5696836693604697e-04         6.6542076289057162e-03         2.7659747306052994e-02
16                                    -3.4495333447308882e-06        -1.2830236850153436e-04        -1.9803408881091628e-04        -1.2319362282631335e-03        -7.6314850295385612e-03        -3.4856211084836886e-05        -4.6639751664327156e-03        -1.8797876426021837e-02
17                                     2.2099764571881903e-04         1.2712194110710479e-04         5.8461155961796532e-05        -6.5179174720117559e-03        -2.6794299705313891e-02         1.3046771662188358e-03        -7.9587872820329961e-04        -5.5008928400653283e-04
18                                    -1.0273608391123037e-04         2.5422057009392724e-04         5.0913123051128922e-04         4.0457457107628174e-04        -1.1228736036064688e-03        -4.3153357660666476e-05         7.6744933082856497e-04        -4.1509322863330896e-03
19                                     2.1274598315660959e-04         1.4466353252974261e-03         4.7462117662562617e-04         8.6349368788414885e-04         1.5725085349776015e-03         1.2609761922061872e-04        -1.8008496347434594e-03        -6.2493180987455623e-03
20                                    -8.0338873087360072e-04        -1.4850751924820808e-03         6.9851027444284806e-04         4.8561500299755013e-04        -1.0680937634606395e-03         3.3679241202034041e-05        -3.8776705910244756e-04        -8.3206643848937004e-05
21                                    -4.3418653830529352e-03        -1.8230343360552105e-02         1.1770647258216391e-03         7.8333039024397304e-06         1.4507053900056707e-04         2.2819601541929947e-04         1.0064733464161969e-05        -2.6212664015809808e-04
22                                    -1.8681951985277667e-03        -7.4132963930064110e-03        -8.7205696056892601e-06        -2.4930461266248704e-04        -1.1353023080990995e-04        -2.2328076265804974e-04        -5.6273090654110867e-04        -4.5431419795485557e-05
23                                    -4.3867000881962059e-03        -2.6770735124166254e-02        -5.8021561890884282e-04        -1.2423783588539272e-04         2.6228116355470933e-05        -1.3263960047552514e-04        -1.1160090723874713e-04         4.5981586295860619e-04
24                                     8.6346404792756034e-04        -9.8086664776042293e-04         6.9821605681341442e-04        -2.2569036469434305e-05        -1.1587096900029544e-04        -1.4719309005208851e-04        -1.1755847749252970e-04         7.7530892775332528e-05
25                                    -1.1282466083521684e-03        -6.9170496259471671e-03        -3.6095007189668529e-04        -9.1966286607418971e-06         6.3894171438895302e-05         1.4807569066566714e-04        -7.4603878999178475e-05         6.4471906810159921e-05
26                                     9.4943801560275730e-04         1.7054022982303622e-03         1.0666218229926794e-03        -4.6596118161517340e-05         5.9431786277752740e-05         2.4189230132953474e-05        -9.6726082294445667e-05         1.6663692870122569e-04
27                                    -1.1898683513170606e-01        -3.1572456420038364e-02        -1.0967609210224252e-01         1.2930221026868256e-03         6.3731844047783953e-05        -1.8812403061616214e-03        -7.2255817095910960e-04        -1.6977301903175271e-03
28                                    -3.0197079639693952e-02        -5.7796177065625703e-02        -4.5998503743845842e-02         2.3658223056818254e-04        -9.9750450377465586e-05         2.9928644662459251e-04        -2.2807676829506903e-03         4.9781576745978233e-04
29                                    -1.0817064596854142e-01        -4.6809358506086793e-02        -2.1610458566257132e-01         6.6403851123137997e-04        -5.6459930120029826e-04         6.0452928363754696e-04         4.2020190616168735e-03         1.0938323719934164e-03
30                                     9.4492993780407718e-04        -7.6956935665648224e-04         9.0461572908682206e-04        -1.2181025607945073e-01        -2.8972038104830400e-02        -1.1042579691525126e-01        -2.1680318283848402e-01         1.1235306434310763e-01
31                                    -7.0709030538620380e-04         2.9044715195975022e-04         2.5090858431757630e-04        -2.9423994801696288e-02        -5.8470447674955975e-02        -4.5806998851797821e-02         1.1305335379100415e-01        -1.1905718746240637e-01
32                                    -1.7584641095894486e-03         5.5412959381515980e-04         5.6909292411915988e-04        -1.1210477095893454e-01        -4.6943386826371128e-02        -2.1160430634567515e-01        -8.8887992188188937e-04        -8.6631659370497538e-04
33                                     1.8488664169723787e-04        -2.6062460436469597e-04         2.2265793017684377e-04        -1.5998001733573668e-04         2.9101428711145487e-04        -8.8160171975549574e-05        -6.7951626346157701e-04         5.8705465457441642e-04
34                                    -3.0385937784860794e-04         3.1080773568198817e-04         9.8670830385909694e-05        -2.1112233383400450e-04         1.6560118513206726e-05         3.4582394473807801e-05        -1.2951613958679530e-03        -9.4387200522010051e-05
35                                     1.4949621616779191e-04        -4.1453200988274009e-05         8.5050240814835826e-05        -2.5860515171380446e-04         2.7721671117787852e-04        -5.2804996718168202e-04         1.0905425757288460e-03         8.2932674987238708e-05
36                                     9.0255783425050116e-05        -1.1409345071448332e-04         1.6914466428490874e-04         7.6432782140794121e-04         2.6866694321324132e-05        -8.9434220364850237e-04         2.1388598742321831e-04        -1.7955705465445143e-04
37                                     8.6856811265375255e-05        -5.8370073067473050e-05        -8.9976896751189439e-05         2.6872362881951426e-05         4.9395899970033756e-04        -5.8541117446108933e-04        -3.3014459653251597e-04         5.3919630105292308e-05
38                                    -8.1275071650531439e-05        -3.3169974074246668e-04         4.5754802260128836e-04         8.9434748291990392e-04         5.8540874370555248e-04        -1.7312515940300418e-03        -1.1164054026808947e-04        -9.3538469601364520e-05
39                                    -1.0559964042136274e-03         1.0474847144205488e-03        -3.9669194454667288e-04         2.1388420735129815e-04        -3.3014209001993786e-04         1.1164084287036864e-04         9.7798811854340160e-04        -1.2049327665531080e-04
40                                    -2.9470485860278828e-04         4.1123448867492367e-04        -1.7085178125455505e-04        -1.7955611812573054e-04         5.3920757629912527e-05         9.3536372565297590e-05        -1.2049614166727892e-04         1.1420058634791039e-04
41                                    -1.6116494064992188e-03         9.0407004495765954e-04         1.4856636092132087e-04         2.2293698295243952e-04        -3.0012552728326744e-04         2.8844212472135572e-04         4.7022714846327459e-04        -3.4333014085358962e-04
42                                     2.9723716976506106e-05        -9.1541235953462711e-05        -1.2301840746278738e-05         5.1880873509050924e-06         1.0821036047923383e-04        -6.4485340586845161e-05         1.5644899118901281e-05        -1.3274135938455556e-05
43                                    -1.1713187594237704e-04         1.5191941269531830e-04        -2.7218663472995262e-05         7.3323709644761820e-05         5.7195238376057023e-05        -1.2148113301667287e-04         2.7509725560464246e-05         1.7641294793923745e-05
44                                     3.5814710220868993e-05         1.8251081309835545e-05        -5.5199332558239760e-05        -8.6018323734680328e-05        -7.0596719247442772e-05         5.1567006909217748e-05        -7.0523902599532728e-07        -8.0932656576391919e-05
45                                    -2.1881011777914110e-05         5.1859505077487042e-05         7.8109266314992012e-06         2.2241601525616744e-05        -1.1269338632391344e-03         2.1170752155432165e-05         2.0767412320607081e-04        -3.0396724460698022e-04
46                                    -1.2989072588660486e-05         4.9640661367706469e-05        -1.1486570674950659e-05        -4.1610023650071135e-04        -4.8333336834897097e-04         1.2369826717572099e-04        -4.9351220190625711e-06         3.8629076599854158e-04
47                                     1.1271484661318931e-04        -8.0007947663954005e-05         3.3085529684663046e-05        -8.0572406769168446e-04        -1.8261925798514866e-03         1.5327826778075863e-04         1.4994992350620223e-04         4.0217802132874210e-04
48                                     4.4660714084114291e-05        -5.5988521689649684e-05        -6.4092739882558834e-06         4.8672044731122447e-04        -9.0639825746338491e-05        -6.3149659837405392e-05         1.8165183607128307e-04        -1.0701541953798445e-03
49                                     2.5168008748921618e-06        -4.8406510003841212e-06         2.7570790888738379e-05         7.3372697054899412e-05         1.0474856636704495e-04         3.9406294618038809e-05         5.4479802877194922e-05         8.7526531515986702e-05
50                                     1.5767901152168498e-05         1.4050086051959333e-04         2.5411348214634716e-05         3.9461808085530423e-04         1.7198702163006169e-04        -8.7822036465663321e-05         2.3487501291669078e-04        -7.0017001542082040e-04
51                                    -2.9075900920650950e-05        -3.5977727170512469e-05        -5.1888445859763974e-06        -2.3240223607396901e-04         1.3352257821414720e-05        -8.6005367290753476e-06         6.0516517142693727e-04        -1.0285883618614241e-04
52                                    -5.6376161238292320e-05         4.0935922318695539e-05        -1.1591761491396447e-05        -3.5106839811069671e-05         1.1478670001787896e-03        -5.1055235084582120e-04         6.8405728083633668e-04         9.6035407562932405e-04
53                                     5.3060441165255975e-05         3.8368781029962705e-05        -1.6841753213775283e-05         5.4924097408128036e-05         4.1734341041337161e-04         5.8863428901294139e-04        -1.2384846551993962e-04         5.2287453327747035e-04
54                                     2.0789969856539845e-04         5.7195819396622157e-04         7.9424188888448100e-05        -1.1785341282299347e-05        -1.3212848915570956e-04         1.8769102422402277e-04         4.1544523593752621e-04         1.9327002098311224e-03
55                                     1.0379011081562348e-04         1.5511158789705231e-04        -3.2515794157281924e-05         3.1357080519963179e-05         3.4962060468983578e-04         2.2473214447237162e-05        -2.4518223597441192e-04        -1.3381179268709212e-03
56                                     1.8710928641076444e-04         1.9733944312938949e-05         1.9201039446409295e-04         2.0000893097112560e-04         4.6994393284134948e-04         2.0064965171897784e-04         1.3387245961052728e-04        -2.4844009127988144e-04
57                                    -3.4039498001872410e-05        -8.7118720101980068e-05        -1.8485964649905817e-04         5.2039673876775553e-04         8.5220787149757626e-04         3.5181901971985396e-04         1.0186676952866208e-04        -2.4878778053314971e-04
58                                    -3.2698797399567246e-04        -6.2370417852150844e-05         7.6110449555810439e-05         2.0911205002763222e-05        -4.2556798004820943e-04        -3.4016944980518613e-04        -1.1160781518862635e-04         2.2814531067657314e-04
59                                     5.6267671508399659e-04         1.0381827312302225e-03         3.9021916765130584e-04         5.2322854371440394e-05         5.3100831119676012e-04         1.9651796027973008e-04         1.3035882477756451e-04         9.1936452153646916e-05
60                                     4.9673592322962892e-04         6.4590750364014200e-04         1.3125020678326701e-04        -8.0249866255309790e-06         7.2599673924696011e-05         1.7409384107653150e-05         1.8670636050202236e-05         5.0161919714944350e-05
61                                    -7.9843835161354151e-05         9.9321307438039047e-04        -6.1430979141199275e-04         2.8756921019115148e-05        -2.3875406491065008e-06        -6.2859762791973427e-05         1.0870365238710043e-04         6.5625158393529991e-05
62                                     3.8624747775420300e-04        -1.5075470472577027e-04         8.5189133814358737e-05        -2.0388364722978634e-05        -1.2925180835938813e-05         1.1038813534474811e-05        -6.1854479130478884e-05        -1.0843242685131363e-04
63                                     6.0823684663843629e-05        -1.4461040829045332e-03        -3.6320728067858123e-04        -4.9793378625904408e-05        -3.3905505052970211e-05         1.0637129584551417e-04         1.0176447150138596e-04         9.3365374441293277e-06
64                                     1.4290704969939765e-05        -5.1960103686364317e-04        -4.1724795737048230e-05         2.9783526297888756e-05         5.9725363818420975e-05        -5.8501950139612686e-05         8.6977007722277913e-06         5.4627596332726923e-05
65                                    -4.0694994220950799e-04        -1.7226679382668518e-03         1.4088437632851992e-04         4.5735439335152115e-06         1.5926027329217404e-06         5.1497849738675811e-05         5.8458385108604296e-05         4.4676615408029038e-05
66                                    -2.4673197978587746e-05         2.5635562761823131e-04         6.9853553007296568e-05         7.7442573060552836e-05         1.1885344836012435e-04        -1.5444743717776908e-05        -1.1421839948874083e-05        -1.0064700131405340e-04
67                                    -3.1954099397555127e-05         7.2733623135768147e-05         1.4513904638725436e-04        -5.0051386051065423e-06        -5.0300374511274182e-05         2.9165105319682062e-05        -3.1027422038324521e-05         1.7255100966358521e-05
68                                    -3.3214041756578477e-04         2.1455891516421514e-04         4.3276194928811278e-04        -7.9219166329498082e-06         3.3819297515647246e-05         3.5616798728377742e-05        -2.2347011108830254e-05        -1.1244949673459891e-04
69                                     9.4334856990985275e-03         4.2717340945611082e-03        -1.4228830295557566e-02         9.0257759765595327e-05         8.6854282938937286e-05         8.1276559464434767e-05        -1.0559965473890646e-03        -2.9470677076350624e-04
70                                     4.2717329062312579e-03         1.2649783521444247e-03        -5.9382272124106697e-03        -1.1409361425127680e-04        -5.8367226685930747e-05         3.3169692671382995e-04         1.0474866304341565e-03         4.1123545809853066e-04
71                                     1.4228827925661876e-02         5.9382289125134982e-03        -1.8917678778260189e-02        -1.6914216489518014e-04         8.9978591487760353e-05         4.5754641291875613e-04         3.9669371844364577e-04         1.7085173267495594e-04
72                                     1.3196960797027804e-01         3.3416363037606256e-02         1.2096000718992136e-01        -3.0497501958724662e-04         1.9890072701294139e-04         1.1620422419047652e-03         5.1579296915443785e-04         1.8444583957674546e-04
73                                     3.3416363037606256e-02         6.5846656619052452e-02         5.1602682200623445e-02        -9.9283762211294872e-05         1.5065505556665439e-04        -2.9606506631425777e-04        -1.4371718139456389e-04        -8.7369349854288887e-05
74                                     1.2096000718992136e-01         5.1602682200623445e-02         2.3150452799565002e-01         5.5636985361842868e-05        -2.2322954231472820e-04         4.4852165520256875e-04         4.4077046472649518e-05         9.4060223168191803e-05
75                                    -3.0497501958724662e-04        -9.9283762211294872e-05         5.5636985361842868e-05         1.3026945875447735e-01         3.4456656654726484e-02         1.1969030036903151e-01        -1.3064975512050846e-02        -6.2568276078084264e-03
76                                     1.9890072701294139e-04         1.5065505556665439e-04        -2.2322954231472820e-04         3.4456656654726484e-02         6.5429202650867560e-02         5.1150024150272581e-02         9.1654881280210845e-03         3.7086180815548491e-03
77                                     1.1620422419047652e-03        -2.9606506631425777e-04         4.4852165520256875e-04         1.1969030036903151e-01         5.1150024150272581e-02         2.3296736212311145e-01         1.3342159025445319e-03         2.0486521918757113e-04
78                                     5.1579296915443785e-04        -1.4371718139456389e-04         4.4077046472649518e-05        -1.3064975512050846e-02         9.1654881280210845e-03         1.3342159025445319e-03         2.3668534092182025e-01        -1.2354833282635544e-01
79                                     1.8444583957674546e-04        -8.7369349854288887e-05         9.4060223168191803e-05        -6.2568276078084264e-03         3.7086180815548491e-03         2.0486521918757113e-04        -1.2354833282635544e-01         1.3412416398399496e-01
80                                     2.3904317354631120e-04         7.1061649933329163e-05         1.0992417509205770e-04        -2.0685408867950610e-02         1.4767069784473849e-02         5.4440906589808000e-04        -2.8677711131854266e-03        -1.0663914589259753e-04
                                                        80

0                                     -1.8567121383038284e-03
1                                     -1.8781534930410997e-03
2                                      1.0554751868003811e-03
3                                      2.3995363248320419e-02
4                                     -1.6062645876034180e-02
5                                     -1.7591309802547847e-03
6                                      1.0836590407563027e-03
7                                     -6.5526291270429700e-04
8                                      1.6311179260173206e-03
9                                     -2.8292203192298131e-05
10                                     1.3041725553747494e-04
11                                    -6.9839196572192151e-05
12                                     6.1931213051766168e-04
13                                    -6.4319156054525278e-04
14                                     6.7946802380918777e-05
15                                    -1.8394796691582188e-03
16                                     3.4049334521572133e-04
17                                    -1.2931197849525965e-03
18                                     1.2075699365779458e-04
19                                     8.5176436877195619e-04
20                                     3.7074909807796380e-04
21                                    -4.8153465109852106e-05
22                                     5.6116122913868428e-04
23                                    -2.8309819685436947e-05
24                                    -3.7208339399850184e-06
25                                     4.7752092967039611e-05
26                                     1.2677367371720762e-04
27                                     2.0893197433891394e-03
28                                     1.9552719338107030e-03
29                                    -4.5557749470755823e-03
30                                    -9.5986644732009804e-04
31                                    -1.2883498920509629e-04
32                                    -4.7512567575462870e-02
33                                    -2.4637806905515786e-04
34                                     1.0509839426831422e-03
35                                     1.5925993111853297e-04
36                                    -2.2293765249063009e-04
37                                     3.0012460149739017e-04
38                                     2.8844015471463807e-04
39                                    -4.7022744376698554e-04
40                                     3.4332906229828141e-04
41                                    -5.8740682972294330e-04
42                                    -4.5208537510393974e-05
43                                    -3.0637639066621594e-05
44                                    -1.5003945890557373e-05
45                                    -3.0993176879098180e-05
46                                     9.4883323744329745e-05
47                                    -2.1891078656816789e-05
48                                    -1.8094075750582162e-04
49                                    -2.3810639778311011e-04
50                                     9.8296222380397458e-05
51                                    -3.4640646730340783e-04
52                                     1.4576682513150118e-04
53                                     2.6619787014827573e-05
54                                    -1.5338946173758307e-04
55                                     3.1071210838130669e-04
56                                     4.5872250513262838e-04
57                                     4.6771952380561852e-04
58                                    -2.4808277165962877e-04
59                                     2.0934556203030434e-04
60                                    -1.0468956568913613e-04
61                                    -8.4168643973207195e-05
62                                     3.6928744972521222e-05
63                                    -6.8382158818401352e-05
64                                    -1.2466680821513897e-05
65                                    -7.4740822344647489e-05
66                                    -2.6318061689647098e-06
67                                     1.9449187307621558e-06
68                                     6.3564997146997734e-05
69                                     1.6116451368476867e-03
70                                    -9.0406560996565872e-04
71                                     1.4856772183641128e-04
72                                     2.3904317354631120e-04
73                                     7.1061649933329163e-05
74                                     1.0992417509205770e-04
75                                    -2.0685408867950610e-02
76                                     1.4767069784473849e-02
77                                     5.4440906589808000e-04
78                                    -2.8677711131854266e-03
79                                    -1.0663914589259753e-04
80                                     5.0521643426287233e-02
   &MODES [&Type "ArrayOfDoubles", &Dim (81,81)] "The modes of vibrations"
                                                         0                           1                           2                           3                           4                           5                           6                           7

0                                      8.1047550079307570e-02         0.0000000000000000e+00         0.0000000000000000e+00        -1.2346692500665460e-01         0.0000000000000000e+00         0.0000000000000000e+00         0.0000000000000000e+00         1.2885148265998900e-01
1                                      0.0000000000000000e+00         8.1047550079307570e-02         0.0000000000000000e+00         3.3922819304058646e-02         0.0000000000000000e+00         0.0000000000000000e+00         0.0000000000000000e+00        -3.8681184947185442e-02
2                                      0.0000000000000000e+00         0.0000000000000000e+00         8.1047550079307570e-02         0.0000000000000000e+00         1.2677111548442838e-01        -1.8731484245431272e-02        -7.8498877080935378e-02         0.0000000000000000e+00
3                                      8.1047550079307570e-02         0.0000000000000000e+00         0.0000000000000000e+00        -5.7270412364368126e-02         0.0000000000000000e+00         0.0000000000000000e+00         0.0000000000000000e+00        -8.3890096061959036e-03
4                                      0.0000000000000000e+00         8.1047550079307570e-02         0.0000000000000000e+00         1.3934755761943717e-02         0.0000000000000000e+00         0.0000000000000000e+00         0.0000000000000000e+00         2.1921356629182667e-03
5                                      0.0000000000000000e+00         0.0000000000000000e+00         8.1047550079307570e-02         0.0000000000000000e+00         5.8620936171138463e-02        -6.5583077955516638e-03         1.3575276035651828e-02         0.0000000000000000e+00
6                                      8.1047550079307557e-02         0.0000000000000000e+00         0.0000000000000000e+00        -4.1315516909931745e-02         6.1045112596448490e-03        -7.1402143267264240e-02        -1.7503332591507714e-02        -7.0172950863326589e-02
7                                      0.0000000000000000e+00         8.1047550079307557e-02         0.0000000000000000e+00        -2.5800584144862842e-02         6.0282188005460376e-02         1.0462883843131529e-02         1.0812460328891345e-03         2.7034617269309245e-02
8                                      0.0000000000000000e+00         0.0000000000000000e+00         8.1047550079307557e-02         0.0000000000000000e+00         3.8662845733177124e-02         3.7691864964321586e-02         3.2239932726384209e-02         3.1763278483951565e-02
9                                      8.1047550079307557e-02         0.0000000000000000e+00         0.0000000000000000e+00         3.0681684663295610e-02         6.1265361312447860e-03        -7.1659759802074827e-02        -4.5838419666937181e-03        -1.4836786402215942e-02
10                                     0.0000000000000000e+00         8.1047550079307557e-02         0.0000000000000000e+00        -4.3654969369371799e-02         6.0499684115158894e-02         1.0500633576633280e-02         9.3638921230544958e-03         4.0184950540318324e-03
11                                     0.0000000000000000e+00         0.0000000000000000e+00         8.1047550079307557e-02         0.0000000000000000e+00        -3.5066188316494093e-02         4.6334625781358635e-02         1.2309150472408366e-02         2.8605265129100221e-03
12                                     8.1047550079307570e-02         0.0000000000000000e+00         0.0000000000000000e+00         4.6325890764003196e-02         0.0000000000000000e+00         0.0000000000000000e+00         0.0000000000000000e+00         2.3793184955914353e-02
13                                     0.0000000000000000e+00         8.1047550079307570e-02         0.0000000000000000e+00        -8.3394380868026932e-02         0.0000000000000000e+00         0.0000000000000000e+00         0.0000000000000000e+00        -1.0429397511330785e-01
14                                     0.0000000000000000e+00         0.0000000000000000e+00         8.1047550079307570e-02         0.0000000000000000e+00        -5.4714322067395411e-02         9.0643485371819432e-02         1.3647530850147476e-02         0.0000000000000000e+00
15                                     8.1047550079307557e-02         0.0000000000000000e+00         0.0000000000000000e+00         3.0681684663295610e-02        -6.1265361312447860e-03         7.1659759802074827e-02         4.5838419666937181e-03        -1.4836786402215942e-02
16                                     0.0000000000000000e+00         8.1047550079307557e-02         0.0000000000000000e+00        -4.3654969369371799e-02        -6.0499684115158894e-02        -1.0500633576633280e-02        -9.3638921230544958e-03         4.0184950540318324e-03
17                                     0.0000000000000000e+00         0.0000000000000000e+00         8.1047550079307557e-02         0.0000000000000000e+00        -3.5066188316494093e-02         4.6334625781358635e-02         1.2309150472408366e-02        -2.8605265129100221e-03
18                                     8.1047550079307557e-02         0.0000000000000000e+00         0.0000000000000000e+00         7.1085488020046272e-02        -6.1162925803847235e-03         7.1539944888977539e-02        -2.7820012770847957e-02         1.2002562402413524e-02
19                                     0.0000000000000000e+00         8.1047550079307557e-02         0.0000000000000000e+00         1.8458777967868975e-02        -6.0398528816638611e-02        -1.0483076547375498e-02        -5.8837131439346969e-02         4.6272811249806034e-02
20                                     0.0000000000000000e+00         0.0000000000000000e+00         8.1047550079307557e-02         0.0000000000000000e+00        -6.9144784679387228e-02        -3.4166423980378585e-02        -2.4421001133686376e-02         2.7037157446602511e-02
21                                     8.1047550079307570e-02         0.0000000000000000e+00         0.0000000000000000e+00         5.5234749314740678e-02         0.0000000000000000e+00         0.0000000000000000e+00         0.0000000000000000e+00        -1.0440820470473506e-02
22                                     0.0000000000000000e+00         8.1047550079307570e-02         0.0000000000000000e+00         5.8279803728846107e-02         0.0000000000000000e+00         0.0000000000000000e+00         0.0000000000000000e+00         1.8874836067380100e-03
23                                     0.0000000000000000e+00         0.0000000000000000e+00         8.1047550079307570e-02         0.0000000000000000e+00        -4.9282075381281862e-02        -7.8536043160519806e-02         9.9093974199829082e-03         0.0000000000000000e+00
24                                     8.1047550079307557e-02         0.0000000000000000e+00         0.0000000000000000e+00         7.1085488020046272e-02         6.1162925803847235e-03        -7.1539944888977539e-02         2.7820012770847957e-02         1.2002562402413524e-02
25                                     0.0000000000000000e+00         8.1047550079307557e-02         0.0000000000000000e+00         1.8458777967868975e-02         6.0398528816638611e-02         1.0483076547375498e-02         5.8837131439346969e-02         4.6272811249806034e-02
26                                     0.0000000000000000e+00         0.0000000000000000e+00         8.1047550079307557e-02         0.0000000000000000e+00        -6.9144784679387228e-02        -3.4166423980378585e-02        -2.4421001133686376e-02        -2.7037157446602511e-02
27                                     8.1047550079307570e-02         0.0000000000000000e+00         0.0000000000000000e+00        -1.6852147904286290e-02         0.0000000000000000e+00         0.0000000000000000e+00         0.0000000000000000e+00        -2.1630161369635716e-02
28                                     0.0000000000000000e+00         8.1047550079307570e-02         0.0000000000000000e+00         7.5586640712811085e-02         0.0000000000000000e+00         0.0000000000000000e+00         0.0000000000000000e+00        -1.3927556694871505e-02
29                                     0.0000000000000000e+00         0.0000000000000000e+00         8.1047550079307570e-02         0.0000000000000000e+00         2.4481171159053954e-02        -8.6515369893828353e-02         6.9173310845034586e-02         0.0000000000000000e+00
30                                     8.1047550079307557e-02         0.0000000000000000e+00         0.0000000000000000e+00        -4.1315516909931745e-02        -6.1045112596448490e-03         7.1402143267264240e-02         1.7503332591507714e-02        -7.0172950863326589e-02
31                                     0.0000000000000000e+00         8.1047550079307557e-02         0.0000000000000000e+00        -2.5800584144862842e-02        -6.0282188005460376e-02        -1.0462883843131529e-02        -1.0812460328891345e-03         2.7034617269309245e-02
32                                     0.0000000000000000e+00         0.0000000000000000e+00         8.1047550079307557e-02         0.0000000000000000e+00         3.8662845733177124e-02         3.7691864964321586e-02         3.2239932726384209e-02        -3.1763278483951565e-02
33                                     8.1047550079307584e-02         0.0000000000000000e+00         0.0000000000000000e+00        -1.4987601757248853e-01         0.0000000000000000e+00         0.0000000000000000e+00         0.0000000000000000e+00         1.9595450211992332e-01
34                                     0.0000000000000000e+00         8.1047550079307584e-02         0.0000000000000000e+00        -4.4018918196689601e-03         0.0000000000000000e+00         0.0000000000000000e+00         0.0000000000000000e+00         5.9006468612395079e-02
35                                     0.0000000000000000e+00         0.0000000000000000e+00         8.1047550079307584e-02         0.0000000000000000e+00         1.4927597380615451e-01         3.1194891156217482e-02        -7.3198859666339866e-01         0.0000000000000000e+00
36                                     8.1047550079307570e-02         0.0000000000000000e+00         0.0000000000000000e+00        -5.3823103673476765e-02         1.0456331585605409e-02        -1.2230372820523785e-01        -3.9781422149928192e-02        -1.4323777364155557e-01
37                                     0.0000000000000000e+00         8.1047550079307570e-02         0.0000000000000000e+00         2.4445507383361602e-03         1.0325651304107358e-01         1.7921726761107103e-02         2.1507203010406664e-02         6.8818861139129633e-02
38                                     0.0000000000000000e+00         0.0000000000000000e+00         8.1047550079307570e-02         0.0000000000000000e+00         5.4014825731099642e-02         6.4396716941505722e-03         2.2776481253545804e-02        -3.7288020075789520e-03
39                                     8.1047550079307570e-02         0.0000000000000000e+00         0.0000000000000000e+00        -7.1034876687619986e-02         6.1669498728896726e-03        -7.2132463946298520e-02        -2.4466754491150045e-02        -9.3137826088371165e-02
40                                     0.0000000000000000e+00         8.1047550079307570e-02         0.0000000000000000e+00        -6.9794986367289952e-02         6.0898770736219993e-02         1.0569901084958160e-02        -4.2007315058399447e-03        -5.0721481359605981e-03
41                                     0.0000000000000000e+00         0.0000000000000000e+00         8.1047550079307570e-02         0.0000000000000000e+00         6.3901001670531352e-02         9.4900811148734318e-02         6.8731306444161519e-02         1.1676025922059377e-01
42                                     8.1047550079307570e-02         0.0000000000000000e+00         0.0000000000000000e+00         4.1672019959665053e-02         1.0511509590654538e-02        -1.2294912431544980e-01        -5.5626040497391638e-03        -1.2980626321071505e-02
43                                     0.0000000000000000e+00         8.1047550079307570e-02         0.0000000000000000e+00        -7.2067105092167169e-02         1.0380139710019992e-01         1.8016299615995789e-02         1.1829350942410104e-02         7.9867210226369431e-03
44                                     0.0000000000000000e+00         0.0000000000000000e+00         8.1047550079307570e-02         0.0000000000000000e+00        -4.8919377355125943e-02         7.8047491477780714e-02         1.2346409179283762e-02         6.8309802594589044e-04
45                                     8.1047550079307584e-02         0.0000000000000000e+00         0.0000000000000000e+00         9.7529377192597133e-02         0.0000000000000000e+00         0.0000000000000000e+00         0.0000000000000000e+00         1.8586085774720118e-01
46                                     0.0000000000000000e+00         8.1047550079307584e-02         0.0000000000000000e+00        -9.6999688091988528e-02         0.0000000000000000e+00         0.0000000000000000e+00         0.0000000000000000e+00        -1.4799040618278841e-01
47                                     0.0000000000000000e+00         0.0000000000000000e+00         8.1047550079307584e-02         0.0000000000000000e+00        -1.0724126892145032e-01         9.7863895175969481e-02         1.2364248706567651e-02         0.0000000000000000e+00
48                                     8.1047550079307584e-02         0.0000000000000000e+00         0.0000000000000000e+00         1.8184893273537839e-02         0.0000000000000000e+00         0.0000000000000000e+00         0.0000000000000000e+00        -6.4232234212090678e-02
49                                     0.0000000000000000e+00         8.1047550079307584e-02         0.0000000000000000e+00        -1.2830641190240533e-01         0.0000000000000000e+00         0.0000000000000000e+00         0.0000000000000000e+00        -2.4601987316045293e-01
50                                     0.0000000000000000e+00         0.0000000000000000e+00         8.1047550079307584e-02         0.0000000000000000e+00        -3.1145727070973833e-02         1.4866454283024971e-01         1.0932945184327870e-02         0.0000000000000000e+00
51                                     8.1047550079307570e-02         0.0000000000000000e+00         0.0000000000000000e+00         4.1672019959665053e-02        -1.0511509590654538e-02         1.2294912431544980e-01         5.5626040497391638e-03        -1.2980626321071505e-02
52                                     0.0000000000000000e+00         8.1047550079307570e-02         0.0000000000000000e+00        -7.2067105092167169e-02        -1.0380139710019992e-01        -1.8016299615995789e-02        -1.1829350942410104e-02         7.9867210226369431e-03
53                                     0.0000000000000000e+00         0.0000000000000000e+00         8.1047550079307570e-02         0.0000000000000000e+00        -4.8919377355125943e-02         7.8047491477780714e-02         1.2346409179283762e-02        -6.8309802594589044e-04
54                                     8.1047550079307570e-02         0.0000000000000000e+00         0.0000000000000000e+00         1.2268011703547702e-01        -6.1905279032348128e-03         7.2408247187422642e-02        -7.8159382328777671e-02         4.0936786181390052e-02
55                                     0.0000000000000000e+00         8.1047550079307570e-02         0.0000000000000000e+00         6.4312741567963665e-03        -6.1131604323973410e-02        -1.0610312869335045e-02        -4.8831591129491723e-02         4.0906605044954761e-02
56                                     0.0000000000000000e+00         0.0000000000000000e+00         8.1047550079307570e-02         0.0000000000000000e+00        -1.2190285804883036e-01        -2.8880756189863233e-02        -1.1157553368735945e-01         1.0625525477268140e-01
57                                     8.1047550079307570e-02         0.0000000000000000e+00         0.0000000000000000e+00         6.0940037655804268e-02        -1.0527291891428881e-02         1.2313372387683097e-01        -2.8900090047103186e-02         2.9783148684189246e-02
58                                     0.0000000000000000e+00         8.1047550079307570e-02         0.0000000000000000e+00         4.6795890937886227e-02        -1.0395724768052851e-01        -1.8043349837177453e-02        -1.5745299688093747e-01         1.2346202460052888e-01
59                                     0.0000000000000000e+00         0.0000000000000000e+00         8.1047550079307570e-02         0.0000000000000000e+00        -5.6143197626207363e-02        -6.5937010728441006e-02        -1.2737605882217719e-03        -2.1104665704686073e-03
60                                     8.1047550079307584e-02         0.0000000000000000e+00         0.0000000000000000e+00         8.3854014739053809e-02         0.0000000000000000e+00         0.0000000000000000e+00         0.0000000000000000e+00        -1.5110664590486080e-02
61                                     0.0000000000000000e+00         8.1047550079307584e-02         0.0000000000000000e+00         1.0285215555574795e-01         0.0000000000000000e+00         0.0000000000000000e+00         0.0000000000000000e+00        -5.5804486351386804e-03
62                                     0.0000000000000000e+00         0.0000000000000000e+00         8.1047550079307584e-02         0.0000000000000000e+00        -7.3362806809874392e-02        -1.3623810279784471e-01         2.1626475545023471e-04         0.0000000000000000e+00
63                                     8.1047550079307570e-02         0.0000000000000000e+00         0.0000000000000000e+00         1.2268011703547702e-01         6.1905279032348128e-03        -7.2408247187422642e-02         7.8159382328777671e-02         4.0936786181390052e-02
64                                     0.0000000000000000e+00         8.1047550079307570e-02         0.0000000000000000e+00         6.4312741567963665e-03         6.1131604323973410e-02         1.0610312869335045e-02         4.8831591129491723e-02         4.0906605044954761e-02
65                                     0.0000000000000000e+00         0.0000000000000000e+00         8.1047550079307570e-02         0.0000000000000000e+00        -1.2190285804883036e-01        -2.8880756189863233e-02        -1.1157553368735945e-01        -1.0625525477268140e-01
66                                     8.1047550079307570e-02         0.0000000000000000e+00         0.0000000000000000e+00         6.0940037655804268e-02         1.0527291891428881e-02        -1.2313372387683097e-01         2.8900090047103186e-02         2.9783148684189246e-02
67                                     0.0000000000000000e+00         8.1047550079307570e-02         0.0000000000000000e+00         4.6795890937886227e-02         1.0395724768052851e-01         1.8043349837177453e-02         1.5745299688093747e-01         1.2346202460052888e-01
68                                     0.0000000000000000e+00         0.0000000000000000e+00         8.1047550079307570e-02         0.0000000000000000e+00        -5.6143197626207363e-02        -6.5937010728441006e-02        -1.2737605882217719e-03         2.1104665704686073e-03
69                                     8.1047550079307570e-02         0.0000000000000000e+00         0.0000000000000000e+00        -2.9239216204600040e-02         4.3194816522429541e-03        -5.0523331787861114e-02         5.6637976021574145e-02        -2.5938978909849118e-02
70                                     0.0000000000000000e+00         8.1047550079307570e-02         0.0000000000000000e+00         1.0434202842304736e-01         4.2654979894622289e-02         7.4034157474197580e-03         1.6820255086303797e-02        -1.8718924817743234e-04
71                                     0.0000000000000000e+00         0.0000000000000000e+00         8.1047550079307570e-02         0.0000000000000000e+00         3.9764374830191497e-02        -1.1839221198654092e-01         1.1301004962807075e-01         1.1689939129827626e-03
72                                     8.1047550079307570e-02         0.0000000000000000e+00         0.0000000000000000e+00        -2.9239216204600040e-02        -4.3194816522429541e-03         5.0523331787861114e-02        -5.6637976021574145e-02        -2.5938978909849118e-02
73                                     0.0000000000000000e+00         8.1047550079307570e-02         0.0000000000000000e+00         1.0434202842304736e-01        -4.2654979894622289e-02        -7.4034157474197580e-03        -1.6820255086303797e-02        -1.8718924817743234e-04
74                                     0.0000000000000000e+00         0.0000000000000000e+00         8.1047550079307570e-02         0.0000000000000000e+00         3.9764374830191497e-02        -1.1839221198654092e-01         1.1301004962807075e-01        -1.1689939129827626e-03
75                                     8.1047550079307570e-02         0.0000000000000000e+00         0.0000000000000000e+00        -5.3823103673476765e-02        -1.0456331585605409e-02         1.2230372820523785e-01         3.9781422149928192e-02        -1.4323777364155557e-01
76                                     0.0000000000000000e+00         8.1047550079307570e-02         0.0000000000000000e+00         2.4445507383361602e-03        -1.0325651304107358e-01        -1.7921726761107103e-02        -2.1507203010406664e-02         6.8818861139129633e-02
77                                     0.0000000000000000e+00         0.0000000000000000e+00         8.1047550079307570e-02         0.0000000000000000e+00         5.4014825731099642e-02         6.4396716941505722e-03         2.2776481253545804e-02         3.7288020075789520e-03
78                                     8.1047550079307570e-02         0.0000000000000000e+00         0.0000000000000000e+00        -7.1034876687619986e-02        -6.1669498728896726e-03         7.2132463946298520e-02         2.4466754491150045e-02        -9.3137826088371165e-02
79                                     0.0000000000000000e+00         8.1047550079307570e-02         0.0000000000000000e+00        -6.9794986367289952e-02        -6.0898770736219993e-02        -1.0569901084958160e-02         4.2007315058399447e-03        -5.0721481359605981e-03
80                                     0.0000000000000000e+00         0.0000000000000000e+00         8.1047550079307570e-02         0.0000000000000000e+00         6.3901001670531352e-02         9.4900811148734318e-02         6.8731306444161519e-02        -1.1676025922059377e-01
                                                         8                           9                          10                          11                          12                          13                          14                          15

0                                      0.0000000000000000e+00         0.0000000000000000e+00        -9.8054565213271092e-02         0.0000000000000000e+00         0.0000000000000000e+00        -1.9661434603825332e-02        -2.7121917684104820e-02         4.2532366465359010e-02
1                                      0.0000000000000000e+00         0.0000000000000000e+00         3.2645035198578601e-02         0.0000000000000000e+00         0.0000000000000000e+00         2.2625591704386757e-03        -1.0418191969224136e-01        -1.6429604450383276e-02
2                                      1.1848572398270260e-01         5.1317013123010876e-03         0.0000000000000000e+00         1.1741872348557313e-01         1.6264355371551704e-02         0.0000000000000000e+00         0.0000000000000000e+00         0.0000000000000000e+00
3                                      0.0000000000000000e+00         0.0000000000000000e+00         7.1639630398283541e-02         0.0000000000000000e+00         0.0000000000000000e+00        -7.0607896528529987e-02        -1.8246027914790804e-02        -4.2420008859907023e-02
4                                      0.0000000000000000e+00         0.0000000000000000e+00        -1.7642830943068791e-02         0.0000000000000000e+00         0.0000000000000000e+00         1.6015763706211352e-02        -7.7366049953782490e-02         1.0269752179986385e-02
5                                      5.5775649956255361e-03         1.9126152306294768e-03         0.0000000000000000e+00        -6.5020456460993997e-02         7.7134001114580825e-02         0.0000000000000000e+00         0.0000000000000000e+00         0.0000000000000000e+00
6                                      3.7469397154674088e-02        -7.5114777728482643e-02         4.7192986075752834e-02        -2.2129981425512583e-02         2.1317944994244147e-02        -1.0655139075843314e-02        -1.5762410878792925e-02         5.4714275094702759e-02
7                                      1.4203362717185301e-02         2.1847414035819142e-02         6.1196546018269559e-03        -2.5025020358481826e-02        -7.4222184397319257e-02         4.3353529548987205e-02        -2.2399850629203018e-02        -2.9309513892538070e-02
8                                     -2.0265235587394202e-02         4.6610730174018788e-02         2.2042952820746330e-02        -6.4188379995376590e-02         6.9263610802975939e-02        -3.8602624158108861e-02        -1.5374691836300752e-02        -7.2408691886201929e-02
9                                     -2.6788779493913876e-03         4.4354270839903551e-02        -1.8649158771763267e-02        -4.5336016639116510e-04         2.6558924359312987e-02         6.1396676488490343e-02        -9.3652273388236985e-03        -2.9916898859709887e-02
10                                     1.3853231388303491e-02        -7.9874191304218512e-03         3.2657390857778405e-02        -4.8581550586053575e-02        -8.1488332127520505e-02         2.9946944627823883e-02         8.0458723332837415e-04        -1.4715345412470436e-02
11                                    -3.6987188466337433e-03        -2.6173462118656902e-02        -7.6087965285679179e-03         3.6922884376506031e-02        -2.3338132861044827e-03        -4.6353702866309590e-02        -1.5941426748743895e-02        -1.7470509602969801e-02
12                                     0.0000000000000000e+00         0.0000000000000000e+00         2.9231263774437202e-02         0.0000000000000000e+00         0.0000000000000000e+00         1.1722498560611866e-01        -2.5845221377569262e-02        -7.7457362973366699e-04
13                                     0.0000000000000000e+00         0.0000000000000000e+00        -6.6915874140681397e-02         0.0000000000000000e+00         0.0000000000000000e+00         3.9042031587417494e-02         8.8255827035758058e-02        -4.9381150503357604e-02
14                                    -5.7518484082224770e-03        -6.1057738067316666e-02         0.0000000000000000e+00         6.6371182671352405e-02         1.7234570300921962e-03         0.0000000000000000e+00         0.0000000000000000e+00         0.0000000000000000e+00
15                                     2.6788779493913876e-03        -4.4354270839903551e-02        -1.8649158771763267e-02         4.5336016639116510e-04        -2.6558924359312987e-02         6.1396676488490343e-02        -9.3652273388236985e-03        -2.9916898859709887e-02
16                                    -1.3853231388303491e-02         7.9874191304218512e-03         3.2657390857778405e-02         4.8581550586053575e-02         8.1488332127520505e-02         2.9946944627823883e-02         8.0458723332837415e-04        -1.4715345412470436e-02
17                                    -3.6987188466337433e-03        -2.6173462118656902e-02         7.6087965285679179e-03         3.6922884376506031e-02        -2.3338132861044827e-03         4.6353702866309590e-02         1.5941426748743895e-02         1.7470509602969801e-02
18                                     4.2059527118475500e-02        -4.8083121572199253e-02        -2.9808112703456274e-02        -5.9748225611282020e-02        -2.9320348035378727e-02         1.2841362742093181e-02         4.1467173398016165e-02        -1.3114146874185379e-02
19                                     4.4477714716678163e-02         1.3421144163748481e-02         3.6860431865894848e-02        -3.4949222822967016e-02         6.8773480074589013e-02        -3.6714834419202397e-02         7.1791161069927167e-02         2.9511688826204089e-02
20                                     2.0042101568700080e-02         3.1908053173443578e-02         4.6978014560202605e-02        -2.0719786494776540e-02        -7.5094136616826720e-02         4.7923615087310890e-02         3.9436627056068103e-02         1.8828984775605295e-02
21                                     0.0000000000000000e+00         0.0000000000000000e+00        -5.0153748076899998e-02         0.0000000000000000e+00         0.0000000000000000e+00        -4.7202422581309474e-02         1.8769414904657229e-02        -4.3743656208113942e-02
22                                     0.0000000000000000e+00         0.0000000000000000e+00        -4.3032805070094320e-02         0.0000000000000000e+00         0.0000000000000000e+00        -7.7283249573190591e-02        -6.8093752175889871e-03         5.4185301699435577e-02
23                                    -1.7591453546857039e-02         5.2519416824578079e-02         0.0000000000000000e+00         1.7308468312345900e-02        -8.0070456748711175e-02         0.0000000000000000e+00         0.0000000000000000e+00         0.0000000000000000e+00
24                                    -4.2059527118475500e-02         4.8083121572199253e-02        -2.9808112703456274e-02         5.9748225611282020e-02         2.9320348035378727e-02         1.2841362742093181e-02         4.1467173398016165e-02        -1.3114146874185379e-02
25                                    -4.4477714716678163e-02        -1.3421144163748481e-02         3.6860431865894848e-02         3.4949222822967016e-02        -6.8773480074589013e-02        -3.6714834419202397e-02         7.1791161069927167e-02         2.9511688826204089e-02
26                                     2.0042101568700080e-02         3.1908053173443578e-02        -4.6978014560202605e-02        -2.0719786494776540e-02        -7.5094136616826720e-02        -4.7923615087310890e-02        -3.9436627056068103e-02        -1.8828984775605295e-02
27                                     0.0000000000000000e+00         0.0000000000000000e+00         6.8948337799971102e-02         0.0000000000000000e+00         0.0000000000000000e+00        -1.0421102490644139e-01         1.3684261940189802e-02        -5.3888782514408588e-02
28                                     0.0000000000000000e+00         0.0000000000000000e+00        -5.1340004742005382e-02         0.0000000000000000e+00         0.0000000000000000e+00        -5.5581334511178401e-02        -3.0192964650259467e-02         4.2929805617511710e-02
29                                    -5.9497336077538293e-02        -9.6921663159907703e-02         0.0000000000000000e+00        -4.1107905659441675e-02        -6.4828082223072816e-05         0.0000000000000000e+00         0.0000000000000000e+00         0.0000000000000000e+00
30                                    -3.7469397154674088e-02         7.5114777728482643e-02         4.7192986075752834e-02         2.2129981425512583e-02        -2.1317944994244147e-02        -1.0655139075843314e-02        -1.5762410878792925e-02         5.4714275094702759e-02
31                                    -1.4203362717185301e-02        -2.1847414035819142e-02         6.1196546018269559e-03         2.5025020358481826e-02         7.4222184397319257e-02         4.3353529548987205e-02        -2.2399850629203018e-02        -2.9309513892538070e-02
32                                    -2.0265235587394202e-02         4.6610730174018788e-02        -2.2042952820746330e-02        -6.4188379995376590e-02         6.9263610802975939e-02         3.8602624158108861e-02         1.5374691836300752e-02         7.2408691886201929e-02
33                                     0.0000000000000000e+00         0.0000000000000000e+00        -1.8938642501313641e-01         0.0000000000000000e+00         0.0000000000000000e+00        -3.0151802604813601e-03        -2.4577088485725550e-02         9.2667937984056994e-02
34                                     0.0000000000000000e+00         0.0000000000000000e+00        -9.9903556521700715e-02         0.0000000000000000e+00         0.0000000000000000e+00         2.5918035332848800e-02        -1.0133920462143074e-01         5.6116685257114933e-02
35                                    -6.4394106799074202e-01        -8.5237471794730499e-02         0.0000000000000000e+00        -2.2162421333166520e-02        -3.3369687795357414e-02         0.0000000000000000e+00         0.0000000000000000e+00         0.0000000000000000e+00
36                                     7.2440190112142422e-02        -1.7964883842048160e-01         3.2768349934962755e-02        -4.9455633103144089e-02         3.7622083686498435e-02         2.9168646554767710e-02        -1.5850176867428783e-03         2.3907251308443983e-01
37                                    -2.6689718596616032e-02         1.6398377074527579e-01        -1.0104881509083707e-02        -8.5630047101031295e-02        -3.5939834407976455e-02         1.0013982532120018e-01         9.7376788981750869e-04        -1.8996653237188266e-01
38                                    -1.0750097533477731e-02         2.0025489090773490e-02         7.6308701678899516e-03        -1.0019389590204351e-01         9.1291846800144558e-02         4.2698812030352263e-03         1.1331362692192993e-03         4.6186005769978551e-04
39                                     4.2715989573386265e-02        -1.4684552548119587e-01         8.3669297571428422e-02        -2.9219937463341918e-02        -8.1506683083065995e-04        -4.7501672212106216e-02        -2.3256757460111844e-03         1.2338525378921783e-01
40                                     2.4070871323750929e-02        -7.9416882844123418e-02         6.2085820950425238e-02        -3.6632432444195638e-02        -1.0730054881068084e-01        -1.1877828204787068e-02        -1.9012216400736001e-03         6.4644310138777111e-02
41                                    -6.8674272853682952e-02         1.8016606208138630e-01         5.8232476337539335e-02        -7.6581796897166057e-02         4.5387893591386265e-02        -7.3983156467688355e-02         5.5558534054430597e-03        -3.0459120576924970e-01
42                                    -6.1823155060578465e-03         8.9667013910965571e-02        -4.1678439828100794e-02        -2.1242682588398388e-02         2.2949947887161861e-04         5.6798836637268904e-03        -1.1116957906454809e-02        -4.0979245770942627e-02
43                                     3.0170131178038771e-02        -1.6804940950696352e-02         7.6380412329208155e-02        -1.0428981052878213e-01        -2.3825209567720811e-02         1.5655181015429464e-02        -3.2552765849367275e-02        -2.3795823881526849e-02
44                                    -5.3699092664943552e-03        -5.3637487596039882e-02        -3.7612551085741109e-03         6.5060316153335795e-02         1.3838566097955693e-04        -6.1324203222632165e-03        -6.2236052738811774e-03        -8.1766665567718465e-03
45                                     0.0000000000000000e+00         0.0000000000000000e+00         2.1717697227450533e-01         0.0000000000000000e+00         0.0000000000000000e+00         1.3130853954936475e-01        -2.0284481354024669e-01         9.9918784564601848e-02
46                                     0.0000000000000000e+00         0.0000000000000000e+00        -1.1786992248393047e-01         0.0000000000000000e+00         0.0000000000000000e+00         3.5225314644781631e-02         1.3616298579255789e-01        -7.7196392856700519e-02
47                                    -3.6399140506013047e-02        -4.3111535591033583e-02         0.0000000000000000e+00         1.1672848427714690e-01         1.0390043407904609e-01         0.0000000000000000e+00         0.0000000000000000e+00         0.0000000000000000e+00
48                                     0.0000000000000000e+00         0.0000000000000000e+00        -7.4038532769760995e-02         0.0000000000000000e+00         0.0000000000000000e+00         1.0439967973831499e-01         6.8893772776282267e-02        -5.8088561694778544e-02
49                                     0.0000000000000000e+00         0.0000000000000000e+00        -2.3362736189320293e-01         0.0000000000000000e+00         0.0000000000000000e+00         1.8279499384718175e-02         2.4168940258544305e-01        -1.4149937285824457e-01
50                                     1.9898199437320720e-02        -1.0991925041910547e-01         0.0000000000000000e+00         1.8689144743390861e-02        -9.3845877217065637e-02         0.0000000000000000e+00         0.0000000000000000e+00         0.0000000000000000e+00
51                                     6.1823155060578465e-03        -8.9667013910965571e-02        -4.1678439828100794e-02         2.1242682588398388e-02        -2.2949947887161861e-04         5.6798836637268904e-03        -1.1116957906454809e-02        -4.0979245770942627e-02
52                                    -3.0170131178038771e-02         1.6804940950696352e-02         7.6380412329208155e-02         1.0428981052878213e-01         2.3825209567720811e-02         1.5655181015429464e-02        -3.2552765849367275e-02        -2.3795823881526849e-02
53                                    -5.3699092664943552e-03        -5.3637487596039882e-02         3.7612551085741109e-03         6.5060316153335795e-02         1.3838566097955693e-04         6.1324203222632165e-03         6.2236052738811774e-03         8.1766665567718465e-03
54                                     1.0479800546142962e-01        -2.4467358964945375e-02        -1.9668634730516714e-02        -1.6369124824338982e-01        -7.3055359616882851e-02        -5.9822925075106261e-02         1.3035972513553043e-01         5.0975943232866854e-02
55                                     3.1356794486848548e-02         7.8153309054975768e-03         3.6520021751861392e-02        -1.3563525742271128e-02         7.9346465953925166e-02        -1.9040130457296373e-02         5.4131687232231704e-02         1.5428216292981122e-02
56                                     1.0737263217136536e-01         2.4973602502550544e-02         1.5112860655991825e-01        -1.5450107179169176e-01        -5.1089169466445365e-02         9.8476527912166753e-02         1.9784559511306474e-01         4.5990753999766668e-02
57                                     4.8202795393219658e-02        -9.1511077841062743e-02         8.4285405968375707e-03        -5.2245015028409544e-02         9.7518533521038717e-03         8.5463042431076580e-02         5.4656672664188909e-02        -3.2589220169555728e-03
58                                     1.4813654693445386e-01         2.9816343590709244e-02         1.2150625930440195e-01        -2.0398989025925796e-01         4.9472161641118631e-02        -4.2979799882853574e-02         2.4480617645108424e-01         8.4130366976887361e-02
59                                    -7.6617997903694482e-03         5.6354151569907238e-02         3.0223664567766624e-03         1.2593369412934962e-02        -9.6120317799769844e-02         2.2561516694899258e-03        -7.9568652839638512e-03        -1.6557435347764387e-05
60                                     0.0000000000000000e+00         0.0000000000000000e+00        -9.2198351859019007e-02         0.0000000000000000e+00         0.0000000000000000e+00        -1.5867032149272944e-02        -2.4221433398456470e-04        -3.2437509714193569e-02
61                                     0.0000000000000000e+00         0.0000000000000000e+00        -1.0784673225376248e-01         0.0000000000000000e+00         0.0000000000000000e+00        -2.8776879827306305e-02        -3.6253640517242322e-02         7.2392328837509651e-02
62                                    -2.9689150713077473e-02         1.0426752910069123e-01         0.0000000000000000e+00         5.6882794527120792e-02        -9.1632210290484954e-03         0.0000000000000000e+00         0.0000000000000000e+00         0.0000000000000000e+00
63                                    -1.0479800546142962e-01         2.4467358964945375e-02        -1.9668634730516714e-02         1.6369124824338982e-01         7.3055359616882851e-02        -5.9822925075106261e-02         1.3035972513553043e-01         5.0975943232866854e-02
64                                    -3.1356794486848548e-02        -7.8153309054975768e-03         3.6520021751861392e-02         1.3563525742271128e-02        -7.9346465953925166e-02        -1.9040130457296373e-02         5.4131687232231704e-02         1.5428216292981122e-02
65                                     1.0737263217136536e-01         2.4973602502550544e-02        -1.5112860655991825e-01        -1.5450107179169176e-01        -5.1089169466445365e-02        -9.8476527912166753e-02        -1.9784559511306474e-01        -4.5990753999766668e-02
66                                    -4.8202795393219658e-02         9.1511077841062743e-02         8.4285405968375707e-03         5.2245015028409544e-02        -9.7518533521038717e-03         8.5463042431076580e-02         5.4656672664188909e-02        -3.2589220169555728e-03
67                                    -1.4813654693445386e-01        -2.9816343590709244e-02         1.2150625930440195e-01         2.0398989025925796e-01        -4.9472161641118631e-02        -4.2979799882853574e-02         2.4480617645108424e-01         8.4130366976887361e-02
68                                    -7.6617997903694482e-03         5.6354151569907238e-02        -3.0223664567766624e-03         1.2593369412934962e-02        -9.6120317799769844e-02        -2.2561516694899258e-03         7.9568652839638512e-03         1.6557435347764387e-05
69                                    -6.3570669641635935e-02        -1.2426830556737486e-01         8.5983581746613483e-02         1.0359601947449117e-03        -3.4960855020663088e-02        -9.8640095084114088e-02        -7.2553419669197229e-04        -5.7952313823640356e-02
70                                    -2.5110702066709471e-03        -9.1947965078972238e-02        -1.0106194795744539e-01        -5.8192149924648835e-02         8.8436563035225846e-02        -5.7558318997480075e-02        -1.3420432573248695e-03         5.2395930977186006e-02
71                                    -1.0310274775231509e-01        -2.0841813222941311e-01        -2.8683728964992478e-03        -5.7759533515304849e-02         2.4531109044180536e-03         3.2524792577554281e-03        -9.1292597712535326e-04         3.5075035412133825e-04
72                                     6.3570669641635935e-02         1.2426830556737486e-01         8.5983581746613483e-02        -1.0359601947449117e-03         3.4960855020663088e-02        -9.8640095084114088e-02        -7.2553419669197229e-04        -5.7952313823640356e-02
73                                     2.5110702066709471e-03         9.1947965078972238e-02        -1.0106194795744539e-01         5.8192149924648835e-02        -8.8436563035225846e-02        -5.7558318997480075e-02        -1.3420432573248695e-03         5.2395930977186006e-02
74                                    -1.0310274775231509e-01        -2.0841813222941311e-01         2.8683728964992478e-03        -5.7759533515304849e-02         2.4531109044180536e-03        -3.2524792577554281e-03         9.1292597712535326e-04        -3.5075035412133825e-04
75                                    -7.2440190112142422e-02         1.7964883842048160e-01         3.2768349934962755e-02         4.9455633103144089e-02        -3.7622083686498435e-02         2.9168646554767710e-02        -1.5850176867428783e-03         2.3907251308443983e-01
76                                     2.6689718596616032e-02        -1.6398377074527579e-01        -1.0104881509083707e-02         8.5630047101031295e-02         3.5939834407976455e-02         1.0013982532120018e-01         9.7376788981750869e-04        -1.8996653237188266e-01
77                                    -1.0750097533477731e-02         2.0025489090773490e-02        -7.6308701678899516e-03        -1.0019389590204351e-01         9.1291846800144558e-02        -4.2698812030352263e-03        -1.1331362692192993e-03        -4.6186005769978551e-04
78                                    -4.2715989573386265e-02         1.4684552548119587e-01         8.3669297571428422e-02         2.9219937463341918e-02         8.1506683083065995e-04        -4.7501672212106216e-02        -2.3256757460111844e-03         1.2338525378921783e-01
79                                    -2.4070871323750929e-02         7.9416882844123418e-02         6.2085820950425238e-02         3.6632432444195638e-02         1.0730054881068084e-01        -1.1877828204787068e-02        -1.9012216400736001e-03         6.4644310138777111e-02
80                                    -6.8674272853682952e-02         1.8016606208138630e-01        -5.8232476337539335e-02        -7.6581796897166057e-02         4.5387893591386265e-02         7.3983156467688355e-02        -5.5558534054430597e-03         3.0459120576924970e-01
                                                        16                          17                          18                          19                          20                          21                          22                          23

0                                      0.0000000000000000e+00        -3.5439657347245572e-02         0.0000000000000000e+00        -1.8756616217890834e-02        -1.1795937056419112e-02         7.6298396559778443e-03        -6.7546220436935775e-03         0.0000000000000000e+00
1                                      0.0000000000000000e+00        -1.3977119935196153e-01         0.0000000000000000e+00         5.2543950460749141e-03        -5.1355013143553008e-02         3.0641855400583271e-02         5.5372144735975140e-03         0.0000000000000000e+00
2                                      6.2865364030423448e-02         0.0000000000000000e+00         1.9677241495254461e-02         0.0000000000000000e+00         0.0000000000000000e+00         0.0000000000000000e+00         0.0000000000000000e+00        -1.2969602125897565e-02
3                                      0.0000000000000000e+00        -1.9547619401682089e-02         0.0000000000000000e+00        -5.0513048746911968e-02        -4.0213771661932827e-03         4.8167084202368690e-03         3.3546565462839982e-02         0.0000000000000000e+00
4                                      0.0000000000000000e+00        -7.4806615643388322e-02         0.0000000000000000e+00         1.1319915171471283e-02        -5.7456348600773812e-03         9.0616119893222168e-03        -7.7829790429027670e-03         0.0000000000000000e+00
5                                     -4.6888401739204971e-02         0.0000000000000000e+00         5.4029180171177180e-02         0.0000000000000000e+00         0.0000000000000000e+00         0.0000000000000000e+00         0.0000000000000000e+00         3.2227638360329214e-02
6                                     -7.8738772075628058e-02        -2.9860724740900725e-03        -1.5347924754808361e-02        -4.8041147863630892e-03         6.2530252201145428e-02        -2.4392374799102730e-02         2.2640442732072483e-02        -3.7045264739491920e-03
7                                     -7.1276773435053880e-03         2.1882706640778252e-02        -6.7819035697010546e-02         4.2652866887851561e-02        -1.8998643605094821e-02        -5.0302395829912951e-02         3.6378472289834249e-02         7.2976833444960310e-02
8                                     -2.8304761351671190e-02        -1.4735117388092406e-02         1.7359056307455576e-02         1.7365238093385645e-03         1.1171326820264764e-01        -2.0066190658647128e-02        -2.3227884955928525e-02        -1.0509245239497920e-02
9                                     -2.6342756492730109e-02         3.2939764752109753e-03        -8.9590951944801420e-02         1.4932397802297408e-03         3.7806196463903589e-02         3.1915800494667579e-02         1.4142806703739503e-02        -7.1090638866735625e-02
10                                    -3.3327090543007941e-02         5.8341104548336638e-02        -4.3713366567720582e-02         3.8317579423964805e-02         9.4590820073668282e-03        -1.3803574951304675e-02        -1.7165625869323801e-02        -5.2822551944541165e-03
11                                    -4.4167863367912445e-02        -1.7172355250070298e-02        -7.9644645961835667e-02         7.7749926888775175e-02         5.7472053235513791e-02         6.0500066257930099e-02        -6.7680352342393710e-02        -6.0293890619412885e-02
12                                     0.0000000000000000e+00         5.3212342736384449e-02         0.0000000000000000e+00        -7.8182256016815929e-02         6.9730174548688021e-03         1.0733898502176165e-01        -8.8450845389114671e-02         0.0000000000000000e+00
13                                     0.0000000000000000e+00         4.8144300255438402e-03         0.0000000000000000e+00        -1.7643363628384579e-02        -7.0708177526415334e-03         3.3250211185939627e-02        -4.0568647746439278e-02         0.0000000000000000e+00
14                                    -2.7223960430231606e-02         0.0000000000000000e+00        -6.5846802036057389e-02         0.0000000000000000e+00         0.0000000000000000e+00         0.0000000000000000e+00         0.0000000000000000e+00         7.7875962369078955e-02
15                                     2.6342756492730109e-02         3.2939764752109753e-03         8.9590951944801420e-02         1.4932397802297408e-03         3.7806196463903589e-02         3.1915800494667579e-02         1.4142806703739503e-02         7.1090638866735625e-02
16                                     3.3327090543007941e-02         5.8341104548336638e-02         4.3713366567720582e-02         3.8317579423964805e-02         9.4590820073668282e-03        -1.3803574951304675e-02        -1.7165625869323801e-02         5.2822551944541165e-03
17                                    -4.4167863367912445e-02         1.7172355250070298e-02        -7.9644645961835667e-02        -7.7749926888775175e-02        -5.7472053235513791e-02        -6.0500066257930099e-02         6.7680352342393710e-02        -6.0293890619412885e-02
18                                     2.5343053059577649e-02        -2.0437829638625893e-02         5.0504534443095779e-02         3.5508535777904915e-02        -5.2873645562847328e-03        -3.3007848462748089e-02         4.4988777570651665e-02        -5.1969310962361237e-02
19                                     3.4299225943244277e-02         2.3798766568174114e-02        -4.4737480639203582e-02         8.6582024888813558e-03        -3.9224919161969718e-03         6.6693699023986822e-02         2.0263889909250338e-02         6.6768014905635359e-02
20                                     1.5953395606192425e-03        -4.5881017109298872e-02         3.6986619665165039e-02        -5.9054859234385998e-02        -4.6845611661884105e-03        -8.4168734046831867e-02        -6.6360169927317053e-02        -3.7835328941293413e-02
21                                     0.0000000000000000e+00         3.5083642921782933e-02         0.0000000000000000e+00         1.0127183678827856e-01        -6.4629855513164983e-02        -6.8482983961332039e-02        -8.9355372233053454e-02         0.0000000000000000e+00
22                                     0.0000000000000000e+00         5.1003608289494455e-02         0.0000000000000000e+00        -1.0203445119154177e-01         3.9516630254017714e-02         8.8819616263817874e-03         4.8047001431819447e-02         0.0000000000000000e+00
23                                    -1.3193836320055191e-02         0.0000000000000000e+00         5.3070020192511794e-02         0.0000000000000000e+00         0.0000000000000000e+00         0.0000000000000000e+00         0.0000000000000000e+00         5.8137605641459499e-02
24                                    -2.5343053059577649e-02        -2.0437829638625893e-02        -5.0504534443095779e-02         3.5508535777904915e-02        -5.2873645562847328e-03        -3.3007848462748089e-02         4.4988777570651665e-02         5.1969310962361237e-02
25                                    -3.4299225943244277e-02         2.3798766568174114e-02         4.4737480639203582e-02         8.6582024888813558e-03        -3.9224919161969718e-03         6.6693699023986822e-02         2.0263889909250338e-02        -6.6768014905635359e-02
26                                     1.5953395606192425e-03         4.5881017109298872e-02         3.6986619665165039e-02         5.9054859234385998e-02         4.6845611661884105e-03         8.4168734046831867e-02         6.6360169927317053e-02        -3.7835328941293413e-02
27                                     0.0000000000000000e+00         2.2448461624650171e-02         0.0000000000000000e+00        -4.0972234677611859e-02        -1.2274170873047489e-01         6.6446737216030415e-03        -4.5285411821229346e-02         0.0000000000000000e+00
28                                     0.0000000000000000e+00         1.5686059005933527e-02         0.0000000000000000e+00        -7.2464624776725522e-02         2.7878239121452729e-02        -5.8019175709549314e-02        -7.1429620917032879e-02         0.0000000000000000e+00
29                                     9.7974576595310545e-02         0.0000000000000000e+00         1.4770250692683411e-02         0.0000000000000000e+00         0.0000000000000000e+00         0.0000000000000000e+00         0.0000000000000000e+00         2.5344567308918865e-02
30                                     7.8738772075628058e-02        -2.9860724740900725e-03         1.5347924754808361e-02        -4.8041147863630892e-03         6.2530252201145428e-02        -2.4392374799102730e-02         2.2640442732072483e-02         3.7045264739491920e-03
31                                     7.1276773435053880e-03         2.1882706640778252e-02         6.7819035697010546e-02         4.2652866887851561e-02        -1.8998643605094821e-02        -5.0302395829912951e-02         3.6378472289834249e-02        -7.2976833444960310e-02
32                                    -2.8304761351671190e-02         1.4735117388092406e-02         1.7359056307455576e-02        -1.7365238093385645e-03        -1.1171326820264764e-01         2.0066190658647128e-02         2.3227884955928525e-02        -1.0509245239497920e-02
33                                     0.0000000000000000e+00        -2.5147164589753902e-02         0.0000000000000000e+00        -1.7343400710311051e-02        -2.4950206722133108e-03         7.6336409625697634e-04        -5.0386575775313469e-02         0.0000000000000000e+00
34                                     0.0000000000000000e+00        -1.2672819894024925e-01         0.0000000000000000e+00         6.5657381280356929e-03        -3.8428039967066459e-02         2.1032666058482027e-02        -5.7240659923720787e-02         0.0000000000000000e+00
35                                    -4.2978130677231427e-02         0.0000000000000000e+00        -3.0557618834882003e-03         0.0000000000000000e+00         0.0000000000000000e+00         0.0000000000000000e+00         0.0000000000000000e+00        -1.1636725621786673e-02
36                                    -1.9364298956855286e-01         2.5615242690131136e-02         6.1126199566959083e-02         1.0008883882970937e-01         5.7662896654737117e-02        -5.0614255380710772e-02        -6.9197862601653049e-03         6.4564205958479906e-02
37                                     7.3313886750381280e-02         5.4862370334667641e-02        -1.0105376014904814e-01        -8.0669730763406319e-02        -1.8887961573305169e-02        -9.7408186613081885e-02         1.3794156707507965e-01         9.7359828886905878e-02
38                                    -8.0115087442666238e-02         1.3734233125674962e-02         5.8076245537741912e-02         3.4601969160994714e-02         1.0959084188418906e-01        -5.0139829358827208e-02        -1.4247599159961001e-02         4.1124653458607538e-02
39                                    -1.2448068873504232e-01         1.9216167201096503e-02         3.2320354867452966e-02         3.3268313333695246e-02         5.9159264885935918e-02        -5.1234465218311709e-02         1.1667589848212858e-02         5.1833070463184992e-02
40                                    -7.0661223068578249e-02         5.6404266027110211e-02         8.1075248353274930e-04         9.5721874534857768e-02        -2.4368004221872089e-02        -9.2571754733597189e-02         2.2253287834480474e-02         1.5720594348233888e-01
41                                     1.0169912004926315e-01         1.2800556392195336e-02        -5.1217941712366447e-02        -1.4434498202880489e-01         1.1063909709403373e-01        -4.4464744359103879e-02         6.3877162778986765e-02        -1.1247729850873961e-02
42                                    -2.2310662198648586e-02         1.5670486856840678e-03        -3.0305807353434796e-02         1.0359704837489056e-01         4.4381014965681864e-02         2.6747072231902799e-02         1.1619816497151730e-01        -1.3097895075018587e-01
43                                    -5.7940352514810674e-02         9.2005988820228184e-03        -3.8864421944386704e-02         4.3571191897706007e-03         1.3141223058906842e-01        -1.1018762071999717e-01        -5.1586080280116159e-02        -3.1196286487507534e-03
44                                    -4.0933504950388166e-02        -3.2661074198345333e-03        -1.2166831465537774e-01         2.0591224311134956e-02         2.4550750975098110e-02         8.9438679925958303e-02        -1.2503254460835439e-01        -2.0171844231360318e-02
45                                     0.0000000000000000e+00         2.4674560244964475e-01         0.0000000000000000e+00         5.4761471385769200e-02        -4.5763602778441242e-02         8.3627323115319313e-02        -9.6740516748558825e-02         0.0000000000000000e+00
46                                     0.0000000000000000e+00        -4.6935478113371884e-02         0.0000000000000000e+00        -5.3059609509651919e-02         8.3325322854351531e-03         3.9871042058967160e-02        -3.8885244059628579e-02         0.0000000000000000e+00
47                                     2.3363726416358012e-02         0.0000000000000000e+00         3.2463816503716013e-02         0.0000000000000000e+00         0.0000000000000000e+00         0.0000000000000000e+00         0.0000000000000000e+00         1.6575809978754877e-01
48                                     0.0000000000000000e+00        -5.4274245923302954e-02         0.0000000000000000e+00        -1.4047117012604285e-01         4.4809920891614112e-02         1.2255213421110212e-01        -8.0645625093519149e-02         0.0000000000000000e+00
49                                     0.0000000000000000e+00        -1.6821237135544961e-01         0.0000000000000000e+00        -1.1780270168491451e-01         5.2574878124097280e-02         5.5234087915575304e-02        -2.9517281616902827e-02         0.0000000000000000e+00
50                                    -2.0447602533748718e-02         0.0000000000000000e+00         1.8363959113726423e-02         0.0000000000000000e+00         0.0000000000000000e+00         0.0000000000000000e+00         0.0000000000000000e+00         2.1903542163922970e-01
51                                     2.2310662198648586e-02         1.5670486856840678e-03         3.0305807353434796e-02         1.0359704837489056e-01         4.4381014965681864e-02         2.6747072231902799e-02         1.1619816497151730e-01         1.3097895075018587e-01
52                                     5.7940352514810674e-02         9.2005988820228184e-03         3.8864421944386704e-02         4.3571191897706007e-03         1.3141223058906842e-01        -1.1018762071999717e-01        -5.1586080280116159e-02         3.1196286487507534e-03
53                                    -4.0933504950388166e-02         3.2661074198345333e-03        -1.2166831465537774e-01        -2.0591224311134956e-02        -2.4550750975098110e-02        -8.9438679925958303e-02         1.2503254460835439e-01        -2.0171844231360318e-02
54                                     4.5843392124685890e-02        -1.1817652768854270e-01        -4.9317779327436730e-02        -2.2622590364055825e-03         2.1289660789309963e-02        -1.9545749095325606e-02         1.0640773372847996e-01        -9.2198547785552989e-02
55                                     3.1534911837246368e-02         4.3843658281373529e-02        -2.2694679496803399e-02         1.9078051260423654e-02        -8.2522288755161408e-03         6.4238891984596494e-02         5.6392136804582103e-03         7.6780889727813842e-02
56                                     8.7379270639227818e-02        -2.1859074882088161e-01        -4.2506984442376279e-02         4.7167127093490156e-02         3.3065932386177749e-02        -5.8627563441084586e-02        -1.0834819714553490e-01        -2.3463624512612212e-02
57                                     2.8595671406073560e-02        -3.6294183570350060e-02         7.5562767277354767e-03        -2.0673278587577931e-02         3.6365096813239053e-04        -3.1542512038666405e-02         1.4486756117990582e-01        -1.1145080309356267e-01
58                                     1.1991919117960641e-01        -1.7141383169468999e-01        -1.3563030639852033e-01         8.4180179834549049e-02         5.5846447386313197e-02         9.6061906712569145e-02        -1.1218832672378718e-02         6.8428586054516363e-02
59                                    -2.0106289241626968e-02         8.8181742047794363e-03         8.5667755448094338e-02        -3.9865607837128031e-02        -2.2822417593815439e-02        -9.3472970218284129e-02        -1.2355657663115664e-01         1.1772030773556459e-03
60                                     0.0000000000000000e+00         7.3953619693251224e-03         0.0000000000000000e+00         1.1948282616270643e-01        -7.7570746098019308e-04        -1.2108811321431170e-01        -7.7894440620106184e-02         0.0000000000000000e+00
61                                     0.0000000000000000e+00         8.4255115176539025e-03         0.0000000000000000e+00        -7.6945909080319327e-02         1.4238718525810187e-01        -7.1161314710080456e-02         6.3621305274308301e-02         0.0000000000000000e+00
62                                    -2.7083703209296248e-02         0.0000000000000000e+00        -8.6953070839213914e-02         0.0000000000000000e+00         0.0000000000000000e+00         0.0000000000000000e+00         0.0000000000000000e+00         1.9945507045350805e-01
63                                    -4.5843392124685890e-02        -1.1817652768854270e-01         4.9317779327436730e-02        -2.2622590364055825e-03         2.1289660789309963e-02        -1.9545749095325606e-02         1.0640773372847996e-01         9.2198547785552989e-02
64                                    -3.1534911837246368e-02         4.3843658281373529e-02         2.2694679496803399e-02         1.9078051260423654e-02        -8.2522288755161408e-03         6.4238891984596494e-02         5.6392136804582103e-03        -7.6780889727813842e-02
65                                     8.7379270639227818e-02         2.1859074882088161e-01        -4.2506984442376279e-02        -4.7167127093490156e-02        -3.3065932386177749e-02         5.8627563441084586e-02         1.0834819714553490e-01        -2.3463624512612212e-02
66                                    -2.8595671406073560e-02        -3.6294183570350060e-02        -7.5562767277354767e-03        -2.0673278587577931e-02         3.6365096813239053e-04        -3.1542512038666405e-02         1.4486756117990582e-01         1.1145080309356267e-01
67                                    -1.1991919117960641e-01        -1.7141383169468999e-01         1.3563030639852033e-01         8.4180179834549049e-02         5.5846447386313197e-02         9.6061906712569145e-02        -1.1218832672378718e-02        -6.8428586054516363e-02
68                                    -2.0106289241626968e-02        -8.8181742047794363e-03         8.5667755448094338e-02         3.9865607837128031e-02         2.2822417593815439e-02         9.3472970218284129e-02         1.2355657663115664e-01         1.1772030773556459e-03
69                                     2.1941586718145664e-01        -1.5122009166058951e-03        -1.3958239667910025e-01        -4.9547176877288913e-02        -1.2096164182125167e-01         2.6593363638409966e-02        -1.0873136334192143e-02        -6.1925227992942193e-02
70                                     6.9748974650536769e-02         6.3230787526425261e-02        -6.1059776818058645e-02        -3.4419827864550161e-02         2.4610356433223065e-02        -1.1596556568823044e-01        -1.5897259170119554e-01        -4.8544915147104760e-02
71                                     2.6773927428986977e-01        -2.2194484678257340e-03        -9.7238588262299946e-02         5.5202131184861258e-03         1.2718787279550204e-03        -2.5006796968973085e-03        -1.4028778628429630e-03        -2.9649621737616007e-02
72                                    -2.1941586718145664e-01        -1.5122009166058951e-03         1.3958239667910025e-01        -4.9547176877288913e-02        -1.2096164182125167e-01         2.6593363638409966e-02        -1.0873136334192143e-02         6.1925227992942193e-02
73                                    -6.9748974650536769e-02         6.3230787526425261e-02         6.1059776818058645e-02        -3.4419827864550161e-02         2.4610356433223065e-02        -1.1596556568823044e-01        -1.5897259170119554e-01         4.8544915147104760e-02
74                                     2.6773927428986977e-01         2.2194484678257340e-03        -9.7238588262299946e-02        -5.5202131184861258e-03        -1.2718787279550204e-03         2.5006796968973085e-03         1.4028778628429630e-03        -2.9649621737616007e-02
75                                     1.9364298956855286e-01         2.5615242690131136e-02        -6.1126199566959083e-02         1.0008883882970937e-01         5.7662896654737117e-02        -5.0614255380710772e-02        -6.9197862601653049e-03        -6.4564205958479906e-02
76                                    -7.3313886750381280e-02         5.4862370334667641e-02         1.0105376014904814e-01        -8.0669730763406319e-02        -1.8887961573305169e-02        -9.7408186613081885e-02         1.3794156707507965e-01        -9.7359828886905878e-02
77                                    -8.0115087442666238e-02        -1.3734233125674962e-02         5.8076245537741912e-02        -3.4601969160994714e-02        -1.0959084188418906e-01         5.0139829358827208e-02         1.4247599159961001e-02         4.1124653458607538e-02
78                                     1.2448068873504232e-01         1.9216167201096503e-02        -3.2320354867452966e-02         3.3268313333695246e-02         5.9159264885935918e-02        -5.1234465218311709e-02         1.1667589848212858e-02        -5.1833070463184992e-02
79                                     7.0661223068578249e-02         5.6404266027110211e-02        -8.1075248353274930e-04         9.5721874534857768e-02        -2.4368004221872089e-02        -9.2571754733597189e-02         2.2253287834480474e-02        -1.5720594348233888e-01
80                                     1.0169912004926315e-01        -1.2800556392195336e-02        -5.1217941712366447e-02         1.4434498202880489e-01        -1.1063909709403373e-01         4.4464744359103879e-02        -6.3877162778986765e-02        -1.1247729850873961e-02
                                                        24                          25                          26                          27                          28                          29                          30                          31

0                                      0.0000000000000000e+00         5.1914722578226625e-03         0.0000000000000000e+00        -2.4330498826213735e-02         0.0000000000000000e+00        -1.1735804551160243e-02        -4.8050701677136345e-03         1.6407831561916979e-02
1                                      0.0000000000000000e+00        -5.2441110894901682e-04         0.0000000000000000e+00        -8.5457455614929068e-02         0.0000000000000000e+00        -2.0976594134936941e-02        -1.0050983251666902e-02         5.2548179946534802e-02
2                                     -2.5046495401032380e-03         0.0000000000000000e+00         5.3208383336731248e-04         0.0000000000000000e+00        -1.3270966279463618e-02         0.0000000000000000e+00         0.0000000000000000e+00         0.0000000000000000e+00
3                                      0.0000000000000000e+00         3.0659835060168575e-02         0.0000000000000000e+00        -5.6199326469229208e-03         0.0000000000000000e+00         5.8275761760721162e-02        -5.8387244647686777e-02        -3.1450262772374490e-02
4                                      0.0000000000000000e+00        -6.4621060001982178e-03         0.0000000000000000e+00         6.5523788536320224e-02         0.0000000000000000e+00         8.2404532402082908e-03         2.1793037968794667e-02        -8.0992059452999060e-02
5                                     -3.0422720831346558e-02         0.0000000000000000e+00        -5.0568258776797067e-03         0.0000000000000000e+00         5.1589767867303807e-02         0.0000000000000000e+00         0.0000000000000000e+00         0.0000000000000000e+00
6                                      6.7576907950396239e-02         3.1001042362296616e-02        -6.4988392724589159e-02         6.3209378622936848e-03         1.8833145975030809e-02        -1.5029961138178206e-02        -4.5432357060759515e-02         2.1446828110332231e-02
7                                      1.6474276026579627e-02        -2.6471654079720890e-02         2.4852578658844018e-02         7.0879231018652220e-02         6.5153826229118042e-02         7.0611188084090823e-02        -1.4102427868940526e-02         2.5538200644609491e-02
8                                      2.7618103886187430e-03        -4.3989098480458462e-02         4.6193291069657028e-02        -3.1025809478384778e-02        -2.5165340398516981e-02        -1.2453098959371968e-02         6.8666271629665362e-02         3.7103618071952067e-02
9                                     -5.9225754419842741e-03        -1.4345826963862345e-02        -1.7879873823538527e-02         4.2630142902671433e-02         2.2002707395804223e-02        -6.3937971020106107e-02        -2.3934308627873026e-02        -4.5429929159747903e-02
10                                    -7.0411045739087654e-03         7.2545930547743007e-03         1.5977923325225425e-03        -2.7445806667688546e-02        -6.8888248792380646e-02        -2.7721228048588741e-02         1.8479206532857863e-02        -4.5206888462765223e-02
11                                     2.2211105764284975e-03         9.8005170779553018e-03         1.1581853944266484e-02         3.6185362929517594e-02        -2.6636326617828950e-02         5.3657025029622607e-02        -2.0443597194850498e-02        -5.4467936801665319e-02
12                                     0.0000000000000000e+00        -2.6025652428192072e-02         0.0000000000000000e+00        -8.3588799368595357e-03         0.0000000000000000e+00         7.4834240718965439e-02         9.4322704456401528e-03         7.3119804752514173e-02
13                                     0.0000000000000000e+00         1.1101542389521610e-01         0.0000000000000000e+00        -5.7696588021674843e-02         0.0000000000000000e+00         4.6211319079453722e-03         6.7656061224678543e-02        -3.6311878811296984e-03
14                                    -1.6678199677914236e-02         0.0000000000000000e+00        -4.8053908207093071e-02         0.0000000000000000e+00         4.2906904647836377e-02         0.0000000000000000e+00         0.0000000000000000e+00         0.0000000000000000e+00
15                                     5.9225754419842741e-03        -1.4345826963862345e-02         1.7879873823538527e-02         4.2630142902671433e-02        -2.2002707395804223e-02        -6.3937971020106107e-02        -2.3934308627873026e-02        -4.5429929159747903e-02
16                                     7.0411045739087654e-03         7.2545930547743007e-03        -1.5977923325225425e-03        -2.7445806667688546e-02         6.8888248792380646e-02        -2.7721228048588741e-02         1.8479206532857863e-02        -4.5206888462765223e-02
17                                     2.2211105764284975e-03        -9.8005170779553018e-03         1.1581853944266484e-02        -3.6185362929517594e-02        -2.6636326617828950e-02        -5.3657025029622607e-02         2.0443597194850498e-02         5.4467936801665319e-02
18                                     6.1034065092645251e-02        -4.5600898379089799e-03        -2.1052737084724573e-02        -3.5337744314590420e-02         8.4716806887023908e-04         2.9581851557437252e-02         4.6151871733285131e-02        -3.1855784867796923e-02
19                                     7.1807763601862099e-02        -5.1703864819469092e-02         2.6932091371844675e-02        -3.6077454950216685e-02        -4.2851230914168988e-02        -4.2979098185637395e-02        -4.3494165162711727e-02         9.4174198906383146e-03
20                                     2.7503225149056256e-02        -3.2168970128323343e-02         2.9506320756576495e-02        -2.7953282858328366e-02         5.9178392211786772e-02         6.9780977192662550e-03        -2.4067517472274789e-02        -6.3396036471706912e-02
21                                     0.0000000000000000e+00        -5.7465255050806702e-04         0.0000000000000000e+00        -6.7107658357556457e-02         0.0000000000000000e+00        -3.5883873187860143e-03        -7.1846527862280407e-02         4.3687843374096341e-02
22                                     0.0000000000000000e+00        -4.9754714960587379e-03         0.0000000000000000e+00        -3.3124087487319653e-02         0.0000000000000000e+00         6.3076817715854064e-02         6.9674547708253806e-03        -5.8361487631296366e-02
23                                     2.2940697152752411e-02         0.0000000000000000e+00        -1.7070509950110880e-02         0.0000000000000000e+00        -9.0725723677468825e-02         0.0000000000000000e+00         0.0000000000000000e+00         0.0000000000000000e+00
24                                    -6.1034065092645251e-02        -4.5600898379089799e-03         2.1052737084724573e-02        -3.5337744314590420e-02        -8.4716806887023908e-04         2.9581851557437252e-02         4.6151871733285131e-02        -3.1855784867796923e-02
25                                    -7.1807763601862099e-02        -5.1703864819469092e-02        -2.6932091371844675e-02        -3.6077454950216685e-02         4.2851230914168988e-02        -4.2979098185637395e-02        -4.3494165162711727e-02         9.4174198906383146e-03
26                                     2.7503225149056256e-02         3.2168970128323343e-02         2.9506320756576495e-02         2.7953282858328366e-02         5.9178392211786772e-02        -6.9780977192662550e-03         2.4067517472274789e-02         6.3396036471706912e-02
27                                     0.0000000000000000e+00        -3.2739724309947510e-02         0.0000000000000000e+00         7.7057365820525678e-02         0.0000000000000000e+00        -2.7863160774491608e-02         8.9923567014374026e-02        -1.6326967382673190e-02
28                                     0.0000000000000000e+00         4.5081195100509668e-02         0.0000000000000000e+00         8.9612618210179226e-02         0.0000000000000000e+00        -4.3886081789501555e-02         8.7761418425669844e-03         3.1607251200997236e-02
29                                    -3.8916575383861104e-02         0.0000000000000000e+00        -1.0172448017594089e-01         0.0000000000000000e+00        -2.5919928821785707e-02         0.0000000000000000e+00         0.0000000000000000e+00         0.0000000000000000e+00
30                                    -6.7576907950396239e-02         3.1001042362296616e-02         6.4988392724589159e-02         6.3209378622936848e-03        -1.8833145975030809e-02        -1.5029961138178206e-02        -4.5432357060759515e-02         2.1446828110332231e-02
31                                    -1.6474276026579627e-02        -2.6471654079720890e-02        -2.4852578658844018e-02         7.0879231018652220e-02        -6.5153826229118042e-02         7.0611188084090823e-02        -1.4102427868940526e-02         2.5538200644609491e-02
32                                     2.7618103886187430e-03         4.3989098480458462e-02         4.6193291069657028e-02         3.1025809478384778e-02        -2.5165340398516981e-02         1.2453098959371968e-02        -6.8666271629665362e-02        -3.7103618071952067e-02
33                                     0.0000000000000000e+00        -1.4589866972858351e-02         0.0000000000000000e+00         4.0424735283512724e-02         0.0000000000000000e+00        -7.6298630093984063e-02         1.0147489079183930e-01        -1.8973486198125590e-03
34                                     0.0000000000000000e+00        -2.9149245314199559e-02         0.0000000000000000e+00         4.6340348465142237e-03         0.0000000000000000e+00        -1.1556481132486882e-01         1.4339401765709081e-01         2.9945676211770047e-02
35                                     7.1395438484565827e-03         0.0000000000000000e+00        -1.4526515052893397e-02         0.0000000000000000e+00        -9.4540600493443535e-03         0.0000000000000000e+00         0.0000000000000000e+00         0.0000000000000000e+00
36                                    -7.6584754937924854e-02        -1.0884089698390825e-01         1.6573607843945048e-01         1.2839846917014808e-03         6.3272824144711970e-02        -7.5573076347785553e-03         1.1014634865988397e-01         1.1507671652946450e-01
37                                     1.5202718443274546e-01         1.2533040760818928e-01        -1.7593198165001681e-01         9.3308986482228073e-02         2.0407482136968891e-01        -3.7068413089185133e-02        -1.1470927567605087e-01         1.3347391455335092e-01
38                                    -5.1299970129473023e-02        -8.9931028931977020e-02         1.3703423435928341e-01        -2.9270895472147205e-02         4.4644000189608797e-02        -3.8819474772028628e-02         1.4085694885438174e-01         1.3225480527302771e-01
39                                    -6.6675866227390817e-04        -3.9436298570757103e-02         2.3577734277095745e-02        -3.3128134609168094e-02         6.6169568561174081e-03         7.3338873295363510e-02         1.1974906639123130e-03         8.8660149482393119e-02
40                                    -7.7558380901089713e-02        -1.2422142447809954e-01         1.4550862233833980e-01         1.4183651962067617e-02         4.7520317557593297e-02         2.0310074223351016e-01         5.0283449759091353e-02         1.2297638939336586e-01
41                                     1.7490427357185967e-01         1.3610367346833982e-01        -2.4398237754077778e-01        -4.4745788383778837e-02         2.1382195268381594e-02         4.9466598602455406e-03        -1.3015082782144580e-01         9.1942452798267238e-02
42                                    -1.4930810345366485e-02        -2.2150872028996141e-02         5.0600516553934334e-02         8.1142463405205922e-02         8.9500053204008959e-02        -1.9614936735817806e-01        -5.9982046952164997e-02        -6.0132477869127579e-02
43                                     8.4455408453673789e-02        -4.3633934959486649e-02         3.4717239890852767e-03        -4.8741291623894498e-02        -2.3075544469828885e-01        -8.5793336143531129e-02         9.6583888441949789e-02        -1.2936076558256721e-01
44                                    -1.4834596207022956e-02         2.7670959744814930e-02        -3.3728848962321818e-02         1.6517346156489553e-02        -2.7811939723028908e-02         1.5616934379998076e-01        -1.4784110720636135e-02        -2.1502402838484608e-02
45                                     0.0000000000000000e+00         3.9218476150613540e-01         0.0000000000000000e+00        -1.4783867704340514e-01         0.0000000000000000e+00        -1.4082061083846884e-02         1.7143506102100259e-01        -2.3167437531696960e-02
46                                     0.0000000000000000e+00        -3.4522505093930794e-03         0.0000000000000000e+00        -2.0929744280782595e-02         0.0000000000000000e+00         2.6797522887122480e-02         2.4044211661803584e-02         2.1100301170406562e-02
47                                    -6.0344972235133881e-02         0.0000000000000000e+00        -2.0887743706373016e-02         0.0000000000000000e+00         2.1688521996963261e-01         0.0000000000000000e+00         0.0000000000000000e+00         0.0000000000000000e+00
48                                     0.0000000000000000e+00        -2.5565161353602217e-01         0.0000000000000000e+00         7.5093244337324810e-02         0.0000000000000000e+00         1.0788608306740016e-01        -8.6028046947975570e-02         1.0879989033040446e-01
49                                     0.0000000000000000e+00        -2.6047762646576861e-01         0.0000000000000000e+00         7.4790547650322517e-02         0.0000000000000000e+00         6.1709870717023621e-02        -8.4574981260905027e-02         5.3922587972241136e-02
50                                     4.6707127516093336e-02         0.0000000000000000e+00        -4.2908246481466607e-02         0.0000000000000000e+00        -1.4565437703261736e-02         0.0000000000000000e+00         0.0000000000000000e+00         0.0000000000000000e+00
51                                     1.4930810345366485e-02        -2.2150872028996141e-02        -5.0600516553934334e-02         8.1142463405205922e-02        -8.9500053204008959e-02        -1.9614936735817806e-01        -5.9982046952164997e-02        -6.0132477869127579e-02
52                                    -8.4455408453673789e-02        -4.3633934959486649e-02        -3.4717239890852767e-03        -4.8741291623894498e-02         2.3075544469828885e-01        -8.5793336143531129e-02         9.6583888441949789e-02        -1.2936076558256721e-01
53                                    -1.4834596207022956e-02        -2.7670959744814930e-02        -3.3728848962321818e-02        -1.6517346156489553e-02        -2.7811939723028908e-02        -1.5616934379998076e-01         1.4784110720636135e-02         2.1502402838484608e-02
54                                    -1.1041335299370443e-01         1.3109119380605741e-01        -3.3260841081246502e-02         1.6739238239576969e-02        -8.0266315255121803e-02         1.5967801226649717e-01         1.4227939099038800e-01         4.9665295403915802e-02
55                                     1.0438477411143698e-01        -7.9222212741265230e-02         2.7659911588088639e-02        -4.6558297499231377e-02        -2.2173845205553537e-02        -7.3454295909478703e-02        -6.5424548712946951e-02        -8.7296047772472164e-03
56                                    -2.9301939064431115e-01         1.3546987797414012e-01        -7.0631445352519501e-02         1.4323718523959056e-01         8.9964155341080876e-02        -3.6213331765292837e-02        -1.2826375052760868e-02         3.7481084403679109e-02
57                                     9.4379992084390307e-03        -3.7773154525921601e-02        -3.9607280334853980e-02        -7.4900724342064490e-03         2.4771180294096577e-02        -1.3461913789066518e-02         1.8106400910202280e-01        -2.1695096167134907e-02
58                                    -2.7604997315980645e-01         1.6887236667324815e-01        -6.0077554664491259e-02         1.2872914686028847e-01        -3.9264136157478598e-02         1.0642878819994754e-02        -8.7312549169020204e-03         1.0590375309466100e-01
59                                     1.3921890845526128e-01        -6.0260764983758951e-02         6.1118773213652319e-02        -8.3523977521435866e-02         4.0605407757711244e-02         2.1312193247152892e-02        -1.1996975953777635e-01        -9.2092609405109133e-02
60                                     0.0000000000000000e+00         6.1311746707138237e-02         0.0000000000000000e+00        -1.1783254274545722e-01         0.0000000000000000e+00         8.2232974676217457e-02        -1.3082822160367186e-01        -2.0418086028578759e-02
61                                     0.0000000000000000e+00         9.1666217113023335e-02         0.0000000000000000e+00        -1.1083347616060565e-01         0.0000000000000000e+00         1.9397060934576463e-01        -9.1501039474127452e-02        -1.5629342900511753e-01
62                                     2.8396089163756516e-03         0.0000000000000000e+00         5.9026664312787011e-02         0.0000000000000000e+00        -2.7490359657886715e-01         0.0000000000000000e+00         0.0000000000000000e+00         0.0000000000000000e+00
63                                     1.1041335299370443e-01         1.3109119380605741e-01         3.3260841081246502e-02         1.6739238239576969e-02         8.0266315255121803e-02         1.5967801226649717e-01         1.4227939099038800e-01         4.9665295403915802e-02
64                                    -1.0438477411143698e-01        -7.9222212741265230e-02        -2.7659911588088639e-02        -4.6558297499231377e-02         2.2173845205553537e-02        -7.3454295909478703e-02        -6.5424548712946951e-02        -8.7296047772472164e-03
65                                    -2.9301939064431115e-01        -1.3546987797414012e-01        -7.0631445352519501e-02        -1.4323718523959056e-01         8.9964155341080876e-02         3.6213331765292837e-02         1.2826375052760868e-02        -3.7481084403679109e-02
66                                    -9.4379992084390307e-03        -3.7773154525921601e-02         3.9607280334853980e-02        -7.4900724342064490e-03        -2.4771180294096577e-02        -1.3461913789066518e-02         1.8106400910202280e-01        -2.1695096167134907e-02
67                                     2.7604997315980645e-01         1.6887236667324815e-01         6.0077554664491259e-02         1.2872914686028847e-01         3.9264136157478598e-02         1.0642878819994754e-02        -8.7312549169020204e-03         1.0590375309466100e-01
68                                     1.3921890845526128e-01         6.0260764983758951e-02         6.1118773213652319e-02         8.3523977521435866e-02         4.0605407757711244e-02        -2.1312193247152892e-02         1.1996975953777635e-01         9.2092609405109133e-02
69                                     1.0781821921607088e-01        -2.8966720662550266e-02         2.9830367324378237e-01         7.1408934499126955e-02         3.1091380708258092e-03         1.0221939368024215e-02         9.5986703947816610e-02        -7.9359847403215597e-02
70                                     7.0343540886480829e-02         4.0958624749724296e-02         1.2819939625990570e-01         9.2604507485675960e-02         1.5755775335617392e-01        -1.2431404385601677e-01        -3.4529558533701696e-02         1.7009546373741580e-01
71                                     5.5444007691551847e-02         8.7404779685805011e-04         1.3978375216095143e-01        -3.7322497677999087e-03         2.1615026804237911e-02         1.4673826572062700e-03        -7.2921097505906415e-03        -4.1641323697349353e-04
72                                    -1.0781821921607088e-01        -2.8966720662550266e-02        -2.9830367324378237e-01         7.1408934499126955e-02        -3.1091380708258092e-03         1.0221939368024215e-02         9.5986703947816610e-02        -7.9359847403215597e-02
73                                    -7.0343540886480829e-02         4.0958624749724296e-02        -1.2819939625990570e-01         9.2604507485675960e-02        -1.5755775335617392e-01        -1.2431404385601677e-01        -3.4529558533701696e-02         1.7009546373741580e-01
74                                     5.5444007691551847e-02        -8.7404779685805011e-04         1.3978375216095143e-01         3.7322497677999087e-03         2.1615026804237911e-02        -1.4673826572062700e-03         7.2921097505906415e-03         4.1641323697349353e-04
75                                     7.6584754937924854e-02        -1.0884089698390825e-01        -1.6573607843945048e-01         1.2839846917014808e-03        -6.3272824144711970e-02        -7.5573076347785553e-03         1.1014634865988397e-01         1.1507671652946450e-01
76                                    -1.5202718443274546e-01         1.2533040760818928e-01         1.7593198165001681e-01         9.3308986482228073e-02        -2.0407482136968891e-01        -3.7068413089185133e-02        -1.1470927567605087e-01         1.3347391455335092e-01
77                                    -5.1299970129473023e-02         8.9931028931977020e-02         1.3703423435928341e-01         2.9270895472147205e-02         4.4644000189608797e-02         3.8819474772028628e-02        -1.4085694885438174e-01        -1.3225480527302771e-01
78                                     6.6675866227390817e-04        -3.9436298570757103e-02        -2.3577734277095745e-02        -3.3128134609168094e-02        -6.6169568561174081e-03         7.3338873295363510e-02         1.1974906639123130e-03         8.8660149482393119e-02
79                                     7.7558380901089713e-02        -1.2422142447809954e-01        -1.4550862233833980e-01         1.4183651962067617e-02        -4.7520317557593297e-02         2.0310074223351016e-01         5.0283449759091353e-02         1.2297638939336586e-01
80                                     1.7490427357185967e-01        -1.3610367346833982e-01        -2.4398237754077778e-01         4.4745788383778837e-02         2.1382195268381594e-02        -4.9466598602455406e-03         1.3015082782144580e-01        -9.1942452798267238e-02
                                                        32                          33                          34                          35                          36                          37                          38                          39

0                                      0.0000000000000000e+00        -1.2373617261909421e-02         0.0000000000000000e+00         0.0000000000000000e+00         2.2351927794237329e-02         0.0000000000000000e+00        -1.6214185662865976e-02         0.0000000000000000e+00
1                                      0.0000000000000000e+00        -6.0815189581664110e-03         0.0000000000000000e+00         0.0000000000000000e+00         4.9449892887325160e-02         0.0000000000000000e+00        -1.1357856050248782e-02         0.0000000000000000e+00
2                                      1.1790045919871416e-02         0.0000000000000000e+00         3.8236036340261177e-03        -2.3277736036121975e-03         0.0000000000000000e+00         1.3680425544004128e-03         0.0000000000000000e+00         1.1042610190435305e-03
3                                      0.0000000000000000e+00        -8.7893207161089351e-02         0.0000000000000000e+00         0.0000000000000000e+00        -2.1271991971516468e-02         0.0000000000000000e+00        -6.2557949143153407e-02         0.0000000000000000e+00
4                                      0.0000000000000000e+00         2.4178950451995189e-02         0.0000000000000000e+00         0.0000000000000000e+00        -1.2203524338481310e-01         0.0000000000000000e+00         2.9684503405997001e-02         0.0000000000000000e+00
5                                     -5.8957167737832626e-02         0.0000000000000000e+00        -6.9608134728961310e-02         6.5295336157648917e-02         0.0000000000000000e+00        -1.4435876558842316e-02         0.0000000000000000e+00        -5.8882350921699994e-02
6                                      5.7181535950613191e-02         2.7038999959237500e-02         2.2656814590090512e-02        -3.9245363539771268e-02        -1.1099779160186658e-02        -8.0101808161029894e-03         6.7679616474727367e-02        -2.2277149632209357e-02
7                                     -5.7765760710301116e-02         2.5430436305638741e-02         3.4651490674492282e-02        -3.4791017797909898e-02         2.6870503673639315e-02         1.7156523875061014e-03        -7.3937547139671942e-03         2.7026608380953231e-02
8                                      3.7753822929450856e-02         2.0598819717314712e-02         4.1850967419710096e-02        -2.9484288560622084e-02        -1.0306748242973972e-02         5.3232316603278474e-03        -3.2012026608941736e-02         2.4014730906525974e-02
9                                     -2.2378921786355758e-02         2.1131155940597529e-02         3.3175001882343701e-02         6.9139616753905550e-02         3.9389538236316038e-02         6.1357277195806361e-03        -4.1878908516930817e-02         3.2912673482290572e-02
10                                     2.7891978092665127e-02        -4.8881126412361912e-02        -6.2668117664978512e-02         3.9968990439306087e-02        -2.9177716005225916e-02         5.0323618203735277e-03         1.0711362135117943e-02         7.6122597860773297e-03
11                                    -5.2834179207151291e-02         8.4111232174064230e-05        -1.3465712364963153e-02        -4.8973453932890834e-02         6.8226905606899285e-02        -8.4022111606760772e-04         3.5373887046154677e-02        -6.4394039923769590e-03
12                                     0.0000000000000000e+00        -1.1101383361937736e-02         0.0000000000000000e+00         0.0000000000000000e+00        -5.4333299017400284e-02         0.0000000000000000e+00         9.8181726369179871e-04         0.0000000000000000e+00
13                                     0.0000000000000000e+00         2.3103864994978924e-02         0.0000000000000000e+00         0.0000000000000000e+00         3.9116344652834686e-02         0.0000000000000000e+00        -3.1965835755164221e-02         0.0000000000000000e+00
14                                     6.4128303639150952e-02         0.0000000000000000e+00         1.8681501685884408e-02         9.7076852222236124e-02         0.0000000000000000e+00         5.4512181541576674e-03         0.0000000000000000e+00         1.8391824353628846e-02
15                                     2.2378921786355758e-02         2.1131155940597529e-02        -3.3175001882343701e-02        -6.9139616753905550e-02         3.9389538236316038e-02        -6.1357277195806361e-03        -4.1878908516930817e-02        -3.2912673482290572e-02
16                                    -2.7891978092665127e-02        -4.8881126412361912e-02         6.2668117664978512e-02        -3.9968990439306087e-02        -2.9177716005225916e-02        -5.0323618203735277e-03         1.0711362135117943e-02        -7.6122597860773297e-03
17                                    -5.2834179207151291e-02        -8.4111232174064230e-05        -1.3465712364963153e-02        -4.8973453932890834e-02        -6.8226905606899285e-02        -8.4022111606760772e-04        -3.5373887046154677e-02        -6.4394039923769590e-03
18                                    -4.5569022886999398e-02        -4.2725709491313879e-02         5.5574415814209847e-02         3.8149703403123257e-02         3.1208431500365157e-02         9.4035105234058355e-05         3.3358909893358990e-02         6.8363653784833701e-03
19                                    -4.4966878090682533e-02         5.2114382682246245e-03        -2.9559902434786928e-02         5.2502047880966978e-03         1.1323572993192694e-02         8.2859602348500719e-03         2.5699877108912139e-02         3.1886836654761851e-02
20                                     1.6283787333129164e-02         2.4162850090464098e-02        -4.4243305289951698e-02        -1.1019229761241181e-02         5.2610915568354386e-02         5.2607601206258355e-03         5.2871067875732633e-03         1.6195637675562136e-02
21                                     0.0000000000000000e+00         4.4525886365058207e-02         0.0000000000000000e+00         0.0000000000000000e+00        -8.5139485962057115e-02         0.0000000000000000e+00        -1.3422351755521889e-03         0.0000000000000000e+00
22                                     0.0000000000000000e+00         8.0209016824912618e-02         0.0000000000000000e+00         0.0000000000000000e+00         5.8254790196361700e-03         0.0000000000000000e+00        -3.7079685153014040e-02         0.0000000000000000e+00
23                                    -1.2889482750046274e-02         0.0000000000000000e+00         8.4960088163745243e-02         3.4056312662855553e-02         0.0000000000000000e+00        -1.9170391097055393e-02         0.0000000000000000e+00        -5.6704598654006871e-02
24                                     4.5569022886999398e-02        -4.2725709491313879e-02        -5.5574415814209847e-02        -3.8149703403123257e-02         3.1208431500365157e-02        -9.4035105234058355e-05         3.3358909893358990e-02        -6.8363653784833701e-03
25                                     4.4966878090682533e-02         5.2114382682246245e-03         2.9559902434786928e-02        -5.2502047880966978e-03         1.1323572993192694e-02        -8.2859602348500719e-03         2.5699877108912139e-02        -3.1886836654761851e-02
26                                     1.6283787333129164e-02        -2.4162850090464098e-02        -4.4243305289951698e-02        -1.1019229761241181e-02        -5.2610915568354386e-02         5.2607601206258355e-03        -5.2871067875732633e-03         1.6195637675562136e-02
27                                     0.0000000000000000e+00         4.3475659030845791e-02         0.0000000000000000e+00         0.0000000000000000e+00         2.2355281514698747e-02         0.0000000000000000e+00        -1.8578251953650989e-03         0.0000000000000000e+00
28                                     0.0000000000000000e+00        -8.7649355090610115e-02         0.0000000000000000e+00         0.0000000000000000e+00         1.8168152616833317e-02         0.0000000000000000e+00        -1.7395764490303865e-02         0.0000000000000000e+00
29                                    -8.6674920594888738e-02         0.0000000000000000e+00        -1.6557013628298405e-02        -7.9623898111348852e-03         0.0000000000000000e+00         1.5361305729998906e-02         0.0000000000000000e+00         7.4434544241942263e-02
30                                    -5.7181535950613191e-02         2.7038999959237500e-02        -2.2656814590090512e-02         3.9245363539771268e-02        -1.1099779160186658e-02         8.0101808161029894e-03         6.7679616474727367e-02         2.2277149632209357e-02
31                                     5.7765760710301116e-02         2.5430436305638741e-02        -3.4651490674492282e-02         3.4791017797909898e-02         2.6870503673639315e-02        -1.7156523875061014e-03        -7.3937547139671942e-03        -2.7026608380953231e-02
32                                     3.7753822929450856e-02        -2.0598819717314712e-02         4.1850967419710096e-02        -2.9484288560622084e-02         1.0306748242973972e-02         5.3232316603278474e-03         3.2012026608941736e-02         2.4014730906525974e-02
33                                     0.0000000000000000e+00         1.0444571558083764e-01         0.0000000000000000e+00         0.0000000000000000e+00        -7.1160720403474570e-02         0.0000000000000000e+00         1.2324344791581839e-01         0.0000000000000000e+00
34                                     0.0000000000000000e+00         1.6220991224749098e-01         0.0000000000000000e+00         0.0000000000000000e+00        -8.1339149369434066e-02         0.0000000000000000e+00         1.8793955336010806e-01         0.0000000000000000e+00
35                                     1.3918643981300671e-02         0.0000000000000000e+00        -3.9112848304430120e-04        -2.0008019469310648e-03         0.0000000000000000e+00         1.8172136996911112e-04         0.0000000000000000e+00        -2.2630983486311303e-05
36                                    -5.0011340204730741e-02         1.2066851811442103e-01         8.1030221022748150e-02         8.4406634600702718e-02         7.4982245603002512e-02         1.3815564960554400e-01        -7.9835865789843488e-02        -6.9281809308998105e-02
37                                     3.8471428558543783e-03         2.1725738251953108e-01         4.1420791405443587e-02         7.8017431846961346e-02         7.3091646070876135e-02         1.6984183546848525e-01         1.2525618351715681e-01        -2.0956401772485062e-01
38                                    -1.5517774291700166e-02         1.3819522672093831e-01         8.0473676002451519e-02         8.2786591449833885e-02         6.2298258724728516e-02         1.4849083779078465e-01        -8.6386558110217809e-02        -7.8174688201225209e-02
39                                     4.0906523578099520e-02        -7.0330354723736832e-02         3.1736620865564252e-02        -1.3603342596464066e-01         2.5791157537109671e-02        -1.4198108554221300e-01        -2.7428377586462629e-02         2.9310334418091154e-04
40                                    -7.6691620995531284e-02        -1.2065175587411503e-01         4.4485479204411427e-02        -1.8413324419935170e-01         7.6254547852356455e-02        -2.0272369955270034e-01        -1.3799521943725968e-01         5.5409092382309511e-02
41                                     1.5275556629227371e-01        -4.2166040018199305e-02        -6.5603192120998813e-03        -1.8392378735175025e-01         1.9355386616341452e-02        -1.7367668396384289e-01         1.1679144744262017e-01        -7.6726703521603309e-02
42                                     8.4214337035546649e-03         1.3867276270456284e-02         3.5144549500629250e-02         5.7674131863019736e-02         3.7366138171191887e-02        -1.6018486279126738e-02        -2.3848442683353432e-01         1.7597928665290785e-01
43                                     1.4326340130137527e-01        -1.9612358730442078e-02        -2.3638227508837888e-04        -1.1673119326029227e-02        -1.8035834783754223e-01         7.0037533386911280e-02         1.5041419861445837e-01         2.5636106938250663e-01
44                                    -9.8942480116506373e-02        -2.5075219431971714e-03        -3.0169946285182048e-02        -2.8648766170980163e-02         1.1016397686744914e-01        -2.2126167178025441e-03         1.3015069131120396e-01        -1.6104494923399920e-01
45                                     0.0000000000000000e+00         8.3690616182722846e-02         0.0000000000000000e+00         0.0000000000000000e+00         1.0748843723995465e-01         0.0000000000000000e+00        -8.1475873622047890e-02         0.0000000000000000e+00
46                                     0.0000000000000000e+00        -3.9140346964176885e-03         0.0000000000000000e+00         0.0000000000000000e+00        -6.4762708157952318e-03         0.0000000000000000e+00        -9.3712149775728813e-03         0.0000000000000000e+00
47                                     1.2843075582641902e-01         0.0000000000000000e+00         3.2639979502433430e-01         9.9093268745692742e-02         0.0000000000000000e+00        -2.5259745327607563e-01         0.0000000000000000e+00         3.4091733815316194e-01
48                                     0.0000000000000000e+00        -6.0212741509755890e-02         0.0000000000000000e+00         0.0000000000000000e+00        -1.2879302456835548e-01         0.0000000000000000e+00         3.8598962550112810e-02         0.0000000000000000e+00
49                                     0.0000000000000000e+00        -5.9053974178795279e-02         0.0000000000000000e+00         0.0000000000000000e+00        -8.5852437953444494e-02         0.0000000000000000e+00         3.3750909889216821e-02         0.0000000000000000e+00
50                                     2.6569785146536445e-01         0.0000000000000000e+00        -2.1754263880537802e-01         2.0245588556500327e-01         0.0000000000000000e+00         2.5978610994953788e-01         0.0000000000000000e+00         6.9031634289721214e-02
51                                    -8.4214337035546649e-03         1.3867276270456284e-02        -3.5144549500629250e-02        -5.7674131863019736e-02         3.7366138171191887e-02         1.6018486279126738e-02        -2.3848442683353432e-01        -1.7597928665290785e-01
52                                    -1.4326340130137527e-01        -1.9612358730442078e-02         2.3638227508837888e-04         1.1673119326029227e-02        -1.8035834783754223e-01        -7.0037533386911280e-02         1.5041419861445837e-01        -2.5636106938250663e-01
53                                    -9.8942480116506373e-02         2.5075219431971714e-03        -3.0169946285182048e-02        -2.8648766170980163e-02        -1.1016397686744914e-01        -2.2126167178025441e-03        -1.3015069131120396e-01        -1.6104494923399920e-01
54                                    -1.2919220200043942e-02         1.1748256340655264e-01         1.4906295172602818e-01         2.0635227525706426e-01        -3.5305315911939035e-02        -2.8536408784544837e-01         1.2819457616079044e-01        -9.4297100136327430e-02
55                                    -5.0504163979067297e-02        -3.2368726654401332e-02        -5.0001239416449642e-02        -3.7534344078116746e-02         2.2551104348703239e-02         7.6406902770155632e-02        -7.0492064061307902e-04         5.3367965106247646e-02
56                                     1.4327976318757757e-01        -4.2669292908560898e-02        -2.5202792620792520e-02        -1.8283420306093739e-01        -7.9672731540681288e-02         1.4610963148050662e-01        -1.6955555037546066e-01        -3.3748937942225228e-02
57                                    -1.1854217171919627e-01        -2.2733603588397711e-01         7.1590515781747119e-02        -1.0287999718168596e-01         1.7665692704477969e-02         1.6211969017337638e-01         1.1397513166728640e-01        -9.7313324871311460e-02
58                                     1.0699521425490280e-01         7.4342137349518694e-02         3.0369338666598033e-02        -2.1631286184031973e-02        -1.0931477731566325e-01        -5.3556589173620897e-02        -9.1607808201121077e-02        -2.9789009702732787e-02
59                                     2.8291970595644728e-02         1.2909192761631474e-01        -6.7148706599409358e-02         8.5415425399638076e-02         8.6063681567204259e-02        -8.6632340911534655e-02        -2.2746676887241302e-02         9.4660190918713041e-02
60                                     0.0000000000000000e+00         1.4791393731144945e-02         0.0000000000000000e+00         0.0000000000000000e+00        -1.8371043679776050e-01         0.0000000000000000e+00        -1.6526494890738469e-01         0.0000000000000000e+00
61                                     0.0000000000000000e+00         3.3416243842028188e-02         0.0000000000000000e+00         0.0000000000000000e+00        -1.4345617740468145e-01         0.0000000000000000e+00        -2.9619505776165794e-01         0.0000000000000000e+00
62                                    -5.0692079031717359e-02         0.0000000000000000e+00         6.3760257396906259e-02         3.4724563932870531e-02         0.0000000000000000e+00        -1.5477467195998845e-01         0.0000000000000000e+00        -3.4396719295034228e-01
63                                     1.2919220200043942e-02         1.1748256340655264e-01        -1.4906295172602818e-01        -2.0635227525706426e-01        -3.5305315911939035e-02         2.8536408784544837e-01         1.2819457616079044e-01         9.4297100136327430e-02
64                                     5.0504163979067297e-02        -3.2368726654401332e-02         5.0001239416449642e-02         3.7534344078116746e-02         2.2551104348703239e-02        -7.6406902770155632e-02        -7.0492064061307902e-04        -5.3367965106247646e-02
65                                     1.4327976318757757e-01         4.2669292908560898e-02        -2.5202792620792520e-02        -1.8283420306093739e-01         7.9672731540681288e-02         1.4610963148050662e-01         1.6955555037546066e-01        -3.3748937942225228e-02
66                                     1.1854217171919627e-01        -2.2733603588397711e-01        -7.1590515781747119e-02         1.0287999718168596e-01         1.7665692704477969e-02        -1.6211969017337638e-01         1.1397513166728640e-01         9.7313324871311460e-02
67                                    -1.0699521425490280e-01         7.4342137349518694e-02        -3.0369338666598033e-02         2.1631286184031973e-02        -1.0931477731566325e-01         5.3556589173620897e-02        -9.1607808201121077e-02         2.9789009702732787e-02
68                                     2.8291970595644728e-02        -1.2909192761631474e-01        -6.7148706599409358e-02         8.5415425399638076e-02        -8.6063681567204259e-02        -8.6632340911534655e-02         2.2746676887241302e-02         9.4660190918713041e-02
69                                     2.0765841326929932e-01         7.3108237237335644e-02         1.7082015690363014e-01         4.3772966911628224e-03        -4.4256191237563976e-02         9.2818569372460011e-02        -4.4296602658392449e-02        -1.4581802570069646e-01
70                                     4.2355026125489734e-02        -1.5707475219154837e-01        -2.8662104115649428e-01         8.6422983724238969e-02         1.2753404056898940e-01        -2.9965339629940091e-01         7.9096321129681957e-02        -8.6137008103213883e-02
71                                     6.5929460364679962e-02        -1.5790175433353358e-04         1.6988353611147779e-02         2.1869578899905290e-02        -1.0553353655816076e-02        -9.1140394982864806e-03         1.3166962370455133e-04        -5.3507901584360001e-02
72                                    -2.0765841326929932e-01         7.3108237237335644e-02        -1.7082015690363014e-01        -4.3772966911628224e-03        -4.4256191237563976e-02        -9.2818569372460011e-02        -4.4296602658392449e-02         1.4581802570069646e-01
73                                    -4.2355026125489734e-02        -1.5707475219154837e-01         2.8662104115649428e-01        -8.6422983724238969e-02         1.2753404056898940e-01         2.9965339629940091e-01         7.9096321129681957e-02         8.6137008103213883e-02
74                                     6.5929460364679962e-02         1.5790175433353358e-04         1.6988353611147779e-02         2.1869578899905290e-02         1.0553353655816076e-02        -9.1140394982864806e-03        -1.3166962370455133e-04        -5.3507901584360001e-02
75                                     5.0011340204730741e-02         1.2066851811442103e-01        -8.1030221022748150e-02        -8.4406634600702718e-02         7.4982245603002512e-02        -1.3815564960554400e-01        -7.9835865789843488e-02         6.9281809308998105e-02
76                                    -3.8471428558543783e-03         2.1725738251953108e-01        -4.1420791405443587e-02        -7.8017431846961346e-02         7.3091646070876135e-02        -1.6984183546848525e-01         1.2525618351715681e-01         2.0956401772485062e-01
77                                    -1.5517774291700166e-02        -1.3819522672093831e-01         8.0473676002451519e-02         8.2786591449833885e-02        -6.2298258724728516e-02         1.4849083779078465e-01         8.6386558110217809e-02        -7.8174688201225209e-02
78                                    -4.0906523578099520e-02        -7.0330354723736832e-02        -3.1736620865564252e-02         1.3603342596464066e-01         2.5791157537109671e-02         1.4198108554221300e-01        -2.7428377586462629e-02        -2.9310334418091154e-04
79                                     7.6691620995531284e-02        -1.2065175587411503e-01        -4.4485479204411427e-02         1.8413324419935170e-01         7.6254547852356455e-02         2.0272369955270034e-01        -1.3799521943725968e-01        -5.5409092382309511e-02
80                                     1.5275556629227371e-01         4.2166040018199305e-02        -6.5603192120998813e-03        -1.8392378735175025e-01        -1.9355386616341452e-02        -1.7367668396384289e-01        -1.1679144744262017e-01        -7.6726703521603309e-02
                                                        40                          41                          42                          43                          44                          45                          46                          47

0                                      0.0000000000000000e+00         2.7206249934098571e-02        -2.2011984902599774e-02         0.0000000000000000e+00         2.8268307380527970e-02         0.0000000000000000e+00        -1.3238416119019441e-02         0.0000000000000000e+00
1                                      0.0000000000000000e+00         5.6636510109948537e-02         1.1190161592162500e-02         0.0000000000000000e+00         9.5633112143187469e-04         0.0000000000000000e+00        -1.6804106993688681e-04         0.0000000000000000e+00
2                                     -9.7293257641989034e-05         0.0000000000000000e+00         0.0000000000000000e+00         1.1666701134469536e-02         0.0000000000000000e+00        -1.4092738395080316e-02         0.0000000000000000e+00         1.4497488152068715e-03
3                                      0.0000000000000000e+00        -3.8856464416828718e-02        -6.8669117697640530e-02         0.0000000000000000e+00         1.7052858350375847e-02         0.0000000000000000e+00        -1.1448561225361090e-02         0.0000000000000000e+00
4                                      0.0000000000000000e+00        -1.3891904907795766e-01        -5.5652771654020501e-02         0.0000000000000000e+00         1.8554064113091111e-02         0.0000000000000000e+00        -3.7575065096780227e-03         0.0000000000000000e+00
5                                     -2.0002892001159045e-03         0.0000000000000000e+00         0.0000000000000000e+00        -6.9178287346380776e-02         0.0000000000000000e+00         1.2991607218698356e-01         0.0000000000000000e+00        -5.0918743783734462e-02
6                                      3.3208996239840376e-03        -1.3537471837674066e-02         1.3727864223609915e-02        -1.3983157685046772e-02         7.8159747604989002e-04         2.7496813612709243e-02         1.6850866524054601e-02        -1.0915299725084201e-02
7                                      6.5729549491287892e-04         5.7592718967160944e-03        -2.7112715985027579e-02        -3.4954242213813901e-02        -9.2410924294144565e-03         3.8725156665805054e-02         3.7560227223028021e-02         2.5378591714221847e-02
8                                     -1.1240906321257024e-03        -3.3004982908597442e-02        -2.5019078120943661e-02         2.4299681283709074e-02         7.7131724022066151e-03        -5.3733014491170236e-03         1.6968423568141922e-02         3.0803876594827823e-02
9                                     -9.2805573705188032e-03         1.9670710120321688e-02        -7.5363592762518004e-03         1.6496056304208240e-02        -1.4678235610698689e-02        -6.9581316926514564e-03         3.7817347624154361e-02         5.7719216954315311e-02
10                                     2.1223740761124412e-03         5.8296646695756939e-02         3.1978944539985149e-02         1.4105700658434380e-02         4.5892889531797855e-03        -8.2364011292578466e-03        -5.3042398295279965e-02        -5.3144212905908768e-02
11                                     6.1831682036119174e-03         1.7460141516868550e-02         1.9613269885679914e-02        -1.2081554967724104e-02         6.1354297218898591e-03         1.7338424200123166e-02        -7.6590887635488462e-03        -2.6319656423721791e-02
12                                     0.0000000000000000e+00         9.0140014876025579e-03        -2.3635025968684353e-03         0.0000000000000000e+00        -1.6536641604211338e-02         0.0000000000000000e+00        -3.0085878656070684e-02         0.0000000000000000e+00
13                                     0.0000000000000000e+00        -6.1852983630320733e-02        -2.8074142809500609e-02         0.0000000000000000e+00        -1.6615753799526609e-02         0.0000000000000000e+00         2.9123296729179078e-02         0.0000000000000000e+00
14                                    -1.4993039749385038e-02         0.0000000000000000e+00         0.0000000000000000e+00         2.5415955100356789e-02         0.0000000000000000e+00        -3.5040910934415526e-02         0.0000000000000000e+00         3.7142630485588808e-02
15                                     9.2805573705188032e-03         1.9670710120321688e-02        -7.5363592762518004e-03        -1.6496056304208240e-02        -1.4678235610698689e-02         6.9581316926514564e-03         3.7817347624154361e-02        -5.7719216954315311e-02
16                                    -2.1223740761124412e-03         5.8296646695756939e-02         3.1978944539985149e-02        -1.4105700658434380e-02         4.5892889531797855e-03         8.2364011292578466e-03        -5.3042398295279965e-02         5.3144212905908768e-02
17                                     6.1831682036119174e-03        -1.7460141516868550e-02        -1.9613269885679914e-02        -1.2081554967724104e-02        -6.1354297218898591e-03         1.7338424200123166e-02         7.6590887635488462e-03        -2.6319656423721791e-02
18                                    -1.2014423635103941e-02        -2.4405768372775090e-02         1.5485340986984120e-02        -8.3679189206899585e-03         7.7420709174897727e-03         6.4004628613441869e-03        -5.1727989830723277e-02         4.3410327304104171e-02
19                                     3.8804877239334195e-03        -4.8018269639612476e-02        -1.2492822644760164e-02         2.6223073404856075e-02         1.4616969668826609e-02         2.1632072981931667e-03         3.4008362672009475e-03        -2.1595422175085692e-02
20                                     7.5341243053562374e-03        -1.7968781110174005e-02        -8.0619303969199814e-03         5.2225843629418950e-03        -1.0523741021575897e-02        -3.2604638255696559e-02         8.4021700891290883e-03        -3.7030351509563755e-02
21                                     0.0000000000000000e+00         3.3687308660584237e-03        -2.0851702149672541e-02         0.0000000000000000e+00         2.0397467689458079e-03         0.0000000000000000e+00         5.1877728135711072e-02         0.0000000000000000e+00
22                                     0.0000000000000000e+00         6.6906699164049011e-02         7.8240941567047726e-03         0.0000000000000000e+00        -2.2223532084315704e-02         0.0000000000000000e+00         6.8740194493148638e-02         0.0000000000000000e+00
23                                    -1.3330619963281368e-02         0.0000000000000000e+00         0.0000000000000000e+00        -4.1804312357670771e-02         0.0000000000000000e+00         3.8975946953082173e-02         0.0000000000000000e+00         9.4914683265633487e-02
24                                     1.2014423635103941e-02        -2.4405768372775090e-02         1.5485340986984120e-02         8.3679189206899585e-03         7.7420709174897727e-03        -6.4004628613441869e-03        -5.1727989830723277e-02        -4.3410327304104171e-02
25                                    -3.8804877239334195e-03        -4.8018269639612476e-02        -1.2492822644760164e-02        -2.6223073404856075e-02         1.4616969668826609e-02        -2.1632072981931667e-03         3.4008362672009475e-03         2.1595422175085692e-02
26                                     7.5341243053562374e-03         1.7968781110174005e-02         8.0619303969199814e-03         5.2225843629418950e-03         1.0523741021575897e-02        -3.2604638255696559e-02        -8.4021700891290883e-03        -3.7030351509563755e-02
27                                     0.0000000000000000e+00         3.3919106008924269e-02         3.0603967188658640e-02         0.0000000000000000e+00         7.9423620337505177e-03         0.0000000000000000e+00         1.9598724474249294e-02         0.0000000000000000e+00
28                                     0.0000000000000000e+00        -2.4563129178082121e-02         2.4923532892178697e-02         0.0000000000000000e+00         2.7417070831482933e-02         0.0000000000000000e+00        -8.3027366219085047e-02         0.0000000000000000e+00
29                                     6.8792690415080760e-03         0.0000000000000000e+00         0.0000000000000000e+00         3.4215881937371240e-02         0.0000000000000000e+00        -3.9741612573644718e-02         0.0000000000000000e+00        -1.1674359770681104e-02
30                                    -3.3208996239840376e-03        -1.3537471837674066e-02         1.3727864223609915e-02         1.3983157685046772e-02         7.8159747604989002e-04        -2.7496813612709243e-02         1.6850866524054601e-02         1.0915299725084201e-02
31                                    -6.5729549491287892e-04         5.7592718967160944e-03        -2.7112715985027579e-02         3.4954242213813901e-02        -9.2410924294144565e-03        -3.8725156665805054e-02         3.7560227223028021e-02        -2.5378591714221847e-02
32                                    -1.1240906321257024e-03         3.3004982908597442e-02         2.5019078120943661e-02         2.4299681283709074e-02        -7.7131724022066151e-03        -5.3733014491170236e-03        -1.6968423568141922e-02         3.0803876594827823e-02
33                                     0.0000000000000000e+00        -9.6272953450963331e-02         2.5874548553937698e-01         0.0000000000000000e+00        -1.8368219071085154e-01         0.0000000000000000e+00         5.2043243855793619e-02         0.0000000000000000e+00
34                                     0.0000000000000000e+00        -1.1728288321552283e-01         4.1372129018787074e-01         0.0000000000000000e+00        -2.9846924226864519e-01         0.0000000000000000e+00         9.0123405312715080e-02         0.0000000000000000e+00
35                                     6.0486292121385927e-04         0.0000000000000000e+00         0.0000000000000000e+00        -7.3979758898330035e-03         0.0000000000000000e+00         4.9943844357086317e-03         0.0000000000000000e+00         2.4823863421814191e-03
36                                    -3.4576293061721906e-02        -5.5999578176960810e-03         4.9283058865118032e-03         7.6202974833826334e-02         1.6564467237716149e-01        -1.7740942988675693e-01        -9.2904310306152788e-02        -3.4241443760640970e-02
37                                    -3.1228609005109813e-02         1.1364253263065319e-02         7.7135681164761105e-02         2.4725050275501911e-02         2.2851702326915396e-01        -2.2450819947668693e-01        -1.6072847243070695e-01        -1.3600387404067724e-01
38                                    -3.5337287292181059e-02        -2.4168567013134613e-02         4.0585473611101488e-03         1.0009610989126223e-01         1.8387405795705342e-01        -2.1024582834086605e-01        -1.1162839868417812e-01        -3.5449484915519358e-02
39                                     2.2065262057419651e-02        -7.1030981905478283e-02         1.1140677503321980e-01         1.5575652897150544e-01        -1.4278672272755369e-01        -5.6761510725422112e-02        -3.7141984735388415e-03         4.0389913970680355e-02
40                                     2.9226953742857411e-02        -8.3101523990788392e-02         1.2167119794828417e-01         2.1568841189898030e-01        -2.2498607841045104e-01        -8.3712187012844316e-02         3.7518966458253422e-03         9.3038909441242032e-02
41                                     3.6582424284192470e-02        -6.4135015665698403e-02         1.8926536759576218e-01         1.5152727034260241e-01        -1.5147015401029137e-01        -8.7667035609107005e-03        -1.6221352015218255e-03        -8.6626236694022744e-03
42                                     3.5427348212122262e-01        -1.8142864452816945e-02        -1.6583004487536908e-03         7.9882737779887275e-02        -2.2853978686232279e-01         9.1296905339321652e-02        -1.2539912318666332e-01        -2.5358031296400813e-02
43                                    -7.9928961241865507e-02         2.8878056162283161e-01        -1.2150695446289898e-01        -3.2020020177460279e-01        -6.2239105710241577e-02        -1.7365816232898440e-01         7.3714268691170252e-03         2.0508096074231572e-02
44                                    -2.1122017192634007e-01        -1.5400014875387866e-02         5.5671491297294366e-02         3.2448050374602952e-02         1.6297013975676392e-01        -8.0718196024255444e-03         8.3123074491401341e-02         9.6083005301245729e-03
45                                     0.0000000000000000e+00        -1.3710560180882078e-01        -7.0221703760414866e-02         0.0000000000000000e+00        -5.5792253544463655e-02         0.0000000000000000e+00         5.8306323449695864e-02         0.0000000000000000e+00
46                                     0.0000000000000000e+00        -1.8227230337293645e-02        -8.6236114508984624e-03         0.0000000000000000e+00        -7.6134606600136035e-03         0.0000000000000000e+00        -5.6122007790546699e-04         0.0000000000000000e+00
47                                     8.7987464566150086e-02         0.0000000000000000e+00         0.0000000000000000e+00        -3.1890266549605112e-01         0.0000000000000000e+00        -5.4723616475502536e-02         0.0000000000000000e+00        -3.8452113466478294e-01
48                                     0.0000000000000000e+00         9.8697340474487374e-02         3.7024244145745205e-02         0.0000000000000000e+00        -1.5641485391882665e-02         0.0000000000000000e+00        -8.0239620017420785e-02         0.0000000000000000e+00
49                                     0.0000000000000000e+00         8.6333822044767014e-02         3.7467342699890938e-02         0.0000000000000000e+00        -9.0086143779331777e-03         0.0000000000000000e+00        -5.8367435419918672e-02         0.0000000000000000e+00
50                                     3.7901497364605485e-01         0.0000000000000000e+00         0.0000000000000000e+00         1.9850571641997158e-01         0.0000000000000000e+00         2.4960029207596091e-01         0.0000000000000000e+00         2.6716081707622430e-01
51                                    -3.5427348212122262e-01        -1.8142864452816945e-02        -1.6583004487536908e-03        -7.9882737779887275e-02        -2.2853978686232279e-01        -9.1296905339321652e-02        -1.2539912318666332e-01         2.5358031296400813e-02
52                                     7.9928961241865507e-02         2.8878056162283161e-01        -1.2150695446289898e-01         3.2020020177460279e-01        -6.2239105710241577e-02         1.7365816232898440e-01         7.3714268691170252e-03        -2.0508096074231572e-02
53                                    -2.1122017192634007e-01         1.5400014875387866e-02        -5.5671491297294366e-02         3.2448050374602952e-02        -1.6297013975676392e-01        -8.0718196024255444e-03        -8.3123074491401341e-02         9.6083005301245729e-03
54                                     6.2843638766663240e-02         1.3168279182190132e-01        -2.0549262459332410e-01         1.2497359174791672e-01        -1.7186578951218004e-01         7.2423091406049901e-03        -1.4500085112496286e-01        -1.4512546765708934e-01
55                                    -1.4220247197923705e-02        -7.8902628218450843e-02         4.2143420415007904e-02        -6.7289470493631376e-03         5.7685554751251700e-02         5.3830610927890982e-03         2.9552997772187530e-02         2.6454051261110039e-02
56                                    -3.9896797570031103e-02         5.1925631064269381e-02         1.2853885994120934e-01        -1.4270734584000883e-01         6.4040946750953981e-02        -5.5299879098495118e-03         1.1385627361992509e-01         1.1375263234611448e-01
57                                     3.1620953913457633e-01        -5.9134771356060606e-03         6.7506207044030639e-02        -9.6887496263476494e-02         1.5536304150558447e-01        -1.0522205654877780e-01         2.9285512282169390e-01         2.7711851040578824e-02
58                                    -7.6827676386288610e-02         1.0840412292557626e-01        -5.4387398119276299e-03         8.9884223228590687e-03        -3.9743526060593642e-02         6.8374737766644211e-02        -3.3168601092759604e-02         1.6903455635614670e-02
59                                    -1.8719337479785239e-01        -6.4167991449799844e-02        -4.3724527376616203e-02         6.3246476015959674e-02        -9.5970863277593119e-02         2.4069863961221641e-02        -2.0493498027196752e-01        -3.3690080499282564e-02
60                                     0.0000000000000000e+00         8.0327867696639525e-03         1.7548862800500048e-01         0.0000000000000000e+00         1.4593860152148691e-01         0.0000000000000000e+00         4.9621853715716195e-02         0.0000000000000000e+00
61                                     0.0000000000000000e+00         7.4857111465237047e-02         3.1194128919750364e-01         0.0000000000000000e+00         2.0157569305035267e-01         0.0000000000000000e+00         6.8010116636503512e-02         0.0000000000000000e+00
62                                     4.0358137630768720e-01         0.0000000000000000e+00         0.0000000000000000e+00        -2.2424472637293474e-01         0.0000000000000000e+00        -2.4794303128395512e-01         0.0000000000000000e+00        -6.2679545901614578e-02
63                                    -6.2843638766663240e-02         1.3168279182190132e-01        -2.0549262459332410e-01        -1.2497359174791672e-01        -1.7186578951218004e-01        -7.2423091406049901e-03        -1.4500085112496286e-01         1.4512546765708934e-01
64                                     1.4220247197923705e-02        -7.8902628218450843e-02         4.2143420415007904e-02         6.7289470493631376e-03         5.7685554751251700e-02        -5.3830610927890982e-03         2.9552997772187530e-02        -2.6454051261110039e-02
65                                    -3.9896797570031103e-02        -5.1925631064269381e-02        -1.2853885994120934e-01        -1.4270734584000883e-01        -6.4040946750953981e-02        -5.5299879098495118e-03        -1.1385627361992509e-01         1.1375263234611448e-01
66                                    -3.1620953913457633e-01        -5.9134771356060606e-03         6.7506207044030639e-02         9.6887496263476494e-02         1.5536304150558447e-01         1.0522205654877780e-01         2.9285512282169390e-01        -2.7711851040578824e-02
67                                     7.6827676386288610e-02         1.0840412292557626e-01        -5.4387398119276299e-03        -8.9884223228590687e-03        -3.9743526060593642e-02        -6.8374737766644211e-02        -3.3168601092759604e-02        -1.6903455635614670e-02
68                                    -1.8719337479785239e-01         6.4167991449799844e-02         4.3724527376616203e-02         6.3246476015959674e-02         9.5970863277593119e-02         2.4069863961221641e-02         2.0493498027196752e-01        -3.3690080499282564e-02
69                                    -3.6964303386427734e-02        -1.0209223751040698e-02         1.0428282816703804e-01         4.8314603909409585e-03         6.3224130106650026e-02         1.7378231157336618e-01        -7.4066708857668515e-02        -9.7228652384002398e-02
70                                     3.4777486681252898e-02         4.3938384460342636e-02        -1.8546070251017058e-01        -1.9661646449894740e-01        -7.1297584956377141e-02        -1.9198948357956241e-01         1.8290454274012871e-01         2.8478794252450390e-01
71                                    -8.1339184831327894e-03        -8.2468786148557904e-03        -9.6345095078365223e-03        -2.3056158227270359e-02         6.4767744404843827e-03         2.9665287961915320e-02         1.1860460837147686e-02         5.6674189109746998e-03
72                                     3.6964303386427734e-02        -1.0209223751040698e-02         1.0428282816703804e-01        -4.8314603909409585e-03         6.3224130106650026e-02        -1.7378231157336618e-01        -7.4066708857668515e-02         9.7228652384002398e-02
73                                    -3.4777486681252898e-02         4.3938384460342636e-02        -1.8546070251017058e-01         1.9661646449894740e-01        -7.1297584956377141e-02         1.9198948357956241e-01         1.8290454274012871e-01        -2.8478794252450390e-01
74                                    -8.1339184831327894e-03         8.2468786148557904e-03         9.6345095078365223e-03        -2.3056158227270359e-02        -6.4767744404843827e-03         2.9665287961915320e-02        -1.1860460837147686e-02         5.6674189109746998e-03
75                                     3.4576293061721906e-02        -5.5999578176960810e-03         4.9283058865118032e-03        -7.6202974833826334e-02         1.6564467237716149e-01         1.7740942988675693e-01        -9.2904310306152788e-02         3.4241443760640970e-02
76                                     3.1228609005109813e-02         1.1364253263065319e-02         7.7135681164761105e-02        -2.4725050275501911e-02         2.2851702326915396e-01         2.2450819947668693e-01        -1.6072847243070695e-01         1.3600387404067724e-01
77                                    -3.5337287292181059e-02         2.4168567013134613e-02        -4.0585473611101488e-03         1.0009610989126223e-01        -1.8387405795705342e-01        -2.1024582834086605e-01         1.1162839868417812e-01        -3.5449484915519358e-02
78                                    -2.2065262057419651e-02        -7.1030981905478283e-02         1.1140677503321980e-01        -1.5575652897150544e-01        -1.4278672272755369e-01         5.6761510725422112e-02        -3.7141984735388415e-03        -4.0389913970680355e-02
79                                    -2.9226953742857411e-02        -8.3101523990788392e-02         1.2167119794828417e-01        -2.1568841189898030e-01        -2.2498607841045104e-01         8.3712187012844316e-02         3.7518966458253422e-03        -9.3038909441242032e-02
80                                     3.6582424284192470e-02         6.4135015665698403e-02        -1.8926536759576218e-01         1.5152727034260241e-01         1.5147015401029137e-01        -8.7667035609107005e-03         1.6221352015218255e-03        -8.6626236694022744e-03
                                                        48                          49                          50                          51                          52                          53                          54                          55

0                                      0.0000000000000000e+00        -1.0741619828043248e-02        -1.2535006430348151e-02         0.0000000000000000e+00         0.0000000000000000e+00         2.6635912688570174e-02         0.0000000000000000e+00         1.6507732499331934e-02
1                                      0.0000000000000000e+00        -4.0535257321292666e-03        -9.5860281235463714e-04         0.0000000000000000e+00         0.0000000000000000e+00         4.9974605475577374e-03         0.0000000000000000e+00         5.1294532715989742e-03
2                                     -1.4095690844283314e-03         0.0000000000000000e+00         0.0000000000000000e+00        -6.8034772141268736e-05         5.5642740288714939e-05         0.0000000000000000e+00         5.1907745992120641e-03         0.0000000000000000e+00
3                                      0.0000000000000000e+00         5.1014630025069035e-02         6.6253354528048990e-03         0.0000000000000000e+00         0.0000000000000000e+00        -8.0579776872012593e-02         0.0000000000000000e+00        -5.1404941525849429e-02
4                                      0.0000000000000000e+00         5.4774858166571176e-02        -1.2390512626712912e-02         0.0000000000000000e+00         0.0000000000000000e+00         3.0873750401964769e-02         0.0000000000000000e+00        -2.0461626934154969e-02
5                                      7.4063780109851013e-02         0.0000000000000000e+00         0.0000000000000000e+00        -4.6689721671645527e-02        -1.6288513240521007e-04         0.0000000000000000e+00        -3.6662925968161113e-02         0.0000000000000000e+00
6                                     -2.6224324276813375e-02        -2.2262218892126224e-02         3.2367198622590521e-02         3.4423184000158778e-02        -3.9670419711299162e-03         3.8851342103135622e-02        -4.3780049841320549e-03         2.7028801029982133e-02
7                                     -3.5248531520928342e-02        -5.1983335064069047e-02         2.6565640260482828e-02         4.3943770645011683e-02         2.1283672780414558e-04         3.7112433373058850e-03        -1.4954107899822254e-02         1.9605018977839218e-02
8                                     -1.9050495208746694e-02        -2.6005069029044645e-04         2.2676402367816578e-02         6.6241978915591915e-02         2.2547382250033558e-03         9.7178164259761439e-03         3.0119291393814599e-03         1.8433518044323510e-02
9                                      5.4354299330630573e-02         2.0738752972014038e-02        -5.8290097146386860e-02         1.1536887851837086e-02         3.6099902732450707e-02        -5.9519105876991829e-02         2.6073812235613343e-02        -1.9725080699779688e-02
10                                     6.2024186738181213e-02         8.8669350576793510e-02         2.4934818717538526e-02         9.4432334209482750e-03        -7.4984299664848323e-03         1.6349301034009848e-03         4.5649604490493940e-02         3.6508936269975700e-02
11                                    -5.4985967225436250e-02        -1.0611731203481857e-02         6.7955732439092600e-03        -6.1748999239079380e-02        -2.1649102067506778e-02         9.8609382328561507e-03         2.2461769746535087e-02         1.4022722248532021e-02
12                                     0.0000000000000000e+00        -2.1311047839880210e-02         3.2587646085437259e-02         0.0000000000000000e+00         0.0000000000000000e+00         3.3621376050331088e-02         0.0000000000000000e+00         6.5349082266479537e-03
13                                     0.0000000000000000e+00        -4.1424025372427613e-02        -4.5854894376400647e-03         0.0000000000000000e+00         0.0000000000000000e+00         4.6182318904834417e-03         0.0000000000000000e+00        -5.6427569398748425e-03
14                                     6.5208840854793115e-02         0.0000000000000000e+00         0.0000000000000000e+00         2.4736376582111048e-02        -7.1365258461017100e-02         0.0000000000000000e+00        -1.1339363566874736e-01         0.0000000000000000e+00
15                                    -5.4354299330630573e-02         2.0738752972014038e-02        -5.8290097146386860e-02        -1.1536887851837086e-02        -3.6099902732450707e-02        -5.9519105876991829e-02        -2.6073812235613343e-02        -1.9725080699779688e-02
16                                    -6.2024186738181213e-02         8.8669350576793510e-02         2.4934818717538526e-02        -9.4432334209482750e-03         7.4984299664848323e-03         1.6349301034009848e-03        -4.5649604490493940e-02         3.6508936269975700e-02
17                                    -5.4985967225436250e-02         1.0611731203481857e-02        -6.7955732439092600e-03        -6.1748999239079380e-02        -2.1649102067506778e-02        -9.8609382328561507e-03         2.2461769746535087e-02        -1.4022722248532021e-02
18                                     2.3180263223509988e-02        -1.3718588186120140e-02         1.7753469468318399e-02         2.5569091624814012e-03        -6.0075781215162841e-02         5.4016487015807045e-02         4.7054132664204856e-02        -6.0923390332446210e-02
19                                     1.5306409666363506e-02        -3.7114007254984462e-02         2.9692368992326754e-03        -8.0520503846774841e-03         1.4780322869397967e-02        -3.4841033301815393e-02        -3.9984665866071058e-03         5.2966978982402820e-03
20                                     1.2498664865312054e-02         9.0934952396955395e-03         7.3744986078395922e-03         3.8931293082265117e-02         3.6138418664504172e-02        -1.3705181922754212e-02        -3.4740310475492628e-02         4.1275133593898811e-02
21                                     0.0000000000000000e+00         2.4001720840500503e-02        -6.9737701828865434e-02         0.0000000000000000e+00         0.0000000000000000e+00         1.0310531123920197e-02         0.0000000000000000e+00         4.8172927548267831e-02
22                                     0.0000000000000000e+00         6.7558091980179383e-02        -4.1690994566286027e-02         0.0000000000000000e+00         0.0000000000000000e+00         9.5610110484642019e-02         0.0000000000000000e+00        -5.6306254584330704e-03
23                                     5.1322475597391139e-03         0.0000000000000000e+00         0.0000000000000000e+00        -8.8224737327548527e-02         4.1901592456033893e-02         0.0000000000000000e+00        -1.2678316960544988e-03         0.0000000000000000e+00
24                                    -2.3180263223509988e-02        -1.3718588186120140e-02         1.7753469468318399e-02        -2.5569091624814012e-03         6.0075781215162841e-02         5.4016487015807045e-02        -4.7054132664204856e-02        -6.0923390332446210e-02
25                                    -1.5306409666363506e-02        -3.7114007254984462e-02         2.9692368992326754e-03         8.0520503846774841e-03        -1.4780322869397967e-02        -3.4841033301815393e-02         3.9984665866071058e-03         5.2966978982402820e-03
26                                     1.2498664865312054e-02        -9.0934952396955395e-03        -7.3744986078395922e-03         3.8931293082265117e-02         3.6138418664504172e-02         1.3705181922754212e-02        -3.4740310475492628e-02        -4.1275133593898811e-02
27                                     0.0000000000000000e+00        -1.0641069819255108e-02         5.7088572126281691e-02         0.0000000000000000e+00         0.0000000000000000e+00         1.3169929690622664e-02         0.0000000000000000e+00        -2.0539848452038649e-02
28                                     0.0000000000000000e+00        -6.9440718795192438e-02        -6.5987422376333857e-02         0.0000000000000000e+00         0.0000000000000000e+00        -2.2938638792013129e-02         0.0000000000000000e+00         5.9964969078717970e-02
29                                    -2.7797165562043258e-02         0.0000000000000000e+00         0.0000000000000000e+00         2.9510016358521591e-02        -4.3976496531862620e-03         0.0000000000000000e+00         3.3068985291503368e-03         0.0000000000000000e+00
30                                     2.6224324276813375e-02        -2.2262218892126224e-02         3.2367198622590521e-02        -3.4423184000158778e-02         3.9670419711299162e-03         3.8851342103135622e-02         4.3780049841320549e-03         2.7028801029982133e-02
31                                     3.5248531520928342e-02        -5.1983335064069047e-02         2.6565640260482828e-02        -4.3943770645011683e-02        -2.1283672780414558e-04         3.7112433373058850e-03         1.4954107899822254e-02         1.9605018977839218e-02
32                                    -1.9050495208746694e-02         2.6005069029044645e-04        -2.2676402367816578e-02         6.6241978915591915e-02         2.2547382250033558e-03        -9.7178164259761439e-03         3.0119291393814599e-03        -1.8433518044323510e-02
33                                     0.0000000000000000e+00         4.5827370826977361e-02         6.4979855087463692e-02         0.0000000000000000e+00         0.0000000000000000e+00        -1.5577203509332904e-01         0.0000000000000000e+00        -7.1183582515171109e-02
34                                     0.0000000000000000e+00         7.3854346562654341e-02         1.0715057541916545e-01         0.0000000000000000e+00         0.0000000000000000e+00        -2.4796964320869860e-01         0.0000000000000000e+00        -1.1515077260582496e-01
35                                    -9.6065414224733858e-03         0.0000000000000000e+00         0.0000000000000000e+00         6.4612840998506480e-03        -4.6862323614265203e-04         0.0000000000000000e+00        -4.4695715675026441e-03         0.0000000000000000e+00
36                                    -7.3332828689303631e-02         7.4603433341083852e-02        -4.1327320746035977e-02        -1.0099533942379012e-01        -1.0180274067443453e-02        -6.9855177440595773e-02         6.9613029338838575e-02        -3.5840725034049961e-02
37                                    -1.1181827441664072e-01         9.6387683604924543e-02        -4.0113016111218522e-02        -1.9789191051845956e-01        -2.8534785361940665e-02        -1.1866379880817943e-02         2.6024288131568481e-02        -1.1323064178882157e-01
38                                    -7.2397619096312010e-02         1.0269028999838722e-01        -4.3097322847788451e-02        -9.4807576035369337e-02        -1.1142843233642530e-02        -6.1994483890445956e-02         6.6423945706312632e-02        -5.2127060735284329e-02
39                                     1.2694788337002175e-01         4.3322536369801497e-02        -1.2097539630117744e-01        -1.0246442642084955e-01         1.8012884505698518e-02        -7.1170702313249484e-03         9.1327924684037106e-03        -5.1045053294025616e-02
40                                     1.9521620042432811e-01         4.6136592760784009e-02        -2.0316821683165320e-01        -1.6698947548201432e-01         3.1208777371243165e-02        -5.1670341731243373e-02        -2.9264235897636746e-03        -9.9065469413094479e-02
41                                     1.2020865730015895e-01         1.9079946149492589e-02        -1.0258048630815814e-01        -1.4015279675699185e-01         9.4653901598647644e-03         3.2499139515160806e-02         4.7062086694496290e-02         2.4409353486347655e-02
42                                    -4.9729394137266569e-02        -3.0559536019924425e-02         1.6754772495424453e-01        -1.8039943070705844e-01        -2.8055873660277131e-01         1.2849272577827703e-01        -5.6603160649787376e-02         1.7234587258511380e-01
43                                    -3.9337490399347717e-02        -3.1227878384876823e-01        -1.6618780592417384e-01        -1.9077458642719144e-01         6.5172056258539404e-02        -6.1103934547991137e-02        -2.0608855559383718e-01        -2.6123143691700790e-01
44                                     3.9002200074403942e-02         1.2279510164094594e-01        -9.2235754850672383e-02         1.1605373360040412e-01         1.6747347475043764e-01        -9.7490530084654983e-02         1.4365476580029443e-01        -3.5272319795726363e-02
45                                     0.0000000000000000e+00        -8.0757054483992258e-02        -3.2366209918321821e-02         0.0000000000000000e+00         0.0000000000000000e+00        -3.1689111929306520e-02         0.0000000000000000e+00         3.6866306712826711e-03
46                                     0.0000000000000000e+00        -2.1177897436382188e-02         1.4544621468981493e-02         0.0000000000000000e+00         0.0000000000000000e+00         2.1271644688129074e-02         0.0000000000000000e+00         2.1515699436034776e-04
47                                     9.5545209424063499e-02         0.0000000000000000e+00         0.0000000000000000e+00        -5.9371280413322680e-02         2.2349973115764249e-01         0.0000000000000000e+00         4.5410200022630226e-01         0.0000000000000000e+00
48                                     0.0000000000000000e+00         2.8724317959312348e-02         3.8797231760817563e-02         0.0000000000000000e+00         0.0000000000000000e+00         1.9802465400699819e-02         0.0000000000000000e+00         2.8891570740214353e-02
49                                     0.0000000000000000e+00         4.6675702241894136e-02         1.2356794375729669e-02         0.0000000000000000e+00         0.0000000000000000e+00        -1.1164386367955022e-02         0.0000000000000000e+00         3.1823979281826120e-02
50                                    -2.6398488914566770e-01         0.0000000000000000e+00         0.0000000000000000e+00        -3.9699842348675463e-02         2.9066581914862155e-01         0.0000000000000000e+00         3.0936764515021470e-01         0.0000000000000000e+00
51                                     4.9729394137266569e-02        -3.0559536019924425e-02         1.6754772495424453e-01         1.8039943070705844e-01         2.8055873660277131e-01         1.2849272577827703e-01         5.6603160649787376e-02         1.7234587258511380e-01
52                                     3.9337490399347717e-02        -3.1227878384876823e-01        -1.6618780592417384e-01         1.9077458642719144e-01        -6.5172056258539404e-02        -6.1103934547991137e-02         2.0608855559383718e-01        -2.6123143691700790e-01
53                                     3.9002200074403942e-02        -1.2279510164094594e-01         9.2235754850672383e-02         1.1605373360040412e-01         1.6747347475043764e-01         9.7490530084654983e-02         1.4365476580029443e-01         3.5272319795726363e-02
54                                    -2.3341777394198165e-01         6.9023834712802615e-02         3.1012152971000167e-02         2.0909275429319269e-02         1.8205713190591427e-01        -2.8271695875585295e-01        -1.7434633040277567e-01         2.1899758034065733e-01
55                                     7.2065189618529257e-02        -5.1705061875737882e-02        -2.7903058816754968e-03        -1.5380270037888210e-02        -4.3732826777850752e-02         4.7825456124328217e-02         4.5065597268873776e-02        -6.4498874260609407e-02
56                                     8.1894080007211059e-02         2.7975492695864513e-02        -5.6120509022151890e-02        -4.8920777896187470e-02        -1.0941559780628497e-01         1.8870570879685480e-01         1.5004148573764220e-01        -6.0372966784215422e-02
57                                     1.9066078289925037e-01         9.5682179058647499e-03        -3.4123356957278479e-02         2.3847318607436972e-02         2.5033459782592821e-01        -3.5226105275583980e-02        -1.3605105983250251e-01         2.2599127966369181e-01
58                                    -9.5568538989334692e-02         5.3893423516872582e-02        -1.2847081645182602e-02        -2.9237736408395994e-02        -6.0604280242418145e-02         1.9579155750301711e-02        -1.7689386978829783e-02        -9.3657395444977268e-02
59                                    -7.4958429186284092e-02        -2.2839471830552724e-02         4.1328791593169940e-02         2.6208009672850311e-02        -1.4817454314987094e-01         3.3601626985373403e-02         9.0729435387566559e-02        -1.1569416896698760e-01
60                                     0.0000000000000000e+00        -1.3895161860493607e-01         1.9076991108375593e-01         0.0000000000000000e+00         0.0000000000000000e+00        -2.1770510808488841e-01         0.0000000000000000e+00         1.4635207123279796e-03
61                                     0.0000000000000000e+00        -1.8694745063906712e-01         3.6264359930958229e-01         0.0000000000000000e+00         0.0000000000000000e+00        -2.6118022885529479e-01         0.0000000000000000e+00        -8.5641813406773890e-02
62                                     5.5730118283716781e-02         0.0000000000000000e+00         0.0000000000000000e+00         3.4526497857204780e-01        -3.3133482211816129e-01         0.0000000000000000e+00         1.5697862163435142e-01         0.0000000000000000e+00
63                                     2.3341777394198165e-01         6.9023834712802615e-02         3.1012152971000167e-02        -2.0909275429319269e-02        -1.8205713190591427e-01        -2.8271695875585295e-01         1.7434633040277567e-01         2.1899758034065733e-01
64                                    -7.2065189618529257e-02        -5.1705061875737882e-02        -2.7903058816754968e-03         1.5380270037888210e-02         4.3732826777850752e-02         4.7825456124328217e-02        -4.5065597268873776e-02        -6.4498874260609407e-02
65                                     8.1894080007211059e-02        -2.7975492695864513e-02         5.6120509022151890e-02        -4.8920777896187470e-02        -1.0941559780628497e-01        -1.8870570879685480e-01         1.5004148573764220e-01         6.0372966784215422e-02
66                                    -1.9066078289925037e-01         9.5682179058647499e-03        -3.4123356957278479e-02        -2.3847318607436972e-02        -2.5033459782592821e-01        -3.5226105275583980e-02         1.3605105983250251e-01         2.2599127966369181e-01
67                                     9.5568538989334692e-02         5.3893423516872582e-02        -1.2847081645182602e-02         2.9237736408395994e-02         6.0604280242418145e-02         1.9579155750301711e-02         1.7689386978829783e-02        -9.3657395444977268e-02
68                                    -7.4958429186284092e-02         2.2839471830552724e-02        -4.1328791593169940e-02         2.6208009672850311e-02        -1.4817454314987094e-01        -3.3601626985373403e-02         9.0729435387566559e-02         1.1569416896698760e-01
69                                     1.0392441254509938e-01        -8.3084709274234114e-02        -9.4665086691629347e-02        -4.4702994040473079e-02        -3.6700839547236875e-03        -9.7732272556513584e-03        -3.2850877149413031e-02         9.8725923091521867e-02
70                                    -1.0422590241186375e-01         1.8030672891267757e-01         2.7799368999815466e-01        -5.3410151301421724e-02         3.1817494765177368e-02        -2.5871663491273206e-02         5.7340430097770873e-02        -2.2458572679097358e-01
71                                     1.7130168630863533e-02         2.0123431330315897e-02        -4.1199478844217994e-03        -2.0990528840493138e-02         3.3654291842756465e-03        -1.2818323210099706e-02        -4.8130358572231555e-03        -1.0329752408095806e-03
72                                    -1.0392441254509938e-01        -8.3084709274234114e-02        -9.4665086691629347e-02         4.4702994040473079e-02         3.6700839547236875e-03        -9.7732272556513584e-03         3.2850877149413031e-02         9.8725923091521867e-02
73                                     1.0422590241186375e-01         1.8030672891267757e-01         2.7799368999815466e-01         5.3410151301421724e-02        -3.1817494765177368e-02        -2.5871663491273206e-02        -5.7340430097770873e-02        -2.2458572679097358e-01
74                                     1.7130168630863533e-02        -2.0123431330315897e-02         4.1199478844217994e-03        -2.0990528840493138e-02         3.3654291842756465e-03         1.2818323210099706e-02        -4.8130358572231555e-03         1.0329752408095806e-03
75                                     7.3332828689303631e-02         7.4603433341083852e-02        -4.1327320746035977e-02         1.0099533942379012e-01         1.0180274067443453e-02        -6.9855177440595773e-02        -6.9613029338838575e-02        -3.5840725034049961e-02
76                                     1.1181827441664072e-01         9.6387683604924543e-02        -4.0113016111218522e-02         1.9789191051845956e-01         2.8534785361940665e-02        -1.1866379880817943e-02        -2.6024288131568481e-02        -1.1323064178882157e-01
77                                    -7.2397619096312010e-02        -1.0269028999838722e-01         4.3097322847788451e-02        -9.4807576035369337e-02        -1.1142843233642530e-02         6.1994483890445956e-02         6.6423945706312632e-02         5.2127060735284329e-02
78                                    -1.2694788337002175e-01         4.3322536369801497e-02        -1.2097539630117744e-01         1.0246442642084955e-01        -1.8012884505698518e-02        -7.1170702313249484e-03        -9.1327924684037106e-03        -5.1045053294025616e-02
79                                    -1.9521620042432811e-01         4.6136592760784009e-02        -2.0316821683165320e-01         1.6698947548201432e-01        -3.1208777371243165e-02        -5.1670341731243373e-02         2.9264235897636746e-03        -9.9065469413094479e-02
80                                     1.2020865730015895e-01        -1.9079946149492589e-02         1.0258048630815814e-01        -1.4015279675699185e-01         9.4653901598647644e-03        -3.2499139515160806e-02         4.7062086694496290e-02        -2.4409353486347655e-02
                                                        56                          57                          58                          59                          60                          61                          62                          63

0                                      8.2570274783106828e-03         0.0000000000000000e+00         4.2474501980089147e-02         0.0000000000000000e+00        -4.3125101984990213e-03         0.0000000000000000e+00        -1.3166132957267917e-03        -2.3895959467763626e-03
1                                     -3.0233587120426682e-03         0.0000000000000000e+00         4.6955950430379503e-03         0.0000000000000000e+00        -5.3380677580930813e-04         0.0000000000000000e+00         3.7330926225010141e-04         2.2413584764594693e-03
2                                      0.0000000000000000e+00        -3.9865190298447100e-03         0.0000000000000000e+00        -2.6938737644608808e-05         0.0000000000000000e+00         6.1695537739089835e-04         0.0000000000000000e+00         0.0000000000000000e+00
3                                     -1.5516299860051817e-04         0.0000000000000000e+00        -1.3186921051625411e-01         0.0000000000000000e+00         1.6430054824522124e-02         0.0000000000000000e+00         5.3485616408231003e-03         1.1099390243338704e-04
4                                      5.4782484937047488e-02         0.0000000000000000e+00         6.7647487588564925e-02         0.0000000000000000e+00        -8.6080817343794566e-03         0.0000000000000000e+00        -1.0572077324786770e-02        -2.5154831789681299e-02
5                                      0.0000000000000000e+00         5.8546945499662280e-02         0.0000000000000000e+00         8.3351865524991711e-03         0.0000000000000000e+00         2.4716793867452748e-03         0.0000000000000000e+00         0.0000000000000000e+00
6                                     -2.4106107818955023e-02        -2.3354975656396999e-02         1.6876215345756382e-02         1.2627980789905157e-02         6.9563502288152125e-03         6.4849410920441736e-03         7.2955859892698529e-03         1.2847672882743058e-02
7                                     -4.5058498198852139e-02        -1.9549370627864942e-03        -2.8361687167914335e-02        -2.9736226130626184e-02        -1.4524418340137828e-02        -2.6223435635888418e-02        -1.7595491782523041e-02        -4.4523665184469454e-04
8                                     -4.0820581208015218e-02        -3.5497947113582097e-02         9.6214642527145035e-03         3.1349414165775212e-02         1.9264052671488938e-02         1.8981207186865856e-02         2.2282354161792813e-02         2.2091015982008431e-02
9                                     -3.7770761010731735e-02         4.2974072873082629e-02         3.6573839258853047e-02         2.7817324142577946e-03        -7.2211052751808514e-03         4.6221745936020813e-03         3.5572610162614027e-03        -5.2624833726607183e-03
10                                    -2.8098445950877758e-02        -7.0116264158197425e-02         1.3248976432603891e-02        -6.6652616898483516e-03        -2.6998386642689567e-03         2.5673750736133669e-03        -1.8633650832834722e-04        -1.8165125649261119e-03
11                                     5.6186936925782575e-02         5.1502320953430792e-03        -2.5725289286725548e-02         1.7724537481213962e-03         5.3795815950029137e-03         1.0666601028357446e-02         3.8996796845790476e-03        -5.2940982094349933e-03
12                                     2.7358582403383940e-02         0.0000000000000000e+00        -2.4466263796734604e-02         0.0000000000000000e+00        -3.9189672830386248e-02         0.0000000000000000e+00         3.5596472380337522e-02        -4.1738595135137106e-02
13                                     1.4757221974020960e-02         0.0000000000000000e+00        -9.1045021603333547e-03         0.0000000000000000e+00        -1.5391015436000634e-02         0.0000000000000000e+00         1.5511645131133029e-02        -1.6085227441006874e-02
14                                     0.0000000000000000e+00        -2.5758821004598767e-02         0.0000000000000000e+00        -3.1907120577008567e-03         0.0000000000000000e+00        -1.8176792797236732e-02         0.0000000000000000e+00         0.0000000000000000e+00
15                                    -3.7770761010731735e-02        -4.2974072873082629e-02         3.6573839258853047e-02        -2.7817324142577946e-03        -7.2211052751808514e-03        -4.6221745936020813e-03         3.5572610162614027e-03        -5.2624833726607183e-03
16                                    -2.8098445950877758e-02         7.0116264158197425e-02         1.3248976432603891e-02         6.6652616898483516e-03        -2.6998386642689567e-03        -2.5673750736133669e-03        -1.8633650832834722e-04        -1.8165125649261119e-03
17                                    -5.6186936925782575e-02         5.1502320953430792e-03         2.5725289286725548e-02         1.7724537481213962e-03        -5.3795815950029137e-03         1.0666601028357446e-02        -3.8996796845790476e-03         5.2940982094349933e-03
18                                    -2.9522138465643961e-02         2.1851093661413426e-02        -8.0739754799861591e-03        -7.3628417809791669e-03        -5.2761464226199154e-03         1.9023206082500750e-02        -3.9445962807775426e-03         1.1822453514108239e-02
19                                     6.0016275649487369e-03        -2.6341913611993565e-02         8.2200368605245162e-03         2.0346452557985294e-02         1.2825863264847987e-02        -3.2779575731810798e-02        -1.8678337321891024e-02        -1.8427004965501537e-02
20                                     2.9740983706500006e-02         2.0472915424959836e-02        -5.0767069776374062e-03        -2.3236688548822836e-02        -1.3487407714859222e-02         2.7082576786087362e-02         3.0227865723918872e-02         1.7895359971886300e-02
21                                     1.1708316291244971e-02         0.0000000000000000e+00        -3.6692693566776409e-02         0.0000000000000000e+00         6.3027229453818815e-03         0.0000000000000000e+00         1.3281215887693531e-02         1.3735962573836590e-03
22                                     4.2062485643796967e-03         0.0000000000000000e+00        -4.2762653469640921e-02         0.0000000000000000e+00         8.1815158150775162e-03         0.0000000000000000e+00        -6.2708808442563579e-03        -1.5380044635424149e-03
23                                     0.0000000000000000e+00        -9.2652600536177798e-02         0.0000000000000000e+00        -7.0590724862076510e-03         0.0000000000000000e+00         2.9913079646305624e-03         0.0000000000000000e+00         0.0000000000000000e+00
24                                    -2.9522138465643961e-02        -2.1851093661413426e-02        -8.0739754799861591e-03         7.3628417809791669e-03        -5.2761464226199154e-03        -1.9023206082500750e-02        -3.9445962807775426e-03         1.1822453514108239e-02
25                                     6.0016275649487369e-03         2.6341913611993565e-02         8.2200368605245162e-03        -2.0346452557985294e-02         1.2825863264847987e-02         3.2779575731810798e-02        -1.8678337321891024e-02        -1.8427004965501537e-02
26                                    -2.9740983706500006e-02         2.0472915424959836e-02         5.0767069776374062e-03        -2.3236688548822836e-02         1.3487407714859222e-02         2.7082576786087362e-02        -3.0227865723918872e-02        -1.7895359971886300e-02
27                                     8.9227535848252198e-03         0.0000000000000000e+00         5.9201842703744970e-02         0.0000000000000000e+00         3.7678821308796503e-02         0.0000000000000000e+00         2.1141130361097625e-02        -4.7360480181894440e-02
28                                    -4.1198089018589970e-02         0.0000000000000000e+00        -2.7071187965146740e-02         0.0000000000000000e+00         1.7300147804421528e-02         0.0000000000000000e+00         2.2835822020703573e-02        -1.5929966779817256e-03
29                                     0.0000000000000000e+00         2.0774395628529144e-03         0.0000000000000000e+00        -5.0253557002851704e-04         0.0000000000000000e+00        -1.6746298413786857e-03         0.0000000000000000e+00         0.0000000000000000e+00
30                                    -2.4106107818955023e-02         2.3354975656396999e-02         1.6876215345756382e-02        -1.2627980789905157e-02         6.9563502288152125e-03        -6.4849410920441736e-03         7.2955859892698529e-03         1.2847672882743058e-02
31                                    -4.5058498198852139e-02         1.9549370627864942e-03        -2.8361687167914335e-02         2.9736226130626184e-02        -1.4524418340137828e-02         2.6223435635888418e-02        -1.7595491782523041e-02        -4.4523665184469454e-04
32                                     4.0820581208015218e-02        -3.5497947113582097e-02        -9.6214642527145035e-03         3.1349414165775212e-02        -1.9264052671488938e-02         1.8981207186865856e-02        -2.2282354161792813e-02        -2.2091015982008431e-02
33                                    -5.8829750377976317e-02         0.0000000000000000e+00        -2.2729668661852953e-01         0.0000000000000000e+00         2.5706384978142649e-02         0.0000000000000000e+00         1.4101159772079526e-02         2.0246938042056635e-02
34                                    -9.6101249129996416e-02         0.0000000000000000e+00        -3.6484336424439162e-01         0.0000000000000000e+00         4.1106399797680673e-02         0.0000000000000000e+00         2.2330400432017936e-02         3.3041348785999111e-02
35                                     0.0000000000000000e+00        -5.5287530178417827e-03         0.0000000000000000e+00        -6.1570316934113451e-03         0.0000000000000000e+00        -5.4135443487469586e-03         0.0000000000000000e+00         0.0000000000000000e+00
36                                     9.2757649492133734e-02         1.7570360992488515e-02        -1.1951188121900243e-01        -2.8933802930170477e-01        -1.5468046320343520e-01        -1.9393111382143050e-01        -1.8481292606048649e-01        -1.4360001736534045e-01
37                                     2.3197021423815203e-01        -1.6435414931226466e-02        -2.7443749379726722e-02         2.4716383455723134e-01         1.6159824353353822e-01         1.9461136094382595e-01         1.6241419656507358e-01         7.9303592340382589e-02
38                                     1.1399686388203867e-01        -1.1689077703214841e-02        -7.8141189457104854e-02        -9.9608076679187210e-02        -4.3904862379223079e-02        -5.4990868577735781e-02        -6.1372943986272195e-02        -6.1305267333851235e-02
39                                     9.1777310454263489e-02         7.0097712845867757e-02         1.4161849540832411e-01         1.2738709970041082e-01         5.3220337137032114e-02         9.5285693813170494e-02         7.8354716912101441e-02         2.8044242342328007e-02
40                                     1.4157862687211153e-01         1.3705772283686410e-01         1.7583216688770878e-01         1.5470670330222788e-01         6.0002765388623640e-02         1.1535831427469438e-01         8.9695920656425690e-02         2.5306485528304331e-02
41                                     7.9488957455550457e-02         1.0503566527500180e-01         1.0498480117552611e-01        -3.2648815142780069e-01        -2.1678513877851102e-01        -2.2597946936086044e-01        -2.2433887670105768e-01        -1.7312641509087814e-01
42                                     2.4475680030742983e-01        -1.3152912626674812e-01        -1.0389852741611712e-01        -1.0327072771370933e-03         6.0447419362791473e-03        -2.3767673766198118e-03         2.2405171907167402e-02        -1.0326021046577757e-02
43                                     1.6833631165716365e-01         2.6808552454475110e-01        -5.5828841388008907e-02        -6.8441020307306974e-04        -1.0523771637724721e-03        -1.9785931912424622e-03        -1.4928555334275459e-02        -2.5431079540905850e-02
44                                    -1.7608193658240534e-01         3.5813693172552605e-02         8.4896066652762878e-02         3.4071049298099341e-03        -3.7030878639099517e-03         2.0967952779011482e-02        -2.5951051592353444e-03         9.5956724385416682e-04
45                                     8.3643795896324549e-02         0.0000000000000000e+00         3.1378476065348208e-02         0.0000000000000000e+00         3.5719632685738462e-01         0.0000000000000000e+00        -3.0736136049282281e-01         3.5960658445464927e-01
46                                     4.6898207926617018e-03         0.0000000000000000e+00        -2.3023299679142704e-02         0.0000000000000000e+00        -1.1015988524100480e-01         0.0000000000000000e+00         9.6632235251413415e-02        -1.1537853142740159e-01
47                                     0.0000000000000000e+00        -1.0815394055062814e-01         0.0000000000000000e+00        -1.6206641862465013e-02         0.0000000000000000e+00         4.9984742770012358e-02         0.0000000000000000e+00         0.0000000000000000e+00
48                                     5.3258529189937398e-02         0.0000000000000000e+00         6.6453219434592049e-03         0.0000000000000000e+00         1.8620774904045392e-01         0.0000000000000000e+00        -1.5958108158718640e-01         1.8578325939248258e-01
49                                     4.2920424604368485e-02         0.0000000000000000e+00         3.7281622652497848e-02         0.0000000000000000e+00         3.2418510794132899e-01         0.0000000000000000e+00        -2.8525231361180065e-01         3.2822732921937964e-01
50                                     0.0000000000000000e+00         2.9174403260346182e-01         0.0000000000000000e+00         3.1874316536923596e-02         0.0000000000000000e+00         4.6867496249466796e-02         0.0000000000000000e+00         0.0000000000000000e+00
51                                     2.4475680030742983e-01         1.3152912626674812e-01        -1.0389852741611712e-01         1.0327072771370933e-03         6.0447419362791473e-03         2.3767673766198118e-03         2.2405171907167402e-02        -1.0326021046577757e-02
52                                     1.6833631165716365e-01        -2.6808552454475110e-01        -5.5828841388008907e-02         6.8441020307306974e-04        -1.0523771637724721e-03         1.9785931912424622e-03        -1.4928555334275459e-02        -2.5431079540905850e-02
53                                     1.7608193658240534e-01         3.5813693172552605e-02        -8.4896066652762878e-02         3.4071049298099341e-03         3.7030878639099517e-03         2.0967952779011482e-02         2.5951051592353444e-03        -9.5956724385416682e-04
54                                     1.7529510728217339e-02         4.9297095265971744e-02         9.4241949869404304e-02         1.4763489606669711e-01         6.5412644615894702e-02        -2.1269341414961401e-01        -1.0552219966689923e-01        -1.2760351496398270e-01
55                                    -7.1531523493609675e-03        -3.6241167363257804e-02        -1.5855082137956545e-02        -2.0020897235748774e-02        -6.2024056606086904e-03         2.7064570399132168e-02         7.6476253059009677e-03         1.4200246870745843e-02
56                                    -4.4686681359511184e-02        -5.9667715387052714e-03        -6.6837484529990249e-02         2.3688873196718890e-01         1.6310919262118595e-01        -3.1925606976388177e-01        -2.5342025510339261e-01        -1.9550995764210791e-01
57                                     2.0468255783149175e-01        -1.0942941245982284e-01        -7.2356188756683620e-02        -3.9409147848136324e-02         6.0090122534787287e-03         1.6619318703956148e-02         6.1302667984276540e-02         1.1189717613190592e-02
58                                    -4.5079939262146131e-02         5.1884394804080046e-03         2.4290129090754762e-02        -2.6535724827253848e-01        -1.7318759155784530e-01         3.7980120178561821e-01         2.5558865704722000e-01         2.2463420078911092e-01
59                                    -1.1453140118456458e-01         1.0084940511385500e-01         3.1142477998903278e-02         7.3924771083281146e-02         2.8320085451850253e-02        -7.6743967700307322e-02        -8.3430115168326255e-02        -4.7024261311985824e-02
60                                     6.5978259846709950e-02         0.0000000000000000e+00         1.4132639386907223e-01         0.0000000000000000e+00        -7.3538080729318401e-03         0.0000000000000000e+00         1.2250725043694823e-02        -1.7772155962469074e-02
61                                     8.5417837397451582e-02         0.0000000000000000e+00         2.3225578208130157e-01         0.0000000000000000e+00        -1.3058045583774647e-02         0.0000000000000000e+00        -1.6063341494391661e-02        -3.2140250630578709e-02
62                                     0.0000000000000000e+00         3.6496524047983353e-01         0.0000000000000000e+00         6.2610195162537642e-03         0.0000000000000000e+00         2.5521334908991795e-02         0.0000000000000000e+00         0.0000000000000000e+00
63                                     1.7529510728217339e-02        -4.9297095265971744e-02         9.4241949869404304e-02        -1.4763489606669711e-01         6.5412644615894702e-02         2.1269341414961401e-01        -1.0552219966689923e-01        -1.2760351496398270e-01
64                                    -7.1531523493609675e-03         3.6241167363257804e-02        -1.5855082137956545e-02         2.0020897235748774e-02        -6.2024056606086904e-03        -2.7064570399132168e-02         7.6476253059009677e-03         1.4200246870745843e-02
65                                     4.4686681359511184e-02        -5.9667715387052714e-03         6.6837484529990249e-02         2.3688873196718890e-01        -1.6310919262118595e-01        -3.1925606976388177e-01         2.5342025510339261e-01         1.9550995764210791e-01
66                                     2.0468255783149175e-01         1.0942941245982284e-01        -7.2356188756683620e-02         3.9409147848136324e-02         6.0090122534787287e-03        -1.6619318703956148e-02         6.1302667984276540e-02         1.1189717613190592e-02
67                                    -4.5079939262146131e-02        -5.1884394804080046e-03         2.4290129090754762e-02         2.6535724827253848e-01        -1.7318759155784530e-01        -3.7980120178561821e-01         2.5558865704722000e-01         2.2463420078911092e-01
68                                     1.1453140118456458e-01         1.0084940511385500e-01        -3.1142477998903278e-02         7.3924771083281146e-02        -2.8320085451850253e-02        -7.6743967700307322e-02         8.3430115168326255e-02         4.7024261311985824e-02
69                                     1.5033610987640944e-02         6.5525830464827448e-02         3.4301245727088223e-03         9.9536872938123609e-03        -2.8307367176713599e-01         4.9477801588213737e-04        -1.7232655086373050e-01         2.7806483107640367e-01
70                                     1.2216394017664864e-01        -1.6666242780430421e-01         7.0305650481068641e-02        -2.0479607676521322e-02        -1.1438218718480515e-01         2.8308026671137643e-03        -1.0587681762905046e-01         6.8200179864214935e-02
71                                     4.3675497735634013e-02        -1.9684813940473215e-03        -1.1633351885291569e-02         8.1588280772226080e-04        -2.4066354564837125e-01         2.3693912915870169e-03        -1.5985992669573573e-01         2.2950780543432034e-01
72                                     1.5033610987640944e-02        -6.5525830464827448e-02         3.4301245727088223e-03        -9.9536872938123609e-03        -2.8307367176713599e-01        -4.9477801588213737e-04        -1.7232655086373050e-01         2.7806483107640367e-01
73                                     1.2216394017664864e-01         1.6666242780430421e-01         7.0305650481068641e-02         2.0479607676521322e-02        -1.1438218718480515e-01        -2.8308026671137643e-03        -1.0587681762905046e-01         6.8200179864214935e-02
74                                    -4.3675497735634013e-02        -1.9684813940473215e-03         1.1633351885291569e-02         8.1588280772226080e-04         2.4066354564837125e-01         2.3693912915870169e-03         1.5985992669573573e-01        -2.2950780543432034e-01
75                                     9.2757649492133734e-02        -1.7570360992488515e-02        -1.1951188121900243e-01         2.8933802930170477e-01        -1.5468046320343520e-01         1.9393111382143050e-01        -1.8481292606048649e-01        -1.4360001736534045e-01
76                                     2.3197021423815203e-01         1.6435414931226466e-02        -2.7443749379726722e-02        -2.4716383455723134e-01         1.6159824353353822e-01        -1.9461136094382595e-01         1.6241419656507358e-01         7.9303592340382589e-02
77                                    -1.1399686388203867e-01        -1.1689077703214841e-02         7.8141189457104854e-02        -9.9608076679187210e-02         4.3904862379223079e-02        -5.4990868577735781e-02         6.1372943986272195e-02         6.1305267333851235e-02
78                                     9.1777310454263489e-02        -7.0097712845867757e-02         1.4161849540832411e-01        -1.2738709970041082e-01         5.3220337137032114e-02        -9.5285693813170494e-02         7.8354716912101441e-02         2.8044242342328007e-02
79                                     1.4157862687211153e-01        -1.3705772283686410e-01         1.7583216688770878e-01        -1.5470670330222788e-01         6.0002765388623640e-02        -1.1535831427469438e-01         8.9695920656425690e-02         2.5306485528304331e-02
80                                    -7.9488957455550457e-02         1.0503566527500180e-01        -1.0498480117552611e-01        -3.2648815142780069e-01         2.1678513877851102e-01        -2.2597946936086044e-01         2.2433887670105768e-01         1.7312641509087814e-01
                                                        64                          65                          66                          67                          68                          69                          70                          71

0                                     -1.4019152501267452e-03         0.0000000000000000e+00         6.2792795735169737e-05        -1.8999768193558297e-05         0.0000000000000000e+00        -1.6003549091682790e-05        -1.8868897246160958e-05         0.0000000000000000e+00
1                                      2.8020024653751161e-03         0.0000000000000000e+00         6.9608371445418257e-04        -6.0819812097894331e-05         0.0000000000000000e+00         8.8027020739796190e-07        -3.7100002051186653e-04         0.0000000000000000e+00
2                                      0.0000000000000000e+00        -8.7778164255069858e-05         0.0000000000000000e+00         0.0000000000000000e+00         3.2618690253450052e-06         0.0000000000000000e+00         0.0000000000000000e+00        -7.7596250548547831e-05
3                                     -6.2954043478032388e-04         0.0000000000000000e+00         6.8334762282596902e-04        -1.5534456407101334e-04         0.0000000000000000e+00        -9.2351845368696215e-06         5.1122552766436611e-04         0.0000000000000000e+00
4                                     -2.1157805957529002e-02         0.0000000000000000e+00        -2.5121200318767526e-03        -1.4145873483963016e-04         0.0000000000000000e+00         3.3171049268173420e-04         1.4399816539573120e-03         0.0000000000000000e+00
5                                      0.0000000000000000e+00        -3.3268665565140047e-04         0.0000000000000000e+00         0.0000000000000000e+00         1.2843865391488392e-04         0.0000000000000000e+00         0.0000000000000000e+00         1.1077133446999832e-03
6                                      9.9354867388272324e-03         2.6700471498994193e-02         2.5157709535344755e-02         3.4019181684998825e-04        -7.7687494594026057e-05        -4.2136266073766472e-04        -4.7684374097223467e-03        -6.7258019959064016e-03
7                                     -1.8744894659940874e-02        -3.3248365312142890e-02        -3.2227619194398316e-02         1.5111453160971829e-03         2.7724902039927274e-04         1.3684023973184961e-03         3.1674975684799905e-03         5.3361704337921033e-03
8                                      2.4471995999724137e-02         2.1240279885880425e-02         2.2574970574966376e-02        -1.2923891381481324e-03        -1.1386654563795241e-03        -1.9561539842154543e-03        -1.2374065214174332e-03        -1.4044427555691776e-03
9                                      3.4953632158726045e-03        -4.0625172522556173e-03        -4.4587590570062847e-03         1.2359949227933082e-02        -8.0399011908647271e-03        -4.3743304727608253e-03         5.1585485566413162e-04        -2.9533215097114762e-02
10                                     2.3181467374923299e-03        -1.8034749239145933e-03        -1.8473097432931645e-03         4.9020515534404195e-03        -3.1101967140789669e-03        -1.6029036192276242e-03        -4.1149094303211726e-05        -1.1282020185380260e-02
11                                     6.5143207365505624e-03        -6.9856836907835557e-03        -7.7086622136179582e-03         1.9069605693355939e-02        -1.2188355372488351e-02        -6.6069791833881413e-03         7.0783398063841850e-04        -4.4015320715160476e-02
12                                     2.7888960547342058e-02         0.0000000000000000e+00        -7.8727186421911968e-03        -5.6395526110054030e-02         0.0000000000000000e+00        -1.6998965652195622e-02         2.7520108950749780e-04         0.0000000000000000e+00
13                                     1.0952183096495227e-02         0.0000000000000000e+00         4.0304492668399356e-04        -1.6692848118350746e-02         0.0000000000000000e+00        -7.4789682901418046e-03        -6.2280388801793111e-04         0.0000000000000000e+00
14                                     0.0000000000000000e+00        -6.6948238563693081e-04         0.0000000000000000e+00         0.0000000000000000e+00        -8.6625593151930713e-04         0.0000000000000000e+00         0.0000000000000000e+00        -4.0004898341149528e-06
15                                     3.4953632158726045e-03         4.0625172522556173e-03        -4.4587590570062847e-03         1.2359949227933082e-02         8.0399011908647271e-03        -4.3743304727608253e-03         5.1585485566413162e-04         2.9533215097114762e-02
16                                     2.3181467374923299e-03         1.8034749239145933e-03        -1.8473097432931645e-03         4.9020515534404195e-03         3.1101967140789669e-03        -1.6029036192276242e-03        -4.1149094303211726e-05         1.1282020185380260e-02
17                                    -6.5143207365505624e-03        -6.9856836907835557e-03         7.7086622136179582e-03        -1.9069605693355939e-02        -1.2188355372488351e-02         6.6069791833881413e-03        -7.0783398063841850e-04        -4.4015320715160476e-02
18                                    -7.4166933434029964e-03         1.5295815772038089e-04        -2.7490016497462512e-04         3.5454195369082108e-03         1.1710688230602192e-02        -1.0966500637974920e-02        -2.6100992706220437e-03        -3.3772608102153930e-03
19                                     2.0350838432693082e-02         3.6429493419972483e-04         2.0349567831369920e-04        -4.9160503394097364e-03        -3.0333618413818163e-02         2.6754451510895512e-02         2.1695190739867034e-03         8.5157313640375036e-03
20                                    -2.1823758771536802e-02        -9.9294305939690171e-04         4.4940084512476783e-04         6.8988695916473415e-03         3.1171887858382073e-02        -3.0581219035396484e-02        -4.2615530878775728e-03        -9.0152843293515930e-03
21                                    -6.3217157589272642e-03         0.0000000000000000e+00        -1.1803828207101686e-04        -4.5578059770268412e-03         0.0000000000000000e+00         2.0146352077823934e-02        -2.2494899366090206e-02         0.0000000000000000e+00
22                                     5.2597535540233808e-03         0.0000000000000000e+00         2.7464493074432584e-04         2.8497040739157674e-03         0.0000000000000000e+00        -1.3007626298048112e-02         1.4228268468976188e-02         0.0000000000000000e+00
23                                     0.0000000000000000e+00         6.2801760687276987e-05         0.0000000000000000e+00         0.0000000000000000e+00         8.6183035827679593e-05         0.0000000000000000e+00         0.0000000000000000e+00         8.6532350477106445e-04
24                                    -7.4166933434029964e-03        -1.5295815772038089e-04        -2.7490016497462512e-04         3.5454195369082108e-03        -1.1710688230602192e-02        -1.0966500637974920e-02        -2.6100992706220437e-03         3.3772608102153930e-03
25                                     2.0350838432693082e-02        -3.6429493419972483e-04         2.0349567831369920e-04        -4.9160503394097364e-03         3.0333618413818163e-02         2.6754451510895512e-02         2.1695190739867034e-03        -8.5157313640375036e-03
26                                     2.1823758771536802e-02        -9.9294305939690171e-04        -4.4940084512476783e-04        -6.8988695916473415e-03         3.1171887858382073e-02         3.0581219035396484e-02         4.2615530878775728e-03        -9.0152843293515930e-03
27                                    -3.7673577789043386e-02         0.0000000000000000e+00         5.7078870608863620e-03        -4.6414401769841895e-04         0.0000000000000000e+00         1.5214442468038878e-04         5.6793708062801963e-02         0.0000000000000000e+00
28                                    -1.0421342368509568e-02         0.0000000000000000e+00         3.5268694238897399e-03        -8.3540788753694482e-05         0.0000000000000000e+00        -8.0696729862004526e-04         2.3525940058797715e-02         0.0000000000000000e+00
29                                     0.0000000000000000e+00        -1.1479208399506543e-04         0.0000000000000000e+00         0.0000000000000000e+00        -1.4141191789545419e-03         0.0000000000000000e+00         0.0000000000000000e+00        -4.8145080902905433e-04
30                                     9.9354867388272324e-03        -2.6700471498994193e-02         2.5157709535344755e-02         3.4019181684998825e-04         7.7687494594026057e-05        -4.2136266073766472e-04        -4.7684374097223467e-03         6.7258019959064016e-03
31                                    -1.8744894659940874e-02         3.3248365312142890e-02        -3.2227619194398316e-02         1.5111453160971829e-03        -2.7724902039927274e-04         1.3684023973184961e-03         3.1674975684799905e-03        -5.3361704337921033e-03
32                                    -2.4471995999724137e-02         2.1240279885880425e-02        -2.2574970574966376e-02         1.2923891381481324e-03        -1.1386654563795241e-03         1.9561539842154543e-03         1.2374065214174332e-03        -1.4044427555691776e-03
33                                     1.7124590267016265e-02         0.0000000000000000e+00         6.9307640985260231e-04         4.2525200261281696e-05         0.0000000000000000e+00         5.1091261828845188e-05        -1.1893213996250647e-03         0.0000000000000000e+00
34                                     2.8157516438231781e-02         0.0000000000000000e+00         6.4465251161867363e-03        -1.0666629481217603e-04         0.0000000000000000e+00        -3.8488695721792930e-04        -2.3240883384913207e-03         0.0000000000000000e+00
35                                     0.0000000000000000e+00         4.5374433208381455e-03         0.0000000000000000e+00         0.0000000000000000e+00        -1.4135171922597100e-04         0.0000000000000000e+00         0.0000000000000000e+00        -4.9219901623417559e-04
36                                    -2.0664264460453519e-01         1.7831921177322238e-01         1.8348921735825410e-01        -1.2169497521539556e-02        -7.6548126513424318e-03        -1.4694923838972525e-02        -5.7565709587581587e-03        -1.0010549040504088e-02
37                                     1.7327926996717943e-01         6.4435115609849866e-02         6.8133698003828194e-02        -5.6509601076072330e-03        -2.6857957563518630e-03        -5.7428895444302987e-03        -1.0483944305955542e-03        -4.7444567497279813e-03
38                                    -6.7807135912783534e-02        -2.5267745762019517e-01        -2.6479621242599599e-01         1.8079805093939826e-02         1.1788532692208219e-02         2.2279874791576525e-02         9.6507631961456047e-03         1.2432000175131309e-02
39                                     8.2816027099981732e-02        -4.9895928680577711e-01        -4.8497031170382071e-01         1.1135114692984232e-02         6.8994224125298329e-03         1.9242673571104315e-02         6.0348394824560038e-02         8.8010834867341653e-02
40                                     9.2743502678047776e-02         3.2967266779863758e-01         3.1811935771582839e-01        -8.2625510353442413e-03        -3.9221222748966663e-03        -1.2369772030479851e-02        -3.9550435438771368e-02        -6.1185846013524559e-02
41                                    -2.4393540178228262e-01         1.9897582103913626e-03        -3.0561044380541505e-04        -4.1811620672674516e-04        -2.4890463081980746e-04        -2.9735893795839044e-04         1.6810278965482595e-03         7.3598494964835373e-04
42                                     7.2265813823200247e-03         5.4366062543049889e-02         5.7730961779270437e-02        -1.5214579063646022e-01         9.5370267219378996e-02         4.8724874379035027e-02        -4.4892823215215271e-03         3.4579909079577126e-01
43                                    -2.5124035967173230e-03         1.8579067075005590e-02         1.9711441876839233e-02        -5.9366242544480662e-02         3.9311611672143518e-02         2.1428326401728315e-02        -8.0593375218527413e-04         1.3273599984338388e-01
44                                     1.1057411334639876e-02         8.4638567862273889e-02         9.0709964685917452e-02        -2.2700281420236762e-01         1.4918402234298161e-01         7.9676850091251694e-02        -6.5015721313654608e-03         5.2522028920874997e-01
45                                    -2.3900435629297062e-01         0.0000000000000000e+00         1.0014172990979696e-02         1.3092495011093441e-01         0.0000000000000000e+00         4.6083261733094197e-02         1.3583238034186786e-03         0.0000000000000000e+00
46                                     7.7256685426187133e-02         0.0000000000000000e+00         5.0869427301736971e-02         5.5259498239153815e-01         0.0000000000000000e+00         1.9218456318253679e-01         4.5196834832326848e-03         0.0000000000000000e+00
47                                     0.0000000000000000e+00         7.0419323367812035e-04         0.0000000000000000e+00         0.0000000000000000e+00         1.0044096591229747e-03         0.0000000000000000e+00         0.0000000000000000e+00        -3.6475390024492539e-03
48                                    -1.2202122619449264e-01         0.0000000000000000e+00         8.1733193706347768e-02         5.3893493145112137e-01         0.0000000000000000e+00         1.5640655207935777e-01        -4.2879913043165768e-03         0.0000000000000000e+00
49                                    -2.1964885940758569e-01         0.0000000000000000e+00        -5.4681270721307428e-02        -3.5488280281523599e-01         0.0000000000000000e+00        -1.0420025204269191e-01         2.6990571590820604e-03         0.0000000000000000e+00
50                                     0.0000000000000000e+00         2.1458206145939674e-03         0.0000000000000000e+00         0.0000000000000000e+00         7.2831309263823580e-04         0.0000000000000000e+00         0.0000000000000000e+00        -3.7506915701730134e-03
51                                     7.2265813823200247e-03        -5.4366062543049889e-02         5.7730961779270437e-02        -1.5214579063646022e-01        -9.5370267219378996e-02         4.8724874379035027e-02        -4.4892823215215271e-03        -3.4579909079577126e-01
52                                    -2.5124035967173230e-03        -1.8579067075005590e-02         1.9711441876839233e-02        -5.9366242544480662e-02        -3.9311611672143518e-02         2.1428326401728315e-02        -8.0593375218527413e-04        -1.3273599984338388e-01
53                                    -1.1057411334639876e-02         8.4638567862273889e-02        -9.0709964685917452e-02         2.2700281420236762e-01         1.4918402234298161e-01        -7.9676850091251694e-02         6.5015721313654608e-03         5.2522028920874997e-01
54                                     1.2873968607945271e-01        -3.0536812621771168e-03         6.9825760160345713e-04         1.9122463643355896e-02         1.1241019328522511e-01        -1.0264408269122172e-01        -9.9206159067802453e-03        -2.8461410486701928e-02
55                                    -1.2724100231524793e-02        -8.6967326850868384e-03         3.8018614817899801e-04         7.8711832476030280e-02         4.5884853964594302e-01        -4.1399730185050609e-01        -3.9198192859750638e-02        -1.2595973871949306e-01
56                                     2.2555063803211647e-01         5.0457426284031716e-05        -1.6709576426875768e-04         1.1151123576464757e-03         3.7175723964259677e-03        -2.9408680802887953e-03        -7.2279213421813204e-04        -6.2058295117266890e-04
57                                    -2.6213698642374193e-02         6.1678436976141957e-03        -2.1212701007899113e-03        -5.6282948639211058e-02        -2.4781807765200237e-01         2.3747858673216427e-01         3.5838228346907045e-02         7.0483267149993742e-02
58                                    -2.5246337642993316e-01         2.5801608689275390e-03        -6.7854408230950286e-04        -2.1551596186893816e-02        -9.9540709416489390e-02         9.4982042882971449e-02         1.3567893605737260e-02         2.5932406863754635e-02
59                                     5.9313008008658664e-02         1.0008171815222938e-02        -3.7042495887224594e-03        -8.5018362002039563e-02        -3.7599547238129721e-01         3.6262771828401380e-01         5.3878375516122949e-02         1.0481038194266638e-01
60                                    -1.6389119878245442e-02         0.0000000000000000e+00         4.2628660664994376e-03         5.2233388534598503e-02         0.0000000000000000e+00        -2.4268161697474272e-01         2.6971819308519190e-01         0.0000000000000000e+00
61                                    -1.0187434036434411e-03         0.0000000000000000e+00        -2.7631540464085084e-03        -3.4424114545804602e-02         0.0000000000000000e+00         1.5904406000824584e-01        -1.6812001402535506e-01         0.0000000000000000e+00
62                                     0.0000000000000000e+00         1.9592249828951273e-05         0.0000000000000000e+00         0.0000000000000000e+00         4.6390468940781205e-03         0.0000000000000000e+00         0.0000000000000000e+00        -2.6619649858276090e-03
63                                     1.2873968607945271e-01         3.0536812621771168e-03         6.9825760160345713e-04         1.9122463643355896e-02        -1.1241019328522511e-01        -1.0264408269122172e-01        -9.9206159067802453e-03         2.8461410486701928e-02
64                                    -1.2724100231524793e-02         8.6967326850868384e-03         3.8018614817899801e-04         7.8711832476030280e-02        -4.5884853964594302e-01        -4.1399730185050609e-01        -3.9198192859750638e-02         1.2595973871949306e-01
65                                    -2.2555063803211647e-01         5.0457426284031716e-05         1.6709576426875768e-04        -1.1151123576464757e-03         3.7175723964259677e-03         2.9408680802887953e-03         7.2279213421813204e-04        -6.2058295117266890e-04
66                                    -2.6213698642374193e-02        -6.1678436976141957e-03        -2.1212701007899113e-03        -5.6282948639211058e-02         2.4781807765200237e-01         2.3747858673216427e-01         3.5838228346907045e-02        -7.0483267149993742e-02
67                                    -2.5246337642993316e-01        -2.5801608689275390e-03        -6.7854408230950286e-04        -2.1551596186893816e-02         9.9540709416489390e-02         9.4982042882971449e-02         1.3567893605737260e-02        -2.5932406863754635e-02
68                                    -5.9313008008658664e-02         1.0008171815222938e-02         3.7042495887224594e-03         8.5018362002039563e-02        -3.7599547238129721e-01        -3.6262771828401380e-01        -5.3878375516122949e-02         1.0481038194266638e-01
69                                     2.3339159868435302e-01        -1.4898726040312850e-03        -3.7513478239287759e-02         2.6875773062134153e-03        -5.7920312795954835e-03         3.0435791650772225e-04        -3.3592865244357972e-01        -2.0332039295908968e-03
70                                     8.1864244472285380e-02        -1.2939683382975973e-04        -1.7608332761189009e-02         9.8768441071624179e-04        -2.2572030005910890e-03         1.2550682207738079e-03        -1.4131387416426577e-01        -1.1355140492264955e-03
71                                     2.0239512108243840e-01         1.2425526720971345e-03         6.0381309522954660e-02        -4.2873876417522981e-03         8.0869483110818687e-03        -2.8143440586294379e-04         5.2321073513200778e-01         3.0814526417464387e-03
72                                     2.3339159868435302e-01         1.4898726040312850e-03        -3.7513478239287759e-02         2.6875773062134153e-03         5.7920312795954835e-03         3.0435791650772225e-04        -3.3592865244357972e-01         2.0332039295908968e-03
73                                     8.1864244472285380e-02         1.2939683382975973e-04        -1.7608332761189009e-02         9.8768441071624179e-04         2.2572030005910890e-03         1.2550682207738079e-03        -1.4131387416426577e-01         1.1355140492264955e-03
74                                    -2.0239512108243840e-01         1.2425526720971345e-03        -6.0381309522954660e-02         4.2873876417522981e-03         8.0869483110818687e-03         2.8143440586294379e-04        -5.2321073513200778e-01         3.0814526417464387e-03
75                                    -2.0664264460453519e-01        -1.7831921177322238e-01         1.8348921735825410e-01        -1.2169497521539556e-02         7.6548126513424318e-03        -1.4694923838972525e-02        -5.7565709587581587e-03         1.0010549040504088e-02
76                                     1.7327926996717943e-01        -6.4435115609849866e-02         6.8133698003828194e-02        -5.6509601076072330e-03         2.6857957563518630e-03        -5.7428895444302987e-03        -1.0483944305955542e-03         4.7444567497279813e-03
77                                     6.7807135912783534e-02        -2.5267745762019517e-01         2.6479621242599599e-01        -1.8079805093939826e-02         1.1788532692208219e-02        -2.2279874791576525e-02        -9.6507631961456047e-03         1.2432000175131309e-02
78                                     8.2816027099981732e-02         4.9895928680577711e-01        -4.8497031170382071e-01         1.1135114692984232e-02        -6.8994224125298329e-03         1.9242673571104315e-02         6.0348394824560038e-02        -8.8010834867341653e-02
79                                     9.2743502678047776e-02        -3.2967266779863758e-01         3.1811935771582839e-01        -8.2625510353442413e-03         3.9221222748966663e-03        -1.2369772030479851e-02        -3.9550435438771368e-02         6.1185846013524559e-02
80                                     2.4393540178228262e-01         1.9897582103913626e-03         3.0561044380541505e-04         4.1811620672674516e-04        -2.4890463081980746e-04         2.9735893795839044e-04        -1.6810278965482595e-03         7.3598494964835373e-04
                                                        72                          73                          74                          75                          76                          77                          78                          79

0                                      1.1070886319866184e-04         3.9031190777399046e-05        -1.3793350117468844e-04         0.0000000000000000e+00         0.0000000000000000e+00         3.4062608248102723e-04         2.3325195882789557e-04         0.0000000000000000e+00
1                                      8.2933210391343521e-05         3.2671338659906159e-04        -1.0949121855052100e-04         0.0000000000000000e+00         0.0000000000000000e+00         1.6336238278809507e-04         9.6200495101664927e-05         0.0000000000000000e+00
2                                      0.0000000000000000e+00         0.0000000000000000e+00         0.0000000000000000e+00         1.6580703346606289e-04         1.8647008487347234e-04         0.0000000000000000e+00         0.0000000000000000e+00        -2.6714981677995134e-04
3                                     -6.3916299177784732e-04         2.5275786635230613e-04         1.1905242874271870e-03         0.0000000000000000e+00         0.0000000000000000e+00        -2.2612347025543897e-03        -1.5724101362075131e-03         0.0000000000000000e+00
4                                     -2.3848756566176925e-04        -1.6158871276030743e-03         2.1022977463128070e-05         0.0000000000000000e+00         0.0000000000000000e+00         4.2423045651450438e-06         1.5555853608130199e-04         0.0000000000000000e+00
5                                      0.0000000000000000e+00         0.0000000000000000e+00         0.0000000000000000e+00        -1.0496386529932299e-03        -7.3593728345599987e-04         0.0000000000000000e+00         0.0000000000000000e+00         2.6299249705020382e-03
6                                      5.6036474910271181e-03         6.6267614554317801e-03         2.0893943987558075e-02         3.5221696878036626e-02         3.0439825861749512e-02        -3.4475154704429516e-02        -2.4146780723144405e-02        -7.5506706097940987e-03
7                                     -5.1516184336115618e-03        -4.5278823819859355e-03        -1.0339187708961139e-03        -1.5973859572700308e-03        -1.6957508147982644e-03         2.4847314613379409e-03         1.7260766179559577e-03         2.8327199839831691e-04
8                                      1.9455698542227807e-03         4.4650558500091325e-04        -1.8543255013610593e-02        -2.9494392490938205e-02        -2.5852772061605720e-02         2.8295461439744592e-02         2.0795152354064032e-02         5.8915183631647172e-03
9                                      2.3007608422655187e-02         1.4004282511035561e-02        -1.1878437844465286e-03        -9.3613897516099372e-04         9.7994959597859314e-05         8.2646886180576782e-04        -6.4385023409609836e-05        -3.7198595053410203e-04
10                                     9.0324790683880118e-03         4.7209259249678644e-03         3.5274466139010848e-04        -1.1925861578985658e-03         1.3016065984488794e-04         2.2527366201502246e-03        -6.4508644745891607e-04        -1.8790657873679023e-04
11                                     3.6169628506531534e-02         2.0832698241136042e-02        -1.1278821222418100e-03        -1.7394006175149490e-03        -2.1476564387949851e-03         2.8971591818083850e-03         2.0233693398241212e-03         4.6474711517411357e-05
12                                     1.9900944834501815e-02         1.2119213597388278e-02        -2.2518103704074952e-02         0.0000000000000000e+00         0.0000000000000000e+00        -1.6833149530546355e-02         4.9930173251243942e-03         0.0000000000000000e+00
13                                     5.5995732579118274e-03         2.4640514528457224e-03         6.3549294912894988e-02         0.0000000000000000e+00         0.0000000000000000e+00         5.2441301658805069e-02        -1.7138897007092355e-02         0.0000000000000000e+00
14                                     0.0000000000000000e+00         0.0000000000000000e+00         0.0000000000000000e+00         2.0923977811837456e-04         9.3754563566959825e-04         0.0000000000000000e+00         0.0000000000000000e+00        -1.5219369365386372e-04
15                                     2.3007608422655187e-02         1.4004282511035561e-02        -1.1878437844465286e-03         9.3613897516099372e-04        -9.7994959597859314e-05         8.2646886180576782e-04        -6.4385023409609836e-05         3.7198595053410203e-04
16                                     9.0324790683880118e-03         4.7209259249678644e-03         3.5274466139010848e-04         1.1925861578985658e-03        -1.3016065984488794e-04         2.2527366201502246e-03        -6.4508644745891607e-04         1.8790657873679023e-04
17                                    -3.6169628506531534e-02        -2.0832698241136042e-02         1.1278821222418100e-03        -1.7394006175149490e-03        -2.1476564387949851e-03        -2.8971591818083850e-03        -2.0233693398241212e-03         4.6474711517411357e-05
18                                    -1.2207595899895445e-03        -5.2059143251295022e-03        -1.3600377572726729e-02         2.0077513658462540e-02        -2.2089794159616281e-02         8.5599667887184469e-03        -2.4299765131684341e-02         4.3055823684592853e-03
19                                     8.1271211147615464e-04         1.1348080281283481e-02        -2.1849204962845814e-02         3.0813130225424045e-02        -3.2794602880420555e-02         1.5110821266050515e-02        -3.8035701587939487e-02         5.4050753472906134e-03
20                                    -2.1344270869153893e-03        -1.3497058497948492e-02        -1.4714643309797415e-02         2.0584923665401201e-02        -2.3876910529164849e-02         7.7144937215551388e-03        -2.5971204758318579e-02         4.2620101371197349e-03
21                                     3.4511827463809416e-02        -4.9861224187616404e-02         1.3455117868618964e-05         0.0000000000000000e+00         0.0000000000000000e+00        -4.2427482284192815e-04        -1.1062028169041924e-03         0.0000000000000000e+00
22                                    -2.2723105592288361e-02         3.1731502556881536e-02        -1.0947285580621142e-03         0.0000000000000000e+00         0.0000000000000000e+00         9.8931646167537855e-04        -1.5449390791240916e-03         0.0000000000000000e+00
23                                     0.0000000000000000e+00         0.0000000000000000e+00         0.0000000000000000e+00         8.9675544383190770e-04        -6.7103226446509718e-04         0.0000000000000000e+00         0.0000000000000000e+00         1.6207293604960855e-03
24                                    -1.2207595899895445e-03        -5.2059143251295022e-03        -1.3600377572726729e-02        -2.0077513658462540e-02         2.2089794159616281e-02         8.5599667887184469e-03        -2.4299765131684341e-02        -4.3055823684592853e-03
25                                     8.1271211147615464e-04         1.1348080281283481e-02        -2.1849204962845814e-02        -3.0813130225424045e-02         3.2794602880420555e-02         1.5110821266050515e-02        -3.8035701587939487e-02        -5.4050753472906134e-03
26                                     2.1344270869153893e-03         1.3497058497948492e-02         1.4714643309797415e-02         2.0584923665401201e-02        -2.3876910529164849e-02        -7.7144937215551388e-03         2.5971204758318579e-02         4.2620101371197349e-03
27                                     1.1384590841624262e-02        -1.8544815840105450e-02         6.3686614361972932e-04         0.0000000000000000e+00         0.0000000000000000e+00        -1.4819177602504313e-03        -2.4254448216280461e-03         0.0000000000000000e+00
28                                     4.7389277726795067e-03        -7.5826085867097435e-03         6.7673860911260147e-04         0.0000000000000000e+00         0.0000000000000000e+00        -1.0012182148344576e-03        -7.1698823826669262e-04         0.0000000000000000e+00
29                                     0.0000000000000000e+00         0.0000000000000000e+00         0.0000000000000000e+00         3.0370193397806534e-03         1.8309684753783799e-02         0.0000000000000000e+00         0.0000000000000000e+00         8.7256021437487494e-02
30                                     5.6036474910271181e-03         6.6267614554317801e-03         2.0893943987558075e-02        -3.5221696878036626e-02        -3.0439825861749512e-02        -3.4475154704429516e-02        -2.4146780723144405e-02         7.5506706097940987e-03
31                                    -5.1516184336115618e-03        -4.5278823819859355e-03        -1.0339187708961139e-03         1.5973859572700308e-03         1.6957508147982644e-03         2.4847314613379409e-03         1.7260766179559577e-03        -2.8327199839831691e-04
32                                    -1.9455698542227807e-03        -4.4650558500091325e-04         1.8543255013610593e-02        -2.9494392490938205e-02        -2.5852772061605720e-02        -2.8295461439744592e-02        -2.0795152354064032e-02         5.8915183631647172e-03
33                                    -5.7472921513079616e-04         1.0521871842677750e-05         3.9837807955362867e-04         0.0000000000000000e+00         0.0000000000000000e+00        -1.2267020424394206e-03        -6.4422824823034074e-04         0.0000000000000000e+00
34                                     8.2585591000638070e-04         1.5732009069165283e-03         1.7262213885198151e-03         0.0000000000000000e+00         0.0000000000000000e+00        -3.4272116908200816e-03        -2.0861249028553460e-03         0.0000000000000000e+00
35                                     0.0000000000000000e+00         0.0000000000000000e+00         0.0000000000000000e+00         3.6814304921667211e-04        -2.2191279893222742e-04         0.0000000000000000e+00         0.0000000000000000e+00        -6.3019445894002242e-04
36                                     1.4408378280503287e-02         9.7402504001368648e-04        -1.4555877051550450e-01        -2.3682055273272493e-01        -2.0711312660021375e-01         2.2413890315538912e-01         1.6421654749734274e-01         4.9332631798909059e-02
37                                     6.8214659015545078e-03         8.1579312296058593e-04        -6.3509997780006239e-02        -1.0392603851660606e-01        -9.2882148462318084e-02         9.7676855123906420e-02         7.3643694981145522e-02         2.2698512065707738e-02
38                                    -1.9536161676108464e-02        -6.0243854251767570e-04         2.2452321319915303e-01         3.6225376757520383e-01         3.1655302142972874e-01        -3.4251171664732299e-01        -2.5194302594861251e-01        -7.9555841119072837e-02
39                                    -8.0987832593314477e-02        -7.8870533976526366e-02        -1.0882147857525080e-01        -1.8502168876639488e-01        -1.5947898504814031e-01         1.9492380341979279e-01         1.3110805099598935e-01         3.8913894924541573e-02
40                                     5.6301806683301793e-02         5.4239079169880418e-02         7.2632913407218724e-02         1.2707933683583272e-01         1.0987199473696460e-01        -1.3450251554653966e-01        -8.8815594422828617e-02        -2.5648720146528848e-02
41                                    -8.2936272399820171e-04        -1.7105566860567674e-03        -4.9803299155789273e-03        -7.2219584948424419e-03        -5.0476340439133049e-03         8.5973834311921671e-03         4.9820665149638947e-03         5.8204980208248741e-04
42                                    -2.7557127845638268e-01        -1.5990137058603524e-01         9.9304498575678440e-03         1.3407571085497236e-02         1.0098175570878708e-02        -1.9476239123821355e-02        -8.4206901956670171e-03         1.1993042063960118e-03
43                                    -1.0688082288645780e-01        -6.0348087061834768e-02         3.6625503047824572e-03         6.2792650027583613e-03         4.3199834407591873e-03        -9.5957563342195431e-03        -3.3266086756725188e-03         4.4526871933908354e-04
44                                    -4.2419722534591470e-01        -2.4298073064275497e-01         1.4118200161389777e-02         2.0347250643514857e-02         1.6917317753649158e-02        -3.1296593641087035e-02        -1.4406767489966454e-02         1.2644775876650756e-03
45                                    -4.6521919763405951e-02        -2.5972976724032718e-02        -1.3930918877275902e-01         0.0000000000000000e+00         0.0000000000000000e+00        -1.1736966220936181e-01         4.3445553279695778e-02         0.0000000000000000e+00
46                                    -1.8346617844826910e-01        -1.0039756016609490e-01        -5.1276376438403781e-01         0.0000000000000000e+00         0.0000000000000000e+00        -4.3199154708537674e-01         1.5150722358948673e-01         0.0000000000000000e+00
47                                     0.0000000000000000e+00         0.0000000000000000e+00         0.0000000000000000e+00        -2.2915773657085771e-03         9.8770070675344417e-04         0.0000000000000000e+00         0.0000000000000000e+00        -4.8567573302393173e-04
48                                    -1.8702010393588814e-01        -1.1546267741107998e-01         4.1053095825788882e-01         0.0000000000000000e+00         0.0000000000000000e+00         3.2500504972996880e-01        -9.4282283205228704e-02         0.0000000000000000e+00
49                                     1.1920497528808262e-01         7.2691417952545120e-02        -2.5162991588477840e-01         0.0000000000000000e+00         0.0000000000000000e+00        -1.9821827381374096e-01         5.9992776294224934e-02         0.0000000000000000e+00
50                                     0.0000000000000000e+00         0.0000000000000000e+00         0.0000000000000000e+00         1.5549201567439496e-03         3.0785073346881452e-04         0.0000000000000000e+00         0.0000000000000000e+00        -4.1603556189130381e-04
51                                    -2.7557127845638268e-01        -1.5990137058603524e-01         9.9304498575678440e-03        -1.3407571085497236e-02        -1.0098175570878708e-02        -1.9476239123821355e-02        -8.4206901956670171e-03        -1.1993042063960118e-03
52                                    -1.0688082288645780e-01        -6.0348087061834768e-02         3.6625503047824572e-03        -6.2792650027583613e-03        -4.3199834407591873e-03        -9.5957563342195431e-03        -3.3266086756725188e-03        -4.4526871933908354e-04
53                                     4.2419722534591470e-01         2.4298073064275497e-01        -1.4118200161389777e-02         2.0347250643514857e-02         1.6917317753649158e-02         3.1296593641087035e-02         1.4406767489966454e-02         1.2644775876650756e-03
54                                    -1.1610599465000145e-03        -4.0851744837359219e-02         5.2232196436665816e-02        -7.1405649196150861e-02         7.4484211151536681e-02        -3.6182053160246364e-02         8.9347235795212684e-02        -1.2265191241642690e-02
55                                    -1.5431201363801980e-02        -1.6790637692024551e-01         2.2057915467045205e-01        -3.1379083198324620e-01         3.2753639619436670e-01        -1.6460777963306700e-01         3.8886561648039303e-01        -5.0449986231312756e-02
56                                    -1.6395321226525036e-03         1.9274819643405861e-03        -5.3030728537076183e-03         6.2171145211376948e-03        -5.5463112879369867e-03         4.3872765344072327e-03        -8.9636459339370173e-03         6.8336340599818214e-06
57                                     1.8863794132320963e-02         9.9896012350894001e-02         1.1526058826893260e-01        -1.6521212561722934e-01         1.9276385211596020e-01        -6.1246135494121869e-02         2.0696978845975245e-01        -3.6467142586011449e-02
58                                     5.5747264491527353e-03         3.7437408363005242e-02         4.0214879468644521e-02        -5.7298332099484039e-02         6.4736548261489321e-02        -2.2800228182551244e-02         7.1002854110886290e-02        -1.1740165416502100e-02
59                                     2.3881969048288130e-02         1.5581631808518964e-01         1.8034875919259197e-01        -2.5633993339205147e-01         2.9548055407957391e-01        -9.5686888847787213e-02         3.1858775324349442e-01        -5.9133245788958268e-02
60                                    -4.1375577933151481e-01         5.8447832852929671e-01        -5.3575118192246687e-03         0.0000000000000000e+00         0.0000000000000000e+00         9.2338530105559504e-03         1.8336013994081192e-03         0.0000000000000000e+00
61                                     2.6720976735845564e-01        -3.7531617385161897e-01         4.1948947804821418e-03         0.0000000000000000e+00         0.0000000000000000e+00        -6.4075348201945402e-03         3.3727402626469884e-04         0.0000000000000000e+00
62                                     0.0000000000000000e+00         0.0000000000000000e+00         0.0000000000000000e+00        -8.1502071269301426e-04         5.2676924426589707e-04         0.0000000000000000e+00         0.0000000000000000e+00        -1.4333814458887344e-03
63                                    -1.1610599465000145e-03        -4.0851744837359219e-02         5.2232196436665816e-02         7.1405649196150861e-02        -7.4484211151536681e-02        -3.6182053160246364e-02         8.9347235795212684e-02         1.2265191241642690e-02
64                                    -1.5431201363801980e-02        -1.6790637692024551e-01         2.2057915467045205e-01         3.1379083198324620e-01        -3.2753639619436670e-01        -1.6460777963306700e-01         3.8886561648039303e-01         5.0449986231312756e-02
65                                     1.6395321226525036e-03        -1.9274819643405861e-03         5.3030728537076183e-03         6.2171145211376948e-03        -5.5463112879369867e-03        -4.3872765344072327e-03         8.9636459339370173e-03         6.8336340599818214e-06
66                                     1.8863794132320963e-02         9.9896012350894001e-02         1.1526058826893260e-01         1.6521212561722934e-01        -1.9276385211596020e-01        -6.1246135494121869e-02         2.0696978845975245e-01         3.6467142586011449e-02
67                                     5.5747264491527353e-03         3.7437408363005242e-02         4.0214879468644521e-02         5.7298332099484039e-02        -6.4736548261489321e-02        -2.2800228182551244e-02         7.1002854110886290e-02         1.1740165416502100e-02
68                                    -2.3881969048288130e-02        -1.5581631808518964e-01        -1.8034875919259197e-01        -2.5633993339205147e-01         2.9548055407957391e-01         9.5686888847787213e-02        -3.1858775324349442e-01        -5.9133245788958268e-02
69                                    -6.7072518909522441e-02         1.0695830021355621e-01        -4.6417255872983751e-03         1.1142790836916754e-02         7.4194997172816815e-02         1.1384271680170780e-02         1.8453683487366850e-02         3.6092814630935943e-01
70                                    -2.9652100215776314e-02         4.7445257192599795e-02        -1.2609237863796313e-03         7.1930323630497225e-03         3.1400943775533409e-02         3.6583957499345858e-03         7.9914934457127173e-03         1.5273216189174374e-01
71                                     1.0328581973030934e-01        -1.6362004466848157e-01         6.7160394461467160e-03        -1.7521687210034897e-02        -1.0877286104417291e-01        -1.5173996316991402e-02        -2.3867359360627848e-02        -5.2537658658537156e-01
72                                    -6.7072518909522441e-02         1.0695830021355621e-01        -4.6417255872983751e-03        -1.1142790836916754e-02        -7.4194997172816815e-02         1.1384271680170780e-02         1.8453683487366850e-02        -3.6092814630935943e-01
73                                    -2.9652100215776314e-02         4.7445257192599795e-02        -1.2609237863796313e-03        -7.1930323630497225e-03        -3.1400943775533409e-02         3.6583957499345858e-03         7.9914934457127173e-03        -1.5273216189174374e-01
74                                    -1.0328581973030934e-01         1.6362004466848157e-01        -6.7160394461467160e-03        -1.7521687210034897e-02        -1.0877286104417291e-01         1.5173996316991402e-02         2.3867359360627848e-02        -5.2537658658537156e-01
75                                     1.4408378280503287e-02         9.7402504001368648e-04        -1.4555877051550450e-01         2.3682055273272493e-01         2.0711312660021375e-01         2.2413890315538912e-01         1.6421654749734274e-01        -4.9332631798909059e-02
76                                     6.8214659015545078e-03         8.1579312296058593e-04        -6.3509997780006239e-02         1.0392603851660606e-01         9.2882148462318084e-02         9.7676855123906420e-02         7.3643694981145522e-02        -2.2698512065707738e-02
77                                     1.9536161676108464e-02         6.0243854251767570e-04        -2.2452321319915303e-01         3.6225376757520383e-01         3.1655302142972874e-01         3.4251171664732299e-01         2.5194302594861251e-01        -7.9555841119072837e-02
78                                    -8.0987832593314477e-02        -7.8870533976526366e-02        -1.0882147857525080e-01         1.8502168876639488e-01         1.5947898504814031e-01         1.9492380341979279e-01         1.3110805099598935e-01        -3.8913894924541573e-02
79                                     5.6301806683301793e-02         5.4239079169880418e-02         7.2632913407218724e-02        -1.2707933683583272e-01        -1.0987199473696460e-01        -1.3450251554653966e-01        -8.8815594422828617e-02         2.5648720146528848e-02
80                                     8.2936272399820171e-04         1.7105566860567674e-03         4.9803299155789273e-03        -7.2219584948424419e-03        -5.0476340439133066e-03        -8.5973834311921671e-03        -4.9820665149638947e-03         5.8204980208248795e-04
                                                        80

0                                      4.8715335881346210e-02
1                                     -3.5474220351149610e-02
2                                      0.0000000000000000e+00
3                                      2.1565353761386686e-03
4                                     -2.3903006506807855e-04
5                                      0.0000000000000000e+00
6                                     -3.3543034185176137e-04
7                                      4.8603469583699782e-04
8                                     -1.4963365447286556e-04
9                                      6.9806990965799859e-05
10                                    -3.1330386453282034e-05
11                                     9.5988350218340890e-05
12                                    -2.9251307478316244e-05
13                                     1.3591303143378098e-06
14                                     0.0000000000000000e+00
15                                     6.9806990965799859e-05
16                                    -3.1330386453282034e-05
17                                    -9.5988350218340890e-05
18                                    -4.7739639754038922e-06
19                                    -2.2288781940969088e-05
20                                     4.5658889241143103e-06
21                                     1.8995443950352921e-04
22                                     1.2462393609138442e-04
23                                     0.0000000000000000e+00
24                                    -4.7739639754038922e-06
25                                    -2.2288781940969088e-05
26                                    -4.5658889241143103e-06
27                                    -5.3456638738021438e-04
28                                    -1.8916867857240110e-04
29                                     0.0000000000000000e+00
30                                    -3.3543034185176137e-04
31                                     4.8603469583699782e-04
32                                     1.4963365447286556e-04
33                                    -7.8863462075558566e-01
34                                     5.5891849952432815e-01
35                                     0.0000000000000000e+00
36                                    -7.4796062546412365e-05
37                                    -4.3767691846459796e-04
38                                    -1.4193686019237818e-05
39                                     8.3449100472712833e-04
40                                    -2.0151981661984909e-03
41                                    -1.5961629424692829e-03
42                                     1.9251524333772783e-04
43                                     7.2256864183102077e-04
44                                     2.8964167838575516e-04
45                                     1.5307614606134909e-04
46                                     2.4133280099877534e-04
47                                     0.0000000000000000e+00
48                                     3.2208246087852225e-05
49                                    -6.3462389806440703e-05
50                                     0.0000000000000000e+00
51                                     1.9251524333772783e-04
52                                     7.2256864183102077e-04
53                                    -2.8964167838575516e-04
54                                    -1.2888053636374395e-04
55                                    -2.6333149585496045e-05
56                                     1.7434036418936184e-04
57                                    -4.9568778270860874e-05
58                                    -7.2056754474316614e-06
59                                    -2.9772719609732566e-05
60                                    -3.9016305071698119e-04
61                                    -6.2557887889178206e-04
62                                     0.0000000000000000e+00
63                                    -1.2888053636374395e-04
64                                    -2.6333149585496045e-05
65                                    -1.7434036418936184e-04
66                                    -4.9568778270860874e-05
67                                    -7.2056754474316614e-06
68                                     2.9772719609732566e-05
69                                    -3.5840070289018555e-04
70                                     7.0031387500705177e-04
71                                     2.2090907692567493e-04
72                                    -3.5840070289018555e-04
73                                     7.0031387500705177e-04
74                                    -2.2090907692567493e-04
75                                    -7.4796062546412365e-05
76                                    -4.3767691846459796e-04
77                                     1.4193686019237818e-05
78                                     8.3449100472712833e-04
79                                    -2.0151981661984909e-03
80                                     1.5961629424692829e-03
$End
$Calculation_Info
   &GeometryIndex 6
   &Mult [&Type "Integer"] 1
   &Charge [&Type "Integer"] 0
   &NumOfAtoms [&Type "Integer"] 27
   &NumOfElectrons [&Type "Integer"] 84
   &NumOfBasisFuncts [&Type "Integer"] 294
   &NumOfAuxCBasisFuncts [&Type "Integer"] 0
   &NumOfAuxJBasisFuncts [&Type "Integer"] 506
   &NumOfAuxJKBasisFuncts [&Type "Integer"] 0
   &NumOfCABSBasisFuncts [&Type "Integer"] 0
$End
$Calculation_Timings
   &GeometryIndex 6
   &GTOINT [&Type "Double"]       1.2959999999999971e+01
   &SCF [&Type "Double"]       1.6331400000000005e+02
   &SCFGRAD [&Type "Double"]       6.1239999999999974e+01
   &GSTEP [&Type "Double"]       1.3399999999999276e-01
   &PROPINT [&Type "Double"]       5.5447699999999998e+02
   &RESPONSE [&Type "Double"]       3.3349500000000000e+02
   &PROP [&Type "Double"]       1.6798000000000002e+02
   &SUM [&Type "Double"]       1.2935999999999999e+03
$End
